t,Vin_sim,Vc_sim,Vout_sim
0.0,0.0,0.0,0.0
5e-05,0.0,0.0,0.0
0.0001,0.0,0.0,0.0
0.00015000000000000001,0.0,0.0,0.0
0.0002,0.0,0.0,0.0
0.00025,0.0,0.0,0.0
0.00030000000000000003,0.0,0.0,0.0
0.00035,0.0,0.0,0.0
0.0004,0.0,0.0,0.0
0.00045000000000000004,0.0,0.0,0.0
0.0005,0.0,0.0,0.0
0.00055,0.0,0.0,0.0
0.0006000000000000001,0.0,0.0,0.0
0.0006500000000000001,0.0,0.0,0.0
0.0007,0.0,0.0,0.0
0.00075,0.0,0.0,0.0
0.0008,0.0,0.0,0.0
0.0008500000000000001,0.0,0.0,0.0
0.0009000000000000001,0.0,0.0,0.0
0.00095,0.0,0.0,0.0
0.001,0.0,0.0,0.0
0.0010500000000000002,0.0,0.0,0.0
0.0011,0.0,0.0,0.0
0.00115,0.0,0.0,0.0
0.0012000000000000001,0.0,0.0,0.0
0.00125,0.0,0.0,0.0
0.0013000000000000002,0.0,0.0,0.0
0.00135,0.0,0.0,0.0
0.0014,0.0,0.0,0.0
0.0014500000000000001,0.0,0.0,0.0
0.0015,0.0,0.0,0.0
0.0015500000000000002,0.0,0.0,0.0
0.0016,0.0,0.0,0.0
0.00165,0.0,0.0,0.0
0.0017000000000000001,0.0,0.0,0.0
0.00175,0.0,0.0,0.0
0.0018000000000000002,0.0,0.0,0.0
0.00185,0.0,0.0,0.0
0.0019,0.0,0.0,0.0
0.0019500000000000001,0.0,0.0,0.0
0.002,0.0,0.0,0.0
0.00205,0.0,0.0,0.0
0.0021000000000000003,0.0,0.0,0.0
0.00215,0.0,0.0,0.0
0.0022,0.0,0.0,0.0
0.0022500000000000003,0.0,0.0,0.0
0.0023,0.0,0.0,0.0
0.00235,0.0,0.0,0.0
0.0024000000000000002,0.0,0.0,0.0
0.00245,-0.06623781832237836,-0.0005256969708125267,0.0
0.0025,-0.06293562185918221,-0.0010198190691631812,0.0
0.00255,-0.059633425395986046,-0.0014826886503516283,0.0
0.0026000000000000003,-0.05633122893278989,-0.0019146247786764575,0.0
0.00265,-0.05302903246959376,-0.0023159432610337875,0.0
0.0027,-0.04972683600639761,-0.0026869566801728537,0.0
0.0027500000000000003,-0.04642463954320145,-0.0030279744276120817,0.0
0.0028,-0.043122443080005325,-0.0033393027362191145,0.0
0.00285,-0.03982024661680917,-0.00362124471245822,0.0
0.0029000000000000002,-0.03651805015361301,-0.0038741003683084793,0.0
0.00295,-0.03321585369041689,-0.004098166652856113,0.0
0.003,-0.02991365722722073,-0.004293737483564276,0.0
0.00305,-0.026611460764024576,-0.004461103777223609,0.0
0.0031000000000000003,-0.023309264300828414,-0.004600553480586812,0.0
0.00315,-0.020007067837632286,-0.0047123716006904565,0.0
0.0032,-0.01670487137443613,-0.004796840234867244,0.0
0.0032500000000000003,-0.013402674911239976,-0.004854238600451853,0.0
0.0033,-0.010100478448043848,-0.004884843064183519,0.0
0.00335,-0.006798281984847693,-0.0048889271713084305,0.0
0.0034000000000000002,-0.0034960855216515374,-0.00486676167438502,0.0
0.0034500000000000004,-0.00019388905845538207,-0.004818614561795165,0.0
0.0035,0.0031083074047407455,-0.004744751085964321,0.0
0.00355,0.006410503867936901,-0.004645433791293541,0.0
0.0036000000000000003,0.009712700331133056,-0.004520922541806335,0.0
0.00365,0.013014896794329184,-0.004371474548513276,0.0
0.0037,0.01631709325752534,-0.004197344396497229,0.0
0.0037500000000000003,0.019619289720721494,-0.003998784071722068,0.0
0.0038,0.022921486183917622,-0.0037760429875676954,0.0
0.00385,0.026223682647113777,-0.0035293680110941496,0.0
0.0039000000000000003,0.029525879110309933,-0.0032590034890375903,0.0
0.00395,0.19008869207350695,-0.001717091142588486,0.0
0.004,0.14703606049457985,-0.0005326080941700118,0.0
0.00405,0.5470304160401482,0.003814340665551588,0.0
0.0041,1.8095956334312429,0.01813726927112599,0.0
0.00415,2.045133547020772,0.03418332025023282,0.0
0.004200000000000001,2.002971411908155,0.04973093320077315,0.0
0.00425,0.45146216738553396,0.05280625148104006,0.0
0.0043,0.9422621673857579,0.059745411208880335,0.0
0.004350000000000001,1.4330621673861144,0.07050896551814556,0.0
0.0044,1.9238621673861336,0.08505787026501838,0.0
0.00445,2.4146621673859743,0.10335347991653043,0.0
0.0045000000000000005,2.8796084993310593,0.12515235563934626,0.0
0.00455,2.8949459993310613,0.1468504077030872,0.0
0.0046,2.9102834993310633,0.16844866544020337,0.0
0.0046500000000000005,2.925620999331066,0.18994814767444784,0.0
0.0047,2.940958499331068,0.21134986282816234,0.0
0.00475,2.9562959993310702,0.23265480902846775,0.0
0.0048000000000000004,2.9716334993310722,0.25386397421237034,0.0
0.00485,2.9789077240098503,0.274914341982214,0.0
0.0049,2.983574897840204,0.29578684265840005,0.0
0.00495,2.9882420716705576,0.3164832921279237,0.0
0.005,2.992909245500911,0.3370054877389626,0.0
0.005050000000000001,2.997576419331265,0.3573552084901441,0.0
0.0051,3.0022435931616185,0.3775342152178802,0.0
0.00515,3.006910766991972,0.3975442507817898,0.0
0.005200000000000001,3.0115779408223258,0.4173870402482279,0.0
0.00525,3.016245114652679,0.4370642910719415,0.0
0.0053,3.0209122884830326,0.45657769327587033,0.0
0.005350000000000001,3.0255794623133863,0.47592891962911255,0.0
0.0054,3.03024663614374,0.495119625823073,0.0
0.00545,3.0349138099740935,0.5141514506458137,0.0
0.0055000000000000005,3.039580983804447,0.5330260161546236,0.0
0.00555,3.044248157634801,0.5517449278468277,0.0
0.0056,3.0489153314651545,0.5703097748288508,0.0
0.0056500000000000005,3.053582505295508,0.5887221299835567,0.0
0.0057,3.0582496791258613,0.6069835501358778,0.0
0.00575,3.196273821912504,0.6261539648592651,0.0
0.0058000000000000005,3.6870738219119223,0.6490239024049163,0.0
0.00585,4.02770989169637,0.6743638162502485,0.0
0.0059,4.038763945750426,0.0,1.0
0.00595,4.049817999804482,0.03214141269686097,0.0
0.006,4.060872053858538,0.06404241673927319,0.0
0.006050000000000001,4.071926107912594,0.09570546651573626,0.0
0.0061,4.08298016196665,0.1271329913573203,0.0
0.00615,4.127876735544145,0.15859598721827234,0.0
0.006200000000000001,4.618676735543619,0.19363300804932665,0.0
0.00625,4.964485651088724,0.23105684289642475,0.0
0.0063,4.9200916812394855,0.2677462759170957,0.0
0.006350000000000001,4.878309278211722,0.3037295315131289,0.0
0.0064,4.913965688468131,0.3396284129721756,0.0
0.00645,4.949622098724539,0.37544378168964576,0.0
0.006500000000000001,4.985278508980949,0.4111764902667612,0.0
0.00655,5.018505353636482,0.4468081003336635,0.0
0.0066,5.025472985663739,0.4821312375793921,0.0
0.0066500000000000005,5.032440617690996,0.5171490512755339,0.0
0.0067,5.039408249718254,0.5518646585420216,0.0
0.00675,5.046375881745511,0.5862811446753773,0.0
0.0068000000000000005,5.053343513772768,0.6204015634736052,0.0
0.00685,5.060311145800026,0.6542289375577673,0.0
0.006900000000000001,5.0672787778272825,0.0,1.0
0.0069500000000000004,5.07424640985454,0.040271796903607465,0.0
0.007,5.081214041881797,0.08018774822721043,0.0
0.007050000000000001,5.088181673909054,0.11975148688203335,0.0
0.0071,5.095149305936312,0.15896660869005547,0.0
0.00715,5.102116937963569,0.19783667276266367,0.0
0.007200000000000001,5.109084569990826,0.23636520187543958,0.0
0.00725,5.116052202018084,0.2745556828391203,0.0
0.0073,5.123019834045341,0.31241156686677196,0.0
0.007350000000000001,5.129987466072598,0.3499362699372148,0.0
0.0074,5.104348662890738,0.38687439192291934,0.0
0.00745,5.054973059882179,0.42304353406793715,0.0
0.007500000000000001,5.005597456873619,0.4584515470683329,0.0
0.00755,4.95622185386506,0.49310620147056866,0.0
0.0076,4.906846250856501,0.5270151884897699,0.0
0.0076500000000000005,4.857470647847941,0.5601861208196379,0.0
0.0077,4.808095044839382,0.5926265334340934,0.0
0.00775,4.758719441830823,0.6243438843807361,0.0
0.0078000000000000005,4.709343838822263,0.6553455555662032,0.0
0.007850000000000001,4.659968235813703,0.0,1.0
0.0079,4.610592632805144,0.03659200502226305,0.0
0.00795,4.561217029796585,0.072418563793329,0.0
0.008,4.511841426788026,0.10748749093401636,0.0
0.00805,4.462465823779467,0.1418065212838416,0.0
0.0081,4.413090220770908,0.17538331071552532,0.0
0.008150000000000001,4.363714617762347,0.2082254369411827,0.0
0.0082,4.314339014753788,0.24034040031028367,0.0
0.00825,4.264963411745229,0.2717356245994662,0.0
0.0083,4.21558780873667,0.3024184577942865,0.0
0.00835,4.166212205728111,0.33239617286298784,0.0
0.008400000000000001,4.11683660271955,0.36167596852237005,0.0
0.008450000000000001,4.067460999710991,0.39026496999584004,0.0
0.0085,4.018085396702432,0.41817022976372287,0.0
0.00855,3.968709793693873,0.44539872830591326,0.0
0.0086,3.919334190685314,0.47195737483694483,0.0
0.00865,3.869958587676755,0.49785300803355487,0.0
0.008700000000000001,3.8205829846681945,0.5230923967548213,0.0
0.00875,3.7712073816596354,0.5476822407549478,0.0
0.0088,3.7218317786510764,0.5716291713887712,0.0
0.00885,3.6724561756425174,0.5949397523100675,0.0
0.0089,3.6230805726339583,0.617620480162727,0.0
0.00895,3.5737049696253993,0.6396777852648747,0.0
0.009000000000000001,3.5243293666168385,0.6611180322860055,0.0
0.00905,3.4749537636082795,0.0,1.0
0.0091,3.4255781605997204,0.02718712825872794,0.0
0.00915,3.3762025575911614,0.05370482686525159,0.0
0.0092,3.3268269545826024,0.07955993018434633,0.0
0.009250000000000001,3.277451351574042,0.10475920280715006,0.0
0.009300000000000001,3.228075748565483,0.12930934026349866,0.0
0.00935,3.178700145556924,0.15321696972698903,0.0
0.0094,3.1293245425483645,0.1764886507128441,0.0
0.00945,3.5779087854919522,0.20308293803811445,0.0
0.0095,4.068708785492017,0.23330095612409776,0.0
0.009550000000000001,4.559508785491792,0.26710570945112067,0.0
0.009600000000000001,5.050308785492179,0.304460580195479,0.0
0.00965,4.944597331420936,0.3405951064839814,0.0
0.0097,4.68870230921948,0.3743298140198154,0.0
0.00975,4.432807287018024,0.4056892031170866,0.0
0.0098,4.176912264816568,0.4346975239604311,0.0
0.009850000000000001,3.921017242615104,0.4613787791586461,0.0
0.0099,3.6651222204136484,0.4857567262722502,0.0
0.00995,3.409227198212193,0.5078548803152385,0.0
0.01,3.1533321760107373,0.5276965162312973,0.0
0.01005,2.897437153809282,0.5453046713447384,0.0
0.010100000000000001,2.641542131607817,0.5607021477864108,0.0
0.010150000000000001,2.3856471094063614,0.5739115148948468,0.0
0.0102,2.129752087204906,0.5849551115928929,0.0
0.01025,1.8738570650034503,0.593855048740078,0.0
0.0103,1.6179620428019947,0.6006332114609654,0.0
0.01035,1.3620670206005387,0.605311261449734,0.0
0.010400000000000001,1.1061719983990743,0.6079106392512319,0.0
0.010450000000000001,0.8502769761976188,0.6084525665187419,0.0
0.0105,0.5943819539961632,0.6069580482486969,0.0
0.01055,0.3384869317947077,0.6034478749925806,0.0
0.0106,0.08259190959325213,0.5979426250462463,0.0
0.01065,0.3831233536499973,0.5948787496824264,0.0
0.010700000000000001,0.8739233536504193,0.5957413922380889,0.0
0.010750000000000001,1.3647233536498364,0.6004904659682326,0.0
0.0108,1.8555233536502242,0.6090862933828806,0.0
0.01085,2.346323353649888,0.6214896020688697,0.0
0.0109,2.8371233536500458,0.6376615205543502,0.0
0.01095,2.5956822388134357,0.6517521367961278,0.0
0.011000000000000001,1.776474858739585,0.659197252748848,0.0
0.01105,0.9572674786657629,0.6600647138880451,0.0
0.0111,0.13806009859194024,0.6544216730388355,0.0
0.01115,-0.06766859611526164,0.6472034759026396,0.0
0.0112,-0.06760075295993749,0.6400595094765346,0.0
0.011250000000000001,-0.06753290980461334,0.6329890159217412,0.0
0.011300000000000001,-0.06746506664928918,0.6259912451364347,0.0
0.01135,-0.06739722349396503,0.6190654546767563,0.0
0.0114,-0.06732938033864087,0.6122109096786315,0.0
0.01145,-0.06726153718331672,0.6054268827803854,0.0
0.0115,-0.06719369402799256,0.5987126540461499,0.0
0.011550000000000001,-0.06712585087266841,0.5920675108900515,0.0
0.011600000000000001,-0.06705800771734426,0.5854907480011734,0.0
0.01165,-0.0669901645620201,0.5789816672692839,0.0
0.0117,-0.06692232140669595,0.5725395777113228,0.0
0.01175,-0.0668544782513718,0.5661637953986386,0.0
0.0118,-0.06678663509604764,0.5598536433849681,0.0
0.011850000000000001,-0.06671879194072348,0.5536084516351519,0.0
0.0119,-0.06665094878539933,0.547427556954577,0.0
0.01195,-0.06658310563007518,0.5413103029193402,0.0
0.012,-0.06651526247475102,0.5352560398071246,0.0
0.01205,-0.06644741931942687,0.5292641245287808,0.0
0.012100000000000001,-0.06637957616410271,0.5233339205606081,0.0
0.012150000000000001,-0.06631173300877856,0.5174647978773259,0.0
0.0122,-0.0662438898534544,0.5116561328857299,0.0
0.01225,-0.06617604669813025,0.5059073083590253,0.0
0.0123,-0.0661082035428061,0.5002177133718312,0.0
0.01235,-0.06604036038748194,0.4945867432358473,0.0
0.012400000000000001,-0.06597251723215779,0.48901379943617845,0.0
0.012450000000000001,-0.06590467407683363,0.483498289568309,0.0
0.0125,-0.06583683092150948,0.47803962727572014,0.0
0.01255,-0.06576898776618532,0.47263723218814474,0.0
0.0126,-0.06570114461086117,0.4672905298604523,0.0
0.01265,-0.06563330145553702,0.46199895171215766,0.0
0.012700000000000001,-0.06556545830021286,0.45676193496754774,0.0
0.012750000000000001,-0.06549761514488871,0.4515789225964189,0.0
0.0128,-0.06542977198956455,0.44644936325541995,0.0
0.01285,-0.0653619288342404,0.44137271122999366,0.0
0.0129,-0.06529408567891624,0.43634842637691107,0.0
0.012950000000000001,-0.06522624252359209,0.4313759740673925,0.0
0.013000000000000001,-0.06515839936826794,0.4264548251308091,0.0
0.01305,-0.06509055621294378,0.4215844557989597,0.0
0.0131,-0.06502271305761963,0.41676434765091563,0.0
0.01315,-0.06495486990229547,0.41199398755842953,0.0
0.0132,-0.06488702674697132,0.40727286763190107,0.0
0.013250000000000001,-0.06481918359164716,0.40260048516689423,0.0
0.013300000000000001,-0.06475134043632301,0.3979763425912008,0.0
0.01335,-0.06468349728099886,0.39339994741244433,0.0
0.0134,-0.0646156541256747,0.3888708121662188,0.0
0.01345,-0.06454781097035055,0.38438845436475716,0.0
0.0135,-0.06447996781502639,0.3799523964461232,0.0
0.013550000000000001,-0.06441212465970224,0.3755621657239231,0.0
0.013600000000000001,-0.06434428150437808,0.37121729433752937,0.0
0.01365,-0.06427643834905393,0.3669173192028139,0.0
0.0137,-0.0520009268860188,0.3627586682197937,0.0
0.01375,-0.038260725318270225,0.3587515231016039,0.0
0.013800000000000002,-0.02452052375052117,0.3548943370892349,0.0
0.013850000000000001,-0.010780322182772598,0.3511855792149036,0.0
0.013900000000000001,0.0029598793849759802,0.34762373414083714,0.0
0.01395,0.016700080952724558,0.3442073019997023,0.0
0.014,0.32395540359787933,0.34326428332458025,0.0
0.01405,0.814755403597791,0.34622613024415666,0.0
0.014100000000000001,1.1967558644522465,0.3521894886611984,0.0
0.014150000000000001,1.2042723704080036,0.3581516205586963,0.0
0.0142,1.2117888763637608,0.36411253845847685,0.0
0.01425,1.219305382319518,0.37007225475452826,0.0
0.0143,1.226821888275275,0.37603078171430565,0.0
0.01435,1.2343383942310322,0.38198813148002275,0.0
0.014400000000000001,1.2418549001867898,0.3879443160699307,0.0
0.014450000000000001,1.249371406142547,0.39389934737958326,0.0
0.0145,1.256887912098304,0.39985323718308996,0.0
0.01455,1.2644044180540612,0.40580599713435545,0.0
0.0146,1.2719209240098184,0.411757638768307,0.0
0.014650000000000002,1.2794374299655757,0.41770817350210915,0.0
0.014700000000000001,1.286953935921333,0.42365761263636587,0.0
0.014750000000000001,1.297860971592931,0.42963287632230934,0.0
0.0148,1.3094546723803306,0.43563915063415853,0.0
0.01485,1.32104837316773,0.44167611897713954,0.0
0.0149,1.3326420739551295,0.44774346798866904,0.0
0.014950000000000001,1.3442357747425293,0.453840887505356,0.0
0.015000000000000001,1.3558294755299287,0.45996807053034044,0.0
0.015050000000000001,1.364570370960991,0.4661020718886136,0.0
0.0151,1.3712630982337197,0.47222656666736323,0.0
0.01515,1.3779558255064484,0.4783416519214958,0.0
0.0152,1.3846485527791772,0.4844474237150613,0.0
0.015250000000000001,1.391341280051906,0.49054397713136927,0.0
0.015300000000000001,1.3980340073246347,0.4966314062830014,0.0
0.01535,1.5963670581246097,0.5042307592703508,0.0
0.0154,2.087167058125011,0.5156477667708556,0.0
0.01545,2.5779670581244285,0.5308434534516355,0.0
0.0155,3.0687670581248163,0.5497792418881668,0.0
0.015550000000000001,3.5595670581242507,0.5724169485019108,0.0
0.015600000000000001,4.050367058124656,0.5987187795394788,0.0
0.01565,4.238015735192309,0.6262413642123733,0.0
0.015700000000000002,4.2487093490165035,0.6535678342957618,0.0
0.01575,4.2594029628406975,0.0,1.0
0.0158,4.270096576664892,0.033889655370356285,0.0
0.01585,4.280790190489086,0.06751819322886235,0.0
0.0159,4.291483804313281,0.10088827938561393,0.0
0.015950000000000002,4.4911699717561575,0.13550249333656003,0.0
0.016,4.888767827800704,0.1729188611757342,0.0
0.016050000000000002,4.861302134370057,0.20973525482106897,0.0
0.0161,4.833836440939412,0.24595779955022873,0.0
0.01615,4.824995138770259,0.28174037073553687,0.0
0.0162,4.861622004441905,0.3174483186453154,0.0
0.01625,4.898248870113554,0.3530824051261364,0.0
0.016300000000000002,4.934875735785203,0.3886433842467009,0.0
0.01635,5.0174236554939275,0.4244964551870634,0.0
0.0164,5.033026332571452,0.46010732446367886,0.0
0.01645,5.048629009648974,0.49547846477030055,0.0
0.0165,5.064231686726497,0.5306123235563696,0.0
0.016550000000000002,5.0798343638040215,0.5655113232847402,0.0
0.0166,5.095437040881544,0.6001778616867733,0.0
0.01665,5.103111576938607,0.6345513902606961,0.0
0.0167,5.104320245465942,0.668583584003796,0.0
0.01675,5.105528913993278,0.0,1.0
0.016800000000000002,5.106737582520613,0.0405296633533382,0.0
0.01685,5.107946251047949,0.08065514244791086,0.0
0.016900000000000002,5.109154919575284,0.12038056369588357,0.0
0.01695,5.1103635881026195,0.1597100113819096,0.0
0.017,5.111572256629954,0.19864752809321948,0.0
0.01705,5.11278092515729,0.23719711514531988,0.0
0.0171,5.113989593684625,0.2753627330033463,0.0
0.017150000000000002,5.115198262211961,0.3131483016991141,0.0
0.0172,5.116406930739296,0.35055770124391195,0.0
0.01725,5.117615599266632,0.3875947720370805,0.0
0.0173,5.1188242677939675,0.42426331527042027,0.0
0.01735,5.120032936321302,0.4605670933284707,0.0
0.017400000000000002,5.121241604848638,0.4965098301847024,0.0
0.01745,5.122450273375973,0.532095211793665,0.0
0.0175,5.123658941903309,0.5673268864791311,0.0
0.01755,5.124867610430644,0.6022084653182779,0.0
0.0176,5.12607627895798,0.6367435225219461,0.0
0.017650000000000002,5.127284947485315,0.6709355958110175,0.0
0.0177,5.12849361601265,0.0,1.0
0.017750000000000002,5.129702284539985,0.04071192289317449,0.0
0.0178,5.130910953067321,0.08101780079707212,0.0
0.01785,5.132119621594657,0.12092177912049396,0.0
0.0179,5.133328290121992,0.16042796095078757,0.0
0.01795,5.134536958649328,0.1995404074859167,0.0
0.018000000000000002,5.135745627176663,0.23826313846211986,0.0
0.01805,5.136954295703998,0.27660013257720284,0.0
0.0181,5.138162964231333,0.31455532790950963,0.0
0.01815,5.139371632758669,0.3521326223326163,0.0
0.0182,5.140580301286004,0.38933587392579055,0.0
0.018250000000000002,5.14178896981334,0.42616890138026153,0.0
0.0183,5.142997638340675,0.46263548440134145,0.0
0.01835,5.144206306868011,0.4987393641064418,0.0
0.0184,5.1454149753953455,0.5344842434190267,0.0
0.01845,5.146623643922681,0.5698737874585434,0.0
0.018500000000000003,5.147832312450017,0.604911623926373,0.0
0.01855,5.149040980977352,0.6396013434878396,0.0
0.018600000000000002,5.150249649504688,0.6739465001503205,0.0
0.01865,5.151458318032023,0.0,1.0
0.0187,5.152666986559359,0.04089418243301079,0.0
0.01875,5.1538756550866935,0.08138045914623339,0.0
0.0188,5.1252282596747705,0.12122604165669751,0.0
0.018850000000000002,5.0856648609819555,0.16035083601554256,0.0
0.0189,5.046101462289144,0.1987622009185445,0.0
0.01895,5.006538063596329,0.23646741993482315,0.0
0.019,4.966974664903517,0.27347370227382817,0.0
0.01905,4.927411266210703,0.30978818354449417,0.0
0.019100000000000002,4.887847867517888,0.3454179265066458,0.0
0.01915,4.848284468825076,0.38036992181473156,0.0
0.019200000000000002,4.808721070132261,0.41465108875396417,0.0
0.01925,4.76915767143945,0.44826827596894636,0.0
0.0193,4.729594272746635,0.48122826218485715,0.0
0.019350000000000003,4.922802021703838,0.5153851469819902,0.0
0.0194,4.858076959307324,0.5486796251368138,0.0
0.019450000000000002,4.548098011938901,0.5791740417570461,0.0
0.0195,4.2381190645704985,0.6068969833294944,0.0
0.01955,3.9281401172020756,0.6318767444947978,0.0
0.0196,3.618161169833673,0.6541413310269544,0.0
0.01965,3.30818222246525,0.673718462782428,0.0
0.019700000000000002,2.9982032750968264,0.0,1.0
0.01975,2.688224327728425,0.021335113712130357,0.0
0.0198,2.378245380360001,0.03999226185421792,0.0
0.01985,2.0682664329915994,0.055998784406649675,0.0
0.0199,1.758287485623176,0.06938174222952186,0.0
0.019950000000000002,1.4483085382547523,0.08016791991224519,0.0
0.02,1.1383295908863507,0.0883838285940573,0.0
0.020050000000000002,0.8283506435179273,0.09405570875573933,0.0
0.0201,0.5183716961495248,0.09720953298283246,0.0
0.02015,0.7964136762306656,0.10253784145817896,0.0
0.020200000000000003,1.287213676230762,0.11170699007427214,0.0
0.02025,1.7780136762304801,0.12467776679071105,0.0
0.020300000000000002,2.2688136762309,0.14141135989204678,0.0
0.02035,2.7596136762302983,0.1618693539007487,0.0
0.0204,2.237165458952076,0.17797207301386359,0.0
0.02045,3.7412136762302137,0.205847286293363,0.0
0.0205,4.232013676230537,0.23733315305922506,0.0
0.020550000000000002,4.381240640526086,0.2696819141919804,0.0
0.0206,2.70953099585635,0.28843288235114584,0.0
0.02065,1.0378213511864973,0.29372488060351437,0.0
0.0207,0.15177168552159992,0.2919307113973079,0.0
0.02075,0.1394050713483711,0.29005671155499924,0.0
0.020800000000000003,0.12703845717514226,0.2881036960863292,0.0
0.02085,0.1146718430019143,0.2860724716804125,0.0
0.020900000000000002,0.10230522882868547,0.283963836790685,0.0
0.02095,0.0899386146554575,0.28177858171898357,0.0
0.021,0.07757200048222866,0.27951748869876775,0.0
0.021050000000000003,0.06520538630899983,0.27718133197749173,0.0
0.0211,0.05283877213577186,0.2747708778981353,0.0
0.021150000000000002,0.040472157962543026,0.2722868849799025,0.0
0.0212,0.028105543789315054,0.2697301039980965,0.0
0.02125,0.015738929616086222,0.2671012780631787,0.0
0.0213,0.003372315442858237,0.264401142699021,0.0
0.02135,-0.008994298730370581,0.26163042592035923,0.0
0.021400000000000002,-0.021360912903599427,0.25878984830945545,0.0
0.02145,-0.033727527076827385,0.2558801230919779,0.0
0.021500000000000002,-0.04609414125005623,0.25290195621210626,0.0
0.02155,-0.05846075542328419,0.24985604640687,0.0
0.0216,-0.06773518904712539,0.2467676263951993,0.0
0.021650000000000003,-0.06779802351134252,0.2437102381036287,0.0
0.0217,-0.06786085797555964,0.2406835647220288,0.0
0.021750000000000002,-0.06792369243977678,0.23768729267465918,0.0
0.0218,-0.06798652690399391,0.2347211115871481,0.0
0.02185,-0.06804936136821105,0.23178471425380864,0.0
0.0219,-0.06811219583242818,0.2288777966052891,0.0
0.02195,-0.06817503029664532,0.2260000576765532,0.0
0.022000000000000002,-0.06823786476086245,0.22315119957518761,0.0
0.02205,-0.06830069922507957,0.22033092745003266,0.0
0.0221,-0.06836353368929671,0.2175389494601335,0.0
0.02215,-0.06842636815351384,0.21477497674400828,0.0
0.0222,-0.06848920261773098,0.21203872338922997,0.0
0.022250000000000002,-0.06855203708194811,0.2093299064023187,0.0
0.0223,-0.06861487154616525,0.2066482456789416,0.0
0.022350000000000002,-0.06867770601038238,0.20399346397441692,0.0
0.0224,-0.0687405404745995,0.20136528687451893,0.0
0.02245,-0.06880337493881664,0.1987634427665814,0.0
0.022500000000000003,-0.06886620940303377,0.1961876628108956,0.0
0.02255,-0.0689290438672509,0.19363768091240072,0.0
0.022600000000000002,-0.06899187833146804,0.1911132336926629,0.0
0.02265,-0.06905471279568517,0.18861406046214074,0.0
0.0227,-0.06911754725990231,0.18613990319273366,0.0
0.02275,-0.06918038172411943,0.18369050649061064,0.0
0.0228,-0.06924321618833656,0.1812656175693164,0.0
0.022850000000000002,-0.0693060506525537,0.17886498622315194,0.0
0.0229,-0.06936888511677083,0.17648836480082722,0.0
0.02295,-0.06943171958098797,0.17413550817938236,0.0
0.023,-0.0694945540452051,0.1718061737383755,0.0
0.02305,-0.06955738850942224,0.1695001213343339,0.0
0.023100000000000002,-0.06962022297363937,0.16721711327546604,0.0
0.02315,-0.06968305743785651,0.16495691429663178,0.0
0.023200000000000002,-0.06974589190207364,0.16271929153456818,0.0
0.02325,-0.06980872636629076,0.16050401450336807,0.0
0.0233,-0.0698715608305079,0.15831085507020917,0.0
0.023350000000000003,-0.06993439529472503,0.1561395874313308,0.0
0.0234,-0.06999722975894217,0.15398998808825598,0.0
0.023450000000000002,-0.0700600642231593,0.15186183582425627,0.0
0.0235,-0.07012289868737644,0.14975491168105687,0.0
0.02355,-0.07018573315159357,0.14766899893577945,0.0
0.0236,-0.07024856761581069,0.14560388307812058,0.0
0.02365,-0.07031140208002783,0.1435593517877629,0.0
0.023700000000000002,-0.07037423654424496,0.14153519491201721,0.0
0.02375,-0.0704370710084621,0.13953120444369244,0.0
0.0238,-0.07049990547267923,0.1375471744991919,0.0
0.02385,-0.07056273993689637,0.135582901296833,0.0
0.0239,-0.0706255744011135,0.13363818313538825,0.0
0.023950000000000003,-0.07068840886533063,0.1317128203728454,0.0
0.024,-0.07075124332954776,0.12980661540538452,0.0
0.024050000000000002,-0.07081407779376489,0.1279193726465695,0.0
0.0241,-0.07087691225798202,0.12605089850675222,0.0
0.02415,-0.07093974672219916,0.12420100137268675,0.0
0.024200000000000003,-0.0710025811864163,0.1223694915873519,0.0
0.02425,-0.07106541565063343,0.1205561814299796,0.0
0.024300000000000002,-0.07112825011485056,0.11876088509628728,0.0
0.02435,-0.06832210319933239,0.11700618837240191,0.0
0.0244,-0.05998461735561672,0.11533557628266074,0.0
0.02445,-0.05164713151190163,0.11374819038725628,0.0
0.0245,-0.04330964566818595,0.11224318101039502,0.0
0.024550000000000002,-0.03497215982447028,0.1108197071508234,0.0
0.0246,-0.026634673980755183,0.10947693639326751,0.0
0.024650000000000002,-0.01837060601554606,0.10821346213920133,0.0
0.0247,-0.010580129825071631,0.10702471616709058,0.0
0.02475,-0.0027896536345966665,0.10590993555832803,0.0
0.024800000000000003,0.0050008225558783,0.10486836518312191,0.0
0.02485,0.01279129874635273,0.10389925762097812,0.0
0.024900000000000002,0.020581774936827696,0.10300187308199418,0.0
0.02495,0.02837225112730212,0.10217547932895674,0.0
0.025,0.48726029433682094,0.10499949102102044,0.0
0.025050000000000003,0.978060294337241,0.11168990980872766,0.0
0.0251,1.4688602943366393,0.12220726263261622,0.0
0.025150000000000002,1.9596602943370591,0.1365124794229886,0.0
0.0252,2.4504602943364575,0.15456688898566232,0.0
0.02525,2.9412602943368773,0.17633221492978823,0.0
0.0253,3.4320602943362757,0.20177057163717824,0.0
0.02535,3.922860294336677,0.23084446027284733,0.0
0.025400000000000002,4.413660294336563,0.263516764836225,0.0
0.02545,4.792857509352832,0.29886501186396564,0.0
0.025500000000000002,4.804271462841203,0.33394296725601336,0.0
0.02555,4.815685416329572,0.36875339048325195,0.0
0.0256,4.827099369817943,0.40329901284447806,0.0
0.025650000000000003,4.838513323306314,0.43758253775401634,0.0
0.0257,4.849927276794683,0.4716066410263989,0.0
0.025750000000000002,4.861341230283054,0.5053739711581378,0.0
0.0258,5.019223584455347,0.5400495972310968,0.0
0.02585,4.976170952876418,0.5740295241292358,0.0
0.025900000000000003,4.952193755025408,0.6074722467402393,0.0
0.02595,4.961143757333703,0.6406445764944213,0.0
0.026000000000000002,4.970093759641999,0.6735492738960562,0.0
0.02605,4.979043761950296,0.0,1.0
0.0261,4.987993764258592,0.03958725209729042,0.0
0.02615,4.996943766566888,0.07884138039098387,0.0
0.0262,5.005893768875184,0.11776578582034505,0.0
0.026250000000000002,5.014843771183481,0.15636383460364983,0.0
0.0263,5.023793773491777,0.19463885859265986,0.0
0.026350000000000002,5.032743775800073,0.23259415562347852,0.0
0.0264,5.041693778108368,0.2702329898638247,0.0
0.02645,5.050643780416665,0.30755859215676135,0.0
0.026500000000000003,5.059593782724962,0.3445741603609146,0.0
0.02655,5.068543785033257,0.3812828596872197,0.0
0.026600000000000002,5.077493787341553,0.417687823032229,0.0
0.02665,5.08644378964985,0.4537921513080171,0.0
0.0267,5.095393791958146,0.4895989137687178,0.0
0.026750000000000003,5.104343794266442,0.5251111483337275,0.0
0.0268,5.113293796574738,0.5603318619076091,0.0
0.026850000000000002,5.1222437988830345,0.5952640306967294,0.0
0.0269,5.130616258977086,0.6299060168542974,0.0
0.02695,5.130515267166723,0.6641935333047632,0.0
0.027,5.130414275356361,0.0,1.0
0.02705,5.130313283545998,0.04071677209163491,0.0
0.027100000000000003,5.130212291735636,0.08101705555772104,0.0
0.02715,5.130111299925273,0.12090510242859857,0.0
0.027200000000000002,5.130010308114911,0.16038512132462987,0.0
0.02725,5.1299093163045475,0.19946127789938206,0.0
0.0273,5.129808324494185,0.2381376952782852,0.0
0.027350000000000003,5.1297073326838225,0.27641845449281216,0.0
0.0274,5.12960634087346,0.3143075949102254,0.0
0.027450000000000002,5.1295053490630975,0.3518091146589371,0.0
0.0275,5.129404357252735,0.38892697104952595,0.0
0.02755,5.1293033654423725,0.42566508099145617,0.0
0.027600000000000003,5.12920237363201,0.46202732140554204,0.0
0.02765,5.1291013818216475,0.49801752963220125,0.0
0.027700000000000002,5.129000390011285,0.5336395038355407,0.0
0.02775,5.1288993982009226,0.5688970034033165,0.0
0.027800000000000002,5.128798406390559,0.6037937493428109,0.0
0.02785,5.128697414580197,0.6383334246726676,0.0
0.0279,5.128596422769834,0.6725196748107267,0.0
0.027950000000000003,5.128495430959472,0.0,1.0
0.028,5.128394439149109,0.04070154316785008,0.0
0.028050000000000002,5.128293447338747,0.08098675318581627,0.0
0.0281,5.128192455528384,0.12085988049695115,0.0
0.02815,5.128091463718022,0.1603251321505344,0.0
0.028200000000000003,5.127990471907659,0.1993866722450901,0.0
0.02825,5.127889480097297,0.23804862236688104,0.0
0.028300000000000002,5.127788488286934,0.2763150620239264,0.0
0.02835,5.127687496476571,0.3141900290755886,0.0
0.0284,5.127586504666208,0.3516775201577738,0.0
0.028450000000000003,5.127485512855846,0.38878149110379245,0.0
0.0285,5.127384521045483,0.42550585736092206,0.0
0.028550000000000002,5.127283529235121,0.4618544944027181,0.0
0.0286,5.127182537424758,0.49783123813711483,0.0
0.028650000000000002,5.127081545614396,0.5334398853103602,0.0
0.0287,5.126980553804033,0.5686841939068269,0.0
0.02875,5.126879561993671,0.6035678835447409,0.0
0.028800000000000003,5.126778570183308,0.638094635867871,0.0
0.02885,5.126677578372946,0.6722680949332187,0.0
0.028900000000000002,5.1265765865625825,0.0,1.0
0.02895,5.12647559475222,0.04068631424406524,0.0
0.029,5.1263746029418575,0.0809564508139115,0.0
0.029050000000000003,5.126273611131495,0.12081465856530373,0.0
0.0291,5.1261726193211326,0.16026514297643896,0.0
0.029150000000000002,5.12607162751077,0.19931206659079814,0.0
0.0292,5.125970635700408,0.23795954945547684,0.0
0.02925,5.125869643890045,0.27621166955504073,0.0
0.029300000000000003,5.125768652079683,0.3140724632409518,0.0
0.02935,5.12566766026932,0.3515459256566106,0.0
0.029400000000000003,5.125566668458958,0.388636011158059,0.0
0.02945,5.125465676648594,0.425346633730388,0.0
0.029500000000000002,5.125364684838232,0.4616816673998942,0.0
0.02955,5.125263693027869,0.4976449466420284,0.0
0.0296,5.125162701217507,0.5332402667851799,0.0
0.029650000000000003,5.125061709407144,0.5684713844103374,0.0
0.0297,5.124960717596782,0.603342017746671,0.0
0.029750000000000002,4.762622487598351,0.6349809483472961,0.0
0.0298,1.8588854358062057,0.6432513375065703,0.0
0.02985,0.1781069124429376,0.6380977802274609,0.0
0.029900000000000003,0.6689069124429063,0.636892074922016,0.0
0.02995,1.1597069124432922,0.6395939170408687,0.0
0.030000000000000002,1.6505069124427245,0.6461634135132652,0.0
0.03005,2.14130691244311,0.65656107854621,0.0
0.030100000000000002,2.6321069124425427,0.6707478294664403,0.0
0.03015,3.1229069124429283,0.0,1.0
0.0302,3.61370691244298,0.0286802135908173,0.0
0.030250000000000003,4.104506912442763,0.06096286223047122,0.0
0.0303,4.5953069124431325,0.09681116781222684,0.0
0.030350000000000002,5.014021103090871,0.13561661810765005,0.0
0.0304,4.759832295032667,0.17200852294108157,0.0
0.03045,4.505643486974446,0.20601152276583093,0.0
0.030500000000000003,4.251454678916224,0.23765000647502427,0.0
0.03055,3.997265870858021,0.26694811396984147,0.0
0.030600000000000002,3.7430770627997996,0.29392973870153305,0.0
0.03065,3.4888882547415956,0.31861853018748604,0.0
0.0307,3.2346994466833743,0.3410378965016016,0.0
0.030750000000000003,2.980510638625153,0.36121100673924883,0.0
0.0308,2.726321830566949,0.3791607934570526,0.0
0.030850000000000002,2.4721330225087277,0.39490995508777316,0.0
0.0309,2.217944214450524,0.408480958330532,0.0
0.030950000000000002,1.9637554063923028,0.41989604051663465,0.0
0.031,1.7095665983340989,0.4291772119512412,0.0
0.03105,1.4553777902758775,0.43634625823112905,0.0
0.031100000000000003,1.2011889822176562,0.4414247425387941,0.0
0.03115,0.9470001741594523,0.44443400791313037,0.0
0.031200000000000002,0.692811366101231,0.4453951794969274,0.0
0.03125,0.4386225580430274,0.44432916676142364,0.0
0.0313,0.1844337499848061,0.4412566657081471,0.0
0.03135,-0.0697550580734152,0.4361981610482785,0.0
0.031400000000000004,-0.0703877136379506,0.43118627877638055,0.0
0.03145,-0.07029558551727008,0.4262262951649983,0.0
0.0315,-0.07020345739658956,0.4213176803684996,0.0
0.03155,-0.07011132927590903,0.4164599099505708,0.0
0.0316,-0.0700192011552285,0.4116524648289921,0.0
0.031650000000000005,-0.06992707303454797,0.406894831220976,0.0
0.0317,-0.06983494491386746,0.4021865005890645,0.0
0.03175,-0.06974281679318693,0.397526969587578,0.0
0.0318,-0.0696506886725064,0.3929157400096113,0.0
0.03185,-0.06955856055182587,0.3883523187345709,0.0
0.031900000000000005,-0.06946643243114534,0.3838362176762471,0.0
0.03195,-0.06937430431046483,0.3793669537314174,0.0
0.032,-0.0692821761897843,0.3749440487289735,0.0
0.03205,-0.06919004806910377,0.3705670293795687,0.0
0.032100000000000004,-0.06909791994842324,0.3662354272257783,0.0
0.032150000000000005,-0.06900579182774272,0.3619487785927697,0.0
0.0322,-0.0689136637070622,0.35770662453947577,0.0
0.03225,-0.06882153558638167,0.3535085108102667,0.0
0.0323,-0.06872940746570114,0.3493539877871152,0.0
0.032350000000000004,-0.0686372793450206,0.3452426104422502,0.0
0.0324,-0.0685451512243401,0.3411739382912938,0.0
0.03245,-0.06845302310365957,0.3371475353468767,0.0
0.0325,-0.06836089498297904,0.33316297007272727,0.0
0.03255,-0.0682687668622985,0.3292198153382292,0.0
0.032600000000000004,-0.06817663874161797,0.32531764837344296,0.0
0.03265,-0.06808451062093747,0.3214560507245869,0.0
0.0327,-0.06799238250025694,0.31763460820997236,0.0
0.03275,-0.0679002543795764,0.31385291087638906,0.0
0.0328,-0.06780812625889587,0.3101105529559354,0.0
0.032850000000000004,-0.06771599813821536,0.3064071328232898,0.0
0.0329,-0.06762387001753484,0.3027422529534179,0.0
0.03295,-0.0675317418968543,0.2991155198797121,0.0
0.033,-0.06743961377617377,0.2955265441525578,0.0
0.03305,-0.06734748565549324,0.2919749402983232,0.0
0.033100000000000004,-0.06725535753481272,0.2884603267787675,0.0
0.03315,-0.0671632294141322,0.2849823259508634,0.0
0.0332,-0.06707110129345167,0.2815405640270303,0.0
0.03325,-0.06697897317277114,0.2781346710357728,0.0
0.0333,-0.06688684505209061,0.2747642807827214,0.0
0.033350000000000005,-0.06679471693141009,0.2714290308120713,0.0
0.0334,-0.06670258881072957,0.26812856236841415,0.0
0.03345,-0.06661046069004904,0.2648625203589599,0.0
0.0335,-0.06651833256936851,0.2616305533161444,0.0
0.03355,-0.06642620444868799,0.2584323133606184,0.0
0.033600000000000005,-0.06633407632800746,0.2552674561646149,0.0
0.03365,-0.06624194820732694,0.25213564091569,0.0
0.0337,-0.06614982008664641,0.24903653028083422,0.0
0.03375,-0.06605769196596588,0.24596979037095007,0.0
0.033800000000000004,-0.06596556384528536,0.24293509070569244,0.0
0.033850000000000005,-0.06587343572460483,0.23993210417866775,0.0
0.0339,-0.06578130760392431,0.2369605070229886,0.0
0.03395,-0.06568917948324378,0.2340199787771798,0.0
0.034,-0.06559705136256325,0.23111020225143286,0.0
0.034050000000000004,-0.06550492324188273,0.22823086349420452,0.0
0.0341,-0.0649634510596776,0.22538521798186725,0.0
0.03415,-0.0584541672400493,0.222620285316583,0.0
0.0342,-0.051944883420421,0.21993524148191182,0.0
0.03425,-0.0454355996007927,0.21732927087399134,0.0
0.034300000000000004,-0.0389263157811644,0.21480156621565094,0.0
0.03435,-0.03241703196153701,0.21235132847140248,0.0
0.0344,-0.02590774814190871,0.20997776676329905,0.0
0.03445,-0.019398464322280408,0.20768009828765274,0.0
0.0345,-0.012889180502652108,0.20545754823260262,0.0
0.034550000000000004,-0.006379896683023807,0.20330934969652428,0.0
0.0346,0.00012938713660358425,0.20123474360727234,0.0
0.03465,0.006638670956231885,0.19923297864224754,0.0
0.0347,0.013147954775860185,0.19730331114927976,0.0
0.03475,0.35975353054880277,0.19814418198858316,0.0
0.034800000000000005,0.8505535305491926,0.20287170627494872,0.0
0.03485,1.3413535305485607,0.21144620424915048,0.0
0.0349,1.8321535305489502,0.2238284012519737,0.0
0.03495,2.3229535305489537,0.23997942358842614,0.0
0.035,2.8137535305488064,0.25986079443421306,0.0
0.035050000000000005,3.304553530549234,0.2834344297839948,0.0
0.0351,3.7953535305486024,0.31066263444098696,0.0
0.03515,4.286153530548999,0.34150809804755194,0.0
0.0352,4.776953530548428,0.37593389115625314,0.0
0.035250000000000004,4.991424849319678,0.4117103765694245,0.0
0.035300000000000005,5.005254071189428,0.447231367157178,0.0
0.03535,5.019083293059175,0.48249947132628107,0.0
0.0354,5.032912514928925,0.517517270853663,0.0
0.03545,5.046741736798674,0.5522873211582849,0.0
0.035500000000000004,5.060570958668424,0.5868121515702351,0.0
0.03555,5.070966218742626,0.6210670119320317,0.0
0.0356,5.073370063108236,0.6549912344972211,0.0
0.03565,5.075773907473845,0.0,1.0
0.0357,5.078177751839455,0.04030299803047187,0.0
0.035750000000000004,5.080581596205064,0.08021361140429908,0.0
0.0358,5.082985440570674,0.11973584606873384,0.0
0.03585,5.085389284936284,0.15887366707337058,0.0
0.0359,5.087793129301893,0.19763099898767983,0.0
0.03595,5.090196973667503,0.2360117263142793,0.0
0.036000000000000004,5.092600818033112,0.2740196938979858,0.0
0.03605,5.095004662398722,0.311658707330691,0.0
0.0361,5.0974085067643315,0.34893253335210395,0.0
0.03615,5.099812351129941,0.385844900246402,0.0
0.0362,5.102216195495552,0.42239949823483236,0.0
0.036250000000000004,5.104620039861161,0.4585999798643056,0.0
0.0363,5.10702388422677,0.49444996039202177,0.0
0.03635,5.1094277285923795,0.5299530181661697,0.0
0.0364,5.11183157295799,0.5651126950027401,0.0
0.03645,5.1142354173235995,0.599932496558491,0.0
0.036500000000000005,5.116639261689209,0.6344158927001062,0.0
0.03655,5.119043106054819,0.6685663178695842,0.0
0.0366,5.121446950420428,0.0,1.0
0.03665,5.123850794786038,0.04066548249830189,0.0
0.0367,5.1262546391516475,0.08093487965076737,0.0
0.036750000000000005,5.128658483517257,0.12081223518585502,0.0
0.0368,5.131062327882867,0.16030155154864845,0.0
0.03685,5.133466172248476,0.199406790322328,0.0
0.0369,5.135870016614086,0.23813187264533955,0.0
0.036950000000000004,5.138273860979695,0.2764806796243043,0.0
0.037000000000000005,5.140677705345305,0.31445705274271296,0.0
0.03705,5.143081549710915,0.35206479426544796,0.0
0.0371,5.145485394076524,0.389307667639175,0.0
0.03715,5.147889238442134,0.42618939788864774,0.0
0.037200000000000004,5.150293082807743,0.4627136720089658,0.0
0.03725,5.152696927173353,0.4988841393538287,0.0
0.0373,5.1551007715389625,0.5347044120198258,0.0
0.03735,5.157504615904572,0.5701780652268025,0.0
0.0374,5.1049765489133705,0.6048726701438932,0.0
0.037450000000000004,4.99949032397312,0.6383758774174634,0.0
0.0375,4.894004099032884,0.6706998503062834,0.0
0.03755,4.7885178740926335,0.0,1.0
0.0376,4.683031649152383,0.03716691785041574,0.0
0.03765,4.577545424212133,0.07311719763306371,0.0
0.037700000000000004,4.472059199271882,0.10786326029214224,0.0
0.03775,4.366572974331646,0.141417399963509,0.0
0.0378,4.261086749391396,0.17379178526929667,0.0
0.03785,4.155600524451145,0.2049984605993126,0.0
0.0379,4.050114299510895,0.23504934737935557,0.0
0.037950000000000005,3.9446280745706446,0.26395624532658446,0.0
0.038,3.8391418496304084,0.29173083369207026,0.0
0.03805,3.733655624690158,0.31838467249066255,0.0
0.0381,3.6281693997499076,0.34392920371830044,0.0
0.03815,3.522683174809657,0.36837575255689514,0.0
0.038200000000000005,3.417196949869407,0.391735528566912,0.0
0.03825,3.3117107249291706,0.41401962686777716,0.0
0.0383,3.2062244999889202,0.4352390293062325,0.0
0.03835,3.10073827504867,0.45540460561276364,0.0
0.038400000000000004,2.9952520501084194,0.4745271145462211,0.0
0.038450000000000005,2.889765825168169,0.4926172050267556,0.0
0.0385,2.784279600227933,0.5096854172571875,0.0
0.03855,2.6787933752876825,0.5257421838329273,0.0
0.0386,2.573307150347432,0.540797830840565,0.0
0.038650000000000004,2.4678209254071817,0.5548625789452439,0.0
0.038700000000000005,2.3623347004669313,0.567946544466933,0.0
0.03875,2.256848475526695,0.5800597404457112,0.0
0.0388,2.1513622505864447,0.5912120776961759,0.0
0.03885,2.0458760256461943,0.6014133658510873,0.0
0.038900000000000004,1.940389800705944,0.6106733143943575,0.0
0.03895,1.8349035757657077,0.6190015336834935,0.0
0.039,1.7294173508254573,0.6264075359616021,0.0
0.03905,1.623931125885207,0.6329007363590629,0.0
0.0391,1.5184449009449565,0.6384904538849747,0.0
0.039150000000000004,1.4129586760047061,0.6431859124084808,0.0
0.0392,1.30747245106447,0.6469962416300747,0.0
0.03925,1.2019862261242196,0.6499304780429902,0.0
0.0393,1.0965000011839692,0.6519975658847762,0.0
0.03935,0.9910137762437188,0.6532063580791566,0.0
0.039400000000000004,0.8855275513034684,0.653565617168275,0.0
0.03945,0.7800413263632322,0.6530840162354211,0.0
0.0395,0.6745551014229818,0.6517701398183371,0.0
0.03955,0.5690688764827314,0.6496324848132005,0.0
0.0396,3.3627577657645027,0.6696887876727262,0.0
0.039650000000000005,1.9199664104171426,0.678089605976492,0.0
0.0397,1.0322001486554218,0.6793588943680088,0.0
0.03975,1.5230001486548579,0.0,1.0
0.0398,4.360077221080179,0.03460378746889031,0.0
0.039850000000000003,2.504600148654809,0.054128288221067876,0.0
0.039900000000000005,2.995400148655074,0.07734869684796376,0.0
0.03995,3.486200148655358,0.10422728095677347,0.0
0.04,3.9770001486548847,0.13472669337355947,0.0
0.04005,4.467800148655289,0.16880996821048033,0.0
0.040100000000000004,4.510195145806371,0.20288174710924786,0.0
0.040150000000000005,4.0739812193073375,0.23314366391356595,0.0
0.0402,3.637767292808364,0.259634614401672,0.0
0.04025,3.20155336630933,0.282393097255654,0.0
0.0403,2.7653394398102966,0.3014572181154994,0.0
0.040350000000000004,2.3291255133112627,0.3168646935917545,0.0
0.040400000000000005,1.8929115868122288,0.32865285523721716,0.0
0.04045,1.4566976603132558,0.33685865347808236,0.0
0.0405,1.0204837338142219,0.3415186615049522,0.0
0.04055,0.584269807315188,0.3426690791241239,0.0
0.040600000000000004,0.35750578878560846,0.34200803742645824,0.0
0.04065,0.1857639536378921,0.33999071402128683,0.0
0.0407,0.014022118490151947,0.33663095550757144,0.0
0.04075,0.006745285253211556,0.3332477449140312,0.0
0.0408,0.04625884457524519,0.33021267399036175,0.0
0.040850000000000004,0.3414118031820107,0.32955107261809513,0.0
0.0409,0.39432697758459756,0.32931618739146057,0.0
0.04095,0.3780152739373245,0.3289542421978974,0.0
0.041,0.36170357029005135,0.32846653422249356,0.0
0.04105,0.3453918666427782,0.32785434740706954,0.0
0.041100000000000005,0.32908016299550513,0.3271189525853816,0.0
0.04115,0.3127684593482343,0.3262616076169454,0.0
0.0412,0.2964567557009612,0.32528355751949284,0.0
0.04125,0.28014505205368806,0.32418603460007706,0.0
0.0413,0.2638333484064149,0.3229702585848386,0.0
0.041350000000000005,0.24752164475914185,0.3216374367474469,0.0
0.0414,0.231209941111871,0.3201887640362306,0.0
0.04145,0.21489823746459788,0.31862542320000975,0.0
0.0415,0.19858653381732475,0.31694858491264355,0.0
0.041550000000000004,0.18227483017005164,0.31515940789630636,0.0
0.041600000000000005,0.16596312652277853,0.3132590390435054,0.0
0.04165,0.1496514228755077,0.31124861353785244,0.0
0.0417,0.13333971922823457,0.3091292549736028,0.0
0.04175,0.11702801558096143,0.3069020754739737,0.0
0.041800000000000004,0.10071631193368835,0.30456817580825496,0.0
0.041850000000000005,0.08440460828641522,0.3021286455077238,0.0
0.0419,0.06809290463914436,0.2995845629803762,0.0
0.04195,0.05178120099187128,0.2969369956244875,0.0
0.042,0.035469497344598144,0.29418699994101283,0.0
0.042050000000000004,0.019157793697325065,0.29133562164484056,0.0
0.042100000000000005,0.0028460900500519304,0.28838389577490986,0.0
0.04215,-0.013465613597218928,0.285332846803204,0.0
0.0422,-0.029777317244492008,0.28218348874263055,0.0
0.04225,-0.04608902089176514,0.2789368252538011,0.0
0.042300000000000004,-0.06240072453903828,0.27559384975071977,0.0
0.04235,-0.07257468739193186,0.2722042577339204,0.0
0.0424,-0.070592385207243,0.2688650034163052,0.0
0.04245,-0.06861008302255413,0.26557557288846334,0.0
0.0425,-0.06662778083786526,0.262335457487606,0.0
0.042550000000000004,-0.06464547865317641,0.2591441537440024,0.0
0.0426,-0.06266317646848782,0.25600116332796274,0.0
0.04265,-0.06068087428379895,0.2529059929973621,0.0
0.0427,-0.058698572099110086,0.24985815454570057,0.0
0.04275,-0.05671626991442122,0.24685716475069314,0.0
0.042800000000000005,-0.05473396772973236,0.2439025453233848,0.0
0.04285,-0.05275166554504377,0.24099382285778495,0.0
0.0429,-0.05076936336035491,0.23813052878101615,0.0
0.04295,-0.048787061175666044,0.23531219930397163,0.0
0.043000000000000003,-0.04680475899097718,0.2325383753724767,0.0
0.043050000000000005,-0.04482245680628832,0.22980860261894878,0.0
0.0431,-0.04284015462159973,0.2271224313145507,0.0
0.04315,-0.04085785243691086,0.22447941632183288,0.0
0.0432,-0.038875550252222,0.2218791170478586,0.0
0.043250000000000004,-0.036893248067533135,0.21932109739780803,0.0
0.043300000000000005,-0.034910945882844276,0.21680492572905602,0.0
0.04335,-0.03292864369815569,0.21433017480571845,0.0
0.0434,-0.03094634151346682,0.21189642175366286,0.0
0.04345,-0.02896403932877796,0.20950324801597822,0.0
0.043500000000000004,-0.026981737144089094,0.20715023930889953,0.0
0.043550000000000005,-0.024999434959400227,0.2048369855781821,0.0
0.0436,-0.023017132774711645,0.20256308095592157,0.0
0.04365,-0.021034830590022778,0.2003281237178144,0.0
0.0437,-0.01905252840533391,0.198131716240855,0.0
0.043750000000000004,-0.01707022622064505,0.1959734649614645,0.0
0.0438,-0.015087924035956463,0.1938529803340473,0.0
0.04385,-0.013105621851267596,0.19176987678997032,0.0
0.0439,0.3322409394985398,0.19244888586493847,0.0
0.04395,0.8230409394979685,0.19701620087178462,0.0
0.044000000000000004,1.3138409394983657,0.20543212518069245,0.0
0.04405,1.8046409394982788,0.21765736743406494,0.0
0.0441,2.295440939498373,0.2336530374090217,0.0
0.04415,2.7862409394980103,0.2533806419221101,0.0
0.0442,2.9331630567993705,0.27407289123062034,0.0
0.044250000000000005,2.508459331871047,0.2911832240153738,0.0
0.0443,2.0837556069427823,0.3047482089046617,0.0
0.04435,1.754643853130098,0.31556270762647276,0.0
0.0444,2.2454438531295575,0.3301620366823967,0.0
0.04445,2.7362438531294364,0.3485075558493288,0.0
0.044500000000000005,3.2240266356073497,0.370537073220478,0.0
0.04455,3.2587084343225303,0.39261693843799467,0.0
0.0446,3.293390233037716,0.4147466374888729,0.0
0.04465,3.324920633009648,0.43690065050664967,0.0
0.044700000000000004,3.351315400451513,0.45903797027598414,0.0
0.044750000000000005,3.3777101678933774,0.48115876722217604,0.0
0.0448,3.404104935335239,0.5032632100306131,0.0
0.04485,3.42394119540786,0.5252994140187468,0.0
0.0449,3.437503256647591,0.5472182806239114,0.0
0.044950000000000004,3.4510653178873225,0.5690210077710487,0.0
0.045000000000000005,3.4646273791270543,0.5907087811552025,0.0
0.04505,3.4781894403667835,0.6122827743663775,0.0
0.0451,3.491751501606515,0.6337441490131216,0.0
0.04515,3.502924655813033,0.6550750952652195,0.0
0.045200000000000004,3.5063559510971314,0.6762155013720489,0.0
0.045250000000000005,3.5097872463812294,0.0,1.0
0.0453,3.513218541665327,0.027882686838613707,0.0
0.04535,3.516649836949425,0.055507945271281306,0.0
0.0454,3.520081132233523,0.08287840344514863,0.0
0.045450000000000004,3.523512427517621,0.10999666267598916,0.0
0.0455,3.5269437228017186,0.13686529772213177,0.0
0.04555,3.5303750180858167,0.16348685705559196,0.0
0.0456,3.5338063133699147,0.189863863130435,0.0
0.04565,3.537237608654013,0.21599881264839926,0.0
0.045700000000000005,3.540668903938111,0.24189417682180792,0.0
0.04575,3.5441001992222088,0.2675524016337962,0.0
0.0458,3.547531494506307,0.29297590809588214,0.0
0.04585,3.550962789790405,0.3181670925029079,0.0
0.0459,3.554394085074503,0.3431283266853779,0.0
0.045950000000000005,3.557825380358601,0.36786195825922097,0.0
0.046,3.5612566756426984,0.39237031087300284,0.0
0.04605,3.5646879709267965,0.4166556844526145,0.0
0.0461,3.958658421287958,0.44381987254724875,0.0
0.046150000000000004,4.449458421287432,0.47460197315159086,0.0
0.046200000000000005,4.940258421287783,0.5089650501458698,0.0
0.04625,5.012368129064665,0.5435496056726715,0.0
0.0463,5.021856354020729,0.5778563827101605,0.0
0.04635,5.0313445789767925,0.6118882171642701,0.0
0.046400000000000004,5.040832803932856,0.6456479159885031,0.0
0.046450000000000005,5.050321028888919,0.6791382574795138,0.0
0.0465,5.059809253844982,0.0,1.0
0.04655,5.069297478801046,0.04023251967302417,0.0
0.0466,5.078785703757109,0.08012959946231343,0.0
0.046650000000000004,5.088273928713172,0.11969466395253939,0.0
0.046700000000000005,5.097762153669236,0.15893110276598324,0.0
0.04675,5.107250378625299,0.19784227091947504,0.0
0.0468,5.06882176371666,0.2360511967978103,0.0
0.04685,5.00679368621416,0.2733777524353765,0.0
0.046900000000000004,4.94476560871166,0.30983094615750323,0.0
0.046950000000000006,4.88273753120916,0.34541969432140807,0.0
0.047,4.820709453706669,0.3801528222551205,0.0
0.04705,4.758681376204168,0.41403906518682027,0.0
0.0471,4.696653298701668,0.4470870691646881,0.0
0.047150000000000004,4.634625221199169,0.47930539196736527,0.0
0.0472,4.572597143696677,0.510702504005118,0.0
0.04725,4.5105690661941775,0.5412867892118016,0.0
0.0473,4.448540988691677,0.571066545927719,0.0
0.04735,4.386512911189177,0.6000499877734649,0.0
0.047400000000000005,4.324484833686677,0.6282452445148493,0.0
0.04745,4.262456756184186,0.6556603629189914,0.0
0.0475,4.200428678681686,0.0,1.0
0.04755,4.138400601179185,0.032844449215707824,0.0
0.0476,4.076372523676685,0.06486129539466978,0.0
0.047650000000000005,4.014344446174185,0.0960589877309479,0.0
0.0477,3.952316368671694,0.12644588915879473,0.0
0.04775,3.8902882911691936,0.15603027723329993,0.0
0.0478,3.828260213666694,0.18482034500204628,0.0
0.047850000000000004,3.7662321361641937,0.21282420186786677,0.0
0.047900000000000005,3.704204058661694,0.2400498744427934,0.0
0.04795,3.6421759811592023,0.26650530739328815,0.0
0.048,3.5801479036567025,0.2921983642768442,0.0
0.04805,3.5181198261542024,0.31713682837004686,0.0
0.048100000000000004,3.456091748651702,0.34132840348818005,0.0
0.048150000000000005,3.394063671149202,0.3647807147964654,0.0
0.0482,3.3320355936467108,0.3875013096130194,0.0
0.04825,3.2700075161442106,0.4094976582036125,0.0
0.0483,3.2079794386417104,0.430777154568315,0.0
0.048350000000000004,3.1459513611392107,0.4513471172201113,0.0
0.048400000000000006,3.0839232836367105,0.47121478995556526,0.0
0.04845,3.0218952061342192,0.49038734261761807,0.0
0.0485,2.959867128631719,0.5088718718505976,0.0
0.04855,2.897839051129219,0.5266754018475207,0.0
0.048600000000000004,2.835810973626719,0.5438048850897657,0.0
0.048650000000000006,2.773782896124219,0.560267203079193,0.0
0.0487,2.7117548186217277,0.5760691670627921,0.0
0.04875,2.6497267411192276,0.5912175187499299,0.0
0.0488,2.5876986636167274,0.6057189310222766,0.0
0.048850000000000005,2.5256705861142272,0.6195800086364839,0.0
0.0489,2.463642508611736,0.6328072889196894,0.0
0.04895,2.401614431109236,0.6454072424579202,0.0
0.049,2.339586353606736,0.6573862737774689,0.0
0.04905,2.277558276104236,0.6687507220193126,0.0
0.049100000000000005,2.2155301986017357,0.6795068616066473,0.0
0.04915,2.4520890144199075,0.0,1.0
0.0492,3.2942123699348222,0.026144542618530334,0.0
0.04925,4.571016797979158,0.06215553792857256,0.0
0.049300000000000004,4.185158727514928,0.0947365228787709,0.0
0.049350000000000005,2.917890471235761,0.11692719631661994,0.0
0.0494,3.1180809153723312,0.14048013299859358,0.0
0.04945,3.899490471235589,0.1699942753518846,0.0
0.0495,4.390290471236038,0.2031023389791337,0.0
0.049550000000000004,4.881090471235475,0.23976763269272353,0.0
0.049600000000000005,2.377093384867464,0.2561856090498231,0.0
0.04965,2.8678933848672754,0.27633120851987003,0.0
0.0497,3.2587194494884324,0.29937293099015616,0.0
0.04975,3.0754460317668917,0.3207248641618193,0.0
0.049800000000000004,2.892172614045351,0.3404042594912631,0.0
0.049850000000000005,2.7088991963238103,0.3584281923107151,0.0
0.0499,2.525625778602295,0.3748135636263202,0.0
0.04995,2.342352360880754,0.38957710189787564,0.0
0.05,2.1590789431592134,0.4027353648003983,0.0
0.050050000000000004,1.9758055254376725,0.4143047409677062,0.0
0.050100000000000006,1.7925321077161318,0.4243014517182,0.0
0.05015,1.6092586899946166,0.43274155276302556,0.0
0.0502,1.4259852722730757,0.43964093589679687,0.0
0.05025,1.2427118545515352,0.4450153306710589,0.0
0.050300000000000004,1.0594384368299945,0.4488803060506653,0.0
0.050350000000000006,0.8761650191084533,0.45125127205324544,0.0
0.0504,0.6928916013869384,0.4521434813719344,0.0
0.05045,0.5096181836653977,0.45157203098153503,0.0
0.0505,0.32634476594385653,0.4495518637282837,0.0
0.050550000000000005,0.14307134822231582,0.4460977699033849,0.0
0.0506,0.21390503939382857,0.4432411118869341,0.0
0.05065,0.7047050393942648,0.44430885625932715,0.0
0.0507,1.1955050393937903,0.44926093787351346,0.0
0.05075,1.6863050393940906,0.45805770061696566,0.0
0.050800000000000005,1.8610520325627686,0.4681515360386542,0.0
0.05085,1.634011547278568,0.4763404125069928,0.0
0.0509,1.4069710619943356,0.48264377819599985,0.0
0.05095,1.1799305767101034,0.4870808827287111,0.0
0.051000000000000004,0.9528900914258711,0.48967077920423296,0.0
0.051050000000000005,0.7258496061416388,0.49043232620410177,0.0
0.0511,0.4988091208574381,0.48938418977815934,0.0
0.05115,0.27176863557320585,0.4865448454101538,0.0
0.0512,0.04472815028897359,0.4819325799632743,0.0
0.051250000000000004,-0.06847903681625978,0.476468932480259,0.0
0.051300000000000005,-0.06802710311460232,0.47106465143490817,0.0
0.05135,-0.0675751694129449,0.46571913074129606,0.0
0.0514,-0.06712323571128745,0.4604317705011709,0.0
0.05145,-0.06667130200962998,0.45520197694078307,0.0
0.051500000000000004,-0.06621936830797251,0.450029162348359,0.0
0.051550000000000006,-0.06576743460631505,0.44491274501221273,0.0
0.0516,-0.06531550090465765,0.4398521491594898,0.0
0.05165,-0.06486356720300018,0.4348468048955361,0.0
0.0517,-0.06441163350134271,0.4298961481438863,0.0
0.051750000000000004,-0.06395969979968524,0.4249996205868643,0.0
0.051800000000000006,-0.06350776609802779,0.4201566696067904,0.0
0.05185,-0.06305583239637039,0.4153667482277888,0.0
0.0519,-0.06260389869471292,0.41062931505818917,0.0
0.05195,-0.062151964993055454,0.40594383423351604,0.0
0.052000000000000005,-0.061700031291397985,0.4013097753600603,0.0
0.05205,-0.061248097589740584,0.3967266134590271,0.0
0.0521,-0.06079616388808312,0.39219382891125354,0.0
0.05215,-0.06034423018642565,0.387710907402491,0.0
0.0522,-0.05989229648476819,0.3832773398692459,0.0
0.052250000000000005,-0.059440362783110726,0.3788926224451737,0.0
0.0523,-0.05898842908145332,0.37455625640801987,0.0
0.05235,-0.058536495379795855,0.37026774812710267,0.0
0.0524,-0.058084561678138386,0.3660266090113321,0.0
0.052450000000000004,-0.05763262797648092,0.3618323554577595,0.0
0.052500000000000005,-0.05718069427482346,0.35768450880065245,0.0
0.05255,-0.05672876057316605,0.35358259526108965,0.0
0.0526,-0.05627682687150859,0.34952614589707015,0.0
0.05265,-0.05582489316985112,0.34551469655413225,0.0
0.052700000000000004,-0.05537295946819366,0.3415477878164763,0.0
0.052750000000000005,-0.054921025766536194,0.3376249649585867,0.0
0.0528,-0.054469092064878794,0.3337457778973474,0.0
0.05285,-0.054017158363221324,0.32990978114464686,0.0
0.0529,-0.05356522466156386,0.3261165337604665,0.0
0.052950000000000004,-0.05311329095990639,0.32236559930644804,0.0
0.053000000000000005,-0.05266135725824893,0.3186565457999351,0.0
0.05305,-0.05220942355659153,0.31498894566848373,0.0
0.0531,-0.05175748985493406,0.31136237570483777,0.0
0.05315,-0.051305556153276595,0.30777641702236336,0.0
0.053200000000000004,-0.05085362245161913,0.30423065501093893,0.0
0.053250000000000006,-0.05040168874996166,0.3007246792932951,0.0
0.0533,-0.04994975504830426,0.2972580836818005,0.0
0.05335,-0.04949782134664679,0.293830466135689,0.0
0.0534,-0.04904588764498933,0.29044142871872297,0.0
0.053450000000000004,-0.048593953943331866,0.2870905775572897,0.0
0.053500000000000006,-0.048142020241674396,0.28377752279892454,0.0
0.05355,-0.047690086540016996,0.28050187857125863,0.0
0.0536,-0.047238152838359526,0.2772632629413847,0.0
0.05365,0.18794555587956682,0.27592424847100566,0.0
0.053700000000000005,0.19791666197437482,0.2746780400769605,0.0
0.05375,0.20788776806918147,0.2735236902801871,0.0
0.0538,0.21785887416398947,0.27246026127465983,0.0
0.05385,0.22782998025879747,0.27148682482863556,0.0
0.0539,0.2378010863536055,0.2706024621869072,0.0
0.053950000000000005,0.2477721924484135,0.2698062639740557,0.0
0.054,0.6455370893418029,0.272175058597091,0.0
0.05405,1.136337089342245,0.278414907733899,0.0
0.0541,1.6271370893416812,0.28848629087843275,0.0
0.054150000000000004,1.8413738451773063,0.3001551446165428,0.0
0.054200000000000005,1.8532668254421056,0.31179925701447864,0.0
0.05425,1.8651598057069034,0.3234188806624015,0.0
0.0543,1.8770527859717028,0.3350142655717202,0.0
0.05435,1.8889457662365023,0.3465856592014184,0.0
0.054400000000000004,1.9008387465013017,0.3581333064841126,0.0
0.054450000000000005,1.912731726766101,0.3696574498518449,0.0
0.0545,1.9241155889154284,0.3811542886416473,0.0
0.05455,1.9290731646730044,0.3925730993394278,0.0
0.0546,1.9340307404305803,0.40391467855233076,0.0
0.054650000000000004,1.9389883161881565,0.41517981475475085,0.0
0.054700000000000006,1.9439458919457324,0.42636928837136223,0.0
0.05475,1.9489034677033077,0.4374838718592999,0.0
0.0548,1.9538610434608836,0.44852432978950235,0.0
0.05485,1.9588186192184598,0.45949141892722356,0.0
0.054900000000000004,1.9637761949760357,0.47038588831172296,0.0
0.054950000000000006,1.9687337707336117,0.48120847933514205,0.0
0.055,1.9736913464911872,0.4919599258205755,0.0
0.05505,1.978648922248763,0.5026409540993455,0.0
0.0551,1.983606498006339,0.5132522830874869,0.0
0.055150000000000005,1.9885640737639152,0.5237946243614516,0.0
0.055200000000000006,1.9935216495214911,0.5342686822330402,0.0
0.05525,1.9984792252790664,0.5446751538235686,0.0
0.0553,2.0034368010366426,0.5550147291372768,0.0
0.05535,2.0083943767942185,0.5652880911339896,0.0
0.055400000000000005,2.1838770555617035,0.5768492896344461,0.0
0.05545,2.139483085712472,0.5879401240460693,0.0
0.0555,2.1096486362521865,0.5986809481755947,0.0
0.05555,2.145305046508596,0.6095951040882281,0.0
0.055600000000000004,2.1809614567650057,0.6206808221990265,0.0
0.055650000000000005,2.2166178670214154,0.6319363509891559,0.0
0.0557,2.3587516575000564,0.6442050153946423,0.0
0.05575,2.849551657500446,0.660243664214751,0.0
0.0558,3.3403516574998826,0.0,1.0
0.055850000000000004,3.8311516575002718,0.030405965535716447,0.0
0.055900000000000005,4.321951657499708,0.06439674751274849,0.0
0.05595,4.812751657500082,0.10193574769687223,0.0
0.056,4.875314692558672,0.13958803542287126,0.0
0.05605,4.885647324137619,0.17693792709984107,0.0
0.056100000000000004,4.895979955716566,0.2139885099601726,0.0
0.056150000000000005,4.9063125872955125,0.25074283971797506,0.0
0.0562,4.916645218874458,0.28720394089085366,0.0
0.05625,4.926977850453405,0.32337480711840194,0.0
0.0563,5.003368597815352,0.3597826722376252,0.0
0.056350000000000004,5.01941257998474,0.39594617409020083,0.0
0.056400000000000006,5.035456562154128,0.43186780743819436,0.0
0.05645,5.051500544323513,0.4675500415740589,0.0
0.0565,5.067544526492901,0.5029953205806599,0.0
0.05655,5.083588508662289,0.5382060635886461,0.0
0.056600000000000004,5.096395641890913,0.5731589757538846,0.0
0.056650000000000006,5.097652868196245,0.6077650234041309,0.0
0.0567,5.098910094501576,0.642027747760804,0.0
0.05675,5.100167320806908,0.6759506538921608,0.0
0.0568,5.101424547112239,0.0,1.0
0.056850000000000005,5.1026817734175705,0.04049747439220294,0.0
0.056900000000000006,5.103938999722902,0.08059147852950616,0.0
0.05695,5.105196226028234,0.12028613153464185,0.0
0.057,5.1064534523335645,0.1595855104772494,0.0
0.057050000000000003,5.107710678638896,0.19849365080320522,0.0
0.057100000000000005,5.108967904944228,0.23701454675956968,0.0
0.05715,5.1102251312495595,0.27515215181519537,0.0
0.0572,5.111482357554891,0.31291037907704156,0.0
0.05725,5.112739583860222,0.35029310170223804,0.0
0.057300000000000004,5.1139968101655535,0.38730415330594253,0.0
0.057350000000000005,5.115254036470885,0.4239473283650339,0.0
0.0574,5.116511262776217,0.4602263826176841,0.0
0.05745,5.1177684890815485,0.49614503345885064,0.0
0.0575,5.119025715386879,0.5317069603317316,0.0
0.057550000000000004,5.120282941692211,0.5669158051152239,0.0
0.057600000000000005,5.1215401679975425,0.6017751725074263,0.0
0.05765,5.122797394302874,0.6362886304052269,0.0
0.0577,5.124054620608205,0.6704597102800149,0.0
0.05775,5.125311846913537,0.0,1.0
0.057800000000000004,5.126569073218868,0.040687056136657684,0.0
0.057850000000000006,5.1278262995242,0.08096870653379512,0.0
0.0579,5.1290835258295315,0.12084909007396225,0.0
0.05795,5.130340752134862,0.16033230338488355,0.0
0.058,5.131597978440194,0.1994224012708475,0.0
0.058050000000000004,5.132855204745526,0.23812339713969188,0.0
0.058100000000000006,5.134112431050857,0.27643926342542985,0.0
0.05815,5.135369657356189,0.31437393200656133,0.0
0.0582,5.13662688366152,0.3519312946201139,0.0
0.05825,5.137884109966851,0.38911520327145643,0.0
0.058300000000000005,5.139141336272183,0.4259294706399289,0.0
0.058350000000000006,5.140398562577515,0.4623778704803313,0.0
0.0584,5.141655788882845,0.498464138020313,0.0
0.05845,5.142913015188177,0.5341919703537058,0.0
0.0585,5.144170241493509,0.5695650268298412,0.0
0.058550000000000005,5.14542746779884,0.6045869294388925,0.0
0.058600000000000006,5.146684694104172,0.6392612631932832,0.0
0.05865,5.147941920409503,0.6735915765052021,0.0
0.0587,5.149199146714834,0.0,1.0
0.058750000000000004,5.150456373020166,0.04087663788111243,0.0
0.058800000000000005,5.151713599325498,0.08134593453808411,0.0
0.05885,5.152970825630829,0.1214120486132827,0.0
0.0589,5.15422805193616,0.16107909629251776,0.0
0.05895,5.155485278241492,0.20035115173848983,0.0
0.059000000000000004,5.156742504546823,0.2392322475198141,0.0
0.059050000000000005,5.128911600686448,0.27749551685974594,0.0
0.0591,5.02575635495623,0.3145494550566818,0.0
0.05915,4.922601109225997,0.3504064084567063,0.0
0.0592,4.819445863495765,0.3850785973591529,0.0
0.059250000000000004,4.716290617765533,0.418578117303445,0.0
0.059300000000000005,4.6131353720353,0.45091694034279894,0.0
0.05935,4.5099801263050825,0.48210691630492397,0.0
0.0594,4.40682488057485,0.5121597740398509,0.0
0.05945,4.303669634844617,0.5410871226550218,0.0
0.059500000000000004,4.200514389114385,0.5689004527377705,0.0
0.059550000000000006,4.212786621079386,0.5965272286581411,0.0
0.0596,4.703586621079707,0.6277671944203086,0.0
0.05965,4.982269588429354,0.6608999936062216,0.0
0.0597,4.562782408942189,0.0,1.0
0.059750000000000004,4.143295229455024,0.03288329547186527,0.0
0.059800000000000006,3.7238080499678596,0.06210161431654028,0.0
0.05985,3.304320870480753,0.08769237314244882,0.0
0.0599,2.8848336909935886,0.10969260656305764,0.0
0.05995,2.465346511506424,0.12813897109675418,0.0
0.060000000000000005,2.0458593320192597,0.1430677490269077,0.0
0.060050000000000006,1.6263721525320949,0.15451485222252262,0.0
0.0601,1.2068849730449887,0.1625158259198864,0.0
0.06015,0.7873977935578242,0.16710585246560766,0.0
0.060200000000000004,0.3679106140706594,0.1683197550214438,0.0
0.060250000000000005,0.026236188607766532,0.16680956277117828,0.0
0.0603,0.06479160262050097,0.16562078377811432,0.0
0.06035,0.10334701663324077,0.1647501366587098,0.0
0.0604,0.5771982756062894,0.1676491024580954,0.0
0.060450000000000004,1.067998275606737,0.1744137101290132,0.0
0.060500000000000005,1.5587982756061682,0.18500449442435396,0.0
0.06055,2.0495982756064945,0.19938239300701402,0.0
0.0606,2.540398275605931,0.21750874233646278,0.0
0.06065,3.031198275606321,0.23934527359736363,0.0
0.060700000000000004,3.5219982756067436,0.2648541086697096,0.0
0.060750000000000005,4.012798275606172,0.2939977561401219,0.0
0.0608,3.8625029470547267,0.3216510491907852,0.0
0.06085,3.6774329127864123,0.34755321347260404,0.0
0.0609,3.4923628785180982,0.3717221266710613,0.0
0.060950000000000004,3.3072928442497838,0.39417548395414365,0.0
0.061000000000000006,3.1222228099814693,0.41493079983570574,0.0
0.06105,2.937152775713181,0.4340054100198109,0.0
0.0611,2.7520827414448665,0.4514164732262418,0.0
0.06115,2.567012707176552,0.4671809729973751,0.0
0.061200000000000004,2.381942672908238,0.4813157194866087,0.0
0.061250000000000006,2.196872638639924,0.4938373512285305,0.0
0.0613,2.0118026043716353,0.5047623368910156,0.0
0.06135,1.8267325701033208,0.5141069770094345,0.0
0.0614,1.6416625358350068,0.5218874057031586,0.0
0.061450000000000005,1.4565925015666923,0.5281195923745395,0.0
0.061500000000000006,1.2715224672983778,0.5328193433905442,0.0
0.06155,1.0864524330300895,0.5360023037472215,0.0
0.0616,0.9013823987617751,0.5376839587171756,0.0
0.06165,0.7163123644934606,0.5378796354802203,0.0
0.061700000000000005,0.5312423302251466,0.5366045047373859,0.0
0.061750000000000006,0.3461722959568321,0.5338735823084473,0.0
0.0618,0.16110226168854336,0.5297017307131439,0.0
0.06185,-0.023967772579770674,0.5241036607362546,0.0
0.061900000000000004,-0.06223642374675361,0.5182590233187709,0.0
0.061950000000000005,-0.06228354808664798,0.5124736811766976,0.0
0.062,-0.06233067242654235,0.506747028950621,0.0
0.06205,-0.06237779676643672,0.5010784674613843,0.0
0.0621,-0.0624249211063311,0.49546740364699166,0.0
0.062150000000000004,-0.06247204544622547,0.4899132505001566,0.0
0.062200000000000005,-0.06251916978611984,0.4844154270064881,0.0
0.06225,-0.06256629412601421,0.47897335808330777,0.0
0.0623,-0.06261341846590858,0.47358647451909147,0.0
0.06235,-0.06266054280580295,0.4682542129135294,0.0
0.062400000000000004,-0.06270766714569732,0.4629760156181982,0.0
0.062450000000000006,-0.0627547914855917,0.45775133067783813,0.0
0.0625,-0.06280191582548607,0.4525796117722308,0.0
0.06255000000000001,-0.06284904016538044,0.4474603181586693,0.0
0.0626,-0.06289616450527481,0.44239291461501623,0.0
0.06265,-0.06294328884516917,0.4373768713833428,0.0
0.0627,-0.06299041318506356,0.43241166411414367,0.0
0.06275,-0.06303753752495792,0.42749677381112083,0.0
0.06280000000000001,-0.0630846618648523,0.42263168677653157,0.0
0.06285,-0.06313178620474666,0.4178158945570942,0.0
0.0629,-0.06317891054464103,0.41304889389044636,0.0
0.06295,-0.0632260348845354,0.4083301866521493,0.0
0.063,-0.06327315922442978,0.403659279803234,0.0
0.06305000000000001,-0.06332028356432415,0.3990356853382821,0.0
0.0631,-0.06336740790421852,0.39445892023403745,0.0
0.06315,-0.06341453224411289,0.3899285063985419,0.0
0.0632,-0.06346165658400726,0.38544397062079044,0.0
0.06325,-0.06350878092390164,0.3810048445209008,0.0
0.06330000000000001,-0.06355590526379601,0.3766106645007907,0.0
0.06335,-0.06360302960369038,0.37226097169536015,0.0
0.0634,-0.06365015394358474,0.3679553119241706,0.0
0.06345,-0.06369727828347913,0.36369323564361844,0.0
0.0635,-0.06374440262337348,0.35947429789959656,0.0
0.06355000000000001,-0.06379152696326787,0.355298058280639,0.0
0.0636,-0.06383865130316223,0.3511640808715439,0.0
0.06365,-0.0638857756430566,0.3470719342074703,0.0
0.0637,-0.06393289998295097,0.3430211912285034,0.0
0.06375,-0.06398002432284534,0.3390114292346833,0.0
0.06380000000000001,-0.06402714866273972,0.3350422298414936,0.0
0.06385,-0.06407427300263409,0.3311131789358038,0.0
0.0639,-0.06412139734252846,0.3272238666322616,0.0
0.06395,-0.06416852168242283,0.3233738872301309,0.0
0.064,-0.0642156460223172,0.31956283917056966,0.0
0.06405000000000001,-0.06426277036221158,0.3157903249943446,0.0
0.0641,-0.06430989470210595,0.31205595129997726,0.0
0.06415,-0.06435701904200031,0.3083593287023173,0.0
0.06420000000000001,-0.0644041433818947,0.3047000717915391,0.0
0.06425,-0.06445126772178905,0.30107779909255644,0.0
0.06430000000000001,-0.06449839206168344,0.2974921330248521,0.0
0.06435,-0.0645455164015778,0.2939426998627172,0.0
0.0644,-0.06459264074147217,0.2904291296958964,0.0
0.06445000000000001,-0.06463976508136654,0.28695105639063523,0.0
0.0645,-0.06468688942126091,0.28350811755112487,0.0
0.06455,-0.06473401376115528,0.2800999544813405,0.0
0.0646,-0.06478113810104966,0.27672621214726945,0.0
0.06465,-0.06482826244094403,0.27338653913952465,0.0
0.06470000000000001,-0.0648753867808384,0.2700805876363403,0.0
0.06475,-0.06492251112073277,0.2668080133669447,0.0
0.0648,-0.05871430640649846,0.26361812104399107,0.0
0.06485,-0.030470658198027023,0.26068495102021705,0.0
0.0649,-0.0022270099895634193,0.25800588235728683,0.0
0.06495000000000001,0.01310395303456245,0.25547583924619344,0.0
0.065,0.02089442922503888,0.2530334551164256,0.0
0.06505,0.028684905415515306,0.2506778350368248,0.0
0.0651,0.0364753816059939,0.2484080932127951,0.0
0.06515,0.044265857796470326,0.24622335289302608,0.0
0.06520000000000001,0.052056333986948915,0.24412274627716757,0.0
0.06525,0.26804489371188733,0.24375778016678434,0.0
0.0653,0.7588448937122527,0.2472917781765064,0.0
0.06535,1.2496448937123894,0.25468493486455746,0.0
0.0654,1.7404448937121029,0.26589785117227727,0.0
0.06545000000000001,2.2312448937124927,0.2808915302752713,0.0
0.0655,2.722044893711929,0.2996273734768847,0.0
0.06555,3.2128448937122176,0.3220671761436498,0.0
0.0656,3.703644893712709,0.3481731236821831,0.0
0.06565,4.194444893712145,0.3779077875571692,0.0
0.06570000000000001,4.685244893712459,0.41123412135002857,0.0
0.06575,4.768516682485044,0.444881105975016,0.0
0.0658,4.791168990177352,0.47836436083966566,0.0
0.06585,4.8138212978696675,0.5116855574996116,0.0
0.0659,4.836473605561976,0.5448463504451833,0.0
0.06595000000000001,4.8591259132542906,0.577848377275629,0.0
0.066,4.881778220946599,0.6106932588715615,0.0
0.06605,4.944748853515023,0.6437025862710078,0.0
0.0661,4.890773405944675,0.6759465371149159,0.0
0.06615,4.836797958374342,0.0,1.0
0.06620000000000001,4.874681779813984,0.03868795063344432,0.0
0.06625,4.977961100614428,0.0778006040283184,0.0
0.0663,5.054578835701806,0.11712202440762515,0.0
0.06635,5.057518793418508,0.15606533615526996,0.0
0.0664,5.060458751135209,0.19463439947120809,0.0
0.06645000000000001,5.063398708851912,0.23283303514570552,0.0
0.0665,5.066338666568613,0.2706650249616817,0.0
0.06655,5.069278624285315,0.30813411209294483,0.0
0.0666,5.072218582002017,0.34524400149836115,0.0
0.06665,5.075158539718719,0.38199836031200046,0.0
0.06670000000000001,5.078098497435421,0.4184008182292983,0.0
0.06675,5.081038455152123,0.4544549678892758,0.0
0.0668,5.083978412868824,0.4901643652528572,0.0
0.06685,5.086918370585526,0.5255325299773254,0.0
0.0669,5.089858328302228,0.5605629457869541,0.0
0.06695000000000001,5.09279828601893,0.5952590608398566,0.0
0.067,5.095738243735632,0.6296242880910888,0.0
0.06705,5.098678201452333,0.6636620056520461,0.0
0.0671,5.1016181591690355,0.0,1.0
0.06715,5.104558116885737,0.040512366007029656,0.0
0.06720000000000001,5.107498074602439,0.08063446473836253,0.0
0.06725,5.1104380323191405,0.12037028052441066,0.0
0.0673,5.113377990035842,0.1597237570186198,0.0
0.06735000000000001,5.1163179477525444,0.19869879761275003,0.0
0.0674,5.1192579054692455,0.2372992658479169,0.0
0.06745000000000001,5.122197863185948,0.275528985821436,0.0
0.0675,5.1251378209026495,0.31339174258951374,0.0
0.06755,5.128077778619351,0.3508912825658278,0.0
0.06760000000000001,5.131017736336053,0.3880313139160371,0.0
0.06765,5.133957694052755,0.4248155069482654,0.0
0.06770000000000001,5.136897651769457,0.46124749449959734,0.0
0.06775,5.139837609486158,0.49733087231862944,0.0
0.0678,5.14277756720286,0.5330691994441149,0.0
0.06785000000000001,5.145717524919562,0.5684659985797433,0.0
0.0679,5.108170212989984,0.6032034289282184,0.0
0.06795,4.993683271843238,0.6366775901626638,0.0
0.068,4.87919633069646,0.6689013792945969,0.0
0.06805,4.764709389549714,0.0,1.0
0.06810000000000001,4.6502224484029355,0.03690652736827727,0.0
0.06815,4.53573550725619,0.07252764080085805,0.0
0.0682,4.421248566109444,0.10687646339095311,0.0
0.06825,4.3067616249626655,0.13996598425502765,0.0
0.0683,4.19227468381592,0.1718090599006023,0.0
0.06835000000000001,4.077787742669142,0.20241841558008788,0.0
0.0684,3.9633008015223954,0.2318066466308008,0.0
0.06845,3.8488138603756497,0.259986219801296,0.0
0.0685,3.734326919228872,0.28696947456415983,0.0
0.06855,3.6198399780821253,0.3127686244154012,0.0
0.06860000000000001,3.5053530369353476,0.33739575816057504,0.0
0.06865,3.390866095788602,0.3608628411877774,0.0
0.0687,3.2763791546418557,0.38318171672764273,0.0
0.06875,3.1618922134950775,0.40436410710047804,0.0
0.0688,3.047405272348332,0.42442161495066555,0.0
0.06885000000000001,2.9329183312015537,0.4433657244684615,0.0
0.0689,2.8184313900548075,0.4612078025993231,0.0
0.06895,2.7039444489080617,0.4779591002408875,0.0
0.069,2.5894575077612836,0.49363075342773133,0.0
0.06905,2.4749705666145374,0.5082337845040354,0.0
0.06910000000000001,2.3604836254677597,0.5217791032842759,0.0
0.06915,2.2459966843210135,0.5342775082020671,0.0
0.0692,2.1315097431742673,0.5457396874472746,0.0
0.06925,2.0170228020274896,0.5561762200915196,0.0
0.0693,1.9025358608807434,0.5655975772021928,0.0
0.06935000000000001,1.7880489197339657,0.5740141229450951,0.0
0.0694,1.6735619785872196,0.5814361156758212,0.0
0.06945,1.5590750374404734,0.5878737090200004,0.0
0.0695,1.4445880962936957,0.5933369529425094,0.0
0.06955,1.3301011551469495,0.5978357948057705,0.0
0.06960000000000001,1.2156142140001718,0.6013800804172426,0.0
0.06965,1.1011272728534252,0.6039795550662207,0.0
0.0697,0.9866403317066794,0.6056438645500493,0.0
0.06975,0.8721533905599017,0.6063825561898586,0.0
0.0698,0.7576664494131551,0.6062050798359323,0.0
0.06985000000000001,0.6431795082663774,0.6051207888628094,0.0
0.0699,0.5286925671196316,0.6031389411542287,0.0
0.06995,0.414205625972885,0.6002687000780161,0.0
0.07,0.2997186848261073,0.59651913545102,0.0
0.07005,0.18523174367936157,0.5918992244941953,0.0
0.07010000000000001,0.07074480253258386,0.5864178527779367,0.0
0.07015,0.4496915118180621,0.5839999552405564,0.0
0.0702,0.9404915118184518,0.5855019806830882,0.0
0.07025,1.3576318371034395,0.5902993090968488,0.0
0.0703,1.9220915118182778,0.5995274991446703,0.0
0.07035000000000001,2.4128915118186676,0.6125567145249793,0.0
0.0704,2.9036915118181037,0.6293481496761125,0.0
0.07045,3.394491511818429,0.6498633952115279,0.0
0.07050000000000001,3.8852915118183247,0.6740644338751343,0.0
0.07055,4.37609151181832,0.0,1.0
0.07060000000000001,4.866891511818709,0.0386261231096723,0.0
0.07065,4.938709968068404,0.07742789079131053,0.0
0.0707,4.824299461691346,0.11492550220827141,0.0
0.07075000000000001,4.709888955314256,0.15113227179861036,0.0
0.0708,4.5954784489371985,0.18606137807015355,0.0
0.07085000000000001,4.4810679425601085,0.2197258649882405,0.0
0.0709,4.366657436183051,0.2521386433493011,0.0
0.07095,4.252246929805993,0.2833124921404074,0.0
0.07100000000000001,4.137836423428903,0.3132600598849465,0.0
0.07105,4.023425917051845,0.34199386597455567,0.0
0.0711,3.9090154106747863,0.36952630198745806,0.0
0.07115,3.7946049042976964,0.3958696329933398,0.0
0.0712,3.6801943979206384,0.4210359988449064,0.0
0.07125000000000001,3.5657838915435485,0.445037415456251,0.0
0.0713,3.45137338516649,0.4678857760681741,0.0
0.07135,3.336962878789432,0.48959285250058326,0.0
0.0714,3.222552372412342,0.5101702963921074,0.0
0.07145,3.108141866035284,0.5296296404270567,0.0
0.07150000000000001,2.9937313596581943,0.5479822995498542,0.0
0.07155,2.8793208532811363,0.5652395721670708,0.0
0.0716,2.7649103469040783,0.5814126413371868,0.0
0.07165,2.6504998405269884,0.5965125759482083,0.0
0.0717,2.53608933414993,0.6105503318832602,0.0
0.07175000000000001,2.4216788277728405,0.6235367531742798,0.0
0.0718,2.307268321395782,0.6354825731439318,0.0
0.07185,2.192857815018724,0.6463984155358649,0.0
0.0719,2.078447308641634,0.6562947956334302,0.0
0.07195,1.9640368022645762,0.6651821213669781,0.0
0.07200000000000001,1.8496262958874863,0.6730706944098493,0.0
0.07205,1.7352157895104283,0.6799707112631793,0.0
0.0721,1.62080528313337,0.0,1.0
0.07215,1.50639477675628,0.011955514101240319,0.0
0.0722,1.391984270379222,0.022880951655092335,0.0
0.07225000000000001,1.277573764002132,0.0327868289553116,0.0
0.0723,1.163163257625074,0.04168355493233769,0.0
0.07235,1.0487527512480161,0.049581432249390794,0.0
0.0724,0.9343422448709262,0.05649065838737875,0.0
0.07245,0.8199317384938682,0.062421326718728784,0.0
0.07250000000000001,0.7055212321167783,0.06738342757025444,0.0
0.07255,0.5911107257397203,0.0713868492751735,0.0
0.0726,0.4767002193626615,0.07444137921438386,0.0
0.07265,0.36228971298557155,0.07655670484710951,0.0
0.0727,0.2478792066085136,0.07774241473102513,0.0
0.07275000000000001,0.13346870023142365,0.07800799953196427,0.0
0.0728,0.01905819385436569,0.07736285302332122,0.0
0.07285,-0.07716891977022784,0.07596058571614048,0.0
0.0729,-0.07582498319055968,0.07458330064905568,0.0
0.07295,-0.07448104661089189,0.0732307427725016,0.0
0.07300000000000001,-0.07313711003122372,0.07190265964077408,0.0
0.07305,-0.07179317345155592,0.07059880138544647,0.0
0.0731,-0.07044923687188813,0.06931892068905769,0.0
0.07315,-0.06910530029221996,0.06806277275906882,0.0
0.0732,-0.06776136371255218,0.06683011530208548,0.0
0.07325000000000001,-0.06641742713288401,0.0656207084983436,0.0
0.0733,-0.0650734905532162,0.06443431497645548,0.0
0.07335,-0.06372955397354842,0.06327069978841372,0.0
0.0734,-0.06238561739388025,0.06212963038485042,0.0
0.07345,-0.061041680814212455,0.06101087659054885,0.0
0.07350000000000001,-0.059697744234544284,0.059914210580205234,0.0
0.07355,-0.058353807654876494,0.058839406854437885,0.0
0.0736,-0.057009871075208704,0.05778624221604135,0.0
0.07365000000000001,-0.05566593449554054,0.05675449574648296,0.0
0.0737,-0.05432199791587274,0.05574394878263929,0.0
0.07375000000000001,-0.05297806133620457,0.05475438489377017,0.0
0.0738,-0.05163412475653678,0.053785589858727785,0.0
0.07385,-0.05029018817686899,0.05283735164339838,0.0
0.07390000000000001,-0.04894625159720082,0.05190946037837436,0.0
0.07395,-0.04760231501753302,0.05100170833685425,0.0
0.07400000000000001,-0.04625837843786486,0.05011388991276839,0.0
0.07405,-0.04491444185819707,0.049245801599127816,0.0
0.0741,-0.04357050527852927,0.04839724196659428,0.0
0.07415000000000001,-0.04222656869886111,0.04756801164226904,0.0
0.0742,-0.04088263211919331,0.04675791328869816,0.0
0.07425000000000001,-0.039538695539525145,0.04596675158309221,0.0
0.0743,-0.038194758959857356,0.045194333196758016,0.0
0.07435,-0.03685082238018956,0.04444046677474055,0.0
0.07440000000000001,-0.035506885800521394,0.0437049629156725,0.0
0.07445,-0.0341629492208536,0.04298763415182968,0.0
0.0745,-0.03281901264118581,0.04228829492938997,0.0
0.07455,-0.031475076061517636,0.0416067615888939,0.0
0.0746,-0.030131139481849846,0.04094285234590458,0.0
0.07465000000000001,-0.02878720290218168,0.04029638727186522,0.0
0.0747,0.1905352162926129,0.041397176232414894,0.0
0.07475,0.6813352162930028,0.046381965074791774,0.0
0.0748,1.1721352162933927,0.05521110113064965,0.0
0.07485,1.6629352162928288,0.06784533655505255,0.0
0.07490000000000001,2.153735216293288,0.08424582419356061,0.0
0.07495,2.6445352162930313,0.10437411349145705,0.0
0.075,3.135335216293045,0.12819214644478993,0.0
0.07505,3.6261352162934344,0.15566225359272212,0.0
0.0751,4.116935216292871,0.1867471500507918,0.0
0.07515000000000001,4.607735216293245,0.22140993158470737,0.0
0.0752,4.738265630283197,0.2567547882955238,0.0
0.07525,4.713309698079808,0.29154073809674763,0.0
0.0753,4.6883537658764105,0.3257734870004789,0.0
0.07535,4.712369635396711,0.35984734785784334,0.0
0.07540000000000001,4.748996501068344,0.39386403006532045,0.0
0.07545,4.785623366739967,0.42782411737319587,0.0
0.0755,4.945454334593016,0.4627059979068845,0.0
0.07555,4.961321893121449,0.49735769412185815,0.0
0.0756,4.977189451649876,0.531781556023968,0.0
0.07565000000000001,4.993057010178308,0.565979909627303,0.0
0.0757,5.008924568706735,0.5999550571991268,0.0
0.07575,5.024792127235163,0.6337092775023152,0.0
0.0758,5.040659685763596,0.667244826035318,0.0
0.07585,5.046176865780988,0.0,1.0
0.07590000000000001,5.050686813843314,0.04008481598288345,0.0
0.07595,5.055196761905639,0.0797961898896686,0.0
0.076,5.059706709967963,0.11913793427834739,0.0
0.07605,5.064216658030289,0.1581138227836104,0.0
0.0761,5.068726606092613,0.19672759051422417,0.0
0.07615000000000001,5.073236554154939,0.2349829344463512,0.0
0.0762,5.077746502217264,0.27288351381285486,0.0
0.07625,5.082256450279588,0.31043295048862946,0.0
0.0763,5.086766398341914,0.34763482937199663,0.0
0.07635,5.091276346404238,0.38449269876220793,0.0
0.07640000000000001,5.095786294466564,0.4210100707330932,0.0
0.07645,5.100296242528889,0.45719042150289446,0.0
0.0765,5.104806190591213,0.493037191800324,0.0
0.07655,5.109316138653539,0.5285537872268856,0.0
0.0766,5.113826086715863,0.5637435786154961,0.0
0.07665000000000001,5.1183360347781885,0.5986099023854461,0.0
0.0767,5.122845982840514,0.6331560608937372,0.0
0.07675,5.127355930902838,0.6673853227828316,0.0
0.07680000000000001,5.131865878965163,0.0,1.0
0.07685,5.136375827027488,0.040764887516091176,0.0
0.07690000000000001,5.140885775089814,0.08114938994584245,0.0
0.07695,5.145395723152138,0.12115739073007034,0.0
0.077,5.149905671214463,0.16079273366263067,0.0
0.07705000000000001,5.12561258631839,0.19983062779551383,0.0
0.0771,5.026321351508811,0.2376819492120293,0.0
0.07715000000000001,4.927030116699204,0.274358811912131,0.0
0.0772,4.827738881889625,0.3098732062210987,0.0
0.07725,4.7284476470800465,0.34423700005216074,0.0
0.07730000000000001,4.62915641227044,0.3774619401562277,0.0
0.07735,4.529865177460862,0.40955965335886757,0.0
0.07740000000000001,4.430573942651256,0.440541647784651,0.0
0.07745,4.331282707841677,0.4704193140689985,0.0
0.0775,4.231991473032098,0.49920392655765417,0.0
0.07755000000000001,4.132700238222491,0.5269066444939143,0.0
0.0776,4.033409003412912,0.5535385131937363,0.0
0.07765,3.9341177686033335,0.5791104652088483,0.0
0.0777,3.8348265337937275,0.6036333214779868,0.0
0.07775,3.7355352989841486,0.6271177924663793,0.0
0.07780000000000001,3.6362440641745426,0.6495744792935948,0.0
0.07785,3.5369528293649637,0.6710138748498793,0.0
0.0779,3.437661594555385,0.0,1.0
0.07795,3.3383703597457783,0.026495002855125228,0.0
0.078,3.2390791249361994,0.051931486321141224,0.0
0.07805000000000001,3.1397878901265934,0.07632025707146473,0.0
0.0781,3.0404966553170145,0.09967201145164217,0.0
0.07815,2.9412054205074356,0.1219973366057122,0.0
0.0782,2.841914185697829,0.14330671159106956,0.0
0.07825,2.7426229508882507,0.16361050848194772,0.0
0.07830000000000001,2.6433317160786443,0.18291899346163426,0.0
0.07835,2.5440404812690653,0.2012423279035373,0.0
0.0784,2.4447492464594864,0.21859056944121358,0.0
0.07845,2.34545801164988,0.23497367302747296,0.0
0.0785,2.2461667768403015,0.2504014919826711,0.0
0.07855000000000001,2.146875542030695,0.264883779032298,0.0
0.0786,2.047584307221116,0.2784301873339757,0.0
0.07865,1.9482930724115373,0.2910502714939693,0.0
0.0787,1.8490018376019313,0.3027534885733211,0.0
0.07875,1.7497106027923524,0.31354919908371315,0.0
0.07880000000000001,1.650419367982746,0.3234466679731617,0.0
0.07885,1.551128133173167,0.33245506560164984,0.0
0.0789,1.4518368983635885,0.34058346870679856,0.0
0.07895,1.352545663553982,0.34784086135967923,0.0
0.079,1.2532544287444032,0.35423613591086894,0.0
0.07905000000000001,1.1539631939347967,0.35977809392684584,0.0
0.0791,1.0546719591252183,0.364475447116826,0.0
0.07915,0.9553807243156394,0.3683368182501369,0.0
0.0792,0.8560894895060329,0.3713707420642256,0.0
0.07925,0.756798254696454,0.37358566616339745,0.0
0.07930000000000001,0.6575070198868476,0.37498995190837814,0.0
0.07935,0.5582157850772687,0.37559187529679544,0.0
0.0794,0.45892455026768975,0.37539962783467057,0.0
0.07945,0.3596333154580842,0.3744213173990128,0.0
0.0795,0.2603420806485053,0.3726649690916084,0.0
0.07955000000000001,0.16105084583889884,0.37013852608409153,0.0
0.0796,0.3721818343986557,0.3693135188938284,0.0
0.07965,0.8629818343990104,0.3723921724912609,0.0
0.07970000000000001,1.3537818343986145,0.3793346334852244,0.0
0.07975,1.8445818343988367,0.3901014553572094,0.0
0.07980000000000001,2.335381834399362,0.4046535943074897,0.0
0.07985,2.8261818343987564,0.4229524051436624,0.0
0.0799,3.3169818343990514,0.44495963721119974,0.0
0.07995000000000001,3.8077818343990724,0.4706374303654936,0.0
0.08,4.2985818343988775,0.49994831098505776,0.0
0.08005000000000001,4.789381834398683,0.5328551880254235,0.0
0.0801,4.844964347317812,0.5658672420729965,0.0
0.08015,4.699792521301672,0.5973901109467235,0.0
0.08020000000000001,4.554620695285491,0.6274389980883138,0.0
0.08025,4.409448869269351,0.6560289517239655,0.0
0.08030000000000001,4.264277043253171,0.0,1.0
0.08035,4.11910521723703,0.03269131124791295,0.0
0.0804,3.97393339122089,0.06389671186066317,0.0
0.08045000000000001,3.82876156520471,0.09363137184942466,0.0
0.0805,3.6835897391885695,0.1219103063511598,0.0
0.08055000000000001,3.538417913172389,0.14874837720976541,0.0
0.0806,3.393246087156249,0.17416029454107895,0.0
0.08065,3.2480742611401086,0.198160618281905,0.0
0.08070000000000001,3.1029024351239283,0.22076375972322843,0.0
0.08075,2.957730609107788,0.2419839830277753,0.0
0.08080000000000001,2.8125587830916077,0.26183540673207883,0.0
0.08085,2.6673869570754674,0.2803320052332125,0.0
0.0809,2.522215131059327,0.2974876102603428,0.0
0.08095000000000001,2.3770433050431468,0.31331591233125966,0.0
0.081,2.2318714790270064,0.3278304621940373,0.0
0.08105,2.086699653010866,0.34104467225397517,0.0
0.0811,1.9415278269946858,0.35297181798597216,0.0
0.08115,1.7963560009785455,0.3636250393324819,0.0
0.08120000000000001,1.6511841749623652,0.37301734208719434,0.0
0.08125,1.506012348946225,0.3811615992645931,0.0
0.0813,1.3608405229300846,0.38807055245552885,0.0
0.08135,1.2156686969139043,0.39375681316895395,0.0
0.0814,1.070496870897764,0.39823286415996023,0.0
0.08145000000000001,0.9253250448815837,0.401511060744256,0.0
0.0815,0.7801532188654434,0.4036036320992262,0.0
0.08155,0.6349813928493031,0.4045226825517069,0.0
0.0816,0.4898095668331228,0.40428019285261435,0.0
0.08165,0.3446377408169825,0.4028880214385612,0.0
0.08170000000000001,0.19946591480080222,0.4003579056805909,0.0
0.08175,0.05429408878466191,0.39670146312016585,0.0
0.0818,-0.0687955148381629,0.39210544842581513,0.0
0.08185,-0.06830766759777573,0.38756022732999923,0.0
0.0819,-0.06781982035738869,0.38306528126892364,0.0
0.08195000000000001,-0.06733197311700152,0.37862009697293353,0.0
0.082,-0.06684412587661448,0.3742241664124647,0.0
0.08205,-0.06635627863622744,0.36987698674454633,0.0
0.0821,-0.06586843139584027,0.3655780602598497,0.0
0.08215,-0.06538058415545323,0.36132689433027765,0.0
0.08220000000000001,-0.06489273691506606,0.35712300135708924,0.0
0.08225,-0.06440488967467901,0.3529658987195537,0.0
0.0823,-0.06391704243429198,0.3488551087241288,0.0
0.08235,-0.0634291951939048,0.34479015855415807,0.0
0.0824,-0.06294134795351777,0.34077058022008155,0.0
0.08245000000000001,-0.0624535007131306,0.33679591051015473,0.0
0.0825,-0.061965653472743555,0.3328656909416707,0.0
0.08255,-0.06147780623235652,0.3289794677126804,0.0
0.0826,-0.060989958991969344,0.32513679165420556,0.0
0.08265,-0.06050211175158231,0.32133721818293975,0.0
0.08270000000000001,-0.06001426451119513,0.317580307254432,0.0
0.08275,-0.059526417270808096,0.31386562331674867,0.0
0.0828,-0.05903857003042106,0.3101927352646082,0.0
0.08285000000000001,-0.058550722790033885,0.3065612163939844,0.0
0.0829,-0.05806287554964685,0.30297064435717275,0.0
0.08295000000000001,-0.057575028309259674,0.2994206011183157,0.0
0.083,-0.05708718106887264,0.2959106729093822,0.0
0.08305,-0.0565993338284856,0.2924404501865964,0.0
0.08310000000000001,-0.056111486588098426,0.28900952758731113,0.0
0.08315,-0.05562363934771139,0.28561750388732177,0.0
0.08320000000000001,-0.055135792107324215,0.282263981958616,0.0
0.08325,-0.05464794486693718,0.2789485687275549,0.0
0.0833,-0.054160097626550135,0.27567087513348065,0.0
0.08335000000000001,-0.05367225038616297,0.2724305160877472,0.0
0.0834,-0.053184403145775924,0.26922711043316916,0.0
0.08345000000000001,-0.052696555905388756,0.26606028090388445,0.0
0.0835,-0.05220870866500171,0.2629296540856269,0.0
0.08355,-0.05172086142461468,0.2598348603764044,0.0
0.08360000000000001,-0.0512330141842275,0.25677553394757857,0.0
0.08365,-0.050745166943840465,0.25375131270534157,0.0
0.08370000000000001,-0.05025731970345329,0.25076183825258647,0.0
0.08375,-0.049769472463066254,0.24780675585116668,0.0
0.0838,-0.04928162522267922,0.2448857143845408,0.0
0.08385000000000001,-0.04879377798229204,0.24199836632079874,0.0
0.0839,-0.04830593074190501,0.2391443676760655,0.0
0.08395000000000001,-0.04781808350151783,0.23632337797827832,0.0
0.084,-0.047330236261130795,0.23353506023133383,0.0
0.08405,-0.03348285707959174,0.2308851089108801,0.0
0.08410000000000001,0.004110334409781598,0.22856057022936396,0.0
0.08415,0.10644473733714092,0.22707194111101117,0.0
0.08420000000000001,0.20496628429847588,0.22638042679684264,0.0
0.08425,0.3034878312597835,0.22647788935433347,0.0
0.0843,0.4020093782210911,0.22735627393302624,0.0
0.08435000000000001,1.468257252703568,0.23668797559506588,0.0
0.0844,1.6465698867480214,0.24733958735520878,0.0
0.08445,0.06302845250504716,0.2453146651448764,0.0
0.0845,0.5538284525054109,0.24720565393691069,0.0
0.08455,1.0446284525053493,0.2529725752748267,0.0
0.08460000000000001,0.34242319049806014,0.25310756312139226,0.0
0.08465,2.0262284525047796,0.266604706670732,0.0
0.0847,1.4938504139199753,0.2757388321784729,0.0
0.08475,2.6453215905892247,0.2939183653827702,0.0
0.0848,3.217834546185753,0.31645605307243624,0.0
0.08485000000000001,2.7915096179579884,0.33538011703099535,0.0
0.0849,1.4854313661368734,0.3437452803582082,0.0
0.08495,3.064807071474553,0.3645597695855902,0.0
0.085,2.0467822834919396,0.37708219698730394,0.0
0.08505,2.556152922691908,0.3935194041029177,0.0
0.08510000000000001,3.448631366137332,0.4168719621544721,0.0
0.08515,3.939431366136518,0.44388134654337247,0.0
0.0852,4.348454146484955,0.4738611983166378,0.0
0.08525,4.386047337974328,0.503833337394226,0.0
0.0853,4.423640529463691,0.5337978425168611,0.0
0.08535000000000001,4.428994449289568,0.5634989243859605,0.0
0.0854,4.433615390801692,0.5929334550632746,0.0
0.08545,4.438236332313817,0.6221041558326156,0.0
0.0855,4.442857273825943,0.6510137201955694,0.0
0.08555,4.447478215338068,0.6796648141551302,0.0
0.08560000000000001,4.452099156850194,0.0,1.0
0.08565,4.456720098362319,0.03537079443144698,0.0
0.0857,4.461341039874443,0.07041715424199091,0.0
0.08575,4.465961981386569,0.10514239166098666,0.0
0.0858,4.470582922898695,0.13954978510246047,0.0
0.08585000000000001,4.475203864410821,0.17364257951033868,0.0
0.0859,4.479824805922945,0.20742398670015189,0.0
0.08595,4.48444574743507,0.24089718569725047,0.0
0.08600000000000001,4.489066688947196,0.2740653230715673,0.0
0.08605,4.493687630459321,0.30693151326896256,0.0
0.08610000000000001,4.498308571971447,0.3394988389391863,0.0
0.08615,4.504072030217441,0.37177941885361804,0.0
0.0862,4.510764757490169,0.40378355561812973,0.0
0.08625000000000001,4.517457484762899,0.43551407150586086,0.0
0.0863,4.524150212035627,0.46697375997670065,0.0
0.08635000000000001,4.530842939308357,0.49816538597144927,0.0
0.0864,4.5375356665810855,0.529091686202976,0.0
0.08645,4.72104302066306,0.5611586601333667,0.0
0.08650000000000001,5.02735300915591,0.5953292864391588,0.0
0.08655,5.034011351367715,0.6292039007695562,0.0
0.08660000000000001,5.040669693579521,0.6627855251804404,0.0
0.08665,5.047328035791327,0.0,1.0
0.0867,5.053986378003131,0.040111003000024854,0.0
0.08675000000000001,5.060644720214937,0.0798653473217521,0.0
0.0868,5.067303062426742,0.11926667417751788,0.0
0.08685000000000001,5.073961404638548,0.15831858760566517,0.0
0.0869,5.080619746850354,0.1970246548500618,0.0
0.08695,5.087278089062158,0.23538840673574388,0.0
0.08700000000000001,5.093936431273964,0.27341333804072426,0.0
0.08705,5.100594773485769,0.3111029078640051,0.0
0.08710000000000001,5.107253115697575,0.3484605399898331,0.0
0.08715,5.1139114579093805,0.3854896232482365,0.0
0.0872,5.120569800121185,0.4221935118718804,0.0
0.08725000000000001,5.127228142332991,0.45857552584927996,0.0
0.0873,5.133886484544796,0.49463895127440655,0.0
0.08735000000000001,5.061287763048961,0.5297580163775852,0.0
0.0874,4.978454277874929,0.5638611340723049,0.0
0.08745,4.895620792700896,0.5969586764046185,0.0
0.08750000000000001,4.812787307526841,0.6290609095299214,0.0
0.08755,4.729953822352807,0.6601779947940142,0.0
0.0876,4.647120337178775,0.0,1.0
0.08765,4.564286852004719,0.036224498825434284,0.0
0.0877,4.481453366830687,0.07142176460953072,0.0
0.08775000000000001,4.398619881656631,0.10560228461602283,0.0
0.0878,4.315786396482599,0.1387764390417024,0.0
0.08785,4.2329529113085655,0.17095450210949037,0.0
0.0879,4.15011942613451,0.2021466431503492,0.0
0.08795,4.067285940960478,0.23236292767414993,0.0
0.08800000000000001,3.984452455786422,0.2616133184296055,0.0
0.08805,3.9016189706123896,0.2899076764533843,0.0
0.0881,3.818785485438357,0.31725576210851164,0.0
0.08815,3.7359520002643016,0.343667236112171,0.0
0.0882,3.6531185150902687,0.3691516605530121,0.0
0.08825000000000001,3.5702850299162128,0.3937184998980721,0.0
0.0883,3.4874515447421803,0.4173771219894186,0.0
0.08835,3.404618059568148,0.44013679903061587,0.0
0.0884,3.3217845743940924,0.46200670856312076,0.0
0.08845,3.23895108922006,0.4829959344327113,0.0
0.08850000000000001,3.1561176040460044,0.5031134677460469,0.0
0.08855,3.0732841188719715,0.5223682078174647,0.0
0.0886,2.990450633697939,0.5407689631061084,0.0
0.08865,2.907617148523883,0.5583244521434904,0.0
0.0887,2.8247836633498506,0.5750433044515841,0.0
0.08875000000000001,2.741950178175795,0.5909340614515436,0.0
0.0888,2.6591166930017622,0.6060051773631454,0.0
0.08885,2.57628320782773,0.6202650200950477,0.0
0.0889,2.4934497226536743,0.6337218721259608,0.0
0.08895,2.410616237479642,0.646383931376822,0.0
0.08900000000000001,2.327782752305586,0.6582593120740655,0.0
0.08905,2.2449492671315534,0.6693560456040792,0.0
0.0891,2.162115781957521,0.6796820813589386,0.0
0.08915000000000001,2.079282296783465,0.0,1.0
0.0892,1.9964488116094325,0.0158448318381701,0.0
0.08925000000000001,1.913615326435377,0.03087049144876104,0.0
0.0893,1.8307818412613446,0.04508534195372123,0.0
0.08935,1.7479483560873117,0.05849766109391984,0.0
0.08940000000000001,1.771211424317964,0.07195767823895494,0.0
0.08945,1.795572300230371,0.08547361918805513,0.0
0.08950000000000001,1.8199331761427846,0.09904491300195098,0.0
0.08955,2.207875070611248,0.11555655820956001,0.0
0.0896,2.698675070611575,0.13579487024279382,0.0
0.08965000000000001,3.189475070611148,0.15972180268347716,0.0
0.0897,3.680275070611401,0.1872996975382782,0.0
0.08975000000000001,4.1710750706109785,0.21849128127316572,0.0
0.0898,4.661875070611227,0.2532596608883953,0.0
0.08985,4.909682849368276,0.28963981034112274,0.0
0.08990000000000001,4.621821273413716,0.3233639306089611,0.0
0.08995,4.333959697459236,0.3544591377185822,0.0
0.09000000000000001,4.046098121504677,0.3829522708627622,0.0
0.09005,3.758236545550197,0.4088698952266468,0.0
0.0901,3.470374969595717,0.4322383047851575,0.0
0.09015000000000001,3.1825133936411576,0.4530835250718406,0.0
0.0902,2.894651817686678,0.4714313159194502,0.0
0.09025000000000001,2.606790241732118,0.48730717417254765,0.0
0.0903,2.3189286657776385,0.5007363363724123,0.0
0.09035,2.0310670898231584,0.5117437814145372,0.0
0.09040000000000001,1.743205513868599,0.5203542331789953,0.0
0.09045,1.530433795938657,0.5271881143881169,0.0
0.09050000000000001,1.3396107559386283,0.5324377583251537,0.0
0.09055,1.1487877159386528,0.5361193388410442,0.0
0.0906,0.9579646759386772,0.538248864664078,0.0
0.09065000000000001,0.7671416359386487,0.5388421810856714,0.0
0.0907,0.5763185959386732,0.5379149716289349,0.0
0.09075000000000001,0.3854955559386446,0.5354827597002015,0.0
0.0908,0.19467251593866908,0.531560910223699,0.0
0.09085,0.0038494759386933364,0.526164631259529,0.0
0.09090000000000001,0.48548963876979745,0.5246459851514088,0.0
0.09095,0.9762896387699298,0.5270380813538452,0.0
0.091,1.4670896387694894,0.5333009941787424,0.0
0.09105,1.504630676022325,0.5397979121936172,0.0
0.0911,1.3933752774921024,0.5453455222909285,0.0
0.09115000000000001,1.2821198789618489,0.5499535161784924,0.0
0.0912,1.1708644804316262,0.5536314866192011,0.0
0.09125,1.0596090819014035,0.5563889284411735,0.0
0.0913,0.94835368337115,0.5582352395375949,0.0
0.09135,0.8370982848409273,0.559179721856349,0.0
0.09140000000000001,0.7258428863106738,0.5592315823795453,0.0
0.09145,0.6145874877804511,0.5583999340930478,0.0
0.0915,0.5033320892502284,0.556693796946104,0.0
0.09155,0.3920766907199751,0.5541220988011778,0.0
0.0916,0.2808212921897524,0.5506936763740858,0.0
0.09165000000000001,0.1695658936594988,0.5464172761645341,0.0
0.0917,0.05831049512927611,0.5413015553771559,0.0
0.09175,-0.052944903400946375,0.5353550828331464,0.0
0.0918,-0.07158765397336146,0.5293213608881276,0.0
0.09185,-0.07125991904969295,0.5233518397004555,0.0
0.09190000000000001,-0.07093218412602433,0.5174458638294975,0.0
0.09195,-0.07060444920235581,0.511602784526169,0.0
0.092,-0.07027671427868729,0.5058219596646172,0.0
0.09205,-0.06994897935501868,0.5001027536746031,0.0
0.0921,-0.06962124443135015,0.4944445374745739,0.0
0.09215000000000001,-0.06929350950768154,0.4888466884054183,0.0
0.0922,-0.06896577458401303,0.48330859016489824,0.0
0.09225,-0.0686380396603445,0.47782963274275025,0.0
0.09230000000000001,-0.06831030473667589,0.4724092123564491,0.0
0.09235,-0.06798256981300736,0.4670467313876274,0.0
0.09240000000000001,-0.06765483488933875,0.46174159831914424,0.0
0.09245,-0.06732709996567024,0.45649322767279626,0.0
0.0925,-0.06699936504200171,0.4513010399476649,0.0
0.09255000000000001,-0.0666716301183331,0.4461644615590927,0.0
0.0926,-0.06634389519466458,0.4410829247782828,0.0
0.09265000000000001,-0.06601616027099597,0.43605586767251536,0.0
0.0927,-0.06568842534732744,0.43108273404597375,0.0
0.09275,-0.06536069042365893,0.4261629733811752,0.0
0.09280000000000001,-0.06503295549999032,0.4212960407809995,0.0
0.09285,-0.06470522057632179,0.41648139691130925,0.0
0.09290000000000001,-0.06437748565265318,0.41171850794415615,0.0
0.09295,-0.06404975072898465,0.40700684550156696,0.0
0.093,-0.06372201580531614,0.40234588659990345,0.0
0.09305000000000001,-0.06339428088164753,0.39773511359479036,0.0
0.0931,-0.063066545957979,0.39317401412660563,0.0
0.09315000000000001,-0.0627388110343104,0.38866208106652705,0.0
0.0932,-0.062411076110641873,0.3841988124631299,0.0
0.09325,-0.062083341186973354,0.37978371148952966,0.0
0.09330000000000001,-0.06175560626330474,0.37541628639106417,0.0
0.09335,-0.06142787133963622,0.37109605043351035,0.0
0.09340000000000001,-0.06110013641596761,0.3668225218518294,0.0
0.09345,-0.06077240149229908,0.362595223799435,0.0
0.0935,-0.06044466656863056,0.35841368429797976,0.0
0.09355000000000001,-0.06011693164496195,0.3542774361876544,0.0
0.0936,-0.05978919672129343,0.35018601707799385,0.0
0.09365000000000001,-0.05946146179762482,0.34613896929918614,0.0
0.0937,-0.059133726873956294,0.3421358398538781,0.0
0.09375,-0.058805991950287774,0.33817618036947295,0.0
0.09380000000000001,-0.05398869780715687,0.33429517847329204,0.0
0.09385,-0.01736183213554557,0.3307444880484089,0.0
0.09390000000000001,0.019265033536075907,0.32752073686732075,0.0
0.09395,0.47631877508605686,0.32795730836751846,0.0
0.094,0.9671187750856455,0.33228466090181985,0.0
0.09405000000000001,1.2736227636060076,0.3390004058137285,0.0
0.0941,1.2978133441098465,0.34583957684038363,0.0
0.09415,1.3220039246136852,0.35280091389554896,0.0
0.0942,1.346194505117531,0.35988316975750484,0.0
0.09425,1.3703850856213697,0.3670851099377115,0.0
0.09430000000000001,1.3945756661252156,0.37440551255081306,0.0
0.09435,1.4187662466290543,0.3818431681859686,0.0
0.0944,1.3881531996048901,0.3889619303546716,0.0
0.09445,1.3562361443901745,0.3957547054439741,0.0
0.0945,1.3337343649651603,0.40229954594367434,0.0
0.09455000000000001,1.385796568878675,0.4091907607218579,0.0
0.0946,1.4378587727921754,0.41642481356204525,0.0
0.09465,1.4899209767056758,0.42399820434982266,0.0
0.0947,1.7169987435779903,0.43329648110870284,0.0
0.09475,1.7328663021064181,0.4426257625773049,0.0
0.09480000000000001,1.7487338606348504,0.45198573222125477,0.0
0.09485,1.7646014191632782,0.4613760767377521,0.0
0.0949,1.780468977691706,0.4707964860225786,0.0
0.09495,1.796336536220138,0.480246653137443,0.0
0.095,1.8122040947485658,0.489726274277659,0.0
0.09505000000000001,1.9051103031847532,0.4998464665965648,0.0
0.0951,1.9129007793752295,0.5099251686678391,0.0
0.09515,1.920691255565706,0.5199628040751788,0.0
0.0952,1.9284817317561846,0.5299597920778154,0.0
0.09525,1.936272207946661,0.539916547654664,0.0
0.09530000000000001,1.9440626841371396,0.5498334815480226,0.0
0.09535,2.2395304296123264,0.5619941532376554,0.0
0.0954,2.415494620485574,0.5754272149671132,0.0
0.09545000000000001,2.391369882371146,0.5885316692342835,0.0
0.0955,2.367245144256725,0.6013108708700402,0.0
0.09555000000000001,2.343120406142297,0.6137681404549999,0.0
0.0956,2.318995668027876,0.6259067646691907,0.0
0.09565,2.2948709299134546,0.637729996638151,0.0
0.09570000000000001,2.6803333432438254,0.6524917479536289,0.0
0.09575,3.1683690649154572,0.670976092456173,0.0
0.09580000000000001,3.1249817294922435,0.0,1.0
0.09585,3.0815943940690422,0.02445709836562732,0.0
0.0959,3.0981199189474653,0.048795663420857116,0.0
0.09595000000000001,3.1332895446159106,0.07316487435402443,0.0
0.096,3.168459170284346,0.09756441829415312,0.0
0.09605000000000001,3.2036287959527914,0.12199398556444059,0.0
0.0961,3.6119362568755613,0.14941468104055483,0.0
0.09615,4.102736256875824,0.1804506702821928,0.0
0.09620000000000001,4.593536256875388,0.21506504390494624,0.0
0.09625,5.0056652401217185,0.2525968961921641,0.0
0.09630000000000001,5.015153465077783,0.2898208803442106,0.0
0.09635,5.024641690033846,0.3267401394592912,0.0
0.0964,5.034129914989908,0.3633577845469824,0.0
0.09645000000000001,5.0436181399459725,0.39967689485583224,0.0
0.0965,5.0531063649020345,0.43570051819761607,0.0
0.09655000000000001,5.0625945898581,0.4714316712682819,0.0
0.0966,5.072082814814162,0.5068733399656192,0.0
0.09665,5.081571039770224,0.5420284797036848,0.0
0.09670000000000001,5.0910592647262884,0.5769000157240182,0.0
0.09675,5.100547489682351,0.6114908434036798,0.0
0.09680000000000001,5.110035714638416,0.6458038285601447,0.0
0.09685,5.104542851045113,0.679722910224914,0.0
0.0969,5.098483591785854,0.0,1.0
0.09695000000000001,5.092424332526594,0.04041606613116345,0.0
0.097,5.086365073267336,0.08037142577776138,0.0
0.09705000000000001,5.080305814008075,0.11987078240065713,0.0
0.0971,5.074246554748817,0.1589187914419758,0.0
0.09715,5.068187295489558,0.19752006081533885,0.0
0.09720000000000001,5.062128036230298,0.23567915139109372,0.0
0.09725,5.056068776971039,0.2734005774765897,0.0
0.09730000000000001,5.050009517711779,0.31068880729155063,0.0
0.09735,5.04395025845252,0.34754826343859413,0.0
0.0974,5.037890999193262,0.3839833233689475,0.0
0.09745000000000001,5.031831739934002,0.41999831984340885,0.0
0.0975,5.0257724806747435,0.4555975413886022,0.0
0.09755,5.0197132214154845,0.4907852327485745,0.0
0.0976,5.013653962156225,0.5255655953317824,0.0
0.09765,5.007594702896966,0.5599427876535154,0.0
0.09770000000000001,5.001535443637706,0.5939209257738022,0.0
0.09775,4.995476184378447,0.6275040837308467,0.0
0.0978,4.989416925119189,0.6606962939700383,0.0
0.09785,4.983357665859929,0.0,1.0
0.0979,4.97729840660067,0.03950236830635452,0.0
0.09795000000000001,4.97123914734141,0.07855335828414717,0.0
0.098,4.965179888082151,0.11715757816090257,0.0
0.09805,4.959120628822893,0.1553195891176667,0.0
0.0981,4.953061369563632,0.1930439057693153,0.0
0.09815,4.947002110304374,0.2303349966399591,0.0
0.09820000000000001,4.940942851045113,0.26719728463349507,0.0
0.09825,4.934883591785855,0.303635147499354,0.0
0.0983,4.928824332526596,0.33965291829349303,0.0
0.09835,4.922765073267336,0.3752548858346819,0.0
0.0984,4.916705814008077,0.41044529515613076,0.0
0.09845000000000001,4.910646554748817,0.4452283479525072,0.0
0.0985,4.904587295489558,0.4796082030223897,0.0
0.09855,4.8985280362303,0.513588976706204,0.0
0.09860000000000001,4.89246877697104,0.5471747433196879,0.0
0.09865,4.8864095177117814,0.5803695355829317,0.0
0.09870000000000001,4.880350258452522,0.613177345045038,0.0
0.09875,4.874290999193263,0.6456021225044453,0.0
0.0988,4.8682317399340045,0.6776477784249619,0.0
0.09885000000000001,4.862172480674744,0.0,1.0
0.0989,4.856113221415486,0.03854058112234513,0.0
0.09895000000000001,4.850053962156225,0.07663960302771114,0.0
0.099,4.843994702896967,0.114301573698003,0.0
0.09905,4.837935443637708,0.1515309550920781,0.0
0.09910000000000001,4.831876184378448,0.18833216361560623,0.0
0.09915,4.825816925119189,0.2247095705861331,0.0
0.09920000000000001,4.819757665859929,0.26066750269339534,0.0
0.09925,4.81369840660067,0.2962102424549363,0.0
0.0993,5.075165393191375,0.33346525284048306,0.0
0.09935000000000001,4.509577282817605,0.3658511235355053,0.0
0.0994,3.7305877150081646,0.3917239023717697,0.0
0.09945000000000001,3.552768306823878,0.4159212747790584,0.0
0.0995,4.043568306823796,0.4437668486152331,0.0
0.09955,4.534368306823697,0.4752233785338154,0.0
0.09960000000000001,4.999366577065278,0.5100492238018274,0.0
0.09965,4.165413760323763,0.5379008506753956,0.0
0.09970000000000001,4.191808527765619,0.5656776160205362,0.0
0.09975,4.218203295207466,0.5933802841162011,0.0
0.0998,4.244598062649315,0.6210096114386385,0.0
0.09985000000000001,4.45524003186727,0.6500286261202282,0.0
0.0999,4.17287415164954,0.6765103798060461,0.0
0.09995000000000001,3.8905082714317327,0.0,1.0
0.1,3.608142391214003,0.02863605072392066,0.0
0.10005,3.325776510996273,0.054738750221190166,0.0
0.10010000000000001,3.0434106307784656,0.07833396207034837,0.0
0.10015,2.7610447505607363,0.09944728580257975,0.0
0.10020000000000001,2.478678870342928,0.11810405959743235,0.0
0.10025,2.1963129901251985,0.13432936295102074,0.0
0.1003,1.9139471099074687,0.1481480193169841,0.0
0.10035000000000001,1.6315812296896608,0.15958459872048406,0.0
0.1004,1.3492153494719314,0.16866342034551754,0.0
0.10045000000000001,1.0668494692541235,0.1754085550958107,0.0
0.1005,0.7844835890363941,0.17984382812957303,0.0
0.10055,0.5021177088186644,0.18199282136836947,0.0
0.10060000000000001,0.21975182860085685,0.1818788759803803,0.0
0.10065,0.35798287498210024,0.18286316568433464,0.0
0.10070000000000001,0.8487828749822696,0.18773264463842673,0.0
0.10075,1.3395828749819263,0.19644764803176545,0.0
0.1008,1.8303828749821187,0.2089689160008519,0.0
0.10085000000000001,2.3211828749817522,0.2252575894953593,0.0
0.1009,2.8119828749821423,0.245275206186156,0.0
0.10095,2.9144258857335044,0.26590149808769603,0.0
0.101,0.7987857886135936,0.26952641690213225,0.0
0.10105,0.8983097121415881,0.27390420047672986,0.0
0.10110000000000001,0.870844018710938,0.2780193085352252,0.0
0.10115,0.8433783252802955,0.281874422793746,0.0
0.1012,0.7329556881127207,0.28481380914779253,0.0
0.10125,0.6096661243994617,0.2867446980142809,0.0
0.1013,0.4863765606862368,0.2876773853812697,0.0
0.10135000000000001,0.36308699697297775,0.2876220621226534,0.0
0.1014,0.2397974332597529,0.28658881507129824,0.0
0.10145,0.11650786954652814,0.284587628081221,0.0
0.1015,-0.006781694166730912,0.28162838307892424,0.0
0.10155,-0.062087020043346944,0.2782604185471467,0.0
0.10160000000000001,-0.06188354682947247,0.2749284532242273,0.0
0.10165,-0.06168007361559804,0.2716321195857754,0.0
0.1017,-0.06147660040172361,0.2683710538595433,0.0
0.10175000000000001,-0.06127312718784913,0.2651448959871199,0.0
0.1018,-0.06106965397397471,0.26195328958601494,0.0
0.10185000000000001,-0.060866180760100225,0.25879588191213093,0.0
0.1019,-0.0606627075462258,0.25567232382261784,0.0
0.10195,-0.06045923433235137,0.2525822697391071,0.0
0.10200000000000001,-0.06025576111847689,0.24952537761132093,0.0
0.10205,-0.060052287904602465,0.24650130888105337,0.0
0.10210000000000001,-0.05984881469072798,0.2435097284465188,0.0
0.10215,-0.059645341476853554,0.24055030462706453,0.0
0.1022,-0.05944186826297913,0.23762270912824365,0.0
0.10225000000000001,-0.05923839504910465,0.2347266170072445,0.0
0.1023,-0.05903492183523022,0.23186170663867306,0.0
0.10235000000000001,-0.05883144862135574,0.2290276596806845,0.0
0.1024,-0.05862797540748132,0.22622416104146084,0.0
0.10245,-0.05842450219360689,0.2234508988460306,0.0
0.10250000000000001,-0.05822102897973241,0.22070756440342712,0.0
0.10255,-0.05801755576585798,0.21799385217418257,0.0
0.10260000000000001,-0.0578140825519835,0.21530945973815335,0.0
0.10265,-0.057610609338109076,0.21265408776267422,0.0
0.1027,-0.05740713612423465,0.21002743997103757,0.0
0.10275000000000001,-0.057203662910360165,0.2074292231112943,0.0
0.1028,-0.057000189696485744,0.20485914692537355,0.0
0.10285000000000001,-0.05679671648261126,0.2023169241185173,0.0
0.1029,-0.05659324326873683,0.1998022703290273,0.0
0.10295,-0.05638977005486241,0.1973149040983208,0.0
0.10300000000000001,-0.05618629684098793,0.19485454684129186,0.0
0.10305,-0.0559828236271135,0.19242092281697545,0.0
0.10310000000000001,-0.05577935041323902,0.19001375909951093,0.0
0.10315,-0.05557587719936459,0.1876327855494019,0.0
0.1032,-0.05537240398549017,0.1852777347850697,0.0
0.10325000000000001,-0.055168930771615686,0.18294834215469705,0.0
0.1033,-0.05496545755774126,0.1806443457083593,0.0
0.10335000000000001,-0.054761984343866775,0.17836548617044024,0.0
0.1034,-0.054558511129992354,0.17611150691232938,0.0
0.10345,-0.054355037916117926,0.1738821539253981,0.0
0.10350000000000001,-0.05415156470224344,0.1716771757942516,0.0
0.10355,-0.053948091488369015,0.16949632367025397,0.0
0.10360000000000001,-0.024282355517651975,0.16757317872752073,0.0
0.10365,0.010399443197559484,0.16594491999460495,0.0
0.1037,0.16410954493688015,0.16555320598045056,0.0
0.10375000000000001,0.17480315876107647,0.16525036101778712,0.0
0.1038,0.18549677258526978,0.1650354778215651,0.0
0.10385000000000001,0.19619038640946607,0.1649076583694215,0.0
0.1039,0.20688400023365938,0.16486601380711483,0.0
0.10395,0.2175776140578527,0.16490966435492557,0.0
0.10400000000000001,0.2988149249296365,0.16559760982650118,0.0
0.10405,0.7088484746851117,0.1695327664228152,0.0
0.1041,0.7428782102104868,0.17369782534592668,0.0
0.10415,0.7769079457358714,0.17809043946890626,0.0
0.1042,0.7949028187630646,0.1825810248137177,0.0
0.10425000000000001,0.8000010705999037,0.18706622703268225,0.0
0.1043,0.8050993224367413,0.19154610108339776,0.0
0.10435,0.8101975742735791,0.19602070136238714,0.0
0.1044,0.8152958261104182,0.2004900817108264,0.0
0.10445,0.8203940779472558,0.20495429542021432,0.0
0.10450000000000001,0.8254923297840949,0.20941339523798416,0.0
0.10455,0.8305905816209326,0.21386743337305833,0.0
0.1046,0.8356888334577702,0.21831646150134598,0.0
0.10465,0.8407870852946093,0.22276053077118485,0.0
0.1047,0.845885337131447,0.22719969180872718,0.0
0.10475000000000001,0.8509835889682861,0.23163399472327095,0.0
0.1048,0.8560818408051238,0.23606348911253652,0.0
0.10485,0.8611800926419615,0.24048822406788947,0.0
0.10490000000000001,0.8662783444788006,0.2449082481795101,0.0
0.10495,0.8713765963156382,0.24932360954151006,0.0
0.10500000000000001,0.8764748481524773,0.253734355756997,0.0
0.10505,0.881573099989315,0.25814053394308717,0.0
0.1051,0.8866713518261526,0.2625421907358671,0.0
0.10515000000000001,0.8917696036629918,0.2669393722953046,0.0
0.1052,0.8968678554998295,0.2713321243101095,0.0
0.10525000000000001,0.9019661073366686,0.2757204920025448,0.0
0.1053,0.9103394098176817,0.2801305125986187,0.0
0.10535,0.9246132353210345,0.2846087945865415,0.0
0.10540000000000001,0.9388870608243911,0.28915464106970795,0.0
0.10545,0.9531608863277439,0.2937673622662944,0.0
0.10550000000000001,0.9674347118311005,0.298446275436622,0.0
0.10555,0.9817085373344533,0.3031907048112618,0.0
0.1056,1.0304294930880655,0.3082733714424951,0.0
0.10565000000000001,1.5212294930879087,0.3171993860298369,0.0
0.1057,2.0120294930878915,0.3299295109300134,0.0
0.10575000000000001,2.502829493087605,0.34642490908607687,0.0
0.1058,2.9936294930877176,0.36664713993773407,0.0
0.10585,3.4844294930880335,0.3905581553734119,0.0
0.10590000000000001,3.9752294930875434,0.4181202957236494,0.0
0.10595,4.466029493087933,0.4492962857954226,0.0
0.10600000000000001,4.956829493087449,0.4840492309469065,0.0
0.10605,5.004765068239366,0.5188278161797595,0.0
0.1061,5.0129932512932855,0.5533166416958364,0.0
0.10615000000000001,5.021221434347208,0.5875186657202398,0.0
0.1062,5.029449617401128,0.6214368162768567,0.0
0.10625000000000001,5.03767780045505,0.6550739914966893,0.0
0.1063,5.04590598350897,0.0,1.0
0.10635,5.05413416656289,0.04011217592510231,0.0
0.10640000000000001,5.062362349616812,0.07988014025154153,0.0
0.10645,5.070590532670732,0.11930740711649011,0.0
0.10650000000000001,5.078818715724654,0.15839745478046766,0.0
0.10655,5.083191000809532,0.19712312362878026,0.0
0.1066,5.084707840101213,0.23546547142226232,0.0
0.10665000000000001,5.086224679392894,0.27342841157572323,0.0
0.1067,5.087741518684575,0.31101581755100016,0.0
0.10675000000000001,5.089258357976255,0.3482315232648473,0.0
0.1068,5.090775197267935,0.38507932349266094,0.0
0.10685,5.092292036559616,0.42156297426808276,0.0
0.10690000000000001,5.0938088758512965,0.4576861932785235,0.0
0.10695,5.095325715142977,0.4934526602566488,0.0
0.10700000000000001,5.096842554434658,0.5288660173678679,0.0
0.10705,5.098359393726338,0.5639298695938667,0.0
0.1071,5.099876233018019,0.5986477851122253,0.0
0.10715000000000001,5.101393072309699,0.6330232956721594,0.0
0.1072,5.10290991160138,0.6670598969664265,0.0
0.10725000000000001,5.104426750893061,0.0,1.0
0.1073,5.105943590184741,0.04052336182686302,0.0
0.10735,5.107460429476421,0.08064504952844348,0.0
0.10740000000000001,5.108977268768102,0.12036916389036387,0.0
0.10745,5.1104941080597825,0.15969976383236167,0.0
0.1075,5.112010947351464,0.19864086683570814,0.0
0.10755,5.113527786643144,0.23719644936626322,0.0
0.1076,5.115044625934824,0.2753704472932116,0.0
0.10765000000000001,5.116561465226505,0.3131667563035237,0.0
0.1077,5.1180783045181855,0.3505892323121855,0.0
0.10775,5.119595143809866,0.38764169186823966,0.0
0.1078,5.121111983101547,0.42432791255668223,0.0
0.10785,5.122628822393227,0.4606516333962554,0.0
0.10790000000000001,5.124145661684908,0.49661655523317966,0.0
0.10795,5.125662500976588,0.5322263411308658,0.0
0.108,5.127179340268269,0.5674846167556488,0.0
0.10805000000000001,5.12869617955995,0.6023949707585832,0.0
0.1081,5.13021301885163,0.6369609551533407,0.0
0.10815000000000001,5.131729858143311,0.6711860856902503,0.0
0.1082,5.133246697434991,0.0,1.0
0.10825,5.1347635367266715,0.0407520915613228,0.0
0.10830000000000001,5.136280376018353,0.08110017384170459,0.0
0.10835,5.137797215310033,0.12104837146692121,0.0
0.10840000000000001,5.139314054601714,0.16060076695347383,0.0
0.10845,5.140830893893394,0.19976140113849236,0.0
0.1085,5.142347733185074,0.23853427360525004,0.0
0.10855000000000001,5.1438645724767555,0.27692334310433375,0.0
0.1086,5.145381411768436,0.31493252797051446,0.0
0.10865000000000001,5.146898251060117,0.3525657065353619,0.0
0.1087,5.148415090351797,0.38982671753564646,0.0
0.10875,5.149931929643477,0.42671936051757203,0.0
0.10880000000000001,5.07225526523222,0.4626188763662234,0.0
0.10885,4.958795104307947,0.49725140814602525,0.0
0.10890000000000001,4.845334943383641,0.5306298907953426,0.0
0.10895,4.731874782459368,0.5627671271967127,0.0
0.109,4.618414621535094,0.5936757895250335,0.0
0.10905000000000001,4.504954460610788,0.6233684205819884,0.0
0.1091,4.3914942996865145,0.6518574351168488,0.0
0.10915000000000001,4.27803413876221,0.6791551211337903,0.0
0.1092,4.164573977837936,0.0,1.0
0.10925,4.051113816913662,0.03215169695963224,0.0
0.10930000000000001,3.937653655989357,0.06307467221497433,0.0
0.10935,3.8241934950650833,0.0927814700749123,0.0
0.10940000000000001,3.7107333341407784,0.12128450678053175,0.0
0.10945,3.5972731732165046,0.1485960718125931,0.0
0.1095,3.483813012292231,0.17472832918565684,0.0
0.10955000000000001,3.3703528513679255,0.19969331872899748,0.0
0.1096,3.256892690443652,0.2235029573544411,0.0
0.10965000000000001,3.143432529519347,0.24616904031125744,0.0
0.1097,3.029972368595073,0.26770324242824267,0.0
0.10975,2.916512207670799,0.2881171193431194,0.0
0.10980000000000001,2.803052046746494,0.3074221087193866,0.0
0.10985,2.6895918858222205,0.3256295314507467,0.0
0.10990000000000001,2.576131724897915,0.34275059285323517,0.0
0.10995,2.4626715639736414,0.3587963838451809,0.0
0.11,2.3492114030493676,0.3737778821151187,0.0
0.11005000000000001,2.2357512421250627,0.3877059532777787,0.0
0.1101,2.122291081200789,0.40059135201827517,0.0
0.11015000000000001,1.9919459056861784,0.4123107151723079,0.0
0.1102,1.8392196216983283,0.4226983192264157,0.0
0.11025,1.9437561320866412,0.4338095286318264,0.0
0.11030000000000001,2.243673197562492,0.44718759525740154,0.0
0.11035,2.73447319756246,0.4643243201493891,0.0
0.11040000000000001,0.23047611119430556,0.46141309943728487,0.0
0.11045,0.7212761111937418,0.4624268381574101,0.0
0.1105,3.509978296253676,0.48556278440478606,0.0
0.11055000000000001,4.697673197562733,0.5178886803455237,0.0
0.1106,4.825648956243427,0.550900234235703,0.0
0.11065000000000001,4.062409280913538,0.5775173076668817,0.0
0.1107,3.213541356384079,0.597125594114745,0.0
0.11075,3.538940007987899,0.6191162239351946,0.0
0.11080000000000001,3.3881520561806524,0.6396856164671602,0.0
0.11085,3.2373641043734476,0.6588482814564081,0.0
0.1109,3.086576152566243,0.6766185805152973,0.0
0.11095000000000001,2.9357882007589966,0.0,1.0
0.111,2.780219300970666,0.02206523254738624,0.0
0.11105000000000001,2.6204169796511487,0.042636923554324996,0.0
0.1111,2.4606146583316755,0.06173032093769782,0.0
0.11115,2.3008123370122027,0.07936051694481601,0.0
0.11120000000000001,2.141010015692685,0.09554244974268786,0.0
0.11125,1.9812076943732122,0.11029090499106181,0.0
0.11130000000000001,1.8214053730536948,0.12362051739940749,0.0
0.11135,1.6616030517342217,0.13554577226800404,0.0
0.1114,1.5018007304147487,0.14608100701329263,0.0
0.11145000000000001,1.3419984090952315,0.1552404126776573,0.0
0.1115,1.1821960877757585,0.1630380354237933,0.0
0.11155000000000001,1.022393766456241,0.16948777801381637,0.0
0.1116,0.862591445136768,0.17460340127327448,0.0
0.11165,0.7027891238172947,0.17839852554021055,0.0
0.11170000000000001,0.5429868024977775,0.18088663209943245,0.0
0.11175,0.3831844811783047,0.18208106460214124,0.0
0.11180000000000001,0.22338215985878707,0.18199503047106358,0.0
0.11185,0.06357983853931426,0.1806416022912417,0.0
0.1119,-0.07733173690643899,0.1781836457411754,0.0
0.11195000000000001,-0.07692213663017199,0.17575403384350619,0.0
0.112,-0.07651253635390509,0.17335247722101083,0.0
0.11205000000000001,-0.07610293607763809,0.1709786894507862,0.0
0.1121,-0.07569333580137119,0.168632387034088,0.0
0.11215,-0.0752837355251043,0.16631328936647727,0.0
0.11220000000000001,-0.07487413524883729,0.16402111870827174,0.0
0.11225,-0.0744645349725704,0.16175560015529894,0.0
0.11230000000000001,-0.07405493469630339,0.1595164616099477,0.0
0.11235,-0.0736453344200365,0.1573034337525154,0.0
0.1124,-0.0732357341437696,0.15511625001284762,0.0
0.11245000000000001,-0.0728261338675026,0.15295464654226731,0.0
0.1125,-0.0724165335912357,0.15081836218579064,0.0
0.11255000000000001,-0.0720069333149687,0.14870713845462644,0.0
0.1126,-0.0715973330387018,0.1466207194989564,0.0
0.11265,-0.07118773276243491,0.14455885208099317,0.0
0.11270000000000001,-0.0707781324861679,0.1425212855483136,0.0
0.11275,-0.07036853220990101,0.140507771807464,0.0
0.11280000000000001,-0.069958931933634,0.13851806529783514,0.0
0.11285,-0.06954933165736711,0.13655192296580382,0.0
0.1129,-0.06913973138110022,0.13460910423913844,0.0
0.11295000000000001,-0.06873013110483321,0.13268937100166586,0.0
0.113,-0.06832053082856632,0.13079248756819703,0.0
0.11305000000000001,-0.06791093055229931,0.12891822065970837,0.0
0.1131,-0.06750133027603242,0.12706633937877676,0.0
0.11315,-0.06709172999976554,0.12523661518526513,0.0
0.11320000000000001,-0.06668212972349852,0.12342882187225648,0.0
0.11325,-0.06627252944723164,0.12164273554223341,0.0
0.11330000000000001,-0.06586292917096462,0.11987813458350094,0.0
0.11335,-0.06545332889469774,0.11813479964684999,0.0
0.1134,-0.06504372861843084,0.11641251362245918,0.0
0.11345000000000001,-0.06463412834216384,0.11471106161703233,0.0
0.1135,-0.06422452806589694,0.11303023093116951,0.0
0.11355000000000001,-0.06381492778962994,0.11136981103696895,0.0
0.1136,-0.06340532751336304,0.10972959355585776,0.0
0.11365,-0.06299572723709615,0.10810937223664893,0.0
0.11370000000000001,-0.06258612696082914,0.1065089429338223,0.0
0.11375,-0.06217652668456225,0.10492810358602737,0.0
0.11380000000000001,-0.061766926408295245,0.1033666541948055,0.0
0.11385,-0.06135732613202835,0.1018243968035293,0.0
0.1139,-0.060947725855761456,0.10030113547655721,0.0
0.11395000000000001,-0.06053812557949445,0.0987966762786007,0.0
0.114,-0.060128525303227556,0.0973108272543022,0.0
0.11405,-0.05971892502696066,0.09584339840802159,0.0
0.11410000000000001,-0.05930932475069366,0.09439420168382885,0.0
0.11415,-0.05889972447442676,0.09296305094570123,0.0
0.11420000000000001,-0.05849012419815976,0.09154976195792242,0.0
0.11425,-0.05808052392189286,0.09015415236568185,0.0
0.1143,-0.05767092364562597,0.08877604167587212,0.0
0.11435000000000001,-0.05404694057499123,0.08744076221264088,0.0
0.1144,-0.04137758030563134,0.08621966540984809,0.0
0.11445000000000001,-0.028708220036267922,0.08511158554985652,0.0
0.1145,-0.016038859766908026,0.08411536881611449,0.0
0.11455,-0.0033694994975481327,0.08322987317165485,0.0
0.11460000000000001,0.009299860771815285,0.08245396823883454,0.0
0.11465,0.021969221041175185,0.08178653518030166,0.0
0.11470000000000001,0.03266553039844264,0.08121080744695505,0.0
0.11475,0.04335914422263265,0.0807258274044403,0.0
0.1148,0.05405275804682266,0.080330668588237,0.0
0.11485000000000001,0.06474637187101565,0.08002441399231897,0.0
0.1149,0.07543998569520566,0.0798061559725902,0.0
0.11495000000000001,0.08613359951939861,0.07967499615130683,0.0
0.115,0.4621198156688012,0.08252919295997625,0.0
0.11505,0.9529198156685957,0.08924948869732899,0.0
0.11510000000000001,1.443719815668663,0.0997964134500621,0.0
0.11515,1.9345198156690173,0.11413090026250136,0.0
0.11520000000000001,2.4253198156685896,0.13221428102270344,0.0
0.11525,2.9161198156688433,0.15400828239058656,0.0
0.1153,3.4069198156682794,0.1794750217675882,0.0
0.11535000000000001,3.8977198156686694,0.20857700330751894,0.0
0.1154,4.388519815669059,0.24127711396809487,0.0
0.11545000000000001,4.588734450025027,0.27523238654214016,0.0
0.1155,4.622764185550402,0.3091110790179577,0.0
0.11555,4.65668098330202,0.34291307688824496,0.0
0.11560000000000001,4.682399760594594,0.3765740994918322,0.0
0.11565,4.70811853788716,0.4100955860783757,0.0
0.11570000000000001,4.733837315179734,0.4434789612038938,0.0
0.11575,4.82932272930016,0.47727933834766484,0.0
0.1158,4.972587836672606,0.5118716641527004,0.0
0.11585000000000001,4.986149897912338,0.5462184641738222,0.0
0.1159,4.999711959152068,0.5803222450415085,0.0
0.11595000000000001,5.013274020391801,0.6141854877954569,0.0
0.116,5.02683608163153,0.6478106481458473,0.0
0.11605,5.040398142871259,0.0,1.0
0.11610000000000001,5.050765640975705,0.04008544159504528,0.0
0.11615,5.0572749247953315,0.07981330247107613,0.0
0.11620000000000001,5.063784208614961,0.11918723325375928,0.0
0.11625,5.070293492434589,0.15821084729866533,0.0
0.1163,5.076802776254215,0.19688772107176797,0.0
0.11635000000000001,5.083312060073845,0.23522139452605859,0.0
0.1164,5.0898213438934725,0.2732153714743158,0.0
0.11645000000000001,5.096330627713102,0.31087311995806943,0.0
0.1165,5.102839911532729,0.34819807261279767,0.0
0.11655,5.109349195352356,0.3851936270293957,0.0
0.11660000000000001,5.115858479171986,0.4218631461119541,0.0
0.11665,5.122367762991613,0.4582099584318845,0.0
0.11670000000000001,5.128397344213758,0.4942335514149582,0.0
0.11675,5.12927534063594,0.5298963392897589,0.0
0.1168,5.130153337058122,0.5652020056005015,0.0
0.11685000000000001,5.131031333480305,0.6001541962852318,0.0
0.1169,5.131909329902487,0.6347565200597566,0.0
0.11695000000000001,5.13278732632467,0.669012548797654,0.0
0.117,5.133665322746852,0.0,1.0
0.11705,5.134543319169034,0.04075034380292884,0.0
0.11710000000000001,5.135421315591217,0.08109162598668926,0.0
0.11715,5.136299312013399,0.12102802275756641,0.0
0.11720000000000001,5.137177308435582,0.16056366768597322,0.0
0.11725000000000001,5.138055304857764,0.19970265214173,0.0
0.1173,5.1389333012799465,0.23844902572490023,0.0
0.11735000000000001,5.1398112977021295,0.27680679669222785,0.0
0.1174,5.140689294124312,0.3147799323792209,0.0
0.11745,5.141567290546494,0.3523723596179262,0.0
0.11750000000000001,5.142445286968677,0.3895879651504383,0.0
0.11755,5.143323283390859,0.4264305960381878,0.0
0.11760000000000001,5.144201279813042,0.46290406006705004,0.0
0.11765,5.145079276235224,0.49901212614831897,0.0
0.1177,5.145957272657406,0.5347585247155865,0.0
0.11775000000000001,5.146835269079589,0.5701469481175706,0.0
0.1178,5.147713265501771,0.6051810510069326,0.0
0.11785000000000001,5.148591261923954,0.6398644507251255,0.0
0.1179,5.149469258346136,0.6742007276833124,0.0
0.11795,5.1503472547683185,0.0,1.0
0.11800000000000001,5.1512252511905015,0.040882740088813506,0.0
0.11805,5.152103247612684,0.08135506689363517,0.0
0.11810000000000001,5.152981244034867,0.12142117042021425,0.0
0.11815,5.153859240457049,0.16108519789754577,0.0
0.1182,5.154737236879231,0.20035125421458855,0.0
0.11825000000000001,5.155615233301414,0.23922340235252443,0.0
0.1183,5.156493229723596,0.27770566381260475,0.0
0.11835000000000001,5.157371226145779,0.31580201903962873,0.0
0.1184,5.158249222567961,0.3535164078410983,0.0
0.11845,5.159127218990143,0.39085272980209396,0.0
0.11850000000000001,5.160005215412326,0.427814844695915,0.0
0.11855,5.061279207225933,0.4636160649174432,0.0
0.11860000000000001,4.818246409798234,0.49712295033533555,0.0
0.11865,4.575213612370602,0.5283589243532516,0.0
0.1187,4.33218081494297,0.557347171239813,0.0
0.11875000000000001,4.089148017515271,0.5841106385699896,0.0
0.1188,3.846115220087639,0.6086720396415615,0.0
0.11885000000000001,3.6030824226599396,0.6310538558669087,0.0
0.1189,3.3600496252323078,0.6512783391403854,0.0
0.11895,3.117016827804676,0.6693675141815217,0.0
0.11900000000000001,2.8739840303769766,0.0,1.0
0.11905,2.6309512329493447,0.020880565340867817,0.0
0.11910000000000001,2.3879184355216454,0.03961912435325225,0.0
0.11915,2.1448856380940136,0.05623754528358099,0.0
0.1192,1.9018528406663817,0.0707574731202098,0.0
0.11925000000000001,1.6588200432386824,0.08320033187271668,0.0
0.1193,1.4157872458110505,0.09358732682792781,0.0
0.11935000000000001,1.1727544483833512,0.10193944678290738,0.0
0.1194,0.9297216509557193,0.10827746625515469,0.0
0.11945,0.6866888535280875,0.112621947670233,0.0
0.11950000000000001,0.44365605610038816,0.11499324352706594,0.0
0.11955,0.2029635201431979,0.11543007204486334,0.0
0.11960000000000001,0.6937635201435766,0.11975767897281754,0.0
0.11965,1.184563520143024,0.12793634243898486,0.0
0.1197,1.6753635201430699,0.13992674610136735,0.0
0.11975000000000001,2.1661635201434244,0.1556899750077478,0.0
0.1198,2.6569635201432398,0.17518751149780265,0.0
0.11985000000000001,3.1477635201428122,0.19838123114706457,0.0
0.1199,3.638563520143065,0.22523339875229023,0.0
0.11995,4.129363520143455,0.25570666435779754,0.0
0.12000000000000001,4.620163520142891,0.2897640593223783,0.0
0.12005,5.044614735447214,0.3268424147700751,0.0
0.12010000000000001,2.3562027951496787,0.3422056258650606,0.0
0.12015,0.2424763282726538,0.34063638344443187,0.0
0.1202,1.7524495340156523,0.35106707612006927,0.0
0.12025000000000001,2.216351404090011,0.36507304027439186,0.0
0.1203,2.1595375145346063,0.37848511036097054,0.0
0.12035000000000001,2.1027236249791854,0.3913093495840321,0.0
0.12040000000000001,2.045909735423781,0.40355175924712555,0.0
0.12045,1.989095845868376,0.4152182793850803,0.0
0.12050000000000001,1.9322819563129554,0.42631478938951295,0.0
0.12055,1.8754680667575505,0.43684710862794834,0.0
0.1206,1.8186541772021456,0.44682099705661943,0.0
0.12065000000000001,1.761840287646725,0.45624215582701105,0.0
0.1207,1.70502639809132,0.4651162278862119,0.0
0.12075000000000001,1.6482125085358996,0.47344879857113614,0.0
0.1208,1.5913986189804947,0.48124539619668005,0.0
0.12085,1.5345847294250898,0.4885114926378727,0.0
0.12090000000000001,1.4777708398696694,0.4952525039060837,0.0
0.12095,1.4209569503142645,0.501473790719349,0.0
0.12100000000000001,1.3641430607588438,0.5071806590668733,0.0
0.12105,1.3073291712034392,0.5123783607677691,0.0
0.1211,1.2505152816480343,0.5170720940240927,0.0
0.12115000000000001,1.1937013920926136,0.5212670039682326,0.0
0.1212,1.1368875025372087,0.5249681832047107,0.0
0.12125000000000001,1.080073612981788,0.5281806723464517,0.0
0.1213,1.0232597234263834,0.5309094605455772,0.0
0.12135,0.9664458338709785,0.5331594860187813,0.0
0.12140000000000001,0.9096319443155578,0.5349356365673421,0.0
0.12145,0.8528180547601529,0.5362427500918253,0.0
0.12150000000000001,0.7960041652047325,0.5370856151015315,0.0
0.12155,0.7391902756493276,0.5374689712187436,0.0
0.1216,0.6823763860939227,0.5373975096778258,0.0
0.12165000000000001,0.625562496538502,0.5368758738192272,0.0
0.1217,0.5687486069830974,0.5359086595784422,0.0
0.12175000000000001,0.5119347174276767,0.5345004159699787,0.0
0.1218,0.4551208278722718,0.5326556455663854,0.0
0.12185,0.3983069383168669,0.5303788049723892,0.0
0.12190000000000001,0.3414930487614465,0.5276743052941905,0.0
0.12195,0.2846791592060416,0.5245465126039695,0.0
0.12200000000000001,0.22786526965062093,0.5209997483996481,0.0
0.12205,0.17105138009521603,0.51703829005996,0.0
0.1221,0.11423749053981114,0.5126663712948731,0.0
0.12215000000000001,0.0574236009843907,0.5078881825914141,0.0
0.1222,0.0006097114289858041,0.5027078716549425,0.0
0.12225000000000001,-0.056204178126434634,0.4971295438459178,0.0
0.1223,-0.07560989221070105,0.4914541528937263,0.0
0.12235,-0.07501125920492474,0.4858414543982715,0.0
0.12240000000000001,-0.07441262619914828,0.48029080831751664,0.0
0.12245,-0.07381399319337198,0.47480158114376486,0.0
0.12250000000000001,-0.0732153601875955,0.4693731458369482,0.0
0.12255,-0.0726167271818192,0.46400488175859844,0.0
0.1226,-0.0720180941760429,0.4586961746064912,0.0
0.12265000000000001,-0.07141946117026643,0.4534464163499582,0.0
0.1227,-0.07082082816449012,0.44825500516585914,0.0
0.12275000000000001,-0.07022219515871365,0.4431213453752078,0.0
0.1228,-0.06962356215293736,0.4380448473804448,0.0
0.12285,-0.06902492914716105,0.433024927603351,0.0
0.12290000000000001,-0.06842629614138458,0.4280610084235944,0.0
0.12295,-0.06782766313560827,0.423152518117905,0.0
0.12300000000000001,-0.06722903012983181,0.41829889079987,0.0
0.12305,-0.0666303971240555,0.4134995663603442,0.0
0.1231,-0.0660317641182792,0.4087539904084683,0.0
0.12315000000000001,-0.06543313111250272,0.40406161421328984,0.0
0.1232,-0.06483449810672642,0.39942189464597955,0.0
0.12325000000000001,-0.06423586510094995,0.3948342941226382,0.0
0.1233,-0.06363723209517365,0.3902982805476871,0.0
0.12335,-0.06303859908939735,0.38581332725783635,0.0
0.12340000000000001,-0.062439966083620874,0.3813789129666255,0.0
0.12345,-0.06184133307784457,0.37699452170953024,0.0
0.12350000000000001,-0.0612427000720681,0.3726596427896294,0.0
0.12355000000000001,-0.0606440670662918,0.3683737707238267,0.0
0.1236,-0.06004543406051549,0.3641364051896219,0.0
0.12365000000000001,-0.059446801054739026,0.35994705097242474,0.0
0.1237,-0.05884816804896272,0.35580521791340713,0.0
0.12375000000000001,-0.05824953504318625,0.35171042085788784,0.0
0.12380000000000001,-0.05765090203740995,0.34766217960424384,0.0
0.12385,-0.05705226903163364,0.3436600188533434,0.0
0.12390000000000001,-0.05645363602585718,0.33970346815849545,0.0
0.12395,-0.05585500302008087,0.3357920618759099,0.0
0.124,-0.05525637001430457,0.3319253391156635,0.0
0.12405000000000001,-0.05465773700852809,0.3281028436931668,0.0
0.1241,-0.054059104002751796,0.32432412408112593,0.0
0.12415000000000001,-0.053460470996975325,0.32058873336199556,0.0
0.1242,-0.05286183799119902,0.3168962291809166,0.0
0.12425,-0.052263204985422716,0.31324617369913477,0.0
0.12430000000000001,-0.051664571979646245,0.3096381335478946,0.0
0.12435,-0.020518308960510656,0.30631412129084673,0.0
0.12440000000000001,0.013184695331352754,0.303291528817816,0.0
0.12445,0.384610138248896,0.30324761567782016,0.0
0.1245,0.8754101382492057,0.3070993889526399,0.0
0.12455000000000001,1.3662101382492713,0.31480707666336294,0.0
0.1246,1.8570101382492008,0.3263313128725654,0.0
0.12465000000000001,2.1384970695530243,0.3399719187080174,0.0
0.1247,1.756316741684312,0.3504400871847916,0.0
0.12475,1.3741364138155998,0.3577682064620692,0.0
0.12480000000000001,0.9919560859467815,0.3619883340406957,0.0
0.12485,1.316213051880742,0.3687388453278619,0.0
0.12490000000000001,1.8070130518808707,0.3793156771527539,0.0
0.12495,2.297813051880536,0.3936797657090125,0.0
0.125,2.788613051880957,0.41179244600187537,0.0
0.12505,3.279413051881087,0.4336154477765979,0.0
0.12510000000000002,3.770213051881003,0.4591108914884681,0.0
0.12515,4.261013051880835,0.48824128431395686,0.0
0.1252,4.455946372528635,0.5186213679537639,0.0
0.12525,4.490302372528619,0.5489639608406824,0.0
0.1253,4.523938428544565,0.5792637318854837,0.0
0.12535000000000002,4.52796784877309,0.6092861449665259,0.0
0.1254,4.531997269001613,0.6390340316964981,0.0
0.12545,4.536026689230136,0.6685101947794895,0.0
0.1255,4.540056109458659,0.0,1.0
0.12555,4.544085529687181,0.036064170870533194,0.0
0.12560000000000002,4.548114949915707,0.07179213366364628,0.0
0.12565,4.552144370144229,0.10718732080668086,0.0
0.1257,4.556173790372752,0.1422531296845205,0.0
0.12575,4.5602032106012755,0.1769929229973474,0.0
0.1258,4.564232630829798,0.2114100291147466,0.0
0.12585000000000002,4.568262051058324,0.2455077424261953,0.0
0.1259,4.572291471286846,0.27928932368797355,0.0
0.12595,4.576320891515369,0.3127580003665336,0.0
0.126,4.580350311743892,0.3459169669783636,0.0
0.12605,4.584379731972414,0.37876938542638144,0.0
0.12610000000000002,4.58840915220094,0.41131838533289444,0.0
0.12615,4.5924385724294625,0.4435670643691597,0.0
0.1262,4.596467992657986,0.4755184885815798,0.0
0.12625,4.600497412886509,0.5071756927145684,0.0
0.1263,4.604526833115031,0.5385416805301197,0.0
0.12635000000000002,4.608556253343557,0.5696194251241153,0.0
0.1264,4.612585673572079,0.6004118692394015,0.0
0.12645,5.022925361362795,0.6341466102388627,0.0
0.1265,5.03292661535991,0.6676163203644608,0.0
0.12655,5.042927869357026,0.0,1.0
0.12660000000000002,5.052929123354148,0.04010261209011229,0.0
0.12665,5.062930377351264,0.07987518221261505,0.0
0.1267,5.072931631348379,0.11932107984358452,0.0
0.12675,5.082932885345495,0.15844364005932315,0.0
0.1268,5.092934139342611,0.19724616388755498,0.0
0.12685000000000002,5.102935393339733,0.23573191865503562,0.0
0.1269,5.1129366473368485,0.27390413833161326,0.0
0.12695,5.122937901333964,0.31176602387077723,0.0
0.127,5.095159895531824,0.34902090815149767,0.0
0.12705,5.001096633587848,0.38514891473095125,0.0
0.12710000000000002,4.907033371643821,0.42016154816864176,0.0
0.12715,4.812970109699845,0.45407019557132,0.0
0.1272,4.7189068477558695,0.48688612779208507,0.0
0.12725,4.6248435858118935,0.5186205006172458,0.0
0.1273,4.530780323867918,0.5492843559410648,0.0
0.12735000000000002,4.436717061923891,0.5788886229285084,0.0
0.1274,4.3426537999799155,0.607444119166128,0.0
0.12745,4.2485905380359394,0.634961551801189,0.0
0.1275,4.154527276091964,0.6614515186691722,0.0
0.12755,4.060464014147989,0.0,1.0
0.12760000000000002,3.966400752203961,0.031479371049237787,0.0
0.12765,3.8723374902599854,0.06189082797024292,0.0
0.1277,3.7782742283160102,0.0912452733495338,0.0
0.12775,3.684210966372034,0.11955349846655867,0.0
0.1278,3.590147704428059,0.14682618443005568,0.0
0.12785000000000002,3.4960844424840314,0.17307390330281114,0.0
0.1279,3.4020211805400558,0.19830711921493657,0.0
0.12795,3.30795791859608,0.2225361894657775,0.0
0.128,3.213894656652105,0.24577136561457433,0.0
0.12805,3.1198313947081293,0.2680227945599879,0.0
0.12810000000000002,3.0257681327641013,0.28930051960860353,0.0
0.12815000000000001,2.931704870820126,0.30961448153252824,0.0
0.1282,2.8376416088761505,0.32897451961618795,0.0
0.12825,2.743578346932175,0.34739037269243966,0.0
0.1283,2.6495150849881997,0.364871680168105,0.0
0.12835000000000002,2.5554518230441716,0.38142798303903375,0.0
0.12840000000000001,2.461388561100196,0.3970687248948056,0.0
0.12845,2.367325299156221,0.4118032529131728,0.0
0.1285,2.273262037212245,0.42564081884435123,0.0
0.12855,2.1791987752682696,0.4385905799852628,0.0
0.12860000000000002,2.085135513324242,0.4506616001438308,0.0
0.12865000000000001,1.9910722513802663,0.4618628505934323,0.0
0.1287,1.8970089894362911,0.4722032110176041,0.0
0.12875,1.8029457274923155,0.4816914704451051,0.0
0.1288,1.70888246554834,0.49033632817543227,0.0
0.12885,1.6148192036043643,0.498146394694888,0.0
0.12890000000000001,1.5207559416603367,0.5051301925832942,0.0
0.12895,1.426692679716361,0.5112961574114517,0.0
0.129,1.3326294177723859,0.5166526386294346,0.0
0.12905,1.2385661558284102,0.521207900445817,0.0
0.1291,1.1445028938844346,0.5249701226979241,0.0
0.12915000000000001,1.0504396319404066,0.5279474017131974,0.0
0.1292,0.9563763699964314,0.5301477511617682,0.0
0.12925,0.8623131080524562,0.5315791029003237,0.0
0.1293,0.7682498461084801,0.532249307807361,0.0
0.12935,0.6741865841645049,0.5321661366099119,0.0
0.12940000000000002,1.0570567563556104,0.5351224666870269,0.0
0.12945,1.5478567563551027,0.5419438529902626,0.0
0.1295,2.038656756355276,0.552590836251515,0.0
0.12955,2.5294567563556676,0.5670243600516256,0.0
0.1296,3.020256756355814,0.5852057667076022,0.0
0.12965000000000002,3.511056756355415,0.607096793201828,0.0
0.1297,4.001856756355561,0.6326595671528419,0.0
0.12975,4.492656756355371,0.661856602827226,0.0
0.1298,4.9834567563555545,0.0,1.0
0.12985,4.819768705843789,0.03825213258606182,0.0
0.12990000000000002,4.5097897584752324,0.07365358977735677,0.0
0.12995,4.199810811106847,0.10623347478949655,0.0
0.13,3.8898318637384626,0.13602059371651798,0.0
0.13005,3.579852916370078,0.16304345856426844,0.0
0.1301,3.269873969001693,0.18733029025282127,0.0
0.13015000000000002,2.959895021633136,0.20890902158823763,0.0
0.1302,2.6499160742647514,0.22780730020399426,0.0
0.13025,2.3399371268963667,0.2440524914723734,0.0
0.1303,2.029958179527982,0.2576716813861351,0.0
0.13035,1.7199792321595972,0.26869167941076844,0.0
0.13040000000000002,1.4100002847910407,0.277139021307622,0.0
0.13045,1.100021337422656,0.2830399719282182,0.0
0.1305,0.7900423900542712,0.28642052798003115,0.0
0.13055,0.4800634426858865,0.2873064207640335,0.0
0.1306,0.4373163485837527,0.28784400660862963,0.0
0.13065000000000002,0.3429317331991013,0.28762701986380856,0.0
0.1307,0.2485471178145024,0.28666316413861853,0.0
0.13075,0.15416250242990343,0.2849600643941506,0.0
0.1308,0.059777887045304456,0.28252526774647463,0.0
0.13085,0.31627132451302,0.2821509907125862,0.0
0.13090000000000002,0.3261977443539786,0.281859315870819,0.0
0.13095,0.28068083289783924,0.28120937347709907,0.0
0.131,0.23516392144169992,0.2802048211691321,0.0
0.13105,0.1896470099855606,0.2788492792429401,0.0
0.1311,0.1441300985294213,0.27714633103409164,0.0
0.13115000000000002,0.09861318707325673,0.2750995232950393,0.0
0.1312,0.05309627561711738,0.27271236656860603,0.0
0.13125,0.0075793641609780416,0.2699883355576572,0.0
0.1313,-0.037937547295161245,0.2669308694909995,0.0
0.13135,-0.06869799173678807,0.26366048730311903,0.0
0.13140000000000002,-0.06867581870764869,0.2604236691926405,0.0
0.13145,-0.06865364567850932,0.25722007249600304,0.0
0.1315,-0.06863147264936996,0.25404935804797885,0.0
0.13155,-0.06860929962023059,0.2509111901459576,0.0
0.1316,-0.06858712659109122,0.2478052365145959,0.0
0.13165000000000002,-0.06856495356195184,0.2447311682708275,0.0
0.1317,-0.06854278053281247,0.24168865988923072,0.0
0.13175,-0.0685206075036731,0.23867738916774947,0.0
0.1318,-0.06849843447453374,0.23569703719376425,0.0
0.13185,-0.06847626144539437,0.23274728831050948,0.0
0.13190000000000002,-0.06845408841625499,0.22982783008383378,0.0
0.13195,-0.06843191538711563,0.2269383532692995,0.0
0.132,-0.06840974235797626,0.22407855177961816,0.0
0.13205,-0.06838756932883688,0.22124812265241844,0.0
0.1321,-0.06836539629969751,0.21844676601834312,0.0
0.13215000000000002,-0.06834322327055814,0.21567418506947178,0.0
0.1322,-0.06832105024141877,0.21293008602806585,0.0
0.13225,-0.0682988772122794,0.2102141781156328,0.0
0.1323,-0.06827670418314004,0.20752617352230615,0.0
0.13235,-0.06825453115400067,0.20486578737653802,0.0
0.13240000000000002,-0.06823235812486128,0.20223273771510117,0.0
0.13245,-0.06821018509572192,0.19962674545339726,0.0
0.1325,-0.06818801206658255,0.19704753435606828,0.0
0.13255,-0.06816583903744318,0.19449483100790793,0.0
0.1326,-0.06814366600830381,0.1919683647850701,0.0
0.13265000000000002,-0.06812149297916444,0.18946786782657113,0.0
0.1327,-0.06809931995002506,0.1869930750060832,0.0
0.13275,-0.06807714692088569,0.1845437239040155,0.0
0.1328,-0.06805497389174633,0.18211955477988057,0.0
0.13285,-0.06803280086260696,0.1797203105449426,0.0
0.13290000000000002,-0.06801062783346758,0.1773457367351453,0.0
0.13295,-0.06798845480432822,0.17499558148431565,0.0
0.133,-0.06796628177518885,0.17266959549764166,0.0
0.13305,-0.06794410874604948,0.17036753202542076,0.0
0.1331,-0.06792193571691012,0.1680891468370761,0.0
0.13315000000000002,-0.06789976268777073,0.1658341981954382,0.0
0.1332,-0.06787758965863136,0.1636024468312893,0.0
0.13325,-0.06785541662949199,0.16139365591816726,0.0
0.1333,-0.06783324360035263,0.15920759104742704,0.0
0.13335,-0.06781107057121326,0.1570440202035566,0.0
0.13340000000000002,-0.06778889754207387,0.15490271373974482,0.0
0.13345,-0.06776672451293451,0.1527834443536989,0.0
0.1335,-0.06774455148379514,0.15068598706370856,0.0
0.13355,-0.06772237845465577,0.14861011918495481,0.0
0.1336,0.35709754719838943,0.14992703104117067,0.0
0.13365000000000002,0.4437942526071364,0.1519185673250422,0.0
0.1337,0.4833078119291596,0.15420337122372285,0.0
0.13375,0.5012165563630548,0.15660698191432743,0.0
0.1338,0.5091165336924595,0.15904875181081324,0.0
0.13385,0.517016511021864,0.16152829133687205,0.0
0.13390000000000002,0.5249164883512729,0.16404521489347182,0.0
0.13395,0.5328164656806774,0.16659914081825164,0.0
0.134,0.5407164430100819,0.16918969134533146,0.0
0.13405,0.5486164203394864,0.17181649256553197,0.0
0.1341,0.556516397668891,0.1744791743870006,0.0
0.13415000000000002,0.5644163749983,0.1771773704962396,0.0
0.1342,0.5723163523277045,0.1799107183195318,0.0
0.13425,0.7479033744616709,0.18400970854670134,0.0
0.1343,1.2387033744609501,0.19196208931375375,0.0
0.13435,1.7295033744613912,0.2037285204503235,0.0
0.13440000000000002,2.2203033744612704,0.2192700634190839,0.0
0.13445000000000001,2.7111033744614166,0.23854817721540103,0.0
0.1345,3.1963057468747844,0.26148028869305234,0.0
0.13455,3.205793971830848,0.2842535842234511,0.0
0.1346,3.215282196786912,0.30686968519595775,0.0
0.13465000000000002,3.224770421742981,0.32933019644678746,0.0
0.13470000000000001,3.2342586466990446,0.35163670642800493,0.0
0.13475,3.2437468716551083,0.3737907873747942,0.0
0.1348,3.253235096611172,0.39579399547102045,0.0
0.13485,3.2627233215672358,0.41764787101310175,0.0
0.13490000000000002,3.272211546523305,0.4393539385722078,0.0
0.13495000000000001,3.2816997714793685,0.4609137071548025,0.0
0.135,3.2911879964354323,0.48232867036154803,0.0
0.13505,3.300676221391496,0.503600306544586,0.0
0.1351,3.310409524865091,0.5247320240308126,0.0
0.13515000000000002,3.320199664119893,0.5457257023607426,0.0
0.13520000000000001,3.32998980337469,0.5665827508085904,0.0
0.13525,3.339779942629487,0.587304564260959,0.0
0.1353,3.3495700818842837,0.6078925233637257,0.0
0.13535,3.359360221139081,0.6283479946674293,0.0
0.13540000000000002,3.369150360393883,0.6486723307711729,0.0
0.13545000000000001,3.3765008155338596,0.6688475078927172,0.0
0.1355,3.379125414464341,0.0,1.0
0.13555,3.381750013394822,0.026839285820593826,0.0
0.1356,3.3843746123253036,0.05342539320963924,0.0
0.13565,3.3869992112557847,0.0797609069252938,0.0
0.13570000000000002,3.3896238101862677,0.10584838533731115,0.0
0.13575,3.392248409116749,0.1316903606964463,0.0
0.1358,3.39487300804723,0.15728933940111067,0.0
0.13585,3.397497606977711,0.18264780226130484,0.0
0.1359,3.400122205908193,0.20776820475985652,0.0
0.13595000000000002,3.4027468048386753,0.23265297731099177,0.0
0.136,3.4053714037691565,0.2573045255162661,0.0
0.13605,3.442717942619765,0.2820008013696299,0.0
0.1361,3.9335179426197664,0.31034018522925266,0.0
0.13615,4.424317942619264,0.34228548374860185,0.0
0.13620000000000002,3.860123038408135,0.3694269078665288,0.0
0.13625,4.207999108071757,0.39905215998952875,0.0
0.1363,4.698799108071839,0.43227019904071085,0.0
0.13635,4.855470735742202,0.4663925329344613,0.0
0.1364,3.8835208562513284,0.49245261596313517,0.0
0.13645000000000002,4.37432085625181,0.522141883569839,0.0
0.1365,4.865120856251259,0.5554232845555899,0.0
0.13655,4.979805735191091,0.5892751053424877,0.0
0.1366,4.984065762600866,0.6228151346700587,0.0
0.13665,4.9883257900106415,0.6560465556906472,0.0
0.13670000000000002,4.992585817420419,0.0,1.0
0.13675,4.996845844830196,0.03965750670500155,0.0
0.1368,5.001105872239971,0.07894395033758735,0.0
0.13685,5.005365899649746,0.11786311916794114,0.0
0.1369,5.009625927059522,0.15641876279090533,0.0
0.13695000000000002,5.0138859544693,0.1946145925208267,0.0
0.137,5.0181459818790755,0.2324542817823708,0.0
0.13705,5.022406009288851,0.26994146649734685,0.0
0.1371,5.026666036698627,0.3070797454675831,0.0
0.13715,5.030926064108402,0.34387268075389343,0.0
0.13720000000000002,5.03518609151818,0.3803237980511751,0.0
0.13725,5.039446118927955,0.41643658705967684,0.0
0.1373,5.0437061463377315,0.4522145018524767,0.0
0.13735,5.047966173747507,0.4876609612392083,0.0
0.1374,5.052226201157282,0.5227793491260736,0.0
0.13745000000000002,5.05648622856706,0.5575730148721801,0.0
0.1375,5.060746255976836,0.5920452736422406,0.0
0.13755,5.065006283386611,0.6261994067556713,0.0
0.1376,5.069266310796387,0.6600386620321269,0.0
0.13765,5.073526338206163,0.0,1.0
0.13770000000000002,5.077786365615941,0.040299891790602706,0.0
0.13775,5.082046393025716,0.08022216224835585,0.0
0.1378,5.086306420435491,0.11977066659826652,0.0
0.13785,5.0905664478452675,0.1589492207064429,0.0
0.1379,5.094826475255043,0.1977616014819186,0.0
0.13795000000000002,5.099086502664821,0.2362115472743745,0.0
0.138,5.103346530074596,0.27430275826780026,0.0
0.13805,5.107606557484372,0.31203889687013703,0.0
0.1381,5.111866584894147,0.34942358809894164,0.0
0.13815,5.116126612303923,0.3864604199631142,0.0
0.13820000000000002,5.120386639713701,0.42315294384072794,0.0
0.13825,5.124646667123477,0.45950467485300206,0.0
0.1383,5.128906694533252,0.49551909223445645,0.0
0.13835,5.133166721943027,0.5311996396992874,0.0
0.1384,5.137426749352803,0.5665497258040031,0.0
0.13845000000000002,5.141686776762581,0.6015727243063564,0.0
0.1385,5.145946804172357,0.636271974520614,0.0
0.13855,5.150206831582132,0.6706507816691976,0.0
0.1386,5.154466858991908,0.0,1.0
0.13865,5.158726886401683,0.04094227687620384,0.0
0.13870000000000002,5.050080412721289,0.08060429081713882,0.0
0.13875,4.889747745103622,0.11858890443984973,0.0
0.1388,4.729415077485957,0.1549132427187254,0.0
0.13885,4.56908240986829,0.18959425579526307,0.0
0.1389,4.408749742250625,0.22264872076297873,0.0
0.13895000000000002,4.2484170746328696,0.25409324343409373,0.0
0.139,4.088084407015203,0.2839442600881881,0.0
0.13905,3.927751739397537,0.31221803920299696,0.0
0.1391,3.7674190717798712,0.33893068316753966,0.0
0.13915,3.6070864041622053,0.3640981299777587,0.0
0.13920000000000002,3.44675373654445,0.3877361549148465,0.0
0.13925,3.286421068926784,0.40986037220644067,0.0
0.1393,3.126088401309118,0.43048623667085567,0.0
0.13935,2.965755733691452,0.4496290453445305,0.0
0.1394,3.3835499925672967,0.47189224803328605,0.0
0.13945000000000002,3.8743499925678075,0.49782339854452334,0.0
0.1395,4.365149992567228,0.5273850499361789,0.0
0.13955,4.855949992567645,0.560540137570845,0.0
0.1396,4.326240564698709,0.5891526940391411,0.0
0.13965,2.889373596370986,0.6060694320906757,0.0
0.13970000000000002,2.7432217112662545,0.6216535275883999,0.0
0.13975,2.62905948462611,0.6361724719718856,0.0
0.1398,2.514897257985966,0.6496371396193917,0.0
0.13985,2.400735031345821,0.6620582938900913,0.0
0.1399,2.286572804705677,0.6734465882574922,0.0
0.13995000000000002,2.1724105780654694,0.0,1.0
0.14,2.058248351425325,0.01633530437639147,0.0
0.14005,1.9440861247851808,0.03159778837041098,0.0
0.1401,1.8299238981450365,0.04579840465767944,0.0
0.14015,1.7157616715048922,0.058947994095376155,0.0
0.14020000000000002,1.6015994448646844,0.07105728686381912,0.0
0.14025,1.4874372182245401,0.08213690359639264,0.0
0.1403,1.3732749915843958,0.09219735649793621,0.0
0.14035,1.2591127649442515,0.10124905045171757,0.0
0.1404,1.1449505383041072,0.10930228411510384,0.0
0.14045000000000002,1.0307883116638996,0.11636725100404625,0.0
0.1405,0.9166260850237553,0.12245404056649507,0.0
0.14055,0.8024638583836108,0.1275726392448528,0.0
0.1406,0.6883016317434665,0.13173293152758256,0.0
0.14065,0.5741394051033222,0.13494470099007985,0.0
0.14070000000000002,0.4599771784631148,0.13721763132491724,0.0
0.14075000000000001,0.3458149518229705,0.13856130736157315,0.0
0.1408,0.2316527251828262,0.1389852160757469,0.0
0.14085,0.1174904985426819,0.1384987475883715,0.0
0.1409,0.13876747435741094,0.13818611045962406,0.0
0.14095000000000002,0.6295674743575884,0.14177190321209865,0.0
0.14100000000000001,1.1203674743571586,0.14921632585818634,0.0
0.14105,1.6111674743573046,0.16047998473772243,0.0
0.1411,2.101967474357758,0.17552388836968244,0.0
0.14115,2.5927674743578697,0.19430944334623768,0.0
0.14120000000000002,2.552637640639287,0.21258472142970297,0.0
0.14125000000000001,2.158611276751228,0.22754622953650905,0.0
0.1413,1.7645849128631697,0.23922779872377692,0.0
0.14135,1.3705585489751109,0.24766291465940807,0.0
0.1414,0.9765321850870521,0.25288472114824423,0.0
0.14145000000000002,0.5825058211987746,0.2549260236222261,0.0
0.14150000000000001,0.18847945731071603,0.25381929259492697,0.0
0.14155,-0.06864554043299236,0.2506831858597314,0.0
0.1416,-0.06847382196544323,0.24758045922081717,0.0
0.14165,-0.0683021034978941,0.24451077189293016,0.0
0.14170000000000002,-0.0681303850303449,0.2414737865699729,0.0
0.14175000000000001,-0.06795866656279577,0.23846916938948526,0.0
0.1418,-0.06778694809524664,0.23549658989748748,0.0
0.14185,-0.06761522962769753,0.2325557210136822,0.0
0.1419,-0.0674435111601484,0.22964623899701175,0.0
0.14195000000000002,-0.06727179269259918,0.2267678234115671,0.0
0.14200000000000002,-0.06710007422505007,0.2239201570928447,0.0
0.14205,-0.06692835575750095,0.22110292611434812,0.0
0.1421,-0.06675663728995182,0.2183158197545303,0.0
0.14215,-0.0665849188224027,0.21555853046407356,0.0
0.1422,-0.06641320035485358,0.21283075383350356,0.0
0.14225000000000002,-0.06624148188730436,0.21013218856113383,0.0
0.1423,-0.06606976341975523,0.20746253642133777,0.0
0.14235,-0.06589804495220612,0.20482150223314427,0.0
0.1424,-0.065726326484657,0.20220879382915422,0.0
0.14245,-0.06555460801710787,0.1996241220247742,0.0
0.14250000000000002,-0.06538288954955866,0.1970672005877643,0.0
0.14255,-0.06521117108200954,0.19453774620809694,0.0
0.1426,-0.06503945261446041,0.1920354784681232,0.0
0.14265,-0.06486773414691129,0.18956011981304385,0.0
0.1427,-0.06469601567936217,0.187111395521682,0.0
0.14275000000000002,-0.06452429721181295,0.18468903367755374,0.0
0.1428,-0.06435257874426382,0.18229276514023462,0.0
0.14285,-0.06418086027671471,0.17992232351701803,0.0
0.1429,-0.06400914180916559,0.17757744513486318,0.0
0.14295,-0.06383742334161646,0.17525786901262935,0.0
0.14300000000000002,-0.06366570487406725,0.1729633368335937,0.0
0.14305,-0.06349398640651813,0.1706935929182495,0.0
0.1431,-0.063322267938969,0.16844838419738234,0.0
0.14315,-0.06315054947141988,0.1662274601854209,0.0
0.1432,-0.06297883100387076,0.16403057295405993,0.0
0.14325000000000002,-0.06280711253632154,0.16185747710615264,0.0
0.1433,-0.06263539406877242,0.15970792974986942,0.0
0.14335,-0.0624636756012233,0.15758169047312043,0.0
0.1434,-0.06229195713367418,0.15547852131823942,0.0
0.14345,-0.06212023866612505,0.15339818675692596,0.0
0.14350000000000002,-0.061948520198575836,0.15134045366544338,0.0
0.14355,-0.06177680173102672,0.14930509130007014,0.0
0.1436,-0.06160508326347759,0.14729187127280155,0.0
0.14365,-0.06143336479592847,0.14530056752729986,0.0
0.1437,-0.061261646328379354,0.14333095631508957,0.0
0.14375000000000002,-0.06108992786083013,0.14138281617199602,0.0
0.1438,-0.06091820939328101,0.13945592789482442,0.0
0.14385,-0.04743006950882844,0.13765576040253807,0.0
0.1439,-0.01569731088815772,0.13612581853423675,0.0
0.14395,0.12959661067402023,0.13576462256392993,0.0
0.14400000000000002,0.6203966106738182,0.13930235222347712,0.0
0.14405,0.9116806321540086,0.14511574231707877,0.0
0.1441,0.9270181321540091,0.150991508334328,0.0
0.14415,0.9423556321540095,0.1569290134647489,0.0
0.1442,0.95769313215401,0.1629276273992135,0.0
0.14425000000000002,0.973030632154019,0.16898672626356798,0.0
0.1443,0.9883681321540194,0.17510569255293645,0.0
0.14435,1.0023481982951505,0.18127314178210138,0.0
0.1444,1.0064600033218065,0.18741025944467218,0.0
0.14445,1.0105718083484627,0.1935173552027465,0.0
0.14450000000000002,1.0146836133751211,0.19959473555700874,0.0
0.14455,1.0187954184017771,0.20564270387900577,0.0
0.1446,1.0229072234284333,0.21166156044309295,0.0
0.14465,1.0270190284550895,0.21765160245805415,0.0
0.1447,1.0311308334817455,0.22361312409839884,0.0
0.14475000000000002,1.035242638508404,0.22954641653533975,0.0
0.1448,1.0393544435350601,0.23545176796745418,0.0
0.14485,1.043466248561716,0.2413294636510324,0.0
0.1449,1.0475780535883723,0.24717978593011608,0.0
0.14495,1.0516898586150285,0.2530030142662302,0.0
0.14500000000000002,1.0558016636416867,0.25879942526781125,0.0
0.14505,1.059913468668343,0.2645692927193352,0.0
0.1451,1.064025273694999,0.27031288761014793,0.0
0.14515,1.068137078721655,0.2760304781630012,0.0
0.1452,1.0722488837483113,0.2817223298622977,0.0
0.14525000000000002,1.0763606887749697,0.2873887054820475,0.0
0.1453,1.4020082651999837,0.29558173631511303,0.0
0.14535,1.8928082652004943,0.30758636066456946,0.0
0.1454,2.3836082651996766,0.3233636650756754,0.0
0.14545,2.874408265200153,0.3428751333703225,0.0
0.14550000000000002,3.3652082652007587,0.3660826425911149,0.0
0.14555,3.5546004478417776,0.39055633345229473,0.0
0.1456,3.564933079420727,0.414862171659566,0.0
0.14565,3.5752657109996755,0.439001870860153,0.0
0.1457,3.5855983425786246,0.4629771272062524,0.0
0.14575000000000002,3.595930974157579,0.4867896195336441,0.0
0.1458,3.606263605736528,0.5104410095384787,0.0
0.14585,3.8060111788323128,0.5354362351389015,0.0
0.1459,4.296811178831547,0.5640715166972936,0.0
0.14595,4.527090832208375,0.594242070227615,0.0
0.14600000000000002,4.561772630923568,0.624379857851308,0.0
0.14605,4.596454429638741,0.6544852140832201,0.0
0.1461,4.62330635706161,0.0,1.0
0.14615,4.649701124503473,0.03690238987701169,0.0
0.1462,4.676095891945336,0.0736375168572707,0.0
0.14625000000000002,4.737614092463553,0.11048584597239963,0.0
0.1463,5.047490311155405,0.14941731689750787,0.0
0.14635,5.052785372696204,0.18799335157684302,0.0
0.1464,5.058080434237003,0.22621757874264006,0.0
0.14645,5.063375495777802,0.2640935900805531,0.0
0.14650000000000002,5.068670557318604,0.3016249406078726,0.0
0.14655,5.073965618859402,0.3388151490478813,0.0
0.1466,5.079260680400202,0.3756676982003883,0.0
0.14665,5.084555741941,0.4121860353084803,0.0
0.1467,5.0898508034817995,0.44837357242152853,0.0
0.14675000000000002,5.095145865022601,0.4842336867544896,0.0
0.1468,5.1004409265634,0.5197697210435381,0.0
0.14685,5.105735988104199,0.5549849838980693,0.0
0.1469,5.111031049644998,0.5898827501491063,0.0
0.14695,5.1163261111857965,0.6244662611941524,0.0
0.14700000000000002,5.121621172726599,0.6587387253385213,0.0
0.14705000000000001,5.126916234267397,0.0,1.0
0.1471,5.1322112958081965,0.04073183568101743,0.0
0.14715,5.137506357348995,0.08108985476900629,0.0
0.1472,5.142801418889794,0.12107787364548991,0.0
0.14725000000000002,5.139684885997189,0.16063291104367564,0.0
0.14730000000000001,5.135282452690333,0.19974918181447338,0.0
0.14735,5.130880019383478,0.2384311654295841,0.0
0.1474,5.126477586076622,0.27668329562872856,0.0
0.14745,5.122075152769766,0.3145099608865359,0.0
0.14750000000000002,5.117672719462909,0.3519155048746654,0.0
0.14755000000000001,5.113270286156053,0.3889042269192109,0.0
0.1476,5.1088678528491975,0.4254803824534348,0.0
0.14765,5.104465419542342,0.46164818346588044,0.0
0.1477,5.100062986235486,0.4974117989439094,0.0
0.14775000000000002,5.095660552928628,0.5327753553127107,0.0
0.14780000000000001,5.091258119621772,0.567742936869828,0.0
0.14785,5.086855686314917,0.6023185862152508,0.0
0.1479,5.082453253008061,0.6365063046771143,0.0
0.14795,5.078050819701205,0.6703100527330538,0.0
0.14800000000000002,5.073648386394347,0.0,1.0
0.14805000000000001,5.069245953087491,0.040232110738789614,0.0
0.1481,5.064843519780636,0.08001854244920312,0.0
0.14815,5.06044108647378,0.11936384517326903,0.0
0.1482,5.056038653166924,0.1582725225005666,0.0
0.14825000000000002,5.051636219860066,0.1967490320424697,0.0
0.14830000000000002,5.04723378655321,0.23479778590154934,0.0
0.14835,5.042831353246355,0.27242315113618354,0.0
0.1484,5.038428919939499,0.30962945022042415,0.0
0.14845,5.034026486632643,0.3464209614991688,0.0
0.14850000000000002,5.029624053325786,0.3828019196386857,0.0
0.14855000000000002,5.02522162001893,0.41877651607253913,0.0
0.1486,5.020819186712075,0.4543488994429622,0.0
0.14865,5.016416753405219,0.4895231760377237,0.0
0.1487,5.012014320098363,0.5243034102225348,0.0
0.14875,5.007611886791508,0.5586936248690411,0.0
0.14880000000000002,5.003209453484649,0.5926978017784452,0.0
0.14885,4.998807020177794,0.626319882100805,0.0
0.1489,4.994404586870938,0.6595637667500502,0.0
0.14895,4.990002153564082,0.0,1.0
0.149,4.985599720257227,0.03956825174807323,0.0
0.14905000000000002,4.981197286950368,0.07869760196035232,0.0
0.1491,4.976794853643513,0.11739253148584991,0.0
0.14915,4.972392420336657,0.1556574754275371,0.0
0.1492,4.967989987029801,0.1934968236093756,0.0
0.14925,4.963587553722946,0.23091492103858174,0.0
0.14930000000000002,4.9591851204160875,0.2679160683631712,0.0
0.14935,4.954782687109232,0.3045045223248326,0.0
0.1494,4.9503802538023765,0.34068449620717733,0.0
0.14945,4.9459778204955205,0.37646016027941337,0.0
0.1495,4.941575387188665,0.4118356422354896,0.0
0.14955000000000002,4.937172953881807,0.4468150276287563,0.0
0.1496,4.932770520574952,0.4814023603021889,0.0
0.14965,5.132302200966788,0.517220167526113,0.0
0.1497,5.051526530125992,0.5520312255787042,0.0
0.14975,4.9707508592851966,0.5858458125990494,0.0
0.14980000000000002,4.889975188444356,0.6186741017942957,0.0
0.14985,4.80919951760356,0.6505261625109262,0.0
0.1499,4.728423846762764,0.0,1.0
0.14995,4.83105506036041,0.03834170682825722,0.0
0.15,4.791986403643989,0.07598190544908265,0.0
0.15005000000000002,4.752917746927546,0.11292775772476699,0.0
0.1501,4.713849090211124,0.14918635240046463,0.0
0.15015,4.674780433494702,0.18476470585066315,0.0
0.1502,4.6357117767782805,0.21966976281803272,0.0
0.15025,3.1106049846793713,0.24211444368931548,0.0
0.15030000000000002,1.4054544692152318,0.25079704093546534,0.0
0.15035,0.06125779693793666,0.2487227679463459,0.0
0.1504,0.5520577969379906,0.2505649097932991,0.0
0.15045,1.0428577969379065,0.2562834828760854,0.0
0.1505,1.533657796938187,0.26583891179644864,0.0
0.15055000000000002,2.0244577969383295,0.279192025190678,0.0
0.1506,2.5152577969380725,0.2963040516047261,0.0
0.15065,3.0060577969380917,0.31713661541144483,0.0
0.1507,3.49685779693833,0.34165173276948935,0.0
0.15075,3.987657796937751,0.3698118076234771,0.0
0.15080000000000002,4.466512027464385,0.40148482005077585,0.0
0.15085,4.491213121556287,0.4330305156737201,0.0
0.1509,4.515914215648189,0.4644501942995115,0.0
0.15095,4.54061530974009,0.4957451424653145,0.0
0.151,4.230422145698206,0.524258742636163,0.0
0.15105000000000002,3.8432040088472323,0.5494080809399277,0.0
0.1511,3.455985871996474,0.5712275039173167,0.0
0.15115,3.068767735145715,0.5897510074571239,0.0
0.1512,2.681549598294956,0.6050122403761183,0.0
0.15125,2.294331461444197,0.617044507962384,0.0
0.15130000000000002,1.9071133245932237,0.6258807754824833,0.0
0.15135,1.5198951877424647,0.6315536716528224,0.0
0.1514,1.1326770508917057,0.634095492075565,0.0
0.15145,0.7454589140409471,0.6335382026394765,0.0
0.1515,0.3582407771901881,0.6299134428860447,0.0
0.15155000000000002,-0.02897735966078585,0.623252529341235,0.0
0.1516,-0.07708338385413017,0.6162778247867083,0.0
0.15165,-0.07674435553269343,0.6093770173324575,0.0
0.1517,-0.07640532721125667,0.6025493525456046,0.0
0.15175,-0.07606629888981992,0.5957940836954543,0.0
0.15180000000000002,-0.07572727056838298,0.5891104716748605,0.0
0.15185,-0.07538824224694622,0.5824977849223961,0.0
0.1519,-0.07504921392550948,0.5759552993453164,0.0
0.15195,-0.07471018560407272,0.5694822982433099,0.0
0.152,-0.07437115728263596,0.5630780722330272,0.0
0.15205000000000002,-0.07403212896119903,0.5567419191733803,0.0
0.1521,-0.07369310063976227,0.550473144091605,0.0
0.15215,-0.07335407231832552,0.544271059110077,0.0
0.1522,-0.07301504399688877,0.5381349833738769,0.0
0.15225,-0.07267601567545201,0.532064242979093,0.0
0.15230000000000002,-0.07233698735401507,0.5260581709018576,0.0
0.15235,-0.07199795903257832,0.5201161069281061,0.0
0.1524,-0.07165893071114157,0.5142373975840546,0.0
0.15245,-0.07131990238970481,0.5084213960673871,0.0
0.1525,-0.07098087406826806,0.5026674621791444,0.0
0.15255000000000002,-0.07064184574683112,0.4969749622563088,0.0
0.1526,-0.07030281742539436,0.49134326910507786,0.0
0.15265,-0.06996378910395762,0.48577176193481786,0.0
0.1527,-0.06962476078252086,0.48025982629269276,0.0
0.15275,-0.0692857324610841,0.47480685399896005,0.0
0.15280000000000002,-0.06894670413964717,0.4694122430829273,0.0
0.15285,-0.06860767581821041,0.4640753977195624,0.0
0.1529,-0.06826864749677367,0.45879572816675124,0.0
0.15295,-0.06792961917533691,0.4535726507031955,0.0
0.153,-0.06759059085390015,0.4484055875669451,0.0
0.15305000000000002,-0.06725156253246321,0.44329396689455736,0.0
0.1531,-0.06691253421102646,0.4382372226608782,0.0
0.15315,-0.06657350588958971,0.4332347946194374,0.0
0.1532,-0.06623447756815296,0.4282861282434528,0.0
0.15325,-0.0658954492467162,0.4233906746674364,0.0
0.15330000000000002,-0.06555642092527926,0.41854789062939723,0.0
0.15335000000000001,-0.0652173926038425,0.4137572384136337,0.0
0.1534,-0.06487836428240575,0.40901818579411037,0.0
0.15345,-0.064539335960969,0.40433020597841246,0.0
0.1535,-0.06420030763953224,0.39969277755227295,0.0
0.15355000000000002,-0.06386127931809531,0.39510538442466564,0.0
0.15360000000000001,-0.06352225099665855,0.3905675157734591,0.0
0.15365,-0.06318322267522179,0.38607866599162516,0.0
0.1537,-0.06284419435378505,0.38163833463399666,0.0
0.15375,-0.06250516603234829,0.3772460263645689,0.0
0.15380000000000002,-0.062166137710911354,0.37290125090433895,0.0
0.15385000000000001,-0.0618271093894746,0.36860352297967763,0.0
0.1539,-0.06148808106803784,0.36435236227122825,0.0
0.15395,-0.061149052746601096,0.36014729336332746,0.0
0.154,-0.06073030470126459,0.3559884783901637,0.0
0.15405000000000002,-0.057360968316823475,0.3518988625022085,0.0
0.15410000000000001,-0.05399163193238424,0.3478777392297247,0.0
0.15415,-0.05062229554794499,0.34392440931549095,0.0
0.1542,-0.047252959163505755,0.3400381806411672,0.0
0.15425,-0.04388362277906652,0.3362183681544123,0.0
0.15430000000000002,-0.040514286394625405,0.33246429379674575,0.0
0.15435000000000001,-0.03714495001018617,0.32877528643214543,0.0
0.1544,-0.03377561362574692,0.3251506817763748,0.0
0.15445,-0.030406277241307688,0.3215898223270313,0.0
0.1545,-0.027036940856868447,0.31809205729430906,0.0
0.15455000000000002,-0.023667604472427335,0.3146567425324684,0.0
0.15460000000000002,-0.020298268087988097,0.31128324047200495,0.0
0.15465,-0.01692893170354886,0.30797092005251153,0.0
0.1547,-0.013559595319109614,0.3047191566562249,0.0
0.15475,-0.010190258934670376,0.30152733204225163,0.0
0.15480000000000002,-0.006820922550229265,0.2983948342814649,0.0
0.15485000000000002,-0.003451586165790027,0.29532105769206635,0.0
0.1549,-8.224978135078914e-05,0.29230540277580547,0.0
0.15495,0.2929015014124875,0.29164580325651235,0.0
0.155,0.7837015014126337,0.2948881758390948,0.0
0.15505000000000002,1.2745015014126038,0.3019926843725836,0.0
0.15510000000000002,1.7653015014129958,0.3129198994026492,0.0
0.15515,2.2561015014124473,0.32763079401952466,0.0
0.1552,2.7469015014127165,0.34608673974835846,0.0
0.15525,3.2377015014122748,0.36824950248147226,0.0
0.1553,3.7285015014124325,0.3940812384521966,0.0
0.15535000000000002,4.2193015014122635,0.4235444902497697,0.0
0.1554,4.558724024508239,0.4554007743280932,0.0
0.15545,4.568695130603045,0.4870109658720261,0.0
0.1555,4.578666236697851,0.5183775772981352,0.0
0.15555,4.588637342792657,0.5495030953731356,0.0
0.15560000000000002,4.598608448887469,0.5803899814757563,0.0
0.15565,4.608579554982275,0.6110406718559317,0.0
0.1557,4.660104415044055,0.6417873695894982,0.0
0.15575,4.711259754005168,0.6726261618076551,0.0
0.1558,4.746266886672807,0.0,1.0
0.15585000000000002,4.507015537170387,0.035769964580717364,0.0
0.1559,4.61052971898861,0.07199628630514561,0.0
0.15595,4.714043900806832,0.1086743061158652,0.0
0.156,4.817558082625055,0.14579941252086961,0.0
0.15605,5.013872540944492,0.18410355123892092,0.0
0.15610000000000002,5.029475218022027,0.2221404647657691,0.0
0.15615,5.045077895099554,0.2599128812662449,0.0
0.1562,5.06068057217708,0.2974235010527027,0.0
0.15625,5.076283249254606,0.3346749968693729,0.0
0.1563,5.091885926332132,0.37167001417381146,0.0
0.15635000000000002,5.107488603409667,0.4084111714154759,0.0
0.1564,5.110135617244559,0.44479823758730935,0.0
0.15645,5.1110316110347185,0.48082093070384724,0.0
0.1565,5.111927604824877,0.5164829707353149,0.0
0.15655,5.112823598615036,0.5517880396738868,0.0
0.15660000000000002,5.113719592405196,0.5867397819214132,0.0
0.15665,5.114615586195354,0.6213418046731887,0.0
0.1567,5.1155115799855135,0.6555976782978027,0.0
0.15675,5.116407573775673,0.0,1.0
0.1568,5.117303567565831,0.0406135203775066,0.0
0.15685000000000002,5.118199561355991,0.08081951883463084,0.0
0.1569,5.11909555514615,0.1206221558585108,0.0
0.15695,5.119991548936309,0.1600255494608928,0.0
0.157,5.120887542726468,0.1990337756117727,0.0
0.15705,5.121783536516627,0.23765086866860988,0.0
0.15710000000000002,5.122679530306787,0.2758808218011595,0.0
0.15715,5.123575524096945,0.3137275874119676,0.0
0.1572,5.1244715178871045,0.3511950775525728,0.0
0.15725,5.125367511677263,0.3882871643354595,0.0
0.1573,5.126263505467422,0.425007680341805,0.0
0.15735000000000002,5.127159499257582,0.461360419025064,0.0
0.1574,5.128055493047741,0.4973491351104323,0.0
0.15745,5.1289514868379,0.5329775449902334,0.0
0.1575,5.129847480628059,0.5682493271152672,0.0
0.15755,5.130743474418217,0.6031681223821643,0.0
0.15760000000000002,5.131639468208378,0.6377375345167852,0.0
0.15765,5.132535461998536,0.6719611304537053,0.0
0.1577,5.1334314557886955,0.0,1.0
0.15775,5.134327449578854,0.04074863055221313,0.0
0.1578,5.135223443369013,0.08108835981249116,0.0
0.15785000000000002,5.136119437159173,0.12102336235030078,0.0
0.1579,5.137015430949332,0.16055777011594718,0.0
0.15795,5.137911424739491,0.19969567287568293,0.0
0.158,5.13880741852965,0.23844111864237505,0.0
0.15805,5.139703412319808,0.27679811410177496,0.0
0.15810000000000002,5.140599406109968,0.314770625034437,0.0
0.15815,5.141495399900127,0.3523625767333288,0.0
0.1582,5.1423913936902865,0.3895778544171792,0.0
0.15825,5.143287387480445,0.4264203036396047,0.0
0.1583,5.144183381270604,0.46289373069406087,0.0
0.15835000000000002,5.145079375060764,0.49900190301465785,0.0
0.1584,5.145975368850922,0.534748549572885,0.0
0.15845,5.146871362641082,0.5701373612702844,0.0
0.1585,5.147767356431241,0.6051719913271163,0.0
0.15855,5.148663350221399,0.6398560556670562,0.0
0.15860000000000002,5.149559344011559,0.674193133297964,0.0
0.15865,5.150455337801718,0.0,1.0
0.1587,5.151351331591877,0.040883740726919665,0.0
0.15875,5.152247325382036,0.08135720079035147,0.0
0.1588,5.153143319172195,0.12142456884209078,0.0
0.15885000000000002,4.8722891736901754,0.15885387855455568,0.0
0.1589,4.584716653331014,0.19361874205029464,0.0
0.15895,4.297144132971853,0.22574636128743658,0.0
0.159,4.009571612612692,0.2552636605129217,0.0
0.15905,3.721999092253531,0.2821972890977204,0.0
0.15910000000000002,3.43442657189421,0.30657362434310537,0.0
0.15915,3.146854051535049,0.328418774258279,0.0
0.1592,2.859281531175888,0.34775858030963547,0.0
0.15925,2.571709010816727,0.3646186201419606,0.0
0.1593,2.2841364904575654,0.3790242102718484,0.0
0.15935000000000002,1.996563970098245,0.39100040875361897,0.0
0.15940000000000001,1.708991449739084,0.4005720178180246,0.0
0.15945,1.4214189293799229,0.4077635864840088,0.0
0.1595,1.1338464090207614,0.4125994131438065,0.0
0.15955,0.8462738886616004,0.4151035481216512,0.0
0.15960000000000002,0.5587013683022795,0.41529979620635804,0.0
0.15965000000000001,0.2711288479431184,0.4132117191580567,0.0
0.1597,-0.00935985416716991,0.40891885896907737,0.0
0.15975,0.030153705154853237,0.4049834252766466,0.0
0.1598,0.06966726447687638,0.4014017690295911,0.0
0.15985000000000002,0.4745481195191381,0.4010700188729835,0.0
0.15990000000000001,0.9653481195187871,0.4046368937269907,0.0
0.15995,1.4561481195190606,0.4120625916118917,0.0
0.16,1.9469481195184812,0.4233077168957265,0.0
0.16005,2.4377481195187762,0.43833327614582174,0.0
0.16010000000000002,2.9285481195187626,0.45710067402262045,0.0
0.16015000000000001,3.419348119518769,0.47957170921546777,0.0
0.1602,3.9101481195185657,0.5057085704198728,0.0
0.16025,4.400948119518861,0.5354738323558513,0.0
0.1603,4.89174811951819,0.5688304518268937,0.0
0.16035000000000002,5.0531078911526395,0.6031271588321813,0.0
0.16040000000000001,5.064161945206695,0.6371614532764802,0.0
0.16045,5.075215999260751,0.6709360141913475,0.0
0.1605,5.086270053314806,0.0,1.0
0.16055,5.097324107368862,0.040454953233086205,0.0
0.16060000000000002,5.108378161422923,0.08058462292096788,0.0
0.16065000000000002,4.948053857014426,0.1190321842577839,0.0
0.1607,4.57332277208965,0.15411316916812914,0.0
0.16075,4.198591687164873,0.18586194782259133,0.0
0.1608,3.8238606022400967,0.21431253949860243,0.0
0.16085000000000002,3.4491295173151117,0.23949861616278786,0.0
0.16090000000000002,3.0743984323903355,0.2614535060167491,0.0
0.16095,2.699667347465559,0.28021019700663663,0.0
0.161,2.324936262540782,0.29580134029689975,0.0
0.16105,1.9502051776160059,0.30825925370857,0.0
0.16110000000000002,1.5754740926910213,0.3176159251224408,0.0
0.16115000000000002,1.2007430077662447,0.3239030158475102,0.0
0.1612,0.8260119228414684,0.3271518639550238,0.0
0.16125,0.45128083791669127,0.327393487578487,0.0
0.1613,0.07654975299191502,0.3246585881799845,0.0
0.16135000000000002,-0.07192229162203426,0.3207732604522867,0.0
0.16140000000000002,-0.07202597711628225,0.31692677604847797,0.0
0.16145,-0.07212966261053023,0.3131187384079283,0.0
0.1615,-0.07223334810477823,0.30934875501858866,0.0
0.16155,-0.07233703359902623,0.3056164373756577,0.0
0.16160000000000002,-0.07244071909327428,0.301921400940671,0.0
0.16165000000000002,-0.07254440458752227,0.29826326510100776,0.0
0.1617,-0.07264809008177027,0.294641653129811,0.0
0.16175,-0.07275177557601827,0.29105619214631673,0.0
0.1618,-0.07285546107026626,0.28750651307658853,0.0
0.16185000000000002,-0.07295914656451431,0.28399225061465244,0.0
0.16190000000000002,-0.07306283205876231,0.28051304318402925,0.0
0.16195,-0.0731665175530103,0.27706853289965905,0.0
0.162,-0.0732702030472583,0.2736583655302146,0.0
0.16205,-0.07337388854150628,0.27028219046079965,0.0
0.1621,-0.07347757403575428,0.2669396606560279,0.0
0.16215000000000002,-0.07358125953000233,0.263630432623479,0.0
0.1622,-0.07368494502425033,0.2603541663775274,0.0
0.16225,-0.07378863051849832,0.25711052540354074,0.0
0.1623,-0.07389231601274632,0.2538991766224438,0.0
0.16235,-0.07399600150699431,0.250719790355644,0.0
0.16240000000000002,-0.07409968700124236,0.247572040290315,0.0
0.16245,-0.07420337249549036,0.24445560344503478,0.0
0.1625,-0.07430705798973836,0.24137016013577478,0.0
0.16255,-0.07441074348398635,0.23831539394223578,0.0
0.1626,-0.07451442897823435,0.23529099167452783,0.0
0.16265000000000002,-0.0746181144724824,0.23229664334019026,0.0
0.1627,-0.07472179996673038,0.2293320421115483,0.0
0.16275,-0.07482548546097838,0.22639688429340316,0.0
0.1628,-0.07492917095522637,0.2234908692910517,0.0
0.16285,-0.07503285644947437,0.22061369957863278,0.0
0.16290000000000002,-0.07513654194372242,0.21776508066779685,0.0
0.16295,-0.07524022743797042,0.2149447210766951,0.0
0.163,-0.07534391293221841,0.21215233229928554,0.0
0.16305,-0.07544759842646641,0.20938762877495218,0.0
0.1631,-0.0755512839207144,0.20665032785843454,0.0
0.16315000000000002,-0.07565496941496246,0.20394014979006408,0.0
0.1632,-0.07575865490921045,0.20125681766630454,0.0
0.16325,-0.07586234040345843,0.19860005741059297,0.0
0.1633,-0.07596602589770643,0.1959695977444785,0.0
0.16335,-0.07606971139195443,0.1933651701590558,0.0
0.16340000000000002,-0.07617339688620248,0.1907865088866901,0.0
0.16345,-0.07627708238045047,0.18823335087303092,0.0
0.1635,-0.07638076787469847,0.18570543574931153,0.0
0.16355,-0.07648445336894646,0.18320250580493116,0.0
0.1636,-0.07658813886319446,0.18072430596031722,0.0
0.16365000000000002,-0.07669182435744251,0.17827058374006444,0.0
0.1637,-0.07679550985169051,0.17584108924634834,0.0
0.16375,-0.0768991953459385,0.17343557513261013,0.0
0.1638,-0.06952915900101644,0.17111311183020203,0.0
0.16385,-0.06028273850365484,0.16888774339157464,0.0
0.16390000000000002,-0.051036318006288106,0.16675847855242604,0.0
0.16395,-0.04178989750892651,0.16472433616850465,0.0
0.164,-0.03254347701156491,0.16278434511229142,0.0
0.16405,-0.02329705651420331,0.16093754417073647,0.0
0.1641,0.05429021355232795,0.1597253696390335,0.0
0.16415000000000002,0.0649838273765239,0.158610440433225,0.0
0.1642,0.0756774412007139,0.1575917637529059,0.0
0.16425,0.08637105502490391,0.15666835693340397,0.0
0.1643,0.09706466884909393,0.15583924734230178,0.0
0.16435,0.10775828267328393,0.15510347227701501,0.0
0.16440000000000002,0.21539182399342227,0.1552294433673526,0.0
0.16445,0.4456024812083597,0.1571811970972544,0.0
0.1645,0.40915693665390623,0.15882377456065036,0.0
0.16455,0.30711899204057574,0.15963975760712448,0.0
0.1646,0.32210636373436624,0.16056635748514556,0.0
0.16465000000000002,0.3944246348542308,0.1620574520197644,0.0
0.1647,0.4667429059740552,0.16410727815225715,0.0
0.16475,0.6561947376250653,0.16763976309310943,0.0
0.1648,1.1469947376252214,0.17503142215956682,0.0
0.16485,1.6377947376247268,0.18624285613526245,0.0
0.16490000000000002,2.1285947376249683,0.2012350680397074,0.0
0.16495,2.619394737624658,0.2199694590217488,0.0
0.165,3.110194737624896,0.24240782429499275,0.0
0.16505,3.600994737625043,0.2685123491146907,0.0
0.1651,4.091794737624768,0.29824560479571494,0.0
0.16515000000000002,4.582594737625339,0.3315705447711979,0.0
0.1652,4.93818085631121,0.36737737464919995,0.0
0.16525,4.949080502271945,0.40290514930555293,0.0
0.1653,4.959980148232679,0.438156717680651,0.0
0.16535,4.970879794193414,0.47313489962938576,0.0
0.16540000000000002,4.981779440154154,0.507842486218087,0.0
0.16545,4.992679086114889,0.5422822400184318,0.0
0.1655,5.003578732075623,0.5764568953983532,0.0
0.16555,5.014478378036358,0.6103691588099789,0.0
0.1656,5.025378023997093,0.6440217090746303,0.0
0.16565000000000002,5.032368073399601,0.6773861691207989,0.0
0.16570000000000001,5.036095668336309,0.0,1.0
0.16575,5.039823263273018,0.03999859732756364,0.0
0.1658,5.043550858209726,0.07961842365376998,0.0
0.16585,5.0472784531464345,0.11886334594086229,0.0
0.16590000000000002,5.051006048083146,0.1577371916723568,0.0
0.16595000000000001,5.054733643019854,0.19624374925609026,0.0
0.166,5.058461237956562,0.23438676842315267,0.0
0.16605,5.062188832893271,0.27216996062274745,0.0
0.1661,5.065916427829979,0.3095969994130201,0.0
0.16615000000000002,5.069644022766689,0.346671520847897,0.0
0.16620000000000001,5.073371617703398,0.38339712385997465,0.0
0.16625,5.077099212640106,0.41977737063950027,0.0
0.1663,5.080826807576814,0.455815787009483,0.0
0.16635,5.084554402513523,0.49151586279697546,0.0
0.16640000000000002,5.088281997450233,0.5268810522005651,0.0
0.16645000000000001,5.092009592386941,0.5619147741541137,0.0
0.1665,5.09573718732365,0.5966204126867829,0.0
0.16655,5.099464782260358,0.6310013172793846,0.0
0.1666,5.103192377197066,0.6650608032170934,0.0
0.16665000000000002,5.106919972133777,0.0,1.0
0.16670000000000001,5.110647567070485,0.04056069497674989,0.0
0.16675,5.114375162007193,0.08073688036503136,0.0
0.1668,5.118102756943902,0.1205324817136733,0.0
0.16685,5.12183035188061,0.15995138449465326,0.0
0.16690000000000002,5.125557946817321,0.19899743451225152,0.0
0.16695000000000002,5.1292855417540295,0.23767443830802784,0.0
0.167,5.133013136690738,0.2759861635616639,0.0
0.16705,5.136740731627446,0.3139363394877132,0.0
0.1671,5.140468326564155,0.3515286572283009,0.0
0.16715000000000002,5.144195921500865,0.38876677024181394,0.0
0.16720000000000002,5.147923516437573,0.4256542946876232,0.0
0.16725,5.1516511113742816,0.4621948098068781,0.0
0.1673,5.15537870631099,0.4983918582994131,0.0
0.16735,5.144260589296553,0.5341311235860837,0.0
0.16740000000000002,5.016776246165125,0.5684937378061943,0.0
0.16745000000000002,4.889291903033768,0.6014937555142851,0.0
0.1675,4.761807559902411,0.6331450877786425,0.0
0.16755,4.634323216771054,0.663461503646185,0.0
0.1676,4.506838873639697,0.0,1.0
0.16765000000000002,4.3793545305082695,0.03475678198816087,0.0
0.16770000000000002,4.2518701873769125,0.06814694331284599,0.0
0.16775,4.124385844245555,0.10018443612585057,0.0
0.1678,3.9969015011141984,0.13088307013817047,0.0
0.16785,3.8694171579828414,0.16025651407421387,0.0
0.16790000000000002,3.7419328148514133,0.18831829711116582,0.0
0.16795000000000002,3.6144484717200562,0.2150818103036605,0.0
0.168,3.486964128588699,0.24056030799390501,0.0
0.16805,3.359479785457342,0.26476690920740936,0.0
0.1681,3.231995442325985,0.28771459903446633,0.0
0.16815000000000002,3.1045110991945575,0.30941622999752727,0.0
0.16820000000000002,2.9770267560632004,0.32988452340461977,0.0
0.16825,2.8495424129318434,0.3491320706889451,0.0
0.1683,2.7220580698004864,0.36717133473480135,0.0
0.16835,2.5945737266691293,0.38401465118996947,0.0
0.16840000000000002,2.4670893835377017,0.3996742297647001,0.0
0.16845000000000002,2.3396050404063446,0.4141621555174413,0.0
0.1685,2.2121206972749876,0.4274903901274363,0.0
0.16855,2.0846363541436306,0.43967077315433145,0.0
0.1686,1.9571520110122735,0.45071502328492397,0.0
0.16865,1.8296676678809165,0.4606347395671811,0.0
0.16870000000000002,1.7021833247494889,0.46944140263166073,0.0
0.16875,1.5746989816181318,0.4771463759004641,0.0
0.1688,1.4472146384867748,0.48376090678384287,0.0
0.16885,1.3197302953554177,0.4892961278645919,0.0
0.1689,1.1922459522240607,0.49376305807035,0.0
0.16895000000000002,1.064761609092633,0.49717260383393114,0.0
0.169,0.937277265961276,0.4995355602418127,0.0
0.16905,0.809792922829919,0.5008626121708946,0.0
0.1691,0.682308579698562,0.501164335413655,0.0
0.16915,0.5548242365672049,0.5004511977918196,0.0
0.16920000000000002,1.5319371263176205,0.5075002049640703,0.0
0.16925,2.8111659973858103,0.5246298572519508,0.0
0.1693,1.3404502202869142,0.5299122814532791,0.0
0.16935,0.8878384420993649,0.5315486191737185,0.0
0.1694,1.3786384420995499,0.5370634892327278,0.0
0.16945000000000002,1.8694384420995105,0.5464172947813941,0.0
0.1695,2.360238442099297,0.559570843224349,0.0
0.16955,2.812508670288744,0.5761795502528856,0.0
0.1696,2.8910366702887353,0.5932419331800846,0.0
0.16965,2.969564670288727,0.6107533603219877,0.0
0.16970000000000002,2.9436836185250077,0.6278806040126218,0.0
0.16975,4.814238442099208,0.6596786648469022,0.0
0.1698,4.294965553737195,0.0,1.0
0.16985,4.597919607551975,0.03649142545676171,0.0
0.1699,3.2918413557307376,0.06224460095663541,0.0
0.16995000000000002,3.7826413557308283,0.09163009432568499,0.0
0.17,4.273441355731042,0.12461082237643031,0.0
0.17005,4.19782328912909,0.15665469903140397,0.0
0.1701,3.576894687876587,0.18344342744074604,0.0
0.17015,2.955966086624084,0.20503065864895553,0.0
0.17020000000000002,2.335037485371236,0.22146949596439627,0.0
0.17025,1.7141088841187329,0.23281250055127206,0.0
0.1703,1.0931802828662294,0.23911169696449575,0.0
0.17035,0.4722516816137263,0.2404185786280624,0.0
0.1704,0.3458489672025356,0.2407089218832145,0.0
0.17045000000000002,0.36306576562151627,0.24113294221307682,0.0
0.1705,0.3802825640404873,0.24168927487695152,0.0
0.17055,0.3974993624594584,0.24237656906709956,0.0
0.1706,0.4147161608784295,0.24319348776649585,0.0
0.17065,0.37367172016352845,0.24367631682125984,0.0
0.17070000000000002,-0.018132680180489982,0.24104465782774886,0.0
0.17075,0.01946051130884445,0.23873822472250691,0.0
0.1708,0.147053010257995,0.23746797741587955,0.0
0.17085,0.24801472471698785,0.2370119818108667,0.0
0.1709,0.23696004561040174,0.2364729060237748,0.0
0.17095000000000002,0.2259053665038095,0.23585159823972393,0.0
0.171,0.21485068739722338,0.2351488979845128,0.0
0.17105,0.20379600829063726,0.23436563621302373,0.0
0.1711,0.19274132918405112,0.23350263539672522,0.0
0.17115,0.18168665007746504,0.2325607096102811,0.0
0.17120000000000002,0.1706319709708728,0.23154066461727543,0.0
0.17125,0.15957729186428665,0.23044329795506238,0.0
0.1713,0.14852261275770057,0.22926939901874965,0.0
0.17135,0.13746793365111443,0.22801974914432466,0.0
0.1714,0.12641325454452831,0.2266951216909319,0.0
0.17145000000000002,0.11535857543793607,0.2252962821223104,0.0
0.1715,0.10430389633134995,0.22382398808739998,0.0
0.17155,0.09324921722476384,0.22227898950012415,0.0
0.1716,0.08219453811817773,0.2206620286183588,0.0
0.17165,0.07113985901159162,0.21897384012209453,0.0
0.17170000000000002,0.06008517990499937,0.21721515119080115,0.0
0.17175,0.04903050079841323,0.21538668158000224,0.0
0.1718,0.037975821691827116,0.21348914369706795,0.0
0.17185,0.026921142585241004,0.21152324267623399,0.0
0.1719,0.01586646347865489,0.20948967645285482,0.0
0.17195000000000002,0.004811784372062644,0.2073891358368987,0.0
0.17200000000000001,-0.006242894734523441,0.20522230458569243,0.0
0.17205,-0.01729757384110958,0.2029898594759235,0.0
0.1721,-0.028352252947695722,0.20069247037490692,0.0
0.17215,-0.03940693205428181,0.1983308003111248,0.0
0.17220000000000002,-0.050461611160874054,0.1959055055440454,0.0
0.17225000000000001,-0.061516290267460194,0.19341723563322988,0.0
0.1723,-0.07257096937404628,0.19086663350673297,0.0
0.17235,-0.07116670276578718,0.18835321605035207,0.0
0.1724,-0.06896015170605707,0.18588297097396023,0.0
0.17245000000000002,-0.06675360064632574,0.18345545752057557,0.0
0.17250000000000001,-0.06454704958659564,0.18107023943300796,0.0
0.17255,-0.06234049852686554,0.17872688490791952,0.0
0.1726,-0.060133947467135435,0.1764249665503542,0.0
0.17265,-0.05792739640740533,0.17416406132873155,0.0
0.17270000000000002,-0.055720845347674006,0.17194375053030012,0.0
0.17275000000000001,-0.053514294287943895,0.16976361971704534,0.0
0.1728,-0.0513077432282138,0.16762325868204783,0.0
0.17285,-0.04910119216848369,0.16552226140628715,0.0
0.1729,-0.04689464110875359,0.16346022601588653,0.0
0.17295000000000002,-0.04468809004902226,0.16143675473979416,0.0
0.17300000000000001,-0.04248153898929216,0.1594514538678964,0.0
0.17305,-0.04027498792956205,0.15750393370955879,0.0
0.1731,-0.03806843686983195,0.15559380855259022,0.0
0.17315,-0.03586188581010184,0.1537206966226261,0.0
0.17320000000000002,-0.03365533475037052,0.1518842200429261,0.0
0.17325000000000002,-0.031448783690640414,0.15008400479458234,0.0
0.1733,-0.02924223263091031,0.14831968067713402,0.0
0.17335,-0.027035681571180206,0.14659088126958394,0.0
0.1734,-0.024829130511450102,0.14489724389181297,0.0
0.17345000000000002,-0.022622579451718777,0.14323840956638867,0.0
0.17350000000000002,-0.020416028391988673,0.14161402298076364,0.0
0.17355,-0.01820947733225857,0.14002373244985986,0.0
0.1736,-0.016002926272528466,0.13846718987903495,0.0
0.17365,-0.013796375212798362,0.13694405072742663,0.0
0.17370000000000002,-0.01158982415306703,0.13545397397167136,0.0
0.17375000000000002,-0.009383273093336933,0.13399662206999324,0.0
0.1738,-0.007176722033606822,0.13257166092665984,0.0
0.17385,0.13788214657375444,0.13231250840876593,0.0
0.1739,0.366052280705769,0.1338668757202951,0.0
0.17395000000000002,0.2716676653211075,0.1346562898812547,0.0
0.17400000000000002,0.17728304993649832,0.13468856047828337,0.0
0.17405,0.08289843455188917,0.13397141736811244,0.0
0.1741,-0.011486180832720017,0.13251251149154772,0.0
0.17415,0.08788506020554852,0.13185716057138583,0.0
0.17420000000000002,0.5786850602055884,0.13510373837815087,0.0
0.17425000000000002,1.0694850602058574,0.14221240920370182,0.0
0.1743,1.5602850602053089,0.15314374403200343,0.0
0.17435,2.0510850602056125,0.16785871638713248,0.0
0.1744,2.5418850602058503,0.18631869822363062,0.0
0.17445000000000002,3.0326850602055435,0.2084854558588374,0.0
0.17450000000000002,3.317946590907538,0.23268988825391704,0.0
0.17455,3.3532785937585774,0.2569276246266093,0.0
0.1746,3.3886105966096167,0.2811983249687733,0.0
0.17465,3.401498790780854,0.3053235272777785,0.0
0.17470000000000002,3.4094998020266076,0.32926592981119274,0.0
0.17475000000000002,3.4175008132723566,0.3530273988149211,0.0
0.1748,3.425501824518106,0.3766097814819255,0.0
0.17485,3.433502835763855,0.4000149061467402,0.0
0.1749,3.4415038470096038,0.4232445824780023,0.0
0.17495000000000002,3.4495048582553576,0.44630060166901614,0.0
0.17500000000000002,3.4575058695011065,0.4691847366263723,0.0
0.17505,3.465506880746856,0.49189874215664087,0.0
0.1751,3.473507891992605,0.514444355151159,0.0
0.17515,3.4815089032383537,0.5368232947689318,0.0
0.1752,3.489509914484103,0.5590372626176654,0.0
0.17525000000000002,3.4975109257298564,0.5810879429329529,0.0
0.1753,3.505511936975606,0.6029770027556299,0.0
0.17535,3.5135129482213547,0.6247060921073202,0.0
0.1754,3.5215139594671037,0.6462768441641886,0.0
0.17545,3.5305043214501994,0.6676987274188992,0.0
0.17550000000000002,3.539932118060373,0.0,1.0
0.17555,3.5493599146705415,0.028169523132305887,0.0
0.1756,3.55878771128071,0.05612628075984245,0.0
0.17565,3.5682155078908786,0.0838724450556923,0.0
0.1757,3.577643304501047,0.11141016601671212,0.0
0.17575000000000002,3.5857800464883764,0.13873132522467435,0.0
0.1758,3.592472773761105,0.16582667317521044,0.0
0.17585,3.599165501033833,0.19269851522856032,0.0
0.1759,3.605858228306561,0.21934913320899904,0.0
0.17595,3.6125509555792896,0.24578078564512088,0.0
0.17600000000000002,3.6192436828520216,0.2719957080076705,0.0
0.17605,3.764299628363705,0.29909423372462013,0.0
0.1761,4.255099628363824,0.329811342313941,0.0
0.17615,4.745899628363364,0.3641100908119603,0.0
0.1762,5.008553473475907,0.4001432296454709,0.0
0.17625000000000002,5.017920826564811,0.4358828417614373,0.0
0.1763,5.027288179653709,0.47133192384315914,0.0
0.17635,5.036655532742608,0.5064934419800913,0.0
0.1764,5.046022885831506,0.5413703319801838,0.0
0.17645,5.055390238920404,0.5759654996790329,0.0
0.17650000000000002,5.0647575920093075,0.6102818212458756,0.0
0.17655,5.074124945098206,0.6443221434864608,0.0
0.1766,5.083492298187104,0.6780892841428279,0.0
0.17665,5.092859651276003,0.0,1.0
0.1767,5.102227004364901,0.040493865114007155,0.0
0.17675000000000002,5.090170941119464,0.0804786357929039,0.0
0.1768,5.022147342450414,0.11951532271244572,0.0
0.17685,4.954123743781365,0.15761360508272992,0.0
0.1769,4.886100145112316,0.19478306329652129,0.0
0.17695,4.818076546443267,0.2310331799381015,0.0
0.17700000000000002,4.750052947774179,0.26637334078181857,0.0
0.17705,4.682029349105131,0.30081283578044316,0.0
0.1771,4.614005750436081,0.3343608600434328,0.0
0.17715,4.545982151767032,0.3670265148052097,0.0
0.1772,4.477958553097983,0.3988188083835532,0.0
0.17725000000000002,4.409934954428896,0.4297466571282073,0.0
0.1773,4.341911355759846,0.45981888635980483,0.0
0.17735,4.273887757090797,0.4890442312992042,0.0
0.1774,4.205864158421748,0.5174313379873395,0.0
0.17745,4.137840559752698,0.5449887641956792,0.0
0.17750000000000002,4.069816961083612,0.5717249803273898,0.0
0.17755,4.0017933624145625,0.5976483703093001,0.0
0.1776,3.933769763745513,0.6227672324747575,0.0
0.17765,3.8657461650764637,0.6470897804374727,0.0
0.1777,3.7977225664074146,0.6706241439564419,0.0
0.17775000000000002,3.7296989677383277,0.0,1.0
0.1778,3.661675369069278,0.02906091562753396,0.0
0.17785,3.5936517704002293,0.05728527170132394,0.0
0.1779,3.5256281717311797,0.08468160885462066,0.0
0.17795,3.4576045730621305,0.11125838052734112,0.0
0.17800000000000002,3.389580974393043,0.1370239538562456,0.0
0.17805,3.3215573757239945,0.16198661055602775,0.0
0.1781,3.253533777054945,0.1861545477914077,0.0
0.17815,3.1855101783858957,0.20953587904032286,0.0
0.1782,3.1174865797168465,0.23213863494830608,0.0
0.17825000000000002,3.0494629810477596,0.2539707641741407,0.0
0.17830000000000001,2.98143938237871,0.27504013422688367,0.0
0.17835,2.913415783709661,0.295354532294341,0.0
0.1784,2.8453921850406116,0.3149216660630869,0.0
0.17845,2.7773685863715625,0.3337491645301104,0.0
0.17850000000000002,2.7093449877024756,0.3518445788061754,0.0
0.17855000000000001,2.641321389033426,0.3692153829109808,0.0
0.1786,2.573297790364377,0.3858689745602,0.0
0.17865,2.5052741916953276,0.40181267594448694,0.0
0.1787,2.4372505930262784,0.4170537345005292,0.0
0.17875000000000002,2.369226994357191,0.43159932367422804,0.0
0.17880000000000001,2.301203395688142,0.44545654367608895,0.0
0.17885,2.2331797970190927,0.458632422228898,0.0
0.1789,2.1651561983500436,0.4711339153077664,0.0
0.17895,2.2827287646798946,0.48444089330911844,0.0
0.17900000000000002,2.278867761048155,0.4975813743561644,0.0
0.17905000000000001,2.2262820467624476,0.5101703542026631,0.0
0.1791,2.17369633247674,0.5222134632540891,0.0
0.17915,2.121110618191032,0.5337162744337832,0.0
0.1792,2.0685249039053244,0.5446843037698009,0.0
0.17925000000000002,4.274151987433424,0.5730453347679431,0.0
0.17930000000000001,2.7235316783117893,0.5888103109399945,0.0
0.17935,3.214331678311213,0.608309576857471,0.0
0.1794,3.7051316783114485,0.6315050082780285,0.0
0.17945,4.195931678311746,0.6583588701786743,0.0
0.17950000000000002,4.686731678312197,0.0,1.0
0.17955000000000002,5.027050183959189,0.039897223682215786,0.0
0.1796,4.7778992807632985,0.07740973910306206,0.0
0.17965,4.528748377567409,0.11256189231008455,0.0
0.1797,4.279597474371517,0.14537778079630315,0.0
0.17975000000000002,4.030446571175489,0.17588125603776253,0.0
0.17980000000000002,3.781295667979598,0.20409592600518045,0.0
0.17985,3.532144764783707,0.23004515764994776,0.0
0.1799,3.2829938615878165,0.2537520793647524,0.0
0.17995,3.0338429583919253,0.2752395834190814,0.0
0.18000000000000002,2.7846920551958965,0.29453032836985693,0.0
0.18005000000000002,2.5355411520000057,0.3116467414474663,0.0
0.1801,2.286390248804115,0.3266110209174256,0.0
0.18015,2.0372393456082243,0.33944513841793705,0.0
0.1802,1.7880884424123336,0.35017084127358056,0.0
0.18025000000000002,1.5389375392163043,0.358809654785383,0.0
0.18030000000000002,1.2897866360204135,0.36538288449751244,0.0
0.18035,1.0406357328245228,0.3699116184408241,0.0
0.1804,0.7914848296286321,0.3724167293535061,0.0
0.18045,0.5423339264327414,0.37291887687905306,0.0
0.18050000000000002,0.2931830232367121,0.37143850974179854,0.0
0.18055000000000002,0.044032120040821354,0.36799586790024197,0.0
0.1806,0.5103462464696649,0.3682892785642953,0.0
0.18065,1.0011462464690941,0.37247493182509994,0.0
0.1807,1.491946246469352,0.3805130908625009,0.0
0.18075000000000002,1.9610389094251586,0.39219214408614617,0.0
0.18080000000000002,1.7335142691374072,0.40194621199501523,0.0
0.18085,1.505989628849656,0.4097949472169609,0.0
0.1809,1.2784649885619048,0.4157578017415359,0.0
0.18095,1.0509403482741535,0.4198540289683562,0.0
0.18100000000000002,0.8234157079862761,0.4221026857345516,0.0
0.18105000000000002,0.5958910676985247,0.4225226343215212,0.0
0.1811,0.3683664274107734,0.4211325444411958,0.0
0.18115,0.1408417871230223,0.4179508952020258,0.0
0.1812,-0.06472642927786185,0.4131702343873323,0.0
0.18125000000000002,-0.06435660342387642,0.4084413155891769,0.0
0.18130000000000002,-0.06398677756989121,0.4037636105611425,0.0
0.18135,-0.06361695171590599,0.39913659644980404,0.0
0.1814,-0.06324712586192079,0.39455975573966995,0.0
0.18145,-0.06287730000793557,0.3900325761986861,0.0
0.18150000000000002,-0.06250747415395015,0.38555455082429585,0.0
0.18155000000000002,-0.06213764829996493,0.38112517779005095,0.0
0.1816,-0.06176782244597972,0.3767439603927674,0.0
0.18165,-0.061397996591994505,0.3724104070002208,0.0
0.1817,-0.06102817073800929,0.3681240309993758,0.0
0.18175,-0.06065834488402407,0.36388435074514386,0.0
0.18180000000000002,-0.06028851903003865,0.35969088950966466,0.0
0.18185,-0.05991869317605344,0.3555431754321045,0.0
0.1819,-0.059548867322068225,0.35144074146896814,0.0
0.18195,-0.05917904146808301,0.34738312534491705,0.0
0.182,-0.0588092156140978,0.3433698695040905,0.0
0.18205000000000002,-0.05843938976011238,0.33940052106192303,0.0
0.1821,-0.058069563906127164,0.33547463175745434,0.0
0.18215,-0.057699738052141944,0.33159175790612566,0.0
0.1822,-0.05732991219815673,0.32775146035305824,0.0
0.18225,-0.05696008634417152,0.32395330442680886,0.0
0.18230000000000002,-0.056590260490186096,0.3201968598935972,0.0
0.18235,-0.05622043463620088,0.3164817009120008,0.0
0.1824,-0.05585060878221567,0.31280740598811246,0.0
0.18245,-0.05548078292823046,0.30917355793115553,0.0
0.1825,-0.05511095707424524,0.30557974380955194,0.0
0.18255000000000002,-0.05474113122025982,0.3020255549074394,0.0
0.1826,-0.0543713053662746,0.29851058668163183,0.0
0.18265,-0.05400147951228939,0.2950344387190198,0.0
0.1827,-0.053631653658304176,0.29159671469440546,0.0
0.18275,-0.05326182780431896,0.28819702232876815,0.0
0.18280000000000002,-0.05289200195033354,0.28483497334795593,0.0
0.18285,-0.05252217609634833,0.28151018344179907,0.0
0.1829,-0.052152350242363116,0.2782222722236407,0.0
0.18295,-0.051782524388377896,0.2749708631902809,0.0
0.183,-0.05141269853439268,0.2717555836823294,0.0
0.18305000000000002,-0.05104287268040726,0.26857606484496327,0.0
0.1831,-0.05067304682642205,0.2654319415890853,0.0
0.18315,-0.050303220972436835,0.2623228525528787,0.0
0.1832,-0.04993339511845162,0.2592484400637544,0.0
0.18325,-0.04956356926446641,0.25620835010068715,0.0
0.18330000000000002,-0.04919374341048099,0.25320223225693533,0.0
0.18335,-0.048823917556495774,0.25022973970314233,0.0
0.1834,-0.048454091702510554,0.24729052915081398,0.0
0.18345,-0.04808426584852535,0.2443842608161691,0.0
0.1835,-0.04771443999454013,0.24151059838435904,0.0
0.18355000000000002,-0.047344614140554714,0.23866920897405255,0.0
0.1836,0.010375382785982469,0.2363149231902596,0.0
0.18365,0.5011753827861987,0.23787991095902294,0.0
0.1837,0.9919753827863355,0.2433241594947946,0.0
0.18375,1.4827753827858579,0.2526080645119613,0.0
0.18380000000000002,1.8456227341425098,0.26467692884293054,0.0
0.18385,1.8528649588871176,0.2766800572734001,0.0
0.1839,1.8601071836317251,0.2886181209166399,0.0
0.18395,1.867349408376333,0.3004917840343666,0.0
0.184,1.8745916331209405,0.3123017041066928,0.0
0.18405000000000002,1.8818338578655522,0.3240485319013619,0.0
0.1841,1.8890760826101598,0.3357329115422764,0.0
0.18415,1.8963183073547676,0.34735548057732635,0.0
0.1842,1.9035605320993751,0.35891687004552547,0.0
0.18425,1.910802756843983,0.37041770454346173,0.0
0.18430000000000002,1.9180449815885945,0.38185860229106966,0.0
0.18435,1.9252872063332023,0.393240175196731,0.0
0.1844,1.93252943107781,0.4045630289217109,0.0
0.18445,1.9363708928022927,0.4158007727612369,0.0
0.1845,1.9397402291867316,0.42695052859563987,0.0
0.18455000000000002,1.9431095655711723,0.43801319471515976,0.0
0.18460000000000001,1.9464789019556112,0.44898966023918013,0.0
0.18465,1.9498482383400502,0.4598808052098556,0.0
0.1847,1.953217574724489,0.4706875006847834,0.0
0.18475,1.956586911108928,0.48141060882872894,0.0
0.18480000000000002,1.9599562474933687,0.49205098300441474,0.0
0.18485000000000001,1.9633255838778076,0.5026094678623826,0.0
0.1849,1.9666949202622466,0.5130868994299381,0.0
0.18495,1.9700642566466855,0.5234841051991878,0.0
0.185,1.9734335930311244,0.5338019042141761,0.0
0.18505000000000002,1.9768029294155653,0.5440411071571347,0.0
0.18510000000000001,1.9801722658000043,0.5542025164338494,0.0
0.18515,1.9835416021844432,0.5642869262581567,0.0
0.1852,1.9869109385688821,0.5742951227355771,0.0
0.18525,1.9902802749533208,0.5842278839460953,0.0
0.18530000000000002,1.9936496113377618,0.5940859800260939,0.0
0.18535000000000001,1.998501022744169,0.6038819357496269,0.0
0.1854,2.0051937500168973,0.6136309991401959,0.0
0.18545,2.011886477289625,0.6233336489326577,0.0
0.1855,2.0185792045623536,0.6329903589743524,0.0
0.18555000000000002,2.025271931835085,0.642601598275001,0.0
0.18560000000000001,2.0319646591078135,0.6521678310560938,0.0
0.18565,2.164392864575953,0.6626874174203735,0.0
0.1857,2.6551928645760663,0.6769948449483955,0.0
0.18575,3.1459928645755664,0.0,1.0
0.18580000000000002,3.6367928645760483,0.028863435433143243,0.0
0.18585000000000002,4.127592864576509,0.0613274353602447,0.0
0.1859,4.618392864575769,0.09735524077149002,0.0
0.18595,4.736958925966078,0.13395623033044404,0.0
0.186,4.748372879454447,0.1702741387105473,0.0
0.18605000000000002,4.759786832942822,0.2063118559541381,0.0
0.18610000000000002,4.7712007864311925,0.24207224259843252,0.0
0.18615,4.782614739919562,0.2775581299767495,0.0
0.1862,4.794028693407931,0.3127723205166602,0.0
0.18625,5.0014650371051275,0.34927332129071914,0.0
0.18630000000000002,5.017509019274527,0.3855290079543239,0.0
0.18635000000000002,5.033553001443918,0.42154188497692807,0.0
0.1864,5.049596983613309,0.4573144312592678,0.0
0.18645,5.0656409657827,0.49284910039439844,0.0
0.1865,5.081684947952091,0.5281483209260668,0.0
0.18655000000000002,5.097728930121492,0.5632144966044452,0.0
0.18660000000000002,5.101769397146241,0.5979547406460439,0.0
0.18665,5.103058431945978,0.6323505437999142,0.0
0.1867,5.104347466745716,0.6664054225440946,0.0
0.18675,5.105636501545453,0.0,1.0
0.18680000000000002,5.106925536345191,0.04053115505035866,0.0
0.18685000000000002,5.108214571144928,0.08065874844042478,0.0
0.1869,5.109503605944665,0.1203869002261097,0.0
0.18695,5.110792640744402,0.15971968840070494,0.0
0.187,5.11208167554414,0.19866114932430923,0.0
0.18705000000000002,5.113370710343878,0.23721527814887178,0.0
0.18710000000000002,5.114659745143615,0.27538602923889577,0.0
0.18715,5.115948779943352,0.3131773165878471,0.0
0.1872,5.117237814743089,0.3505930142303117,0.0
0.18725,5.118526849542826,0.3876369566499453,0.0
0.18730000000000002,5.1198158843425645,0.4243129391832581,0.0
0.18735000000000002,5.121104919142302,0.460624718419277,0.0
0.1874,5.122393953942039,0.4965760125951281,0.0
0.18745,5.123682988741777,0.5321705019875801,0.0
0.1875,5.124972023541514,0.5674118293005905,0.0
0.18755000000000002,5.126261058341251,0.6023036000488953,0.0
0.18760000000000002,5.127550093140989,0.6368493829376825,0.0
0.18765,5.128839127940727,0.6710527102383894,0.0
0.1877,5.130128162740464,0.0,1.0
0.18775,5.131417197540201,0.04072553331381112,0.0
0.18780000000000002,5.132706232339939,0.08104552051391854,0.0
0.18785000000000002,5.133995267139676,0.12096410191598528,0.0
0.1879,5.135284301939413,0.16048537556621786,0.0
0.18795,5.136573336739151,0.19961339767290523,0.0
0.188,5.137862371538888,0.23835218303355182,0.0
0.18805000000000002,5.139151406338626,0.27670570545765005,0.0
0.18810000000000002,5.140440441138363,0.31467789818513653,0.0
0.18815,5.1417294759381,0.35227265430057625,0.0
0.1882,5.1430185107378374,0.38949382714311814,0.0
0.18825,5.144307545537575,0.4263452307122655,0.0
0.1883,5.145596580337312,0.4628306400695035,0.0
0.18835000000000002,5.14688561513705,0.49895379173582677,0.0
0.1884,5.148174649936787,0.5347183840852082,0.0
0.18845,5.149463684736524,0.5701280777340509,0.0
0.1885,5.1507527195362615,0.6051864959266643,0.0
0.18855,5.152041754335999,0.639897224916804,0.0
0.18860000000000002,5.153330789135737,0.6742638143453179,0.0
0.18865,5.154619823935474,0.0,1.0
0.1887,5.155908858735211,0.04091991157726359,0.0
0.18875,4.9225791281732025,0.07957023889406514,0.0
0.1888,4.686392097456611,0.11595147568459306,0.0
0.18885000000000002,4.45020506673989,0.1500867876277401,0.0
0.1889,4.214018036023299,0.18199910389853646,0.0
0.18895,4.6092220008917275,0.21672215923017046,0.0
0.189,5.070494312188971,0.25475161008224245,0.0
0.18905,4.836780026474762,0.2905379340422415,0.0
0.18910000000000002,4.603065740760424,0.32410403172021185,0.0
0.18915,4.369351455046215,0.3554725699284856,0.0
0.1892,4.135637169332006,0.38466598406857505,0.0
0.18925,3.879120550720566,0.41152550959769185,0.0
0.1893,3.6202722852605476,0.4360564685998987,0.0
0.18935000000000002,3.3614240198003853,0.45828263395856805,0.0
0.1894,3.102575754340367,0.4782275358541166,0.0
0.18945,2.843727488880348,0.4959144642418136,0.0
0.1895,2.58487922342033,0.511366471304297,0.0
0.18955,2.3260309579603113,0.52460637387905,0.0
0.18960000000000002,2.067182692500149,0.5356567558610941,0.0
0.18965,1.8083344270401307,0.5445399705811568,0.0
0.1897,1.5494861615801123,0.5512781431595535,0.0
0.18975,1.290637896120094,0.5558931728360422,0.0
0.1898,1.0317896306600756,0.5584067352758914,0.0
0.18985000000000002,0.7729413651999133,0.558840284852403,0.0
0.1899,0.5140930997398949,0.5572150569061385,0.0
0.18995,0.5175149925558853,0.555633579173738,0.0
0.19,0.542216086647787,0.5542642875487865,0.0
0.19005,0.5669171807396887,0.5531050157734051,0.0
0.19010000000000002,0.9236365690501872,0.5547886855326825,0.0
0.19015,1.414436569050261,0.5603504044066113,0.0
0.1902,1.9052365690499076,0.5697505804796239,0.0
0.19025,2.3960365690500747,0.5829500260393383,0.0
0.1903,2.8868365690501423,0.5999099534499407,0.0
0.19035000000000002,0.462708036005435,0.597457617630852,0.0
0.1904,1.638418646938343,0.6043613548796581,0.0
0.19045,2.814129257871251,0.620525646845774,0.0
0.1905,1.4825559684862144,0.6259568717739707,0.0
0.19055,2.346039482681702,0.6381856918128574,0.0
0.19060000000000002,2.8368394826822514,0.6541849030468783,0.0
0.19065000000000001,3.327639482681862,0.6739160126654837,0.0
0.1907,3.818439482681956,0.0,1.0
0.19075,3.9539847649475566,0.03138083146783775,0.0
0.1908,3.7673671336029635,0.060960196333900304,0.0
0.19085000000000002,3.5807495022582674,0.08875648619444594,0.0
0.19090000000000001,3.3941318709136743,0.11478790488160251,0.0
0.19095,3.2075142395690817,0.13907247038029313,0.0
0.191,3.020896608224489,0.1616280167255949,0.0
0.19105,2.8342789768798964,0.182472195880726,0.0
0.19110000000000002,2.6476613455352,0.2016224795958594,0.0
0.19115000000000001,2.461043714190607,0.21909616124796277,0.0
0.1912,2.274426082846014,0.23491035766184984,0.0
0.19125,2.087808451501421,0.24908201091264381,0.0
0.1913,1.9011908201568284,0.26162789010983806,0.0
0.19135000000000002,1.7145731888121323,0.27256459316314197,0.0
0.19140000000000001,1.5279555574675392,0.2819085485303025,0.0
0.19145,1.3413379261229466,0.2896760169470764,0.0
0.1915,1.154720294778354,0.2958830931395445,0.0
0.19155,0.9681026634337608,0.30054570751894333,0.0
0.19160000000000002,0.7814850320890647,0.30367962785919345,0.0
0.19165000000000001,0.5948674007444716,0.3053004609573043,0.0
0.1917,0.408249769399879,0.3054236542768229,0.0
0.19175,0.22163213805528637,0.30406449757450765,0.0
0.1918,0.03501450671069328,0.3012381245103939,0.0
0.19185000000000002,-0.0729404341539506,0.29758382130872324,0.0
0.19190000000000002,-0.07222760575056276,0.29397248311624513,0.0
0.19195,-0.07151477734717492,0.290403671293075,0.0
0.192,-0.07080194894378708,0.28687695167750593,0.0
0.19205,-0.07008912054039924,0.2833918945402901,0.0
0.19210000000000002,-0.069376292137011,0.27994807453938664,0.0
0.19215000000000002,-0.06866346373362317,0.2765450706751715,0.0
0.1922,-0.06795063533023532,0.2731824662461049,0.0
0.19225,-0.06723780692684748,0.26985984880485114,0.0
0.1923,-0.06652497852345965,0.2665768101148463,0.0
0.19235000000000002,-0.06581215012007141,0.2633329461073096,0.0
0.19240000000000002,-0.06509932171668358,0.2601278568386935,0.0
0.19245,-0.06438649331329573,0.2569611464485681,0.0
0.1925,-0.06367366490990789,0.2538324231179359,0.0
0.19255,-0.06296083650652005,0.2507412990279716,0.0
0.19260000000000002,-0.062248008103131816,0.24768739031918355,0.0
0.19265000000000002,-0.06153517969974398,0.2446703170509919,0.0
0.1927,-0.06082235129635614,0.24168970316171956,0.0
0.19275,-0.060109522892968295,0.23874517642899157,0.0
0.1928,-0.05939669448958046,0.23583636843053873,0.0
0.19285000000000002,-0.05868386608619222,0.23296291450540146,0.0
0.19290000000000002,-0.057971037682804386,0.2301244537155297,0.0
0.19295,-0.05725820927941654,0.22732062880777476,0.0
0.193,-0.0565453808760287,0.22455108617626948,0.0
0.19305,-0.055832552472640865,0.2218154758251921,0.0
0.19310000000000002,-0.055119724069252626,0.21911345133191054,0.0
0.19315000000000002,-0.05440689566586479,0.21644466981050287,0.0
0.1932,-0.05369406726247695,0.21380879187565016,0.0
0.19325,-0.052981238859089105,0.21120548160689806,0.0
0.1933,-0.05226841045570127,0.2086344065132831,0.0
0.19335000000000002,-0.05155558205231303,0.20609523749832034,0.0
0.19340000000000002,-0.050842753648925196,0.2035876488253482,0.0
0.19345,-0.05012992524553735,0.20111131808322727,0.0
0.1935,-0.04941709684214951,0.19866592615238937,0.0
0.19355,-0.048704268438761675,0.19625115717123304,0.0
0.19360000000000002,-0.04799144003537344,0.19386669850286214,0.0
0.19365000000000002,-0.0472786116319856,0.19151224070216422,0.0
0.1937,-0.04656578322859776,0.18918747748322468,0.0
0.19375,-0.045852954825209916,0.18689210568707393,0.0
0.1938,-0.04514012642182208,0.1846258252497636,0.0
0.19385000000000002,-0.04442729801843384,0.1823883391707687,0.0
0.19390000000000002,-0.043714469615046006,0.1801793534817125,0.0
0.19395,-0.04300164121165817,0.17799857721541057,0.0
0.194,-0.04228881280827033,0.17584572237523088,0.0
0.19405,-0.041575984404882485,0.1737205039047668,0.0
0.19410000000000002,-0.040863156001494254,0.17162263965781954,0.0
0.19415000000000002,-0.04015032759810641,0.16955185036868728,0.0
0.1942,-0.03943749919471857,0.16750785962275738,0.0
0.19425,-0.03872467079133073,0.16549039382739905,0.0
0.1943,0.05196226387555894,0.16421326239159345,0.0
0.19435000000000002,0.058654991148290966,0.16300228637412603,0.0
0.19440000000000002,0.06534771842101929,0.16185679037877057,0.0
0.19445,0.07204044569374761,0.16077610590457983,0.0
0.1945,0.07873317296647592,0.15975957127548995,0.0
0.19455,0.08542590023920424,0.15880653157064367,0.0
0.19460000000000002,0.17368027352524065,0.15856365320632407,0.0
0.19465000000000002,0.30679568959388576,0.15937972600045341,0.0
0.1947,0.31856900293721446,0.16028090631026795,0.0
0.19475,0.33034231628054317,0.16126632525312198,0.0
0.1948,0.3421156296238719,0.1623351228169971,0.0
0.19485000000000002,0.35388894296720713,0.16348644776993995,0.0
0.19490000000000002,0.36566225631053584,0.16471945757042425,0.0
0.19495,0.6144831871567962,0.16791464857627075,0.0
0.195,1.1052831871564088,0.17497245722083515,0.0
0.19505,1.5960831871564554,0.1858534491321239,0.0
0.1951,2.086883187155884,0.20051859253291407,0.0
0.19515000000000002,2.5776831871564148,0.21892925413059072,0.0
0.1952,3.0684831871568976,0.241047195048901,0.0
0.19525,3.559283187156867,0.2668345668012701,0.0
0.1953,4.050083187156557,0.29625390730522694,0.0
0.19535,4.540883187156783,0.32926813693751816,0.0
0.19540000000000002,4.507629509736838,0.36168139845948016,0.0
0.19545,4.465911509736867,0.393432650132571,0.0
0.1955,4.480075058718593,0.42497215492804624,0.0
0.19555,4.51443105871858,0.4564623321673482,0.0
0.1956,4.548787058718568,0.4879036854471002,0.0
0.19565000000000002,4.583143058718575,0.5192967132225893,0.0
0.1957,4.981686100787555,0.5535322822100088,0.0
0.19575,5.019004053306419,0.587714506447454,0.0
0.1958,5.034606730383945,0.6216715870881409,0.0
0.19585,5.0502094074614705,0.6554058226760044,0.0
0.19590000000000002,5.065812084539006,0.0,1.0
0.19595,5.081414761616532,0.04032868858425819,0.0
0.196,5.097017438694058,0.08036948287153625,0.0
0.19605,5.103103569540293,0.12004979389773465,0.0
0.1961,5.104112212455948,0.1593330043979962,0.0
0.19615000000000002,5.105120855371603,0.19822316846499186,0.0
0.1962,5.106129498287258,0.23672429880220702,0.0
0.19625,5.107138141202912,0.2748403671464933,0.0
0.1963,5.108146784118567,0.3125753046863067,0.0
0.19635,5.109155427034221,0.3499330024756755,0.0
0.19640000000000002,5.110164069949876,0.38691731184394235,0.0
0.19645,5.111172712865531,0.4235320448013226,0.0
0.1965,5.1121813557811855,0.45978097444032284,0.0
0.19655,5.11318999869684,0.4956678353330607,0.0
0.1966,5.114198641612495,0.5311963239245286,0.0
0.19665000000000002,5.115207284528149,0.5663700989218429,0.0
0.1967,5.116215927443804,0.6011927816795181,0.0
0.19675,5.1172245703594585,0.6356679565808088,0.0
0.1968,5.118233213275113,0.6697991714151579,0.0
0.19685,5.119241856190768,0.0,1.0
0.19690000000000002,5.120250499106423,0.040636908723066856,0.0
0.19695000000000001,5.121259142022078,0.08086695078930889,0.0
0.197,5.1222677849377325,0.12069427999612442,0.0
0.19705,5.123276427853387,0.16012300773381713,0.0
0.1971,5.124285070769041,0.19915720341854004,0.0
0.19715000000000002,5.125293713684696,0.2378008949208195,0.0
0.19720000000000001,5.126302356600351,0.27605806898970425,0.0
0.19725,5.1273109995160056,0.3139326716725843,0.0
0.1973,5.12831964243166,0.3514286087307237,0.0
0.19735,5.129328285347315,0.38854974605055104,0.0
0.19740000000000002,5.130336928262969,0.4252999100507512,0.0
0.19745000000000001,5.131345571178624,0.46168288808520047,0.0
0.1975,5.132354214094279,0.49770242884178884,0.0
0.19755,5.133362857009933,0.5333622427371697,0.0
0.1976,5.134371499925588,0.5686660023074803,0.0
0.19765000000000002,5.135380142841243,0.6036173425950726,0.0
0.19770000000000001,5.136388785756898,0.638219861531296,0.0
0.19775,5.137397428672553,0.6724771203153725,0.0
0.1978,5.138406071588206,0.0,1.0
0.19785,5.139414714503861,0.04078900567066557,0.0
0.19790000000000002,5.140423357419516,0.08116959189099368,0.0
0.19795000000000001,5.141432000335171,0.12114592831121686,0.0
0.198,5.142440643250826,0.16072214201262766,0.0
0.19805,5.14344928616648,0.199902317942175,0.0
0.1981,5.144457929082135,0.23869049934262357,0.0
0.19815000000000002,5.1454665719977895,0.27709068817832166,0.0
0.19820000000000002,5.146475214913444,0.3151068455566223,0.0
0.19825,5.147483857829099,0.3527428921450017,0.0
0.1983,5.148492500744753,0.39000270858391983,0.0
0.19835,5.149501143660408,0.4268901358954653,0.0
0.19840000000000002,5.150509786576063,0.46340897588782887,0.0
0.19845000000000002,5.151518429491718,0.49956299155564715,0.0
0.1985,4.966077213328689,0.5338761466899207,0.0
0.19855,4.713967057078706,0.5658381164967052,0.0
0.1986,4.461856900828721,0.5954729047800296,0.0
0.19865000000000002,4.209746744578597,0.6228042702834402,0.0
0.19870000000000002,3.9576365883286133,0.6478557291918847,0.0
0.19875,3.705526432078629,0.6706505576080461,0.0
0.1988,3.453416275828645,0.0,1.0
0.19885,3.2013061195786614,0.025407191425227474,0.0
0.19890000000000002,2.949195963328537,0.04855412060123536,0.0
0.19895000000000002,2.697085807078553,0.06946386307696163,0.0
0.199,2.444975650828569,0.08815925881763642,0.0
0.19905,2.192865494578585,0.10466291460991267,0.0
0.1991,1.940755338328601,0.11899720644244106,0.0
0.19915000000000002,1.688645182078477,0.13118428186213998,0.0
0.19920000000000002,1.4365350258284928,0.14124606230641426,0.0
0.19925,1.1844248695785087,0.149204245411557,0.0
0.1993,0.932314713328525,0.15508030729758893,0.0
0.19935,0.6802045570785404,0.15889550482977008,0.0
0.19940000000000002,0.42809440082841643,0.16067087785702214,0.0
0.19945000000000002,0.17598424457843276,0.16042725142750258,0.0
0.1995,0.3553268916310962,0.16160946657919298,0.0
0.19955,0.8461268916305171,0.16667485031356535,0.0
0.1996,1.3369268916307553,0.17558375844920848,0.0
0.19965000000000002,1.827726891630883,0.18829695154147646,0.0
0.19970000000000002,2.318526891630687,0.2047755907504416,0.0
0.19975,2.8093268916311143,0.22498123375103576,0.0
0.1998,3.3001268916305655,0.24887583068491675,0.0
0.19985,3.7909268916308343,0.27642172015371014,0.0
0.19990000000000002,4.28172689163055,0.30758162525310484,0.0
0.19995000000000002,4.772526891630788,0.3423186496474824,0.0
0.2,4.993829605285683,0.3784574063326416,0.0
0.20005,5.034297258562657,0.41454838580203723,0.0
0.2001,4.966385957966553,0.44973192539693857,0.0
0.20015000000000002,4.722923398197735,0.4826240254227744,0.0
0.20020000000000002,4.479460838429053,0.513248079725074,0.0
0.20025,4.23599827866037,0.5416272433160945,0.0
0.2003,3.9925357188916877,0.5677844348131261,0.0
0.20035,3.7490731591230055,0.5917423388519049,0.0
0.20040000000000002,3.505610599354188,0.6135234084753837,0.0
0.20045000000000002,3.2621480395855054,0.633149867498121,0.0
0.2005,3.0186854798168232,0.650643712846524,0.0
0.20055,2.7752229200481406,0.6660267168752045,0.0
0.2006,2.5317603602794585,0.679320429659685,0.0
0.20065000000000002,2.288297800510641,0.0,1.0
0.20070000000000002,2.0448352407419583,0.01622885111699967,0.0
0.20075,1.8013726809732762,0.03035977553792355,0.0
0.2008,1.5579101212045936,0.0424141914898636,0.0
0.20085,1.3144475614359115,0.052413298536193656,0.0
0.20090000000000002,1.0709850016670939,0.06037807980895765,0.0
0.20095000000000002,0.8275224418984113,0.06632930421847119,0.0
0.201,0.5840598821297291,0.0702875286403584,0.0
0.20105,0.340597322361047,0.07227310008026493,0.0
0.2011,0.09713476259236398,0.07230615781647001,0.0
0.20115000000000002,-0.07112520577080007,0.07100348148415987,0.0
0.20120000000000002,-0.070981318347757,0.06971524644460274,0.0
0.20125,-0.07083743092471392,0.06844130526324417,0.0
0.2013,-0.07069354350167086,0.06718151201072377,0.0
0.20135,-0.07054965607862777,0.0659357222475083,0.0
0.20140000000000002,-0.07040576865558462,0.06470379300868169,0.0
0.20145000000000002,-0.07026188123254155,0.06348558278889034,0.0
0.2015,-0.07011799380949847,0.062280951527442084,0.0
0.20155,-0.0699741063864554,0.0610897605935573,0.0
0.2016,-0.06983021896341232,0.0599118727717706,0.0
0.20165,-0.06968633154036925,0.05874715224748155,0.0
0.20170000000000002,-0.0695424441173261,0.05759546459265295,0.0
0.20175,-0.06939855669428302,0.056456676751655,0.0
0.2018,-0.06925466927123995,0.05533065702725416,0.0
0.20185,-0.06911078184819687,0.05421727506674492,0.0
0.2019,-0.0689668944251538,0.05311640184822318,0.0
0.20195000000000002,-0.06882300700211064,0.05202790966699982,0.0
0.202,-0.06867911957906757,0.05095167212215293,0.0
0.20205,-0.06853523215602449,0.04988756410321733,0.0
0.2021,-0.06839134473298142,0.04883546177701003,0.0
0.20215,-0.06824745730993835,0.047795242574590106,0.0
0.20220000000000002,-0.06810356988689518,0.0467667851783518,0.0
0.20225,-0.06795968246385212,0.045749969509249304,0.0
0.2023,-0.06781579504080903,0.04474467671415206,0.0
0.20235,-0.06767190761776597,0.04375078915332906,0.0
0.2024,-0.06752802019472288,0.042768190388060984,0.0
0.20245000000000002,-0.06738413277167973,0.041796765168378776,0.0
0.2025,-0.06724024534863667,0.040836399420927434,0.0
0.20255,-0.06709635792559358,0.03988698023695366,0.0
0.2026,-0.06695247050255052,0.03894839586041618,0.0
0.20265,-0.06680858307950743,0.03802053567621743,0.0
0.20270000000000002,-0.06666469565646428,0.03710329019855539,0.0
0.20275,-0.06652080823342121,0.03619655105939436,0.0
0.2028,-0.06637692081037813,0.03530021099705338,0.0
0.20285,-0.06623303338733506,0.03441416384491126,0.0
0.2029,-0.06608914596429198,0.03353830452022676,0.0
0.20295000000000002,-0.06594525854124883,0.032672529013073125,0.0
0.203,-0.06580137111820575,0.031816734375385354,0.0
0.20305,-0.06565748369516268,0.030970818710119488,0.0
0.2031,-0.06551359627211961,0.030134681160522443,0.0
0.20315,-0.06536970884907653,0.02930822189951145,0.0
0.20320000000000002,-0.06522582142603338,0.028491342119161916,0.0
0.20325000000000001,-0.0650819340029903,0.027683944020302585,0.0
0.2033,-0.06493804657994723,0.02688593080221694,0.0
0.20335,-0.06479415915690415,0.02609720665244976,0.0
0.2034,-0.06465027173386108,0.025317676736717698,0.0
0.20345000000000002,-0.06450638431081793,0.024547247188922927,0.0
0.20350000000000001,-0.06436249688777484,0.02378582510126868,0.0
0.20355,-0.06421860946473178,0.02303331851447575,0.0
0.2036,-0.0640747220416887,0.022289636408098834,0.0
0.20365,-0.06393083461864563,0.021554688690941765,0.0
0.20370000000000002,-0.06378694719560248,0.020828386191570587,0.0
0.20375000000000001,-0.0636430597725594,0.02011064064892349,0.0
0.2038,-0.06349917234951633,0.0194013647030166,0.0
0.20385,-0.06335528492647324,0.018700471885744675,0.0
0.2039,-0.06321139750343018,0.018007876611775685,0.0
0.20395000000000002,-0.05886609780139721,0.01735683871143514,0.0
0.20400000000000001,-0.0470030286614327,0.016806598752529968,0.0
0.20405,-0.035139959521468186,0.01635612766516745,0.0
0.2041,-0.023276890381503684,0.01600440688547145,0.0
0.20415,-0.011413821241539175,0.015750428248324008,0.0
0.20420000000000002,0.0004492478984319259,0.01559319388120205,0.0
0.20425000000000001,0.012312317038396428,0.015531716099097686,0.0
0.2043,0.024175386178360944,0.015565017300511639,0.0
0.20435,0.0461735097369872,0.015772566804338927,0.0
0.2044,0.5369735097372971,0.019873235481704637,0.0
0.20445000000000002,1.0277735097369187,0.02782727756326307,0.0
0.20450000000000002,1.51857350973729,0.03959535305358776,0.0
0.20455,2.0093735097370127,0.055138523588507585,0.0
0.2046,2.5001735097373228,0.07441824833477971,0.0
0.20465,2.990973509736652,0.09739637993158061,0.0
0.20470000000000002,3.4817735097370037,0.1240351604734819,0.0
0.20475000000000002,3.9725735097372725,0.15429721753438394,0.0
0.2048,4.463373509737591,0.18814556023207657,0.0
0.20485,4.8679593631320754,0.22485933607418981,0.0
0.2049,4.878291994711024,0.2612802973558431,0.0
0.20495000000000002,4.888624626289979,0.29741143348975696,0.0
0.20500000000000002,4.898957257868927,0.3332557033690341,0.0
0.20505,4.9092898894478765,0.36881603567874177,0.0
0.2051,4.919622521026826,0.4040953292043124,0.0
0.20515,4.929955152605775,0.4390964531367962,0.0
0.20520000000000002,4.953240930224305,0.47392505012134284,0.0
0.20525000000000002,4.977261090925528,0.5085887099633081,0.0
0.2053,5.001281251626751,0.5430891165447752,0.0
0.20535,5.014213554100901,0.5773399376818613,0.0
0.2054,5.02321792705893,0.6113125474072941,0.0
0.20545000000000002,5.032222300016963,0.6450097860468131,0.0
0.20550000000000002,5.041226672974992,0.6784344649286043,0.0
0.20555,5.050231045933021,0.0,1.0
0.2056,5.05923541889105,0.040152662054690876,0.0
0.20565,5.068239791849079,0.07996685941563315,0.0
0.20570000000000002,5.077244164807113,0.11944604754849539,0.0
0.20575000000000002,5.086248537765141,0.15859364664128425,0.0
0.2058,5.092169173307204,0.19738856785802675,0.0
0.20585,5.0937348234284245,0.23579984839375662,0.0
0.2059,5.095300473549644,0.27383140492642216,0.0
0.20595000000000002,5.096866123670864,0.31148711414768526,0.0
0.20600000000000002,5.098431773792084,0.3487708131711508,0.0
0.20605,5.099997423913304,0.3856862999364282,0.0
0.2061,5.101563074034524,0.42223733360906845,0.0
0.20615,5.103128724155743,0.45842763497641686,0.0
0.20620000000000002,5.1046943742769635,0.49426088683942576,0.0
0.20625000000000002,5.106260024398184,0.5297407344004663,0.0
0.2063,5.107825674519403,0.5648707856471812,0.0
0.20635,5.109391324640622,0.5996546117324187,0.0
0.2064,5.110956974761843,0.6340957473502878,0.0
0.20645000000000002,5.112522624883063,0.6681976911083738,0.0
0.20650000000000002,5.114088275004283,0.0,1.0
0.20655,5.115653925125502,0.040600427977186535,0.0
0.2066,5.117219575246722,0.0807987824301712,0.0
0.20665,5.118785225367942,0.12059916822213401,0.0
0.20670000000000002,5.120350875489162,0.1600056483087412,0.0
0.20675000000000002,5.1219165256103825,0.19902224416598904,0.0
0.2068,5.123482175731602,0.23765293621367944,0.0
0.20685,5.125047825852821,0.2759016642345723,0.0
0.2069,5.126613475974041,0.3137723277892586,0.0
0.20695000000000002,5.128179126095262,0.3512687866267982,0.0
0.20700000000000002,5.129744776216481,0.38839486109116483,0.0
0.20705,5.131310426337701,0.425154332523542,0.0
0.2071,5.1328760764589205,0.46155094366051175,0.0
0.20715,5.134441726580141,0.4975883990281779,0.0
0.20720000000000002,5.136007376701361,0.5332703653322661,0.0
0.20725000000000002,5.13757302682258,0.5686004718442408,0.0
0.2073,5.1391386769438006,0.6035823107834801,0.0
0.20735,5.14070432706502,0.6382194376955501,0.0
0.2074,5.14226997718624,0.6725153718266155,0.0
0.20745000000000002,5.14383562730746,0.0,1.0
0.20750000000000002,5.14540127742868,0.0408365180748308,0.0
0.20755,5.1469669275499,0.08126855232612232,0.0
0.2076,5.148532577671119,0.1213002322243674,0.0
0.20765,5.138707105732309,0.16084523935068817,0.0
0.20770000000000002,5.123671912191576,0.19986719526504249,0.0
0.20775000000000002,5.1086367186508514,0.23837143992027987,0.0
0.2078,5.0936015251101265,0.27636325875241513,0.0
0.20785,5.078566331569402,0.31384788323720353,0.0
0.2079,5.063531138028677,0.350830491441034,0.0
0.20795000000000002,5.048495944487944,0.38731620856619764,0.0
0.20800000000000002,5.033460750947219,0.42331010749058995,0.0
0.20805,5.018425557406494,0.4588172093019028,0.0
0.2081,5.003390363865769,0.49384248382636275,0.0
0.20815,4.988355170325044,0.5283908501520715,0.0
0.2082,4.973319976784319,0.5624671771470036,0.0
0.20825000000000002,4.9582847832435855,0.5960762839717145,0.0
0.2083,4.9432495897028605,0.6292229405868167,0.0
0.20835,4.928214396162136,0.6619118682552727,0.0
0.2084,4.913179202621411,0.0,1.0
0.20845,4.898144009080686,0.038874158802227665,0.0
0.20850000000000002,4.883108815539953,0.07723211524081927,0.0
0.20855,4.868073621999228,0.1150791393471208,0.0
0.2086,4.853038428458503,0.15242044734948862,0.0
0.20865,4.838003234917778,0.18926120222257686,0.0
0.2087,4.822968041377053,0.22560651423101707,0.0
0.20875000000000002,4.8079328478363195,0.26146144146754713,0.0
0.2088,4.792897654295595,0.29683099038564653,0.0
0.20885,4.77786246075487,0.3317201163267336,0.0
0.2089,4.762827267214145,0.3661337240419806,0.0
0.20895,4.74779207367342,0.40007666820880133,0.0
0.20900000000000002,4.732756880132687,0.43355375394206613,0.0
0.20905,4.717721686591962,0.46656973730009743,0.0
0.2091,3.959805501009887,0.4932334448962824,0.0
0.20915,-0.007180736263995572,0.48814091867392573,0.0
0.2092,0.02750106245118473,0.4833756356203377,0.0
0.20925000000000002,0.2278201278428859,0.4802488363145974,0.0
0.2093,0.7186201278430322,0.48104919733366075,0.0
0.20935,1.2094201278430217,0.4857366253740662,0.0
0.2094,1.7002201278435107,0.49427143645432275,0.0
0.20945,2.1910201278426897,0.5066143517360262,0.0
0.20950000000000002,2.6818201278433444,0.5227264933876943,0.0
0.20955000000000001,3.1726201278428845,0.5425693804907504,0.0
0.2096,3.6634201278431227,0.5661049249873812,0.0
0.20965,4.154220127843071,0.5932954276697061,0.0
0.2097,4.5433194950801425,0.623296426330857,0.0
0.20975000000000002,4.580912686569555,0.6532894964027787,0.0
0.20980000000000001,4.614414721087001,0.0,1.0
0.20985,4.463742697958671,0.03542652934887835,0.0
0.2099,4.313070674830342,0.06929557121961943,0.0
0.20995,4.162398651702012,0.10162302636822299,0.0
0.21000000000000002,4.011726628573599,0.13242463321613007,0.0
0.21005000000000001,3.86105460544527,0.1617159695075368,0.0
0.2101,3.7103825823169405,0.18951245394978405,0.0
0.21015,3.559710559188611,0.21582934783700286,0.0
0.2102,3.4090385360602817,0.2406817566571829,0.0
0.21025000000000002,3.2583665129318686,0.26408463168283325,0.0
0.21030000000000001,3.1076944898035395,0.28605277154540676,0.0
0.21035,2.95702246667521,0.30660082379364617,0.0
0.2104,2.8063504435468802,0.32574328643602396,0.0
0.21045,2.6556784204185515,0.343494509467434,0.0
0.21050000000000002,2.505006397290138,0.3598686963802964,0.0
0.21055000000000001,2.354334374161809,0.37487990566023777,0.0
0.2106,2.2036623510334796,0.38854205226649746,0.0
0.21065,2.05299032790515,0.40086890909722306,0.0
0.2107,1.9023183047768208,0.41187410843980554,0.0
0.21075000000000002,1.7516462816484077,0.4215711434064067,0.0
0.21080000000000002,1.6009742585200781,0.429973369354834,0.0
0.21085,1.450302235391749,0.43709400529490494,0.0
0.2109,1.2996302122634193,0.4429461352804567,0.0
0.21095,1.1489581891350902,0.4475427097871432,0.0
0.21100000000000002,0.9982861660066771,0.45089654707616583,0.0
0.21105000000000002,0.8476141428783479,0.45302033454408364,0.0
0.2111,0.6969421197500183,0.4539266300588394,0.0
0.21115,0.5462700966216891,0.45362786328214816,0.0
0.2112,0.3955980734933595,0.45213633697838523,0.0
0.21125000000000002,0.2449260503649464,0.4494642283101098,0.0
0.21130000000000002,0.0942540272366168,0.44562359012036573,0.0
0.21135,-0.056417995891711925,0.4406263522018867,0.0
0.2114,-0.07191767633284905,0.43555711892387944,0.0
0.21145,-0.07198230630387879,0.43053912570445985,0.0
0.21150000000000002,-0.07204693627490856,0.42557184942181764,0.0
0.21155000000000002,-0.0721115662459383,0.4206547722948162,0.0
0.2116,-0.07217619621696804,0.4157873818284682,0.0
0.21165,-0.07224082618799778,0.41096917075996836,0.0
0.2117,-0.07230545615902752,0.40619963700527656,0.0
0.21175000000000002,-0.07237008613005728,0.40147828360624677,0.0
0.21180000000000002,-0.07243471610108702,0.3968046186782956,0.0
0.21185,-0.07249934607211676,0.392178155358605,0.0
0.2119,-0.0725639760431465,0.38759841175485404,0.0
0.21195,-0.07262860601417624,0.3830649108944737,0.0
0.21200000000000002,-0.07269323598520601,0.37857718067442026,0.0
0.21205000000000002,-0.07275786595623575,0.37413475381146094,0.0
0.2121,-0.07282249592726549,0.3697371677929674,0.0
0.21215,-0.07288712589829523,0.36538396482821145,0.0
0.2122,-0.07295175586932497,0.3610746918001582,0.0
0.21225000000000002,-0.07301638584035473,0.3568089002177512,0.0
0.21230000000000002,-0.07308101581138447,0.3525861461686845,0.0
0.21235,-0.07314564578241421,0.3484059902726575,0.0
0.2124,-0.07321027575344395,0.3442679976351063,0.0
0.21245,-0.07327490572447369,0.3401717378014079,0.0
0.21250000000000002,-0.07333953569550346,0.3361167847115519,0.0
0.21255000000000002,-0.0734041656665332,0.3321027166552746,0.0
0.2126,-0.07346879563756294,0.3281291162276517,0.0
0.21265,-0.07353342560859268,0.3241955702851439,0.0
0.2127,-0.07359805557962242,0.32030166990209147,0.0
0.21275000000000002,-0.07366268555065218,0.316447010327653,0.0
0.21280000000000002,-0.07372731552168192,0.3126311909431834,0.0
0.21285,-0.07379194549271166,0.30885381522004784,0.0
0.2129,-0.0738565754637414,0.30511449067786545,0.0
0.21295,-0.07392120543477114,0.3014128288431798,0.0
0.21300000000000002,-0.0739858354058009,0.29774844520855154,0.0
0.21305000000000002,-0.07405046537683065,0.29412095919206804,0.0
0.2131,-0.07411509534786039,0.290529994097267,0.0
0.21315,-0.07417972531889012,0.2869751770734689,0.0
0.2132,-0.07424435528991986,0.28345613907651457,0.0
0.21325000000000002,-0.07430898526094963,0.2799725148299034,0.0
0.21330000000000002,-0.07437361523197937,0.2765239427863284,0.0
0.21335,-0.07443824520300911,0.2731100650896043,0.0
0.2134,-0.07450287517403885,0.26973052753698357,0.0
0.21345,-0.07456750514506859,0.26638497954185797,0.0
0.21350000000000002,0.01866091868609796,0.26381349515876257,0.0
0.21355000000000002,0.33396350671583486,0.2637706651568706,0.0
0.2136,0.35627259762492874,0.26390532869359823,0.0
0.21365,0.3785816885340226,0.2642156736956616,0.0
0.2137,0.40089077944311646,0.2646999065896592,0.0
0.21375000000000002,0.4231998703522227,0.2653562521132023,0.0
0.21380000000000002,0.4455089612613165,0.26618295312797335,0.0
0.21385,0.4678180521704104,0.26717827043469317,0.0
0.2139,0.9502638323178528,0.27199236107599584,0.0
0.21395,1.3338283044548584,0.27980146601090067,0.0
0.21400000000000002,0.45111875912384075,0.2805252146446005,0.0
0.21405000000000002,1.1234332030954077,0.2865774032786758,0.0
0.2141,1.510495305070828,0.29563972513970455,0.0
0.21415,1.5372273312146252,0.30482168656296144,0.0
0.2142,1.5639593573584223,0.31412206612001536,0.0
0.21425000000000002,1.590691383502234,0.3235396548522855,0.0
0.21430000000000002,1.8818667459499336,0.33517201278106573,0.0
0.21435,2.3726667459493553,0.35058085132694655,0.0
0.2144,2.8634667459496685,0.36972761551105193,0.0
0.21445,3.354266745949512,0.3925741439713429,0.0
0.21450000000000002,3.8450667459496617,0.4190826649441075,0.0
0.21455000000000002,4.335866745950035,0.4492157922864533,0.0
0.2146,4.443301637676239,0.47989394131501417,0.0
0.21465,4.458107894659476,0.5103763998804159,0.0
0.2147,4.472914151642713,0.5406651658326251,0.0
0.21475,4.48772040862595,0.5707622166250882,0.0
0.21480000000000002,4.502526665609195,0.6006695095229642,0.0
0.21485,4.517332922592432,0.6303889818092318,0.0
0.2149,4.5266451588901075,0.6598789476499176,0.0
0.21495,4.530756963916764,0.0,1.0
0.215,4.53486876894342,0.03599102197574144,0.0
0.21505000000000002,4.538980573970079,0.07164723651593921,0.0
0.2151,4.543092378996735,0.10697206174845258,0.0
0.21515,4.547204184023391,0.14196888090466953,0.0
0.2152,4.551315989050047,0.17664104267577302,0.0
0.21525,4.555427794076703,0.2109918615653701,0.0
0.21530000000000002,4.559539599103362,0.2450246182385209,0.0
0.21535,4.563651404130018,0.27874255986720425,0.0
0.2154,4.5677632091566736,0.3121489004722565,0.0
0.21545,4.5718750141833295,0.34524682126181944,0.0
0.2155,4.575986819209986,0.3780394709663325,0.0
0.21555000000000002,4.580098624236644,0.41052996617010556,0.0
0.2156,4.5842104292633,0.44272139163950625,0.0
0.21565,4.588322234289957,0.47461680064779665,0.0
0.2157,4.592434039316613,0.5062192152966541,0.0
0.21575,4.596545844343269,0.537531626834409,0.0
0.21580000000000002,4.626678400475849,0.5687635098687002,0.0
0.21585000000000001,5.006333854132162,0.6026896777841487,0.0
0.2159,5.015942890276739,0.636345747663224,0.0
0.21595,5.0255519264213175,0.6697344770003091,0.0
0.216,5.035160962565895,0.0,1.0
0.21605000000000002,5.044769998710478,0.040037857132622846,0.0
0.21610000000000001,5.054379034855057,0.07974322055612862,0.0
0.21615,5.063988070999634,0.1191194847769993,0.0
0.2162,5.073597107144212,0.15817000964640174,0.0
0.21625,5.083206143288789,0.196898120713992,0.0
0.21630000000000002,5.092815179433373,0.23530710957810752,0.0
0.21635000000000001,5.10242421557795,0.273400234232384,0.0
0.2164,5.109578316714201,0.31116123579765675,0.0
0.21645,5.032393935680097,0.3479241519635617,0.0
0.2165,4.955209554645992,0.3836991724186999,0.0
0.21655000000000002,4.878025173611844,0.4184963828227444,0.0
0.21660000000000001,4.800840792577739,0.4523257658684971,0.0
0.21665,4.723656411543635,0.4851972023331008,0.0
0.2167,4.64647203050953,0.5171204721185203,0.0
0.21675,4.5692876494754255,0.548105255281401,0.0
0.21680000000000002,4.492103268441278,0.5781611330524127,0.0
0.21685000000000001,4.414918887407174,0.6072975888451885,0.0
0.2169,4.337734506373069,0.6355240092549608,0.0
0.21695,4.260550125338964,0.6628496850470033,0.0
0.217,4.18336574430486,0.0,1.0
0.21705000000000002,4.1061813632707125,0.03258874097833899,0.0
0.21710000000000002,4.028996982236608,0.06423220138220564,0.0
0.21715,3.9518126012025037,0.0949400318033235,0.0
0.2172,3.874628220168399,0.12472178430825522,0.0
0.21725,3.7974438391342944,0.15358691344426925,0.0
0.21730000000000002,3.7202594581001467,0.18154477723493678,0.0
0.21735000000000002,3.643075077066042,0.20860463816556601,0.0
0.2174,3.5658906960319374,0.23477566415857362,0.0
0.21745,3.4887063149978332,0.2600669295389,0.0
0.2175,3.4115219339637286,0.2844874159895678,0.0
0.21755000000000002,3.334337552929581,0.30804601349748484,0.0
0.21760000000000002,3.2571531718954763,0.33075152128959223,0.0
0.21765,3.1799687908613716,0.35261264875945325,0.0
0.2177,3.1027844098272674,0.37363801638438376,0.0
0.21775,3.025600028793163,0.3938361566332191,0.0
0.21780000000000002,2.948415647759015,0.41321551486481295,0.0
0.21785000000000002,2.8712312667249105,0.43178445021736483,0.0
0.2179,2.7940468856908063,0.4495512364886658,0.0
0.21795,2.7168625046567016,0.4665240630073592,0.0
0.218,2.639678123622597,0.48271103549530614,0.0
0.21805000000000002,2.5624937425884493,0.49812017692114624,0.0
0.21810000000000002,2.4853093615543447,0.512759428345146,0.0
0.21815,2.40812498052024,0.5266366497554194,0.0
0.2182,2.330940599486136,0.5397596208956129,0.0
0.21825,2.2537562184520312,0.5521360420841407,0.0
0.21830000000000002,2.1765718374178835,0.5637735350250542,0.0
0.21835000000000002,2.099387456383779,0.5746796436106365,0.0
0.2184,2.0222030753496743,0.5848618347157994,0.0
0.21845,1.94501869431557,0.5943274989843729,0.0
0.2185,1.8678343132814654,0.6030839516073652,0.0
0.21855000000000002,1.7906499322473177,0.6111384330932788,0.0
0.21860000000000002,1.713465551213213,0.6184981100305627,0.0
0.21865,1.6362811701791085,0.6251700758422782,0.0
0.2187,1.5747793365434546,0.6312858161949548,0.0
0.21875,1.5981165713642167,0.6375243356652635,0.0
0.21880000000000002,1.6214538061849915,0.6438843807723136,0.0
0.21885000000000002,1.6447910410057536,0.6503647108322956,0.0
0.2189,4.64564250192616,0.0,1.0
0.21895,3.702782937123077,0.02938716616764347,0.0
0.219,2.09351195120752,0.04570231989203782,0.0
0.21905000000000002,2.7526652869723964,0.06708228405525862,0.0
0.21910000000000002,3.6457451736581223,0.09533191074418895,0.0
0.21915,4.538825060343848,0.1303810659582958,0.0
0.2192,3.4130570630748167,0.1561377294579445,0.0
0.21925,2.5543133640555133,0.17481601093902727,0.0
0.21930000000000002,3.045113364055532,0.1971988395464036,0.0
0.21935000000000002,3.535913364055261,0.2232483946871152,0.0
0.2194,4.026713364055191,0.25292724188753685,0.0
0.21945,3.5438331500163742,0.27847070810504876,0.0
0.2195,4.237653996214063,0.3092599097202495,0.0
0.21955000000000002,3.9409966949200315,0.337380354108113,0.0
0.21960000000000002,3.6443393936261645,0.36285928723889077,0.0
0.21965,3.347682092332298,0.3857236769223143,0.0
0.2197,3.051024791038431,0.4060002156474023,0.0
0.21975,2.7543674897445642,0.42371532339327495,0.0
0.21980000000000002,2.4577101884505326,0.4388951504112699,0.0
0.21985000000000002,2.161052887156666,0.45156557997866087,0.0
0.2199,1.8643955858627992,0.46175223112425445,0.0
0.21995,1.5677382845689323,0.4694804613261665,0.0
0.22,1.2710809832750658,0.47477536918205426,0.0
0.22005000000000002,0.9744236819810341,0.47766179705208694,0.0
0.22010000000000002,0.6777663806871677,0.47816433367493816,0.0
0.22015,0.3811090793933003,0.47630731675706367,0.0
0.2202,0.08445177809943427,0.47211483553554945,0.0
0.22025,0.39112501858191884,0.4703990709479398,0.0
0.22030000000000002,0.88192501858212,0.4725960610998085,0.0
0.22035000000000002,1.3300107159592451,0.4783268573559336,0.0
0.2204,1.370478369236199,0.48432031841654816,0.0
0.22045,1.410946022513153,0.4905737626748819,0.0
0.2205,1.3176591782969824,0.496022992270421,0.0
0.22055000000000002,1.2058076009875505,0.5005288784682829,0.0
0.22060000000000002,1.0939560236781805,0.504101052083098,0.0
0.22065,0.9821044463688106,0.5067490456062445,0.0
0.2207,0.8702528690594407,0.5084822942096539,0.0
0.22075,0.7584012917500706,0.5093101367393683,0.0
0.22080000000000002,0.6465497144406387,0.5092418166989534,0.0
0.22085000000000002,0.5346981371312687,0.5082864832228738,0.0
0.2209,0.4228465598218988,0.5064531920399281,0.0
0.22095,0.3109949825125289,0.5037509064268494,0.0
0.221,0.19914340520315887,0.5001884981521704,0.0
0.22105000000000002,0.08729182789372691,0.4957747484104516,0.0
0.22110000000000002,-0.024559749415643095,0.490518348746974,0.0
0.22115,-0.06641016935018805,0.48498346671405784,0.0
0.2212,-0.06652328297083797,0.4795041938665231,0.0
0.22125,-0.06663639659148789,0.4740799624771164,0.0
0.22130000000000002,-0.06674951021213786,0.46871021061464546,0.0
0.22135000000000002,-0.06686262383278778,0.4633943820848057,0.0
0.2214,-0.0669757374534377,0.45813192637161104,0.0
0.22145,-0.06708885107408762,0.45292229857942257,0.0
0.2215,-0.06720196469473753,0.4477649593755691,0.0
0.22155,-0.06731507831538744,0.44265937493355356,0.0
0.22160000000000002,-0.06742819193603743,0.4376050168768391,0.0
0.22165,-0.06754130555668733,0.4326013622232094,0.0
0.2217,-0.06765441917733725,0.4276478933296963,0.0
0.22175,-0.06776753279798717,0.42274409783807076,0.0
0.2218,-0.06788064641863709,0.41788946862088916,0.0
0.22185000000000002,-0.06799376003928706,0.4130835037280914,0.0
0.22190000000000001,-0.06810687365993698,0.4083257063341435,0.0
0.22195,-0.0682199872805869,0.4036155846857203,0.0
0.222,-0.06833310090123682,0.3989526520499219,0.0
0.22205,-0.06844621452188672,0.3943364266630192,0.0
0.22210000000000002,-0.06855932814253671,0.38976643167972225,0.0
0.22215000000000001,-0.06867244176318663,0.38524219512296676,0.0
0.2222,-0.06878555538383653,0.3807632498342134,0.0
0.22225,-0.06889866900448645,0.37632913342425417,0.0
0.2223,-0.06901178262513637,0.37193938822452133,0.0
0.22235000000000002,-0.06912489624578634,0.3675935612388932,0.0
0.22240000000000001,-0.06923800986643626,0.3632912040959919,0.0
0.22245,-0.06935112348708618,0.35903187300196865,0.0
0.2225,-0.0694642371077361,0.35481512869377024,0.0
0.22255,-0.06957735072838601,0.35064053639288345,0.0
0.22260000000000002,-0.06969046434903599,0.34650766575955105,0.0
0.22265000000000001,-0.0698035779696859,0.34241609084745567,0.0
0.2227,-0.06991669159033582,0.33836539005886607,0.0
0.22275,-0.07002980521098573,0.3343551461002414,0.0
0.2228,-0.07014291883163565,0.33038494593828877,0.0
0.22285000000000002,-0.07025603245228562,0.3264543807564692,0.0
0.22290000000000001,-0.07036914607293554,0.32256304591194807,0.0
0.22295,-0.07048225969358546,0.3187105408929845,0.0
0.223,-0.07059537331423538,0.3148964692767563,0.0
0.22305,-0.0707084869348853,0.311120438687615,0.0
0.22310000000000002,-0.07082160055553527,0.3073820607557675,0.0
0.22315000000000002,-0.07093471417618519,0.30368095107637927,0.0
0.2232,-0.0710478277968351,0.30001672916909505,0.0
0.22325,-0.07116094141748502,0.2963890184379731,0.0
0.2233,0.38195415489827517,0.29639449541703783,0.0
0.22335000000000002,0.8727541548988721,0.30029515457557787,0.0
0.22340000000000002,1.2999385940397294,0.30754634367889144,0.0
0.22345,1.3102712256186784,0.314805508699634,0.0
0.2235,1.3206038571976273,0.3220725682097884,0.0
0.22355,1.3309364887765762,0.32934744161265556,0.0
0.22360000000000002,1.341269120355531,0.3366300491343668,0.0
0.22365000000000002,1.35160175193448,0.34392031181548366,0.0
0.2237,1.361934383513429,0.35121815150268326,0.0
0.22375,1.8043570685297452,0.3619527769789201,0.0
0.2238,2.2951570685301386,0.37647304823402816,0.0
0.22385000000000002,2.359188337706521,0.391353263300594,0.0
0.22390000000000002,2.3938701364217017,0.4063568151223367,0.0
0.22395,2.4189202662972784,0.42140600270912526,0.0
0.224,2.422463821948147,0.436329673057679,0.0
0.22405,2.4260073775990154,0.45112910760300584,0.0
0.22410000000000002,2.4295509332498857,0.46580557469764233,0.0
0.22415000000000002,2.4330944889007537,0.4803603297452157,0.0
0.2242,2.4366380445516223,0.49479461533264213,0.0
0.22425,2.4401816002024903,0.5091096613609758,0.0
0.2243,2.443725155853359,0.5233066851749217,0.0
0.22435000000000002,2.447268711504229,0.5373868916910266,0.0
0.22440000000000002,2.4508122671550976,0.5513514735245606,0.0
0.22445,2.4543558228059656,0.5652016111151039,0.0
0.2245,2.457899378456834,0.5789384728508518,0.0
0.22455,2.4614429341077027,0.5925632151916491,0.0
0.22460000000000002,2.464986489758573,0.6060769827907707,0.0
0.22465000000000002,2.468530045409441,0.6194809086154565,0.0
0.2247,2.4720736010603095,0.6327761140662175,0.0
0.22475,2.475617156711178,0.6459637090949231,0.0
0.2248,2.479160712362046,0.659044792321683,0.0
0.22485000000000002,2.4827042680129163,0.672020451150536,0.0
0.22490000000000002,2.486247823663785,0.0,1.0
0.22495,2.4897913793146533,0.019760249042179788,0.0
0.225,2.4933349349655214,0.03934688451164147,0.0
0.22505,2.49687849061639,0.05876167887018445,0.0
0.22510000000000002,2.50042204626726,0.07800638648412872,0.0
0.22515000000000002,2.5039656019181287,0.09708274380905585,0.0
0.2252,2.5075091575689967,0.11599246957266396,0.0
0.22525,2.5135427599578963,0.1347570272314545,0.0
0.2253,2.5462627599578767,0.15358969564719155,0.0
0.22535000000000002,2.5789827599578747,0.17248977946113733,0.0
0.22540000000000002,3.026771636688393,0.19475078784800404,0.0
0.22545,3.5175716366885545,0.22067976645949383,0.0
0.2255,4.008371636688114,0.25023926812483827,0.0
0.22555,4.499171636688122,0.2833922279802516,0.0
0.22560000000000002,4.365403219355436,0.31514506736480374,0.0
0.22565000000000002,4.102640011808315,0.34448831226139787,0.0
0.2257,3.8398768042611953,0.3714465627869205,0.0
0.22575,3.5771135967140752,0.39604416790987856,0.0
0.2258,3.95837455031944,0.42341653088072206,0.0
0.22585000000000002,4.449174550319935,0.45440468105500564,0.0
0.22590000000000002,4.939974550319318,0.48897170401069406,0.0
0.22595,4.780570097758104,0.521920709395678,0.0
0.226,4.546855812043644,0.5526784553513283,0.0
0.22605,5.081841724949789,0.587368108187711,0.0
0.22610000000000002,5.0834730780651585,0.6217165534459077,0.0
0.22615000000000002,5.085104431180526,0.6557272745943393,0.0
0.2262,5.086735784295894,0.0,1.0
0.22625,5.088367137411263,0.04038386616993066,0.0
0.2263,5.0899984905266304,0.08036839119842158,0.0
0.22635000000000002,5.091629843642,0.11995765205311447,0.0
0.22640000000000002,5.093261196757368,0.15915568407892938,0.0
0.22645,5.094892549872736,0.197966481423001,0.0
0.2265,5.096523902988104,0.2363939974552764,0.0
0.22655,5.098155256103473,0.274442145184819,0.0
0.22660000000000002,5.0997866092188415,0.31211479767186234,0.0
0.22665000000000002,5.10141796233421,0.349415788435657,0.0
0.2267,5.103049315449578,0.386348911858154,0.0
0.22675,5.104680668564947,0.4229179235835664,0.0
0.2268,5.106312021680314,0.4591265409138521,0.0
0.22685000000000002,5.107943374795684,0.4949784432001591,0.0
0.22690000000000002,5.109574727911052,0.5304772722302741,0.0
0.22695,5.11120608102642,0.5656266326121155,0.0
0.227,5.112837434141788,0.600430092153312,0.0
0.22705,5.114468787257157,0.6348911822369047,0.0
0.22710000000000002,5.1161001403725255,0.6690133981932146,0.0
0.22715000000000002,5.117731493487894,0.0,1.0
0.2272,5.119362846603262,0.040629863861930654,0.0
0.22725,5.120994199718631,0.08085787513412301,0.0
0.2273,5.122625552833998,0.12068813642418517,0.0
0.22735000000000002,5.124256905949368,0.16012470845523916,0.0
0.22740000000000002,5.125888259064736,0.19917161049352955,0.0
0.22745,5.127519612180104,0.23783282077166643,0.0
0.2275,5.129150965295472,0.27611227690754747,0.0
0.22755,5.130782318410841,0.31401387631900307,0.0
0.22760000000000002,5.132413671526209,0.35154147663420826,0.0
0.22765000000000002,5.134045024641578,0.38869889609790476,0.0
0.2277,5.135676377756946,0.4254899139734755,0.0
0.22775,5.1373077308723145,0.46191827094091475,0.0
0.2278,5.138939083987682,0.4979876694907348,0.0
0.22785000000000002,5.140570437103052,0.5337017743138515,0.0
0.22790000000000002,5.14220179021842,0.569064212687489,0.0
0.22795,5.143833143333788,0.6040785748571453,0.0
0.228,5.145464496449156,0.6387484144146577,0.0
0.22805,5.147095849564525,0.6730772486724084,0.0
0.2281,5.1487272026798925,0.0,1.0
0.22815000000000002,5.150358555795262,0.04087586155393065,0.0
0.22820000000000001,5.15198990891063,0.08134735906982446,0.0
0.22825,5.1536212620259985,0.1214186207952559,0.0
0.2283,5.155252615141366,0.16109373283154893,0.0
0.22835,5.156883968256735,0.20037673956405808,0.0
0.22840000000000002,5.060554378459827,0.23849417628716535,0.0
0.22845000000000001,4.930206314014278,0.27518795468521273,0.0
0.2285,4.799858249568729,0.31047260922089837,0.0
0.22855,4.66951018512318,0.344362525971172,0.0
0.2286,4.539162120677631,0.37687194414214015,0.0
0.22865000000000002,4.40881405623201,0.40801495756850437,0.0
0.22870000000000001,4.278465991786461,0.4378055161976939,0.0
0.22875,4.148117927340912,0.46625742755884303,0.0
0.2288,4.017769862895363,0.4933843582167733,0.0
0.22885,3.8874217984498136,0.5191998352111316,0.0
0.22890000000000002,3.757073734004192,0.5437172474808347,0.0
0.22895000000000001,3.626725669558643,0.5669498472739741,0.0
0.229,3.4963776051130946,0.5889107515433228,0.0
0.22905,3.513836417732934,0.6107860137804977,0.0
0.2291,3.550463283404578,0.6327286357303219,0.0
0.22915000000000002,3.8992066002676067,0.6572150443936405,0.0
0.22920000000000001,4.390006600267994,0.0,1.0
0.22925,4.880806600267416,0.03873656031958267,0.0
0.2293,4.882528893570962,0.07709131897813858,0.0
0.22935,4.550112661686946,0.11241628082158428,0.0
0.22940000000000002,4.217696429802744,0.14474237775823995,0.0
0.22945000000000002,3.8852801979187266,0.1741002259053012,0.0
0.2295,3.5528639660347094,0.20052012881282053,0.0
0.22955,3.2204477341506923,0.22403208065478025,0.0
0.2296,2.8880315022666756,0.24466576938758566,0.0
0.22965000000000002,2.555615270382474,0.2624505798763107,0.0
0.22970000000000002,2.223199038498457,0.2774155969890331,0.0
0.22975,1.8907828066144399,0.28958960865956995,0.0
0.2298,1.5583665747304227,0.2990011089189507,0.0
0.22985,1.2259503428464056,0.3056783008959401,0.0
0.22990000000000002,0.8935341109622046,0.3096490997869262,0.0
0.22995000000000002,0.5611178790781874,0.31094113579549404,0.0
0.23,0.2636182547943729,0.309858872975315,0.0
0.23005,0.754418254794289,0.3126828973260628,0.0
0.2301,1.245218254794192,0.31937332864321455,0.0
0.23015000000000002,1.7360182547948315,0.32989069386864145,0.0
0.23020000000000002,2.2268182547941846,0.3441959229339335,0.0
0.23025,2.7176182547944907,0.36225034464621647,0.0
0.2303,3.12280888953901,0.38333624320912063,0.0
0.23035,0.646979417479747,0.38455743061955944,0.0
0.23040000000000002,0.5153305193912567,0.38472131811597865,0.0
0.23045000000000002,0.3836816213028395,0.38383869992188785,0.0
0.2305,0.2520327232144223,0.3819202600600292,0.0
0.23055,0.1203838251260051,0.37897657347744385,0.0
0.2306,-0.011265072962412082,0.3750181071590511,0.0
0.23065000000000002,-0.06407404774018408,0.370680934906928,0.0
0.23070000000000002,-0.06291507338120986,0.366397240075668,0.0
0.23075,-0.061756099022235625,0.3621664767017031,0.0
0.2308,-0.06059712466326139,0.35798810439533585,0.0
0.23085,-0.05943815030428717,0.3538615882838343,0.0
0.23090000000000002,-0.05827917594531229,0.349786398955108,0.0
0.23095000000000002,-0.057120201586338064,0.34576201240195903,0.0
0.231,-0.05596122722736383,0.3417879099669022,0.0
0.23105,-0.054802252868389606,0.3378635782875487,0.0
0.2311,-0.053643278509415374,0.33398850924254697,0.0
0.23115000000000002,-0.0524843041504405,0.33016219989807594,0.0
0.23120000000000002,-0.05132532979146627,0.3263841524548841,0.0
0.23125,-0.050166355432492045,0.32265387419586966,0.0
0.2313,-0.04900738107351781,0.3189708774341956,0.0
0.23135,-0.04784840671454359,0.31533467946193455,0.0
0.23140000000000002,-0.046689432355568716,0.31174480249923786,0.0
0.23145000000000002,-0.045530457996594484,0.30820077364402376,0.0
0.2315,-0.04437148363762025,0.30470212482217907,0.0
0.23155,-0.04321250927864602,0.3012483927382693,0.0
0.2316,-0.042053534919671794,0.29783911882675207,0.0
0.23165000000000002,-0.04089456056069692,0.2944738492036884,0.0
0.23170000000000002,-0.0397355862017227,0.29115213461894734,0.0
0.23175,-0.038576611842748465,0.287873530408898,0.0
0.2318,-0.03741763748377423,0.2846375964495853,0.0
0.23185,-0.0362586631248,0.281443897110383,0.0
0.23190000000000002,-0.03509968876582513,0.27829200120812037,0.0
0.23195000000000002,-0.033940714406850904,0.2751814819616772,0.0
0.232,-0.03278174004787667,0.272111916947042,0.0
0.23205,-0.031622765688902446,0.2690828880528295,0.0
0.2321,-0.030463791329928214,0.26609398143625174,0.0
0.23215000000000002,-0.029304816970953343,0.2631447874795393,0.0
0.23220000000000002,-0.02814584261197911,0.2602349007468068,0.0
0.23225,-0.026986868253004885,0.25736391994135915,0.0
0.2323,-0.025827893894030653,0.2545314478634338,0.0
0.23235,-0.024668919535056427,0.25173709136837374,0.0
0.23240000000000002,-0.02350994517608155,0.24898046132522844,0.0
0.23245000000000002,-0.022350970817107324,0.24626117257577668,0.0
0.2325,-0.02119199645813309,0.24357884389396808,0.0
0.23255,-0.020033022099158866,0.24093309794577877,0.0
0.2326,-0.018874047740184634,0.2383235612494766,0.0
0.23265000000000002,-0.017715073381209763,0.23574986413629231,0.0
0.23270000000000002,-0.01655609902223553,0.23321164071149209,0.0
0.23275,-0.015397124663261305,0.23070852881584744,0.0
0.2328,-0.014238150304287073,0.22824016998749866,0.0
0.23285,-0.013079175945312847,0.2258062094242075,0.0
0.23290000000000002,-0.01192020158633797,0.2234062959459952,0.0
0.23295000000000002,-0.010761227227363744,0.221040081958162,0.0
0.233,-0.009602252868389512,0.21870722341468415,0.0
0.23305,-0.014329603085036429,0.21636066292027348,0.0
0.2331,-0.024134068419935234,0.2139602457969393,0.0
0.23315000000000002,-0.03393853375483948,0.21150652187967386,0.0
0.23320000000000002,-0.04374299908973829,0.20900003539007464,0.0
0.23325,-0.0535474644246371,0.20644132499365286,0.0
0.2333,-0.06335192975953591,0.20383092385655685,0.0
0.23335,0.20445030474263384,0.20337258747820092,0.0
0.23340000000000002,0.20311250550931675,0.2029083129095039,0.0
0.23345000000000002,0.16005987393039778,0.20210709067686675,0.0
0.2335,0.16992768936134892,0.20139236430594118,0.0
0.23355,0.2049348220289679,0.20096276913089758,0.0
0.2336,0.23994195469658686,0.2008153941802917,0.0
0.23365000000000002,0.2749490873642253,0.2009473582014716,0.0
0.23370000000000002,0.36265011240247547,0.20177401485217608,0.0
0.23375,0.378517670930904,0.20271816497489012,0.0
0.2338,0.3943852294593325,0.2037786090511224,0.0
0.23385,0.41025278798776105,0.2049541598085481,0.0
0.23390000000000002,0.4261203465161984,0.20624364209598475,0.0
0.23395000000000002,0.4419879050446269,0.2076458927596447,0.0
0.234,0.4544544569286938,0.20913276840442585,0.0
0.23405,0.4585662619553499,0.21063709755924998,0.0
0.2341,0.462678066982006,0.2121587020371278,0.0
0.23415000000000002,0.46678987200866434,0.213697405470223,0.0
0.23420000000000002,0.47090167703532043,0.2152530332912799,0.0
0.23425,0.4750134820619765,0.21682541271524103,0.0
0.2343,0.47912528708863256,0.2184143727210522,0.0
0.23435,0.48323709211528865,0.22001974403365343,0.0
0.23440000000000003,0.487348897141947,0.2216413591061536,0.0
0.23445000000000002,0.4914607021686031,0.22327905210218718,0.0
0.23450000000000001,0.4955725071952592,0.22493265887845118,0.0
0.23455,0.4996843122219153,0.22660201696742013,0.0
0.2346,0.5037961172485713,0.2282869655602378,0.0
0.23465,0.5079079222752274,0.22998734548978336,0.0
0.23470000000000002,0.5120197273018858,0.23170299921391058,0.0
0.23475000000000001,0.5161315323285418,0.233433770798858,0.0
0.2348,0.5202433373551979,0.23517950590282866,0.0
0.23485,0.524355142381854,0.23694005175973729,0.0
0.2349,0.5284669474085101,0.23871525716312353,0.0
0.23495000000000002,0.9360648729008549,0.24370724324757606,0.0
0.23500000000000001,1.4268648729000848,0.25254350306716317,0.0
0.23505,1.9176648729003298,0.2651847895271222,0.0
0.2351,2.4084648728999736,0.2815922562154995,0.0
0.23515,2.8992648729002113,0.30172745331250744,0.0
0.23520000000000002,3.3900648728999045,0.3255523235416034,0.0
0.23525000000000001,3.8808648729001427,0.353029198161941,0.0
0.2353,4.371664872899698,0.38412079300169943,0.0
0.23535,4.528771379823402,0.4161418434757856,0.0
0.2354,4.5398254338774535,0.44792371410166554,0.0
0.23545000000000002,4.550879487931511,0.47946884672266704,0.0
0.23550000000000001,4.561933541985563,0.5107796582527648,0.0
0.23555,4.5729875960396145,0.5418585409310903,0.0
0.2356,4.584041650093666,0.5727078625738431,0.0
0.23565,4.812467786531874,0.6050551420806474,0.0
0.23570000000000002,4.876004755174598,0.6375764422584824,0.0
0.23575000000000002,4.8369360984581995,0.6694556561293934,0.0
0.2358,4.838103626250949,0.0,1.0
0.23585,4.872785424966149,0.03867290019814404,0.0
0.2359,4.907467223681349,0.0772262320326975,0.0
0.23595000000000002,4.942149022396568,0.11566121620520801,0.0
0.23600000000000002,5.0279950338108135,0.15438512613494484,0.0
0.23605,5.034825252498686,0.19276790264481214,0.0
0.2361,5.041655471186558,0.23081302844613108,0.0
0.23615,5.04848568987443,0.26852395069440377,0.0
0.23620000000000002,5.055315908562306,0.30590408135231106,0.0
0.23625000000000002,5.062146127250178,0.34295679754900427,0.0
0.2363,5.06897634593805,0.37968544193572873,0.0
0.23635,5.075806564625921,0.41609332303781715,0.0
0.2364,5.082636783313793,0.4521837156030889,0.0
0.23645000000000002,5.089467002001669,0.4879598609466925,0.0
0.23650000000000002,5.096297220689541,0.5234249672924279,0.0
0.23655,5.103127439377413,0.5585822101105835,0.0
0.2366,5.1099576580652855,0.5934347324523248,0.0
0.23665,5.116787876753158,0.6279856452806685,0.0
0.23670000000000002,5.123618095441033,0.6622380277980782,0.0
0.23675000000000002,5.1304483141289055,0.0,1.0
0.2368,5.137278532816778,0.040772051847752205,0.0
0.23685,5.049880755065361,0.0804342190714703,0.0
0.2369,4.9589828404675576,0.11897005388047596,0.0
0.23695000000000002,4.868084925869703,0.15639105526731434,0.0
0.23700000000000002,4.7771870112719,0.1927086048286119,0.0
0.23705,4.686289096674097,0.22793396796359763,0.0
0.2371,4.595391182076293,0.26207829506039004,0.0
0.23715,4.504493267478489,0.2951526226701728,0.0
0.23720000000000002,4.413595352880636,0.3271678746693821,0.0
0.23725000000000002,4.322697438282832,0.358134863410031,0.0
0.2373,4.231799523685028,0.3880642908582874,0.0
0.23735,4.1409016090872255,0.41696674972142933,0.0
0.2374,4.050003694489422,0.4448527245632947,0.0
0.23745000000000002,3.959105779891568,0.4717325929083428,0.0
0.23750000000000002,3.8682078652937646,0.49761662633444553,0.0
0.23755,3.777309950695961,0.52251499155452,0.0
0.2376,3.686412036098157,0.5464377514871197,0.0
0.23765,3.595514121500354,0.569394866316096,0.0
0.23770000000000002,3.5046162069025,0.59139619453944,0.0
0.23775000000000002,3.4137182923046963,0.6124514940074188,0.0
0.2378,3.322820377706893,0.6325704229501107,0.0
0.23785,3.2319224631090897,0.6517625409944512,0.0
0.2379,3.141024548511286,0.6700373101708961,0.0
0.23795000000000002,3.050126633913432,0.0,1.0
0.23800000000000002,2.959228719315629,0.02348594221679071,0.0
0.23805,2.868330804717825,0.046010698904762205,0.0
0.2381,2.777432890120022,0.06758408303305792,0.0
0.23815,2.686534975522218,0.08821580738791118,0.0
0.23820000000000002,2.595637060924364,0.10791548559543576,0.0
0.23825000000000002,2.504739146326561,0.126692633133976,0.0
0.2383,2.413841231728757,0.14455666833611927,0.0
0.23835,2.322943317130954,0.16151691338048033,0.0
0.2384,2.2320454025331506,0.17758259527335973,0.0
0.23845000000000002,2.1411474879352967,0.19276284682038008,0.0
0.23850000000000002,2.050249573337493,0.20706670758820406,0.0
0.23855,1.9593516587396897,0.2205031248564317,0.0
0.2386,1.868453744141886,0.2330809545597811,0.0
0.23865,1.7775558295440828,0.2448089622206498,0.0
0.23870000000000002,1.6866579149462289,0.25569582387215506,0.0
0.23875000000000002,1.5957600003484251,0.2657501269717522,0.0
0.2388,1.5048620857506219,0.27498037130552316,0.0
0.23885,1.4139641711528181,0.2833949698832344,0.0
0.2389,1.3230662565550149,0.2910022498242571,0.0
0.23895000000000002,1.232168341957161,0.29781045323444144,0.0
0.23900000000000002,1.1412704273593572,0.30382773807404145,0.0
0.23905,1.0503725127615535,0.3090621790167755,0.0
0.2391,0.9594745981637507,0.31352176830011885,0.0
0.23915,0.868576683565947,0.31721441656691446,0.0
0.23920000000000002,0.7776787689680926,0.3201479536983915,0.0
0.23925000000000002,0.6867808543702898,0.3223301296386808,0.0
0.2393,0.5958829397724861,0.3237686152109102,0.0
0.23935,0.5049850251746824,0.32447100292497016,0.0
0.2394,0.4140871105768795,0.3244448077770317,0.0
0.23945000000000002,0.3231891959790252,0.32369746804090205,0.0
0.23950000000000002,0.23229128138122146,0.32223634605130225,0.0
0.23955,0.14139336678341863,0.3200687289791462,0.0
0.2396,0.05049545218561491,0.3172018295989058,0.0
0.23965,5.042626100019544,0.35398428357537803,0.0
0.23970000000000002,2.3777638777926797,0.3692415166512279,0.0
0.23975000000000002,0.13611149100632453,0.3665520930873424,0.0
0.2398,0.6269114910067849,0.36778536457643957,0.0
0.23985,1.1177114910068768,0.3729012834020666,0.0
0.2399,1.608511491006444,0.3818602107043261,0.0
0.23995000000000002,2.099311491006624,0.3946229123057739,0.0
0.24000000000000002,2.590111491006902,0.4111505545799075,0.0
0.24005,3.0809114910067845,0.4314047003618476,0.0
0.2401,3.571711491006843,0.45534730490077624,0.0
0.24015,4.062511491006505,0.4829407118536807,0.0
0.24020000000000002,4.553311491007055,0.5141476493200212,0.0
0.24025000000000002,5.035769663293482,0.5488650209349923,0.0
0.2403,4.781476617260203,0.581209755959258,0.0
0.24035,4.527183571226924,0.6112060771978385,0.0
0.2404,4.272890525193645,0.6388779601594408,0.0
0.24045000000000002,4.018597479160226,0.6642491355811626,0.0
0.24050000000000002,3.764304433126947,0.0,1.0
0.24055,3.5100113870936687,0.027857233230902136,0.0
0.2406,3.25571834106039,0.05341186663742958,0.0
0.24065,3.0014252950271114,0.0766874080027821,0.0
0.24070000000000003,2.7471322489936916,0.09770712511367045,0.0
0.24075000000000002,2.492839202960413,0.11649404821050026,0.0
0.24080000000000001,2.2385461569271343,0.13307097241253482,0.0
0.24085,1.9842531108938557,0.14746046011830324,0.0
0.2409,1.729960064860577,0.15968484338150118,0.0
0.24095000000000003,1.4756670188271572,0.1697662262626343,0.0
0.24100000000000002,1.2213739727938786,0.17772648715665768,0.0
0.24105000000000001,0.9670809267606,0.1835872810968452,0.0
0.2411,0.7127878807273218,0.18737004203514257,0.0
0.24115,0.45849483469404273,0.18909598509923867,0.0
0.2412,0.20420178866076455,0.18878610882659377,0.0
0.24125000000000002,-0.05009125737265574,0.18646119737565905,0.0
0.24130000000000001,-0.07181945981467004,0.18398757544144048,0.0
0.24135,-0.07177548526041863,0.1815395562997659,0.0
0.2414,-0.07173151070616722,0.17911687856570419,0.0
0.24145,-0.07168753615191581,0.1767192835228645,0.0
0.24150000000000002,-0.07164356159766437,0.1743465150961525,0.0
0.24155000000000001,-0.07159958704341296,0.17199831982480468,0.0
0.2416,-0.07155561248916155,0.16967444683569807,0.0
0.24165,-0.07151163793491015,0.16737464781693245,0.0
0.2417,-0.07146766338065874,0.1650986769916822,0.0
0.24175000000000002,-0.0714236888264073,0.16284629109231513,0.0
0.24180000000000001,-0.07137971427215589,0.16061724933477547,0.0
0.24185,-0.07133573971790448,0.15841131339322856,0.0
0.2419,-0.07129176516365307,0.1562282473749642,0.0
0.24195,-0.07124779060940166,0.15406781779555645,0.0
0.24200000000000002,-0.07120381605515023,0.15192979355427666,0.0
0.24205000000000002,-0.07115984150089882,0.14981394590975797,0.0
0.2421,-0.07111586694664741,0.1477200484559079,0.0
0.24215,-0.071071892392396,0.145647877098067,0.0
0.2422,-0.07102791783814459,0.143597210029411,0.0
0.24225000000000002,-0.07098394328389317,0.14156782770759355,0.0
0.24230000000000002,-0.07093996872964176,0.13955951283162782,0.0
0.24235,-0.07089599417539034,0.13757205031900385,0.0
0.2424,-0.07085201962113893,0.13560522728303961,0.0
0.24245,-0.07080804506688752,0.1336588330104633,0.0
0.24250000000000002,-0.07076407051263608,0.13173265893922445,0.0
0.24255000000000002,-0.07072009595838467,0.12982649863653162,0.0
0.2426,-0.07067612140413328,0.12794014777711432,0.0
0.24265,-0.07063214684988187,0.12607340412170676,0.0
0.2427,-0.07058817229563046,0.12422606749575142,0.0
0.24275000000000002,-0.07054419774137902,0.12239793976831993,0.0
0.24280000000000002,-0.0705002231871276,0.12058882483124914,0.0
0.24285,-0.0704562486328762,0.11879852857849026,0.0
0.2429,-0.07041227407862478,0.11702685888566881,0.0
0.24295,-0.07036829952437339,0.11527362558985328,0.0
0.24300000000000002,-0.07032432497012195,0.11353864046953022,0.0
0.24305000000000002,-0.07028035041587054,0.11182171722478387,0.0
0.2431,-0.07023637586161913,0.11012267145767818,0.0
0.24315,-0.07019240130736772,0.10844132065283893,0.0
0.2432,-0.0701484267531163,0.10677748415823435,0.0
0.24325000000000002,-0.07010445219886488,0.10513098316615171,0.0
0.24330000000000002,-0.07006047764461347,0.10350164069436832,0.0
0.24335,-0.07001650309036206,0.10188928156751458,0.0
0.2434,-0.06997252853611065,0.10029373239862746,0.0
0.24345,-0.06992855398185924,0.09871482157089223,0.0
0.24350000000000002,-0.0698845794276078,0.09715237921957058,0.0
0.24355000000000002,-0.0698406048733564,0.09560623721411327,0.0
0.2436,-0.06979663031910499,0.09407622914045535,0.0
0.24365,-0.06975265576485358,0.09256219028349227,0.0
0.2437,-0.06970868121060217,0.09106395760973467,0.0
0.24375000000000002,-0.06966470665635073,0.08958136975014043,0.0
0.24380000000000002,-0.06962073210209932,0.08811426698312197,0.0
0.24385,-0.06957675754784791,0.08666249121772694,0.0
0.2439,-0.06953278299359651,0.08522588597699073,0.0
0.24395,-0.0694888084393451,0.08380429638145882,0.0
0.24400000000000002,-0.06944483388509366,0.08239756913287753,0.0
0.24405000000000002,-0.06375846820264285,0.0810503333800209,0.0
0.2441,-0.05803037255789602,0.07976231295039309,0.0
0.24415,-0.05230227691314919,0.07853290330083125,0.0
0.2442,-0.04657418126840236,0.07736150606009591,0.0
0.24425000000000002,-0.040846085623652356,0.07624752896586032,0.0
0.24430000000000002,-0.03511798997890552,0.07519038580234308,0.0
0.24435,-0.029389894334158694,0.07418949633857763,0.0
0.2444,-0.023661798689411866,0.07324428626731183,0.0
0.24445,-0.017933703044665038,0.07235418714453133,0.0
0.24450000000000002,-0.012205607399915032,0.07151863632960047,0.0
0.24455000000000002,-0.006477511755168211,0.07073707692601411,0.0
0.2446,-0.0007494161104213831,0.07000895772275456,0.0
0.24465,0.3177581091126054,0.0718161095614715,0.0
0.2447,0.8085581091125055,0.07750004985724548,0.0
0.24475000000000002,1.299358109112353,0.08702119956486154,0.0
0.24480000000000002,1.7901581091124372,0.10034038371088898,0.0
0.24485,2.280958109112645,0.11741882726841424,0.0
0.2449,2.771758109113064,0.1382181510738945,0.0
0.24495,3.262558109112607,0.16270036778568606,0.0
0.24500000000000002,3.753358109112811,0.19082787788386316,0.0
0.24505000000000002,4.244158109112538,0.22256346571083377,0.0
0.2451,4.734958109112776,0.2578702955524155,0.0
0.24515,4.974207582589781,0.2947154750087076,0.0
0.2452,4.98301294867997,0.3312543772194626,0.0
0.24525000000000002,4.991818314770162,0.36749012904111944,0.0
0.24530000000000002,5.000623680860351,0.40342582540730415,0.0
0.24535,5.009429046950539,0.43906452965473747,0.0
0.2454,5.0182344130407275,0.474409273845815,0.0
0.24545,5.027039779130916,0.5094630590878942,0.0
0.24550000000000002,5.035845145221109,0.5442288558493218,0.0
0.24555000000000002,5.044650511311297,0.5787096042722341,0.0
0.2456,5.0487675727357235,0.6128710057149763,0.0
0.24565,5.051877838895419,0.6467083300273737,0.0
0.2457,5.054988105055115,0.0,1.0
0.24575000000000002,5.058098371214812,0.040143637866784224,0.0
0.24580000000000002,5.0612086373745075,0.07990212454449316,0.0
0.24585,5.064318903534203,0.1192793921322072,0.0
0.2459,5.067429169693899,0.15827933258528235,0.0
0.24595,5.070539435853594,0.19690579812518696,0.0
0.24600000000000002,5.073649702013292,0.23516260164515435,0.0
0.24605000000000002,5.076759968172987,0.27305351711169396,0.0
0.2461,5.079870234332683,0.3105822799620035,0.0
0.24615,5.082980500492378,0.3477525874973237,0.0
0.2462,5.086090766652074,0.3845680992722773,0.0
0.24625000000000002,5.089201032811771,0.4210324374802331,0.0
0.24630000000000002,5.092311298971467,0.45714918733473586,0.0
0.24635,5.095421565131162,0.49292189744704196,0.0
0.2464,5.098531831290858,0.5283540801998008,0.0
0.24645,5.101642097450553,0.5634492121169212,0.0
0.24650000000000002,5.104752363610251,0.5982107342296618,0.0
0.24655000000000002,5.107862629769946,0.6326420524389833,0.0
0.2466,5.110972895929642,0.666746537874203,0.0
0.24665,5.114083162089337,0.0,1.0
0.2467,5.117193428249033,0.04061264625594471,0.0
0.24675000000000002,5.1203036944087295,0.0808353531058541,0.0
0.24680000000000002,5.123413960568425,0.12067210153284172,0.0
0.24685,5.126524226728121,0.16012683187722815,0.0
0.2469,5.129634492887816,0.19920344425147288,0.0
0.24695,5.132744759047512,0.2379057989508699,0.0
0.24700000000000003,5.135855025207209,0.27623771686005066,0.0
0.24705000000000002,5.138965291366905,0.3142029798553365,0.0
0.24710000000000001,5.1420755575266,0.35180533120298413,0.0
0.24715,5.145185823686296,0.3890484759533644,0.0
0.2472,5.148296089845991,0.4259360813311175,0.0
0.24725000000000003,5.151406356005689,0.46247177712132476,0.0
0.24730000000000002,5.100105795891879,0.4982273240971862,0.0
0.24735000000000001,4.978084656600963,0.532649412543532,0.0
0.2474,4.856063517310047,0.565751656052132,0.0
0.24745,4.734042378019131,0.5975475292303951,0.0
0.24750000000000003,4.612021238728148,0.6280503691202938,0.0
0.24755000000000002,4.490000099437232,0.6572733766028027,0.0
0.24760000000000001,4.367978960146316,0.0,1.0
0.24765,4.2459578208554,0.03369807794329683,0.0
0.2477,4.123936681564484,0.0660837025423673,0.0
0.24775,4.001915542273569,0.09717027294210379,0.0
0.24780000000000002,3.8798944029825844,0.12697105149237625,0.0
0.24785000000000001,3.7578732636916685,0.1554991651446066,0.0
0.2479,3.6358521244007527,0.18276760683408141,0.0
0.24795,3.513830985109837,0.20878923684815498,0.0
0.248,3.391809845818921,0.23357678418048308,0.0
0.24805000000000002,3.2697887065279376,0.25714284787143077,0.0
0.24810000000000001,3.1477675672370213,0.27949989833479766,0.0
0.24815,3.0257464279461055,0.3006602786709952,0.0
0.2482,2.9037252886551896,0.3206362059668195,0.0
0.24825,2.781704149364274,0.33943977258195407,0.0
0.24830000000000002,2.65968301007329,0.3570829474223376,0.0
0.24835000000000002,2.537661870782374,0.37357757720053386,0.0
0.2484,2.4156407314914583,0.38893538768323116,0.0
0.24845,2.2936195922005425,0.4031679849260077,0.0
0.2485,2.1715984529096266,0.4162868564954903,0.0
0.24855000000000002,2.049577313618643,0.4283033726790357,0.0
0.24860000000000002,1.927556174327727,0.4392287876820636,0.0
0.24865,1.8055350350368111,0.44907424081316294,0.0
0.2487,1.6835138957458953,0.4578507576571013,0.0
0.24875,1.5614927564549794,0.465569251235858,0.0
0.24880000000000002,1.4394716171639956,0.47224052315780357,0.0
0.24885000000000002,1.3174504778730798,0.47787526475514913,0.0
0.2489,1.195429338582164,0.48248405820978,0.0
0.24895,1.073408199291248,0.48607737766759773,0.0
0.249,0.9513870600003322,0.48866559034148455,0.0
0.24905000000000002,0.829365920709348,0.49025895760300753,0.0
0.24910000000000002,0.7073447814184322,0.4908676360629788,0.0
0.24915,0.5853236421275163,0.4905016786409813,0.0
0.2492,0.46330250283660046,0.4891710356239775,0.0
0.24925,0.3412813635456846,0.48688555571410974,0.0
0.24930000000000002,0.21926022425470126,0.4836549870658031,0.0
0.24935000000000002,0.09723908496378542,0.4794889783122826,0.0
0.2494,-0.011666882989186382,0.47450116824301863,0.0
0.24945,0.02688853102354321,0.46987027524923813,0.0
0.2495,0.0654439450362728,0.46559265548056733,0.0
0.24955000000000002,0.4994047272190776,0.4648028401301776,0.0
0.24960000000000002,0.9902047272188594,0.46791632628570823,0.0
0.24965,1.4810047272188576,0.4748932642239944,0.0
0.2497,1.9718047272192474,0.4856942110570696,0.0
0.24975,2.462604727218939,0.5002801265786792,0.0
0.24980000000000002,2.953404727219179,0.5186123691532265,0.0
0.24985000000000002,3.4442047272186866,0.5406526916466518,0.0
0.2499,3.9350047272188395,0.5663632373988935,0.0
0.24995,4.425804727218979,0.5957065362374321,0.0
0.25,4.892650932193205,0.6284553910472197,0.0
0.25005,4.648537876714371,0.6589324998932081,0.0
0.2501,4.404424821235536,0.0,1.0
0.25015000000000004,4.16031176575643,0.033018347347273255,0.0
0.25020000000000003,3.916198710277596,0.06376219741804501,0.0
0.25025000000000003,3.672085654798761,0.0922547710899938,0.0
0.2503,3.4279725993199266,0.11851905217339624,0.0
0.25035,3.183859543841092,0.1425777898314038,0.0
0.2504,2.9397464883622577,0.16445350097561048,0.0
0.25045,2.6956334328834233,0.1841684726371637,0.0
0.2505,2.451520377404589,0.20174476431366775,0.0
0.25055,2.207407321925754,0.21720421029212728,0.0
0.2506,1.9632942664469195,0.23056842194817526,0.0
0.25065000000000004,1.7191812109678142,0.24185879002182553,0.0
0.25070000000000003,1.4750681554889797,0.2510964868700001,0.0
0.25075000000000003,1.2309551000101449,0.25830246869604706,0.0
0.2508,0.9868420445313104,0.26349747775650545,0.0
0.25085,0.742728989052476,0.2667020445453386,0.0
0.2509,0.49861593357364153,0.26793648995586783,0.0
0.25095,0.2545028780948071,0.267220927420635,0.0
0.251,0.010389822615972655,0.26457526502941836,0.0
0.25105,-0.0730805278490556,0.2612941497289091,0.0
0.2511,-0.07283831695910663,0.2580484544149017,0.0
0.25115,-0.07259610606915765,0.2548378174764229,0.0
0.25120000000000003,-0.0723538951792084,0.2516618809942709,0.0
0.25125000000000003,-0.07211168428925942,0.24852029070332515,0.0
0.2513,-0.07186947339931044,0.24541269595524112,0.0
0.25135,-0.07162726250936145,0.24233874968152566,0.0
0.2514,-0.07138505161941248,0.2392981083569895,0.0
0.25145,-0.0711428407294635,0.23629043196357283,0.0
0.2515,-0.07090062983951452,0.2333153839545402,0.0
0.25155,-0.07065841894956554,0.23037263121904095,0.0
0.2516,-0.07041620805961657,0.2274618440470314,0.0
0.25165,-0.07017399716966759,0.22458269609455533,0.0
0.25170000000000003,-0.06993178627971834,0.22173486434937867,0.0
0.25175000000000003,-0.06968957538976936,0.21891802909697522,0.0
0.2518,-0.06944736449982038,0.21613187388685962,0.0
0.25185,-0.0692051536098714,0.2133760854992639,0.0
0.2519,-0.06896294271992243,0.21065035391215442,0.0
0.25195,-0.06872073182997344,0.20795437226858537,0.0
0.252,-0.06847852094002446,0.2052878368443857,0.0
0.25205,-0.06823631005007548,0.20265044701617582,0.0
0.2521,-0.06799409916012651,0.20004190522971096,0.0
0.25215,-0.06775188827017753,0.19746191696854765,0.0
0.25220000000000004,-0.06750967738022828,0.19491019072303,0.0
0.25225000000000003,-0.0672674664902793,0.19238643795959282,0.0
0.2523,-0.06702525560033032,0.1898903730903779,0.0
0.25235,-0.06678304471038134,0.1874217134431607,0.0
0.2524,-0.06654083382043237,0.18498017923158386,0.0
0.25245,-0.06629862293048339,0.18256549352569482,0.0
0.2525,-0.0660564120405344,0.18017738222278395,0.0
0.25255,-0.06581420115058542,0.17781557401852072,0.0
0.2526,-0.06557199026063645,0.17547980037838432,0.0
0.25265,-0.06532977937068747,0.17316979550938597,0.0
0.25270000000000004,-0.06508756848073823,0.1708852963320801,0.0
0.25275000000000003,-0.06484535759078924,0.16862604245286106,0.0
0.2528,-0.06460314670084026,0.1663917761365427,0.0
0.25285,-0.06436093581089128,0.16418224227921813,0.0
0.2529,-0.06411872492094231,0.16199718838139612,0.0
0.25295,-0.06387651403099333,0.15983636452141223,0.0
0.253,-0.06363430314104435,0.15769952332911102,0.0
0.25305,-0.06339209225109536,0.1555864199597972,0.0
0.2531,-0.06314988136114638,0.1534968120684525,0.0
0.25315,-0.06290767047119741,0.15143045978421601,0.0
0.25320000000000004,-0.06266545958124817,0.14938712568512483,0.0
0.25325000000000003,-0.062423248691299185,0.1473665747731127,0.0
0.2533,-0.0621810378013502,0.14536857444926393,0.0
0.25335,-0.06193882691140123,0.14339289448931986,0.0
0.2534,-0.061696616021452245,0.1414393070194354,0.0
0.25345,-0.06145440513150327,0.1395075864921832,0.0
0.2535,-0.06121219424155429,0.13759750966280263,0.0
0.25355,-0.060969983351605306,0.1357088555656913,0.0
0.2536,-0.05139329476402489,0.13391548864746705,0.0
0.25365,-0.026352478437498418,0.13233916727143955,0.0
0.25370000000000004,-0.001311662110944141,0.13097767556861756,0.0
0.25375000000000003,0.023729154215582332,0.12982882029233722,0.0
0.2538,0.10896883742670294,0.12936819937210428,0.0
0.25385,0.12002289148075367,0.12900001162691888,0.0
0.2539,0.1310769455348044,0.1287233133847558,0.0
0.25395,0.14213099958885514,0.1285371706077595,0.0
0.254,0.15318505364290588,0.12844065879388658,0.0
0.25405,0.1642391076969566,0.12843286287955255,0.0
0.2541,0.1749253516154376,0.12850995801521212,0.0
0.25415,0.18326283745915226,0.1286524365910674,0.0
0.25420000000000004,0.19160032330287619,0.12885963109219872,0.0
0.25425000000000003,0.19993780914659084,0.1291308808185031,0.0
0.2543,0.2082752949903055,0.12946553181512038,0.0
0.25435,0.2166127808340202,0.12986293680356936,0.0
0.2544,0.22495026667773485,0.1303224551135871,0.0
0.25445,0.6810513453245123,0.13439713192362487,0.0
0.2545,1.17185134532472,0.1423254474949471,0.0
0.25455,1.6626513453243954,0.1540680591230242,0.0
0.2546,2.153451345324638,0.1695860257622596,0.0
0.25465,2.6442513453246876,0.18884080392534444,0.0
0.25470000000000004,3.135051345325005,0.21179424362450133,0.0
0.25475000000000003,3.6258513453249797,0.2384085843541464,0.0
0.2548,4.116651345324624,0.2686464511145791,0.0
0.25485,4.607451345324893,0.3024708504762692,0.0
0.2549,4.922118147193425,0.3384472841594499,0.0
0.25495,4.959711338682778,0.3743547846317835,0.0
0.255,4.991673035296699,0.41014936124485996,0.0
0.25505,4.998983859527086,0.4456365250206054,0.0
0.2551,5.006294683757472,0.4808194144089825,0.0
0.25515,5.013605507987859,0.5157011358187801,0.0
0.25520000000000004,5.0209163322182535,0.5502847639447289,0.0
0.25525000000000003,5.02822715644864,0.5845733420912781,0.0
0.2553,5.035537980679027,0.6185698824930658,0.0
0.25535,5.042848804909413,0.6522773666321182,0.0
0.2554,5.0501596291398,0.0,1.0
0.25545,5.057470453370186,0.04013865439182687,0.0
0.2555,5.064781277600573,0.07992554623451227,0.0
0.25555,5.072092101830959,0.11936426675465817,0.0
0.2556,5.079402926061346,0.1584583705151895,0.0
0.25565,5.086713750291732,0.19721137578966216,0.0
0.25570000000000004,5.094024574522128,0.23562676493274998,0.0
0.25575000000000003,5.101335398752514,0.2737079847469486,0.0
0.2558,5.108646222982901,0.3114584468455363,0.0
0.25585,5.111759577215559,0.34884821475787886,0.0
0.2559,5.1127893360750996,0.38586443442454704,0.0
0.25595,5.113819094934641,0.42251091948744296,0.0
0.256,5.114848853794181,0.4587914446541015,0.0
0.25605,5.115878612653722,0.4947097460951804,0.0
0.2561,5.116908371513262,0.5302695218378926,0.0
0.25615,5.117938130372803,0.5654744321554211,0.0
0.25620000000000004,5.118967889232345,0.6003280999523595,0.0
0.25625000000000003,5.119997648091886,0.6348341111462158,0.0
0.25630000000000003,5.121027406951426,0.6689960150450229,0.0
0.25635,5.122057165810967,0.0,1.0
0.2564,5.123086924670507,0.040659420037067524,0.0
0.25645,5.1241166835300485,0.08091191118086696,0.0
0.2565,5.125146442389589,0.12076162786418312,0.0
0.25655,5.126176201249129,0.16021268210621936,0.0
0.2566,5.12720596010867,0.1992691439456078,0.0
0.25665,5.12823571896821,0.23793504186899883,0.0
0.25670000000000004,5.129265477827753,0.27621436323527515,0.0
0.25675000000000003,5.130295236687293,0.31411105469543465,0.0
0.25680000000000003,5.131324995546834,0.351629022608187,0.0
0.25685,5.132354754406374,0.38877213345130696,0.0
0.2569,5.133384513265915,0.42554421422878824,0.0
0.25695,5.134414272125456,0.4619490528738407,0.0
0.257,5.1354440309849965,0.49799039864777295,0.0
0.25705,5.136473789844537,0.5336719625348032,0.0
0.2571,5.137503548704077,0.5689974176328388,0.0
0.25715,5.138533307563618,0.6039703995402668,0.0
0.25720000000000004,5.13956306642316,0.6385945067387949,0.0
0.25725000000000003,5.140592825282701,0.672873300972385,0.0
0.25730000000000003,5.141622584142241,0.0,1.0
0.25735,5.142652343001782,0.04081470113493478,0.0
0.2574,5.143682101861322,0.0812208880753498,0.0
0.25745,5.1447118607208635,0.12122273143874324,0.0
0.2575,5.145741619580404,0.16082435926379823,0.0
0.25755,5.1467713784399445,0.2000298574450801,0.0
0.2576,5.147801137299485,0.23884327016329543,0.0
0.25765,5.1488308961590254,0.2772686003111588,0.0
0.2577,5.149860655018566,0.31530980991491153,0.0
0.25775000000000003,5.150890413878108,0.3529708205515372,0.0
0.25780000000000003,5.151920172737649,0.3902555137617175,0.0
0.25785,5.152949931597189,0.42716773145857234,0.0
0.2579,5.15397969045673,0.4637112763322269,0.0
0.25795,5.15500944931627,0.49988991225024854,0.0
0.258,5.1560392081758115,0.5357073646539953,0.0
0.25805,5.157068967035352,0.5711673209509179,0.0
0.2581,5.1580987258948925,0.6062734309028576,0.0
0.25815,5.159128484754433,0.641029307010378,0.0
0.2582,5.1601582436139735,0.6754385248931751,0.0
0.25825000000000004,5.161188002473516,0.0,1.0
0.25830000000000003,4.971044695292811,0.03945273567692707,0.0
0.25835,4.717411330893976,0.07648972588616604,0.0
0.2584,4.463777966495139,0.11113563354140217,0.0
0.25845,4.210144602096303,0.14341486976683399,0.0
0.2585,3.956511237697467,0.17335159646775133,0.0
0.25855,3.7028778732986307,0.20096972887486986,0.0
0.2586,3.4492445088997945,0.2262929380626897,0.0
0.25865,3.1956111445009583,0.24934465344214388,0.0
0.2587,2.941977780102122,0.2701480652277983,0.0
0.25875000000000004,2.6883444157030043,0.28872612687986154,0.0
0.25880000000000003,2.434711051304168,0.30510155752127266,0.0
0.25885,2.1810776869053323,0.31929684433009853,0.0
0.2589,1.927444322506496,0.33133424490751595,0.0
0.25895,1.67381095810766,0.34123578962161616,0.0
0.259,1.4201775937088237,0.3490232839272808,0.0
0.25905,1.1665442293099875,0.3547183106623738,0.0
0.2591,1.403495049799327,0.362235757597381,0.0
0.25915,1.8942950497995958,0.37357169524369604,0.0
0.2592,2.385095049798822,0.38868713973149455,0.0
0.25925000000000004,2.875895049799588,0.40754350518646915,0.0
0.25930000000000003,3.366695049799312,0.4301025996665585,0.0
0.25935,3.857495049799581,0.45632662114023353,0.0
0.2594,4.34829504979985,0.486178153505792,0.0
0.25945,4.839095049799315,0.5196201626513083,0.0
0.2595,4.9763000782508335,0.5538096832568228,0.0
0.25955,4.724742271559416,0.5856536644754877,0.0
0.2596,4.473184464867998,0.6151760524705958,0.0
0.25965,4.2216266581765804,0.6424005489334266,0.0
0.2597,3.970068851485162,0.6673506135791183,0.0
0.25975000000000004,3.7185110447934644,0.0,1.0
0.25980000000000003,3.4669532381020467,0.027515501889698785,0.0
0.25985,3.215395431410629,0.052753601019408514,0.0
0.2599,2.963837624719211,0.07573754792957207,0.0
0.25995,2.7122798180277927,0.09649035579039623,0.0
0.26,2.4607220113363746,0.1150348028252202,0.0
0.26005,2.209164204644957,0.13139343470914347,0.0
0.2601,1.9576063979535387,0.14558856694316552,0.0
0.26015,1.7060485912621206,0.15764228720408727,0.0
0.2602,1.454490784570703,0.16757645767042198,0.0
0.26025000000000004,1.2029329778790054,0.17541271732455804,0.0
0.26030000000000003,0.9513751711875873,0.18117248423142743,0.0
0.26035,0.6998173644961696,0.18487695779389723,0.0
0.2604,0.4482595578047519,0.18654712098514445,0.0
0.26045,0.19670175111333332,0.18620374255823743,0.0
0.2605,0.1719096179577567,0.18566710680090429,0.0
0.26055,0.6627096179573253,0.1890311877794741,0.0
0.2606,0.8859469967835158,0.1941326492928501,0.0
0.26065,0.8166623295690556,0.19863215047449928,0.0
0.2607,0.7473776623545952,0.2025358368790349,0.0
0.26075000000000004,0.678092995140058,0.20584979131965706,0.0
0.26080000000000003,0.6088083279255978,0.20858003450869633,0.0
0.26085,0.5395236607111374,0.2107325256916144,0.0
0.2609,0.47023899349667714,0.2123131632745344,0.0
0.26095,0.40095432628221683,0.21332778544536393,0.0
0.261,0.3316696590677566,0.21378217078857709,0.0
0.26105,0.2623849918532962,0.21368203889371987,0.0
0.2611,0.19310032463883597,0.2130330509577033,0.0
0.26115,0.12381565742437572,0.21184081038094763,0.0
0.2612,0.054530990209915364,0.21011086335744017,0.0
0.26125000000000004,-0.014753677004621824,0.20784869945876872,0.0
0.26130000000000003,-0.06884000643189095,0.20518037394066455,0.0
0.26135,-0.06870541530591064,0.20254035816892904,0.0
0.2614,-0.06857082417993032,0.1999283631227028,0.0
0.26145,-0.06843623305395001,0.19734410273180836,0.0
0.2615,-0.0683016419279697,0.194787293846626,0.0
0.26155,-0.06816705080198938,0.19225765620827703,0.0
0.2616,-0.06803245967600907,0.18975491241911166,0.0
0.26165,-0.06789786855002876,0.18727878791349784,0.0
0.2617,-0.06776327742404843,0.18482901092890872,0.0
0.26175000000000004,-0.06762868629806798,0.18240531247730496,0.0
0.26180000000000003,-0.06749409517208765,0.1800074263168094,0.0
0.26185,-0.06735950404610734,0.17763508892367086,0.0
0.2619,-0.06722491292012703,0.17528803946451404,0.0
0.26195,-0.06709032179414672,0.172966019768873,0.0
0.262,-0.0669557306681664,0.17066877430200475,0.0
0.26205,-0.06682113954218609,0.16839605013798065,0.0
0.2621,-0.06668654841620578,0.1661475969330523,0.0
0.26215,-0.06655195729022546,0.16392316689928957,0.0
0.2622,-0.06641736616424515,0.1617225147784875,0.0
0.26225000000000004,-0.06628277503826469,0.15954539781633995,0.0
0.26230000000000003,-0.06614818391228437,0.1573915757368765,0.0
0.26235,-0.06601359278630406,0.15526081071716066,0.0
0.2624,-0.06587900166032373,0.15315286736224623,0.0
0.26245,-0.06574441053434342,0.1510675126803894,0.0
0.2625,-0.06560981940836311,0.14900451605851386,0.0
0.26255,-0.0654752282823828,0.14696364923792643,0.0
0.2626,-0.06534063715640248,0.14494468629028062,0.0
0.26265,-0.06520604603042217,0.14294740359378558,0.0
0.2627,-0.06507145490444186,0.14097157980965794,0.0
0.26275000000000004,-0.06493686377846139,0.13901699585881397,0.0
0.26280000000000003,-0.06480227265248108,0.1370834348987999,0.0
0.26285000000000003,-0.06466768152650076,0.13517068230095752,0.0
0.2629,-0.06453309040052045,0.13327852562782314,0.0
0.26295,-0.06439849927454012,0.13140675461075702,0.0
0.263,-0.06426390814855981,0.1295551611278015,0.0
0.26305,-0.0641293170225795,0.12772353918176488,0.0
0.2631,-0.06399472589659919,0.12591168487852927,0.0
0.26315,-0.06386013477061887,0.12411939640557978,0.0
0.2632,-0.06372554364463856,0.12234647401075296,0.0
0.26325000000000004,-0.0635909525186581,0.12059271998120218,0.0
0.26330000000000003,-0.06345636139267778,0.11885793862257774,0.0
0.26335000000000003,-0.06332177026669747,0.11714193623841962,0.0
0.2634,-0.06318717914071716,0.11544452110976051,0.0
0.26345,-0.04695085847275882,0.11389329497923854,0.0
0.2635,-0.01423085847274523,0.11261758822082843,0.0
0.26355,0.162738754273818,0.11275942618885677,0.0
0.2636,0.653538754273703,0.1167950541949451,0.0
0.26365,1.144338754273266,0.1246847196207369,0.0
0.2637,1.6351387542737652,0.1363890756917167,0.0
0.26375000000000004,2.125938754273804,0.15186917733383362,0.0
0.26380000000000003,2.6167387542740728,0.17108647707246352,0.0
0.26385000000000003,3.0399189715639126,0.19346615603106934,0.0
0.2639,3.005207787353396,0.21534186999430724,0.0
0.26395,2.9704966031428794,0.23671876405935213,0.0
0.264,2.935785418932363,0.25760193079587174,0.0
0.26405,2.901074234721847,0.2779964107822922,0.0
0.2641,2.86636305051133,0.29790719313658887,0.0
0.26415,2.9203628740348773,0.3180432716585953,0.0
0.2642,2.965774060652761,0.33833418246177804,0.0
0.26425000000000004,3.0111852472706953,0.3587783448269609,0.0
0.26430000000000003,3.0565964338885787,0.3793741941729009,0.0
0.26435000000000003,3.1020076205064626,0.40012018189153337,0.0
0.2644,3.1474188071243465,0.42101477518489744,0.0
0.26445,3.1532879574226556,0.44174263121865137,0.0
0.2645,3.156125570600358,0.46228139243427907,0.0
0.26455,3.1589631837780603,0.4826329893452557,0.0
0.2646,3.1618007969557627,0.5027993327559902,0.0
0.26465,3.164638410133465,0.5227823139630399,0.0
0.2647,3.1674760233111674,0.5425838049542706,0.0
0.26475,3.1703136364888698,0.5622056586059839,0.0
0.26480000000000004,3.1731512496665752,0.5816497088780312,0.0
0.26485000000000003,3.1759888628442776,0.6009177710069367,0.0
0.2649,3.1788264760219804,0.6200116416970475,0.0
0.26495,3.181664089199683,0.6389330993097339,0.0
0.265,3.184501702377385,0.6576839040506562,0.0
0.26505,3.1873393155550875,0.6762657981551218,0.0
0.2651,3.19017692873279,0.0,1.0
0.26515,3.1930145419104923,0.025341385253257877,0.0
0.2652,3.1958521550881946,0.05044657508344297,0.0
0.26525,3.198689768265897,0.07531798086518478,0.0
0.26530000000000004,3.2015273814436025,0.09995798935482206,0.0
0.26535000000000003,3.204364994621305,0.12436896294173665,0.0
0.2654,3.2072026077990077,0.14855323989712158,0.0
0.26545,3.21004022097671,0.17251313462020926,0.0
0.2655,3.2128778341544124,0.196250937881986,0.0
0.26555,3.215715447332115,0.2197689170664183,0.0
0.2656,3.218553060509817,0.2430693164092164,0.0
0.26565,3.2213906736875195,0.2661543572341603,0.0
0.2657,3.29835623606341,0.28961455524414165,0.0
0.26575,3.7891562360633486,0.31673048066982146,0.0
0.26580000000000004,4.279956236063673,0.3474648113301551,0.0
0.26585000000000003,4.770756236064217,0.3817806060750214,0.0
0.2659,5.009091285413582,0.41763761081065476,0.0
0.26595,5.018579510369644,0.4532038463237105,0.0
0.266,5.028067735325707,0.4884822811455736,0.0
0.26605,5.037555960281769,0.5234758535011939,0.0
0.2661,5.047044185237832,0.5581874716184912,0.0
0.26615,5.056532410193894,0.5926200140346032,0.0
0.2662,5.066020635149957,0.6267763298990042,0.0
0.26625,5.0755088601060185,0.6606592392735319,0.0
0.26630000000000004,5.084997085062092,0.0,1.0
0.26635000000000003,5.094485310018154,0.040432423095382176,0.0
0.2664,5.103973534974217,0.08052736544597144,0.0
0.26645,5.095718110924897,0.12014744986091616,0.0
0.2665,5.050552281964208,0.15900458455505348,0.0
0.26655,5.00538645300352,0.19710655866153595,0.0
0.2666,4.960220624042831,0.2344610817924237,0.0
0.26665,4.915054795082143,0.27107578485053396,0.0
0.2667,4.869888966121454,0.30695822083300217,0.0
0.26675,4.824723137160765,0.3421158656266396,0.0
0.26680000000000004,4.779557308200027,0.37655611879517015,0.0
0.26685000000000003,4.7343914792393385,0.4102863043584321,0.0
0.2669,4.68922565027865,0.4433136715636221,0.0
0.26695,4.644059821317961,0.4756453956486671,0.0
0.267,4.598893992357272,0.5072885785978023,0.0
0.26705,4.553728163396584,0.5382502498894355,0.0
0.2671,4.508562334435895,0.5685373672363758,0.0
0.26715,4.463396505475207,0.5981568173185061,0.0
0.2672,4.4182306765145185,0.6271154165079743,0.0
0.26725,4.37306484755383,0.6554199115869818,0.0
0.26730000000000004,4.327899018593091,0.0,1.0
0.26735000000000003,4.282733189632403,0.03398994594946351,0.0
0.2674,4.237567360671714,0.0672744215859743,0.0
0.26745,4.192401531711026,0.09986062922189043,0.0
0.2675,4.147235702750336,0.13175569763946904,0.0
0.26755,4.102069873789649,0.16296668284155247,0.0
0.2676,4.0569040448289595,0.1935005687945904,0.0
0.26765,4.011738215868271,0.22336426816407634,0.0
0.2677,3.9665723869075826,0.25256462304247584,0.0
0.26775,3.921406557946894,0.28110840566972317,0.0
0.26780000000000004,3.876240728986155,0.3090023191463618,0.0
0.26785000000000003,3.8310749000254667,0.3362529981394059,0.0
0.2679,3.7859090710647783,0.36286700958099316,0.0
0.26795,3.74074324210409,0.38885085335990655,0.0
0.268,3.6955774131434014,0.4142109630060355,0.0
0.26805,3.650411584182713,0.43895370636784964,0.0
0.2681,3.605245755222024,0.4630853862829558,0.0
0.26815,3.5600799262613356,0.48661224124180924,0.0
0.2682,3.5149140973006467,0.5095404460446488,0.0
0.26825,3.4697482683399583,0.5318761124517251,0.0
0.26830000000000004,3.4245824393792197,0.5536252898268906,0.0
0.26835000000000003,3.3794166104185313,0.5747939657746203,0.0
0.2684,3.3342507814578424,0.595388066770526,0.0
0.26845,3.289084952497154,0.6154134587854364,0.0
0.2685,3.2439191235364655,0.634875947903104,0.0
0.26855,3.198753294575777,0.6537812809316066,0.0
0.2686,3.1535874656150886,0.6721351460085069,0.0
0.26865,3.1084216366543997,0.0,1.0
0.2687,3.0632558076937113,0.02431155402931517,0.0
0.26875,3.289185372380385,0.0501679974684706,0.0
0.26880000000000004,3.7799853723808745,0.0796557044901234,0.0
0.26885000000000003,4.27078537238082,0.11273760267024877,0.0
0.26890000000000003,4.761585372380765,0.14937699806592292,0.0
0.26895,5.022993176464473,0.18771699836785394,0.0
0.269,4.346630436739461,0.22029761833699457,0.0
0.26905,3.239188286011701,0.24375639167513327,0.0
0.2691,3.72998828601197,0.270870906973783,0.0
0.26915,3.55172763787475,0.29629383675945636,0.0
0.2692,4.7115882860117635,0.33066246111442255,0.0
0.26925,4.663320949544956,0.3642971340005881,0.0
0.26930000000000004,3.1480373746019907,0.3855623624814781,0.0
0.26935000000000003,4.754985015802432,0.41936404195096866,0.0
0.26940000000000003,4.725409120036965,0.452585902792816,0.0
0.26945,4.695833224271499,0.48523386451176853,0.0
0.2695,4.666257328506033,0.5173137861789582,0.0
0.26955,4.058623334779351,0.5442437043666498,0.0
0.2696,3.4457590860747898,0.5660346867115521,0.0
0.26965,3.1391941132743044,0.5851701444525687,0.0
0.2697,3.6299941132743845,0.6080054818999094,0.0
0.26975,4.1207941132744645,0.6345029261114068,0.0
0.26980000000000004,3.915935725358892,0.6591039914609532,0.0
0.26985000000000003,3.475217358012048,0.6799561339277354,0.0
0.26990000000000003,3.0344989906652033,0.0,1.0
0.26995,2.593780623318359,0.02058556050252666,0.0
0.27,2.1530622559715145,0.03746319335575603,0.0
0.27005,1.7123438886246705,0.05067075366519862,0.0
0.2701,1.271625521277826,0.060245710064688894,0.0
0.27015,0.8309071539309816,0.06622514866196555,0.0
0.2702,0.39018878658413714,0.06864577694397038,0.0
0.27025,0.04440285416916505,0.06829735966554587,0.0
0.27030000000000004,0.5352028541696111,0.0718477375563094,0.0
0.27035000000000003,1.0260028541697028,0.07925710689934327,0.0
0.27040000000000003,1.5168028541699035,0.09048607034324171,0.0
0.27045,2.00760285417005,0.10549563275342475,0.0
0.2705,2.4984028541694197,0.12424719710580762,0.0
0.27055,2.6467944852817604,0.14398503368521035,0.0
0.2706,2.421363147016799,0.16173222444317503,0.0
0.27065,2.195931808751838,0.17750909235111104,0.0
0.2707,1.970500470486876,0.1913357528984324,0.0
0.27075,1.7450691322219145,0.20323211621079046,0.0
0.27080000000000004,1.5196377939567027,0.21321788914667866,0.0
0.27085000000000004,1.2942064556917412,0.2213125773726409,0.0
0.27090000000000003,1.0687751174267797,0.22753548741728138,0.0
0.27095,0.8433437791618181,0.23190572870431275,0.0
0.271,0.6179124408968568,0.23444221556484623,0.0
0.27105,0.39248110263189506,0.23516366922913792,0.0
0.2711,0.16704976436693375,0.2340886197980008,0.0
0.27115,-0.058381573898028005,0.23123540819409025,0.0
0.2712,-0.07309895879635712,0.2282945210564955,0.0
0.27125,-0.07294822169562006,0.22538485445360862,0.0
0.2713,-0.07279748459488299,0.22250608964764737,0.0
0.27135000000000004,-0.07264674749414575,0.21965791115489858,0.0
0.27140000000000003,-0.07249601039340868,0.21684000671249648,0.0
0.27145,-0.07234527329267162,0.21405206724554035,0.0
0.2715,-0.07219453619193456,0.2112937868345478,0.0
0.27155,-0.07204379909119749,0.20856486268324043,0.0
0.2716,-0.07189306199046042,0.20586499508665823,0.0
0.27165,-0.07174232488972336,0.20319388739959968,0.0
0.2717,-0.07159158778898629,0.20055124600538382,0.0
0.27175,-0.07144085068824922,0.1979367802849315,0.0
0.2718,-0.07129011358751215,0.1953502025861621,0.0
0.27185000000000004,-0.07113937648677492,0.1927912281937027,0.0
0.27190000000000003,-0.07098863938603786,0.19025957529890666,0.0
0.27195,-0.07083790228530079,0.18775496497017807,0.0
0.272,-0.07068716518456372,0.18527712112359926,0.0
0.27205,-0.07053642808382665,0.18282577049385826,0.0
0.2721,-0.0703856909830896,0.18040064260547292,0.0
0.27215,-0.07023495388235253,0.17800146974430892,0.0
0.2722,-0.07008421678161546,0.17562798692938847,0.0
0.27225,-0.06993347968087839,0.17327993188498694,0.0
0.2723,-0.06978274258014133,0.17095704501301429,0.0
0.27235000000000004,-0.0696320054794041,0.16865906936567837,0.0
0.27240000000000003,-0.06948126837866703,0.1663857506184275,0.0
0.27245,-0.06933053127792996,0.16413683704316923,0.0
0.2725,-0.06917979417719289,0.1619120794817623,0.0
0.27255,-0.06902905707645583,0.15971123131977966,0.0
0.2726,-0.06887831997571876,0.15753404846053884,0.0
0.27265,-0.0687275828749817,0.15538028929939784,0.0
0.2727,-0.06857684577424462,0.1532497146983133,0.0
0.27275,-0.06842610867350757,0.1511420879606584,0.0
0.2728,-0.0682753715727705,0.1490571748062978,0.0
0.27285000000000004,-0.06812463447203326,0.14699474334691723,0.0
0.27290000000000003,-0.0679738973712962,0.14495456406160473,0.0
0.27295,-0.06782316027055912,0.14293640977268132,0.0
0.273,-0.06597738755831976,0.14095350828536174,0.0
0.27305,-0.06038741033736312,0.13903521560430196,0.0
0.2731,-0.05479743311640647,0.13718087212300228,0.0
0.27315,-0.04920745589544982,0.13538982496904092,0.0
0.2732,-0.04361747867449317,0.1336614279353242,0.0
0.27325,-0.03802750145353652,0.1319950414120387,0.0
0.2733,0.035231990485448526,0.13092709195991717,0.0
0.27335000000000004,0.5260319904867459,0.13376528355019232,0.0
0.27340000000000003,1.016831990485982,0.1404697374701855,0.0
0.27345,1.1517501347918384,0.14817652296622238,0.0
0.2735,1.1676176933202669,0.15593056108061695,0.0
0.27355,1.1834852518486951,0.1637313694002742,0.0
0.2736,1.1993528103771236,0.17157847043716776,0.0
0.27365,1.2152203689055519,0.17947139157805891,0.0
0.2737,1.2310879274339803,0.18740966503472864,0.0
0.27375,1.2412167337132687,0.19534728214194694,0.0
0.2738,1.244147482179526,0.20322712215757915,0.0
0.27385000000000004,1.2470782306457864,0.211049774941543,0.0
0.27390000000000003,1.2500089791120437,0.21881582433173755,0.0
0.27395,1.2529397275783007,0.22652584820552343,0.0
0.274,1.255870476044558,0.23418041854057536,0.0
0.27405,1.258801224510815,0.24178010147511347,0.0
0.2741,1.2617319729770724,0.24932545736751963,0.0
0.27415,1.2646627214433295,0.2568170408553452,0.0
0.2742,1.2675934699095868,0.26425540091371624,0.0
0.27425,1.270524218375844,0.2716410809131428,0.0
0.2743,1.2734549668421011,0.27897461867673745,0.0
0.27435000000000004,1.2763857153083615,0.2862565465368501,0.0
0.27440000000000003,1.2793164637746188,0.29348739139112456,0.0
0.27445,1.282247212240876,0.30066767475798256,0.0
0.2745,1.2851779607071332,0.30779791283154173,0.0
0.27455,1.2881087091733905,0.31487861653597243,0.0
0.2746,1.2910394576396476,0.32191029157930007,0.0
0.27465,1.2939702061059049,0.3288934385066578,0.0
0.2747,1.296900954572162,0.3358285527529959,0.0
0.27475,1.2998317030384192,0.34271612469525253,0.0
0.2748,1.3027624515046763,0.34955663970399253,0.0
0.27485000000000004,1.305693199970937,0.3563505781945184,0.0
0.27490000000000003,1.308623948437194,0.3630984156774597,0.0
0.27495,1.3115546969034513,0.36980062280884635,0.0
0.275,1.3144854453697083,0.37645766543967,0.0
0.27505,1.3174161938359656,0.38307000466494007,0.0
0.2751,1.3203469423022227,0.38963809687223844,0.0
0.27515,1.32327769076848,0.3961623937897789,0.0
0.2752,1.3522958182295974,0.4028503852244111,0.0
0.27525,1.3879522284860195,0.4097530847643972,0.0
0.2753,1.6984494722755896,0.4190495768608007,0.0
0.27535000000000004,2.1892494722760207,0.4321463969780127,0.0
0.27540000000000003,2.6800494722765116,0.44900474667339707,0.0
0.27545000000000003,3.170849472276091,0.4695862236067365,0.0
0.2755,3.6616494722759594,0.4938528174963471,0.0
0.27555,4.152449472275839,0.5217669061164487,0.0
0.2756,4.447306758417799,0.5517361504317791,0.0
0.27565,4.468927903792252,0.5815710280747122,0.0
0.2757,4.490549049166704,0.6112729108262104,0.0
0.27575,4.512170194541158,0.6408431564624022,0.0
0.2758,4.53379133991561,0.67028310889756,0.0
0.27585000000000004,4.555412485290087,0.0,1.0
0.27590000000000003,4.593252385908085,0.03645438401514354,0.0
0.27595000000000003,4.925841254141523,0.07517619084179755,0.0
0.276,4.694582949056861,0.11166729426114391,0.0
0.27605,4.8328189164964295,0.1488829622753326,0.0
0.2761,4.912118620332119,0.18634804951015033,0.0
0.27615,4.9477750305885255,0.22371363424024063,0.0
0.2762,4.983431440844932,0.2609807323100782,0.0
0.27625,5.018142158278027,0.29814284369454475,0.0
0.2763,5.025041093390905,0.33498031179629234,0.0
0.27635000000000004,5.031940028503789,0.3714964509749533,0.0
0.27640000000000003,5.038838963616667,0.407694541753083,0.0
0.27645000000000003,5.045737898729544,0.4435778311616103,0.0
0.2765,5.0526368338424215,0.4791495330817617,0.0
0.27655,5.059535768955299,0.5144128285834944,0.0
0.2766,5.066434704068176,0.5493708662604738,0.0
0.27665,5.073333639181054,0.5840267625616324,0.0
0.2767,5.080232574293931,0.6183836021193425,0.0
0.27675,5.087131509406809,0.6524444380742388,0.0
0.2768,5.094030444519687,0.0,1.0
0.27685000000000004,5.100929379632571,0.04048356650502041,0.0
0.27690000000000003,5.107828314745449,0.08060858021075916,0.0
0.27695000000000003,5.114727249858326,0.12037870166707904,0.0
0.277,5.121626184971204,0.1597975540524283,0.0
0.27705,5.128525120084081,0.19886872355537422,0.0
0.2771,5.1269935058178415,0.23752885063018497,0.0
0.27715,5.117963267430556,0.2757226188158408,0.0
0.2772,5.108933029043271,0.31345478927993303,0.0
0.27725,5.099902790655986,0.35073007458217315,0.0
0.2773,5.090872552268701,0.3875531391706421,0.0
0.27735000000000004,5.081842313881406,0.4239285998729732,0.0
0.27740000000000004,5.072812075494121,0.4598610263825207,0.0
0.27745000000000003,5.063781837106836,0.49535494173956435,0.0
0.2775,5.054751598719551,0.530414822807602,0.0
0.27755,5.045721360332266,0.565045100744779,0.0
0.2776,5.036691121944981,0.5992501614705049,0.0
0.27765,5.0276608835576955,0.6330343461273065,0.0
0.2777,5.01863064517041,0.6664019515379653,0.0
0.27775,5.009600406783125,0.0,1.0
0.2778,5.00057016839584,0.03968706482853842,0.0
0.27785,4.991539930008555,0.07889728651884886,0.0
0.27790000000000004,4.98250969162126,0.11763553327468736,0.0
0.27795000000000003,4.973479453233975,0.15590662359917284,0.0
0.278,4.96444921484669,0.19371532680219256,0.0
0.27805,4.955418976459405,0.23106636350262721,0.0
0.2781,4.94638873807212,0.26796440612544914,0.0
0.27815,4.9373584996848345,0.30441407939374504,0.0
0.2782,4.928328261297549,0.34041996081571585,0.0
0.27825,4.919298022910264,0.3759865811667047,0.0
0.2783,4.910267784522979,0.41111842496630346,0.0
0.27835,4.901237546135695,0.4458199309505888,0.0
0.27840000000000004,4.892207307748399,0.48009549253953654,0.0
0.27845000000000003,4.883177069361114,0.5139494582996649,0.0
0.2785,4.874146830973829,0.5473861324019533,0.0
0.27855,4.865116592586544,0.5804097750750877,0.0
0.2786,4.85608635419926,0.6130246030540771,0.0
0.27865,4.8470561158119745,0.6452347900242911,0.0
0.2787,4.838025877424689,0.6770444670609634,0.0
0.27875,4.828995639037404,0.0,1.0
0.2788,4.819965400650119,0.03825369365595333,0.0
0.27885,4.810935162262834,0.07604517779712176,0.0
0.27890000000000004,4.801904923875538,0.11337917122915758,0.0
0.27895000000000003,4.792874685488254,0.15026034458231646,0.0
0.279,4.783844447100969,0.18669332080329112,0.0
0.27905,4.774814208713684,0.22268267564202415,0.0
0.2791,4.765783970326399,0.25823293813355064,0.0
0.27915,4.7567537319391135,0.29334859107492184,0.0
0.2792,4.747723493551828,0.3280340714972595,0.0
0.27925,4.738693255164543,0.36229377113299094,0.0
0.2793,5.02488443585518,0.39847506401385324,0.0
0.27935,4.782363392587764,0.43236220338085857,0.0
0.27940000000000004,4.391543788983453,0.4628016380857495,0.0
0.27945000000000003,4.037686543129137,0.4901219186019884,0.0
0.2795,3.6838292972748214,0.5143548891083412,0.0
0.27955,3.3299720514205053,0.5355320686788625,0.0
0.2796,2.9761148055661892,0.5536846546019665,0.0
0.27965,2.622257559711873,0.568843525665612,0.0
0.2797,2.268400313857557,0.5810392454089488,0.0
0.27975,1.914543068003241,0.5903020653407662,0.0
0.2798,1.5606858221489248,0.5966619281250853,0.0
0.27985,1.2068285762946087,0.6001484707342273,0.0
0.27990000000000004,0.8529713304399,0.6007910275696887,0.0
0.27995000000000003,0.4991140845855835,0.5986186335511681,0.0
0.28,0.14525683873126738,0.593660027174036,0.0
0.28005,0.40769609038171417,0.590834895579293,0.0
0.2801,0.8984960903821987,0.5919338445127398,0.0
0.28015,1.389296090381707,0.5969168121132762,0.0
0.2802,1.8800960903819761,0.6057441455207789,0.0
0.28025,2.3708960903813514,0.6183765967004873,0.0
0.2803,2.861696090381559,0.6347753183100726,0.0
0.28035,3.352496090381295,0.654901859608851,0.0
0.28040000000000004,3.8432960903819615,0.678718162408805,0.0
0.28045000000000003,4.33409609038223,0.0,1.0
0.2805,4.557451562068308,0.03617025049260562,0.0
0.28055,4.454328518509237,0.07115279353671185,0.0
0.2806,4.351205474950165,0.10495975471702018,0.0
0.28065,4.248082431391094,0.13760313582528583,0.0
0.2807,4.144959387832023,0.16909481612414906,0.0
0.28075,4.0418363442729515,0.19944655359806374,0.0
0.2808,3.93871330071388,0.22866998619145484,0.0
0.28085,3.8355902571548084,0.25677663303423537,0.0
0.28090000000000004,3.7324672135956227,0.2837778956548107,0.0
0.28095000000000003,3.6293441700365516,0.3096850591807028,0.0
0.281,3.52622112647748,0.33450929352691156,0.0
0.28105,3.4230980829184086,0.35826165457214726,0.0
0.2811,3.3199750393593375,0.38095308532305405,0.0
0.28115,3.2168519958002664,0.40259441706654736,0.0
0.2812,3.1137289522411953,0.42319637051038683,0.0
0.28125,3.0106059086821237,0.442769556912105,0.0
0.2813,2.907482865123052,0.4613244791964104,0.0
0.28135,2.804359821563981,0.47887153306118285,0.0
0.28140000000000004,2.7012367780047954,0.49542100807217637,0.0
0.28145000000000003,2.598113734445724,0.5109830887465499,0.0
0.28150000000000003,2.494990690886653,0.5255678556253301,0.0
0.28155,2.3918676473275813,0.5391852863349297,0.0
0.2816,2.28874460376851,0.551845256637826,0.0
0.28165,2.1856215602094387,0.5635575414725148,0.0
0.2817,2.0824985166503676,0.5743318159828452,0.0
0.28175,1.979375473091296,0.5841776565368474,0.0
0.2818,1.876252429532225,0.5931045417351577,0.0
0.28185,1.7731293859731534,0.6011218534091491,0.0
0.28190000000000004,1.6700063424139677,0.6082388776088707,0.0
0.28195000000000003,1.5668832988548966,0.6144648055809042,0.0
0.28200000000000003,1.463760255295825,0.619808734736232,0.0
0.28205,1.360637211736754,0.6242796696082281,0.0
0.2821,1.2575141681776825,0.6278865228008674,0.0
0.28215,1.1543911246186114,0.6306381159272545,0.0
0.2822,1.0512680810595398,0.6325431805385707,0.0
0.28225,0.9481450375004687,0.6336103590435378,0.0
0.2823,0.8450219939413972,0.633848205618494,0.0
0.28235,0.7418989503823261,0.6332651871081794,0.0
0.28240000000000004,0.6387759068231404,0.6318696839173236,0.0
0.28245000000000003,0.5356528632640689,0.629669990893135,0.0
0.28250000000000003,0.4325298197049978,0.6266743181987751,0.0
0.28255,0.3294067761459267,0.6228907921779183,0.0
0.2826,0.22628373258685475,0.6183274562104853,0.0
0.28265,0.12316068902778365,0.6129922715596392,0.0
0.2827,0.02003764546871256,0.6068931182101348,0.0
0.28275,-0.07583627346663385,0.6000953284332182,0.0
0.2828,-0.07345420444840503,0.5933858442007056,0.0
0.28285,-0.07107213543017621,0.5867637639805239,0.0
0.28290000000000004,-0.06869006641194475,0.5802281954445528,0.0
0.28295000000000003,-0.06630799739371593,0.5737782553746601,0.0
0.28300000000000003,-0.0639259283754871,0.5674130695696948,0.0
0.28305,-0.061543859357258285,0.5611317727534315,0.0
0.2831,-0.05916179033902946,0.5549335084834529,0.0
0.28315,-0.05677972132080064,0.548817429060964,0.0
0.2832,-0.05439765230257182,0.5427826954415261,0.0
0.28325,-0.052015583284343,0.5368284771467027,0.0
0.2833,-0.049633514266114176,0.5309539521766067,0.0
0.28335,-0.047251445247885354,0.5251583069233414,0.0
0.28340000000000004,-0.044869376229653896,0.5194407360853245,0.0
0.28345000000000004,-0.042487307211425074,0.5138004425824868,0.0
0.28350000000000003,-0.04010523819319625,0.5082366374723372,0.0
0.28355,-0.03772316917496743,0.502748539866884,0.0
0.2836,-0.03534110015673861,0.49733537685040446,0.0
0.28365,-0.03295903113850979,0.4919963833980547,0.0
0.2837,-0.030576962120280965,0.48673080229530896,0.0
0.28375,-0.028194893102052143,0.48153788405822295,0.0
0.2838,-0.02581282408382332,0.47641688685451017,0.0
0.28385,-0.023430755065594507,0.4713670764254244,0.0
0.28390000000000004,-0.02104868604736304,0.46638772600843975,0.0
0.28395000000000004,-0.01866661702913422,0.4614781162607198,0.0
0.28400000000000003,-0.016284548010905397,0.4566375351833683,0.0
0.28405,-0.013902478992676576,0.4518652780464534,0.0
0.2841,-0.011520409974447754,0.44716064731479666,0.0
0.28415,-0.009138340956218932,0.44252295257452046,0.0
0.2842,-0.00675627193799011,0.43795151046034486,0.0
0.28425,-0.004374202919761289,0.4334456445836268,0.0
0.2843,-0.001992133901532467,0.42900468546113385,0.0
0.28435,0.00038993511669635494,0.42462797044454553,0.0
0.2844,0.0027720041349251767,0.42031484365067384,0.0
0.28445000000000004,0.005154073153156635,0.41606465589239655,0.0
0.28450000000000003,0.007536142171385457,0.41187676461029543,0.0
0.28455,0.009918211189614279,0.40775053380499243,0.0
0.2846,0.008075674296542708,0.4036518053518332,0.0
0.28465,-0.004687446270833373,0.39949362717383347,0.0
0.2847,-0.017450566838209454,0.3952766062072173,0.0
0.28475,-0.030213687405585533,0.391001343191854,0.0
0.2848,-0.04297680797296161,0.38666843273451823,0.0
0.28485,-0.05573992854033769,0.3822784633715044,0.0
0.2849,0.09854270848766523,0.37915777761151703,0.0
0.28495000000000004,0.589342708488891,0.3799641897617153,0.0
0.28500000000000003,1.0801427084882032,0.3846576071558293,0.0
0.28505,1.570942708488472,0.3931983464430719,0.0
0.2851,2.0617427084884463,0.40554712940930815,0.0
0.28515,2.5525427084881533,0.4216650788409301,0.0
0.2852,3.0433427084887335,0.4415137144309567,0.0
0.28525,3.534142708488133,0.4650549487268957,0.0
0.2853,4.024942708488181,0.4922510831200302,0.0
0.28535,4.515742708487894,0.5230648038755991,0.0
0.2854,4.931162079939284,0.5568609192468057,0.0
0.28545000000000004,4.949662301668791,0.5904588292836126,0.0
0.28550000000000003,4.968162523398278,0.6238605575108983,0.0
0.28555,4.986662745127765,0.6570681067948999,0.0
0.2856,5.0051629668572515,0.0,1.0
0.28565,5.023663188586738,0.03987034276656142,0.0
0.2857,5.042163410316225,0.07948046698252942,0.0
0.28575,5.060663632045712,0.1188330292802928,0.0
0.2858,5.079163853775198,0.15793065917005544,0.0
0.28585,5.020724049311873,0.19616532418821875,0.0
0.2859,4.99344949489782,0.23379317780049344,0.0
0.28595000000000004,4.997012090969557,0.27106515437681966,0.0
0.28600000000000003,5.00057468704129,0.30798488714956296,0.0
0.28605,5.004137283113024,0.3445559722585651,0.0
0.2861,5.007699879184757,0.38078196912983037,0.0
0.28615,5.01126247525649,0.41666640085034573,0.0
0.2862,5.014825071328223,0.4522127545390745,0.0
0.28625,5.018387667399956,0.48742448171416225,0.0
0.2863,5.021950263471689,0.522304998656394,0.0
0.28635,5.025512859543423,0.5568576867689407,0.0
0.2864,5.029075455615156,0.5910858929334328,0.0
0.28645000000000004,5.032638051686893,0.6249929298623995,0.0
0.28650000000000003,5.036200647758626,0.658582076448108,0.0
0.28655,5.039763243830359,0.0,1.0
0.2866,5.043325839902093,0.04002639555477852,0.0
0.28665,5.046888435973826,0.0796724267947583,0.0
0.2867,5.05045103204556,0.11894197694869432,0.0
0.28675,5.054013628117293,0.15783888960054585,0.0
0.2868,5.057576224189026,0.1963669690942194,0.0
0.28685,5.0611388202607595,0.23452998093417984,0.0
0.2869,5.064701416332492,0.2723316521819712,0.0
0.28695000000000004,5.06826401240423,0.30977567184868954,0.0
0.28700000000000003,5.071826608475963,0.346865691283449,0.0
0.28705,5.075389204547696,0.3836053245578818,0.0
0.2871,5.078951800619429,0.41999814884671277,0.0
0.28715,5.082514396691162,0.45604770480444856,0.0
0.2872,5.086076992762895,0.49175749693822124,0.0
0.28725,5.089639588834629,0.5271309939768252,0.0
0.2873,5.093202184906362,0.5621716292359867,0.0
0.28735,5.096764780978095,0.5968828009799043,0.0
0.2874,5.100327377049829,0.631267872779098,0.0
0.28745000000000004,5.103889973121566,0.6653301738646052,0.0
0.28750000000000003,5.107452569193299,0.0,1.0
0.28755000000000003,5.111015165265032,0.04056361242273835,0.0
0.2876,5.114577761336766,0.08074137595731459,0.0
0.28765,5.118140357408499,0.1205372298257832,0.0
0.2877,5.121702953480232,0.15995507303375414,0.0
0.28775,5.1252655495519654,0.19899876478097203,0.0
0.2878,5.128828145623698,0.2376721248677036,0.0
0.28785,5.132390741695431,0.27597893409697616,0.0
0.2879,5.135953337767165,0.31392293467270965,0.0
0.28795000000000004,5.139515933838902,0.351507830593784,0.0
0.28800000000000003,5.143078529910635,0.38873728804408336,0.0
0.28805000000000003,5.146641125982368,0.4256149357785583,0.0
0.2881,5.150203722054101,0.46214436550534654,0.0
0.28815,5.153766318125835,0.49832913226399267,0.0
0.2882,5.045715303858899,0.5332869324955312,0.0
0.28825,4.90648217647625,0.5667828155016112,0.0
0.2883,4.767249049093601,0.598831706339044,0.0
0.28835,4.6280159217109516,0.6294483776912252,0.0
0.2884,4.488782794328302,0.6586474514237508,0.0
0.28845000000000004,4.3495496669454985,0.0,1.0
0.28850000000000003,4.21031653956285,0.03341521063145119,0.0
0.28855000000000003,4.071083412180201,0.06538425269750255,0.0
0.2886,3.9318502847975516,0.09592189047319044,0.0
0.28865,3.7926171574149024,0.12504273750159467,0.0
0.2887,3.653384030032253,0.15276125813269656,0.0
0.28875,3.514150902649604,0.17909176904652627,0.0
0.2888,3.3749177752669546,0.20404844076076015,0.0
0.28885,3.2356846478843053,0.22764529912292653,0.0
0.2889,3.096451520501656,0.24989622678737733,0.0
0.28895000000000004,2.9572183931188523,0.27081496467717964,0.0
0.28900000000000003,2.817985265736203,0.2904151134310874,0.0
0.28905000000000003,2.678752138353554,0.3087101348357333,0.0
0.2891,2.539519010970905,0.32571335324320394,0.0
0.28915,2.4002858835882557,0.34143795697414153,0.0
0.2892,2.2610527562056064,0.3558969997065207,0.0
0.28925,2.121819628822957,0.3691034018502475,0.0
0.2893,1.982586501440308,0.38106995190772397,0.0
0.28935,1.843353374057659,0.39180930782052337,0.0
0.2894,1.7041202466750098,0.4013339983023161,0.0
0.28945000000000004,1.564887119292206,0.4096564241581866,0.0
0.28950000000000004,1.4256539919095568,0.41678885959048584,0.0
0.28955000000000003,1.2864208645269075,0.42274345349134484,0.0
0.2896,0.9928810638509538,0.4263075745847489,0.0
0.28965,0.26300943061358606,0.42404267671777574,0.0
0.2897,0.014506175215959304,0.4198286536671401,0.0
0.28975,0.05401973453802211,0.4159712522461648,0.0
0.2898,2.022454467188498,0.42777572982177103,0.0
0.28985,0.7709893265941541,0.4295274296886957,0.0
0.2899,1.9436815222190502,0.4405683269573209,0.0
0.28995000000000004,1.7525893265945396,0.44997990038163105,0.0
0.29000000000000004,2.2433893265945337,0.46319062693440144,0.0
0.29005000000000003,2.73418932659414,0.4801617201677447,0.0
0.2901,3.224989326594409,0.5008547896137512,0.0
0.29015,3.7157893265945305,0.5252318367418214,0.0
0.2902,4.206589326594401,0.5532552509572916,0.0
0.29025,4.697389326594671,0.5848878056409104,0.0
0.2903,4.472252377657082,0.6144106149514508,0.0
0.29035,4.242557180796075,0.6418090412048374,0.0
0.2904,4.012861983935067,0.6671047727273751,0.0
0.29045000000000004,3.783166787073805,0.0,1.0
0.29050000000000004,3.553471590212798,0.02820215547787935,0.0
0.29055000000000003,3.32377639335179,0.05429341076421247,0.0
0.2906,3.094081196490783,0.07829531653555807,0.0
0.29065,2.864385999629776,0.10022920345254897,0.0
0.2907,2.6346908027687683,0.1201161844060864,0.0
0.29075,2.404995605907761,0.13797715674060246,0.0
0.2908,2.175300409046754,0.15383280445462466,0.0
0.29085,1.9456052121857463,0.1677036003788745,0.0
0.2909,1.7159100153247393,0.17960980833212922,0.0
0.29095,1.4862148184637318,0.18957148525507397,0.0
0.29100000000000004,1.2565196216024694,0.1976084833223668,0.0
0.29105000000000003,1.0268244247414624,0.20374045203314933,0.0
0.2911,0.7971292278804549,0.20798684028020267,0.0
0.29115,0.5674340310194479,0.21036689839798697,0.0
0.2912,0.33773883415844086,0.21089968018977004,0.0
0.29125,0.10804363729743294,0.20960404493406046,0.0
0.2913,-0.07320848690408918,0.20688312820118748,0.0
0.29135,-0.07306010435848807,0.20419116758647596,0.0
0.2914,-0.07291172181288698,0.20152786747010482,0.0
0.29145,-0.07276333926728587,0.1988929352503053,0.0
0.29150000000000004,-0.0726149567216846,0.1962860813125489,0.0
0.29155000000000003,-0.0724665741760835,0.19370701899905,0.0
0.2916,-0.07231819163048239,0.19115546457857968,0.0
0.29165,-0.0721698090848813,0.18863113721658792,0.0
0.2917,-0.07202142653928019,0.18613375894563064,0.0
0.29175,-0.07187304399367908,0.18366305463609878,0.0
0.2918,-0.07172466144807799,0.1812187519672462,0.0
0.29185,-0.07157627890247688,0.17880058139851332,0.0
0.2919,-0.07142789635687578,0.1764082761411435,0.0
0.29195,-0.07127951381127468,0.17404157213008922,0.0
0.29200000000000004,-0.07113113126567341,0.17170020799620525,0.0
0.29205000000000003,-0.0709827487200723,0.16938392503872537,0.0
0.2921,-0.0708343661744712,0.16709246719802037,0.0
0.29215,-0.0706859836288701,0.16482558102863396,0.0
0.2922,-0.070537601083269,0.16258301567259417,0.0
0.29225,-0.07038921853766789,0.1603645228329971,0.0
0.2923,-0.07024083599206679,0.15816985674786027,0.0
0.29235,-0.07009245344646568,0.15599877416424313,0.0
0.2924,-0.06994407090086459,0.1538510343126316,0.0
0.29245,-0.06979568835526348,0.15172639888158426,0.0
0.29250000000000004,-0.06964730580966222,0.14962463199263715,0.0
0.29255000000000003,-0.06949892326406111,0.14754550017546508,0.0
0.2926,-0.06935054071846,0.14548877234329632,0.0
0.29265,-0.06920215817285891,0.14345421976857836,0.0
0.2927,-0.0690537756272578,0.14144161605889205,0.0
0.29275,-0.06890539308165669,0.1394507371331117,0.0
0.2928,-0.0687570105360556,0.13748136119780857,0.0
0.29285,-0.06860862799045449,0.13553326872389515,0.0
0.2929,-0.0684602454448534,0.13360624242350808,0.0
0.29295,-0.06831186289925228,0.13170006722712682,0.0
0.29300000000000004,-0.06816348035365102,0.12981453026092624,0.0
0.29305000000000003,-0.06801509780804992,0.12794942082436012,0.0
0.2931,-0.0678667152624488,0.12610453036797364,0.0
0.29315,-0.06771833271684771,0.12427965247144251,0.0
0.2932,-0.0675699501712466,0.122474582821836,0.0
0.29325,-0.0674215676256455,0.12068911919210218,0.0
0.2933,-0.0672731850800444,0.11892306141977264,0.0
0.29335,-0.06712480253444329,0.11717621138588472,0.0
0.2934,-0.0669764199888422,0.11544837299411882,0.0
0.29345,-0.06682803744324109,0.11373935215014881,0.0
0.29350000000000004,-0.06667965489763983,0.11204895674120319,0.0
0.29355000000000003,-0.06653127235203872,0.1103769966158349,0.0
0.2936,-0.06638288980643761,0.10872328356389777,0.0
0.29365,-0.06623450726083652,0.10708763129672723,0.0
0.2937,-0.06608612471523541,0.10546985542752356,0.0
0.29375,-0.061064384982774375,0.10390845088992617,0.0
0.2938,-0.04812686395080522,0.10246566583685884,0.0
0.29385,-0.03518934291883606,0.10114028925410361,0.0
0.2939,-0.022251821886866904,0.0999311224909715,0.0
0.29395,-0.009314300854897747,0.09883697913408035,0.0
0.29400000000000004,0.003623220177085773,0.09785668488242141,0.0
0.29405000000000003,0.07103011743759337,0.09742137406043531,0.0
0.29410000000000003,0.16139900518814326,0.09770772082386563,0.0
0.29415,0.17137011128295213,0.09807027996849389,0.0
0.2942,0.181341217377761,0.0985082734241946,0.0
0.29425,0.19131232347256985,0.09902093106434318,0.0
0.2943,0.2012834295673787,0.09960749062471887,0.0
0.29435,0.21125453566218758,0.10026719762323567,0.0
0.2944,0.5118330310686028,0.10330571313217207,0.0
0.29445,1.0026330310691927,0.1102084458168336,0.0
0.29450000000000004,1.4934330310691406,0.12093594497516863,0.0
0.29455000000000003,1.9842330310694094,0.13544916266662957,0.0
0.29460000000000003,2.475033031068862,0.1537094496002693,0.0
0.29465,2.9658330310689323,0.17567855106485405,0.0
0.2947,3.456633031068609,0.2013186029004868,0.0
0.29475,3.94743303106885,0.23059212751139263,0.0
0.2948,4.438233031069119,0.2634620299193826,0.0
0.29485,4.717097630800218,0.2982095668713618,0.0
0.2949,4.752754041056605,0.33288534542864384,0.0
0.29495,4.78841045131299,0.3674900981895584,0.0
0.29500000000000004,4.817187830841531,0.40196995479119957,0.0
0.29505000000000003,4.8445929069836735,0.43631529903111654,0.0
0.29510000000000003,4.871997983125816,0.47052750417764877,0.0
0.29515,4.899403059267957,0.5046079294791161,0.0
0.2952,4.982119102125781,0.5389968962332677,0.0
0.29525,4.9974566021257765,0.5731565041276998,0.0
0.2953,5.012794102125773,0.6070890947409585,0.0
0.29535,5.02813160212577,0.640796985745864,0.0
0.2954,5.043469102125766,0.6742824711535692,0.0
0.29545,5.058806602125762,0.0,1.0
0.29550000000000004,5.067223845065915,0.0402160622624279,0.0
0.29555000000000003,5.0691694323807495,0.08003699045519477,0.0
0.29560000000000003,5.071115019695583,0.11946681859495697,0.0
0.29565,5.073060607010417,0.15850953951414598,0.0
0.2957,5.075006194325251,0.1971691052814278,0.0
0.29575,5.076951781640084,0.23544942761786988,0.0
0.2958,5.078897368954919,0.2733543783088592,0.0
0.29585,5.080842956269753,0.3108877896118152,0.0
0.2959,5.082788543584586,0.34805345465973964,0.0
0.29595,5.08473413089942,0.3848551278606475,0.0
0.29600000000000004,5.086679718214256,0.4212965252929193,0.0
0.29605000000000004,5.08862530552909,0.4573813250966171,0.0
0.29610000000000003,5.090570892843925,0.49311316786080617,0.0
0.29615,5.092516480158758,0.5284956570069216,0.0
0.2962,5.094462067473592,0.5635323591682214,0.0
0.29625,5.096407654788426,0.598226804565366,0.0
0.2963,5.09835324210326,0.6325824873781625,0.0
0.29635,5.100298829418094,0.6666028661135146,0.0
0.2964,5.102244416732928,0.0,1.0
0.29645,5.104190004047761,0.04050944447656954,0.0
0.29650000000000004,5.106135591362598,0.08062075967544768,0.0
0.29655000000000004,5.108081178677431,0.12033801019207406,0.0
0.29660000000000003,5.110026765992266,0.15966521912547743,0.0
0.29665,5.1119723533071,0.19860636850192231,0.0
0.2967,5.113917940621933,0.23716539969423045,0.0
0.29675,5.115863527936767,0.27534621383682145,0.0
0.2968,5.117809115251601,0.313152672236516,0.0
0.29685,5.119754702566435,0.3505885967791452,0.0
0.2969,5.121700289881269,0.3876577703320089,0.0
0.29695,5.123645877196103,0.42436393714222476,0.0
0.29700000000000004,5.125591464510939,0.4607108032310111,0.0
0.29705000000000004,5.127537051825773,0.4967020367839438,0.0
0.29710000000000003,5.1294826391406065,0.5323412685372294,0.0
0.29715,5.131428226455441,0.5676320921600346,0.0
0.2972,5.133373813770275,0.6025780646329124,0.0
0.29725,5.135319401085108,0.6371827066223644,0.0
0.2973,5.137264988399942,0.6714495028515801,0.0
0.29735,5.139210575714777,0.0,1.0
0.2974,5.13961931935756,0.04079062951871079,0.0
0.29745,4.979783171960426,0.07989627705397409,0.0
0.2975,4.819947024563291,0.11733414498318222,0.0
0.29755000000000004,4.660110877165979,0.15312126006060917,0.0
0.29760000000000003,4.500274729768845,0.18727447521039248,0.0
0.29765,4.340438582371711,0.21981047130120185,0.0
0.2977,4.180602434974576,0.25074575890279516,0.0
0.29775,4.020766287577442,0.2800966800246403,0.0
0.2978,3.8609301401803076,0.3078794098367865,0.0
0.29785,3.701093992783173,0.33410995837316776,0.0
0.2979,3.541257845386039,0.3588041722175156,0.0
0.29795,3.3814216979889045,0.3819777361720611,0.0
0.298,3.22158555059177,0.4036461749092002,0.0
0.29805000000000004,3.0617494031944585,0.4238248546062953,0.0
0.29810000000000003,2.901913255797324,0.4425289845637928,0.0
0.29815,2.74207710840019,0.4597736188068119,0.0
0.2982,2.5822409610030554,0.4755736576703885,0.0
0.29825,2.422404813605921,0.48994384936853363,0.0
0.2983,2.2625686662087867,0.5028987915472724,0.0
0.29835,2.1027325188116524,0.5144529328218281,0.0
0.2984,1.942896371414518,0.524620574298113,0.0
0.29845,1.7830602240173836,0.5334158710786852,0.0
0.2985,1.6232240766202493,0.5408528337533312,0.0
0.29855000000000004,1.4633879292229377,0.5469453298744298,0.0
0.29860000000000003,1.3035517818258033,0.5517070854172585,0.0
0.29865,1.143715634428669,0.5551516862253835,0.0
0.2987,0.9838794870315342,0.5572925794412981,0.0
0.29875,0.8240433396344002,0.5581430749224554,0.0
0.2988,0.6642071922372654,0.557716346642843,0.0
0.29885,0.5043710448401315,0.5560254340802493,0.0
0.2989,0.3445348974429967,0.5530832435893672,0.0
0.29895,0.2526767355428635,0.5494420575822835,0.0
0.299,0.7434767355426047,0.5497332833948226,0.0
0.29905000000000004,1.2342767355432613,0.5539167741097859,0.0
0.29910000000000003,1.7250767355435301,0.5619527926792848,0.0
0.29915,2.215876735543589,0.5738020077403003,0.0
0.2992,2.7066767355433567,0.5894254894729495,0.0
0.29925,3.197476735543336,0.6087847055010407,0.0
0.2993,3.688276735542971,0.63184151683447,0.0
0.29935,4.17907673554324,0.6585581738530616,0.0
0.2994,4.669876735542553,0.0,1.0
0.29945,5.069028017389585,0.040230381090393535,0.0
0.2995,4.80959133099907,0.07799101943711843,0.0
0.29955000000000004,4.550154644608268,0.11330712922474882,0.0
0.29960000000000003,4.290717958217753,0.1462036672203225,0.0
0.29965,4.031281271827238,0.17670533540137015,0.0
0.2997,3.7718445854367237,0.2048365835571238,0.0
0.29975,3.5124078990462086,0.23062161186316638,0.0
0.2998,3.2529712126556944,0.2540843734297961,0.0
0.29985,2.99353452626518,0.2752485768243743,0.0
0.2999,2.7340978398746647,0.2941376885679215,0.0
0.29995,2.47466115348415,0.31077493560622566,0.0
0.3,2.2152244670936354,0.32518330775572196,0.0
0.30005000000000004,1.955787780702833,0.33738556012439996,0.0
0.30010000000000003,1.696351094312318,0.34740421550800404,0.0
0.30015000000000003,1.4369144079218032,0.35526156676175696,0.0
0.3002,1.1774777215312886,0.36097967914787915,0.0
0.30025,0.9180410351407744,0.3645803926591389,0.0
0.3003,0.6586043487502593,0.36608532431868146,0.0
0.30035,0.3991676623597442,0.3655158704563783,0.0
0.3004,0.13973097596923,0.36289320896193655,0.0
0.30045,-0.07736312470203822,0.3585743537826192,0.0
0.3005,-0.07725948299809704,0.354300413364868,0.0
0.30055000000000004,-0.07715584129415576,0.3500709291633178,0.0
0.30060000000000003,-0.07705219959021459,0.34588544731400084,0.0
0.30065000000000003,-0.0769485578862734,0.34174351858655344,0.0
0.3007,-0.07684491618233223,0.3376446983369103,0.0
0.30075,-0.07674127447839106,0.333588546460482,0.0
0.3008,-0.07663763277444989,0.3295746273458105,0.0
0.30085,-0.0765339910705087,0.3256025098286974,0.0
0.3009,-0.07643034936656753,0.32167176714680107,0.0
0.30095,-0.07632670766262636,0.31778197689469706,0.0
0.301,-0.07622306595868518,0.3139327209793973,0.0
0.30105000000000004,-0.0761194242547439,0.3101235855763232,0.0
0.30110000000000003,-0.07601578255080273,0.3063541610857288,0.0
0.30115000000000003,-0.07591214084686154,0.3026240420895683,0.0
0.3012,-0.07580849914292037,0.29893282730880383,0.0
0.30125,-0.0757048574389792,0.2952801195611499,0.0
0.3013,-0.07560121573503802,0.29166552571924825,0.0
0.30135,-0.07549757403109685,0.2880886566692703,0.0
0.3014,-0.07539393232715567,0.2845491272699421,0.0
0.30145,-0.0752902906232145,0.2810465563119875,0.0
0.3015,-0.07518664891927332,0.2775805664779856,0.0
0.30155000000000004,-0.07508300721533204,0.27415078430263773,0.0
0.30160000000000003,-0.07497936551139085,0.2707568401334403,0.0
0.30165000000000003,-0.07487572380744968,0.2673983680917591,0.0
0.3017,-0.07477208210350851,0.26407500603430095,0.0
0.30175,-0.07466844039956734,0.26078639551497873,0.0
0.3018,-0.07456479869562616,0.2575321817471657,0.0
0.30185,-0.07446115699168498,0.2543120135663353,0.0
0.3019,-0.07435751528774381,0.2511255433930822,0.0
0.30195,-0.07425387358380264,0.2479724271965209,0.0
0.302,-0.07415023187986146,0.24485232445805824,0.0
0.30205000000000004,-0.07404659017592018,0.2417648981355354,0.0
0.30210000000000004,-0.07394294847197899,0.23870981462773627,0.0
0.30215000000000003,-0.07383930676803782,0.235686743739258,0.0
0.3022,-0.07373566506409665,0.23269535864574026,0.0
0.30225,-0.07363202336015548,0.22973533585944955,0.0
0.3023,-0.0735283816562143,0.22680635519521467,0.0
0.30235,-0.07342473995227312,0.22390809973671014,0.0
0.3024,-0.07332109824833195,0.2210402558030838,0.0
0.30245,-0.07321745654439077,0.21820251291592513,0.0
0.3025,-0.0731138148404496,0.21539456376657068,0.0
0.30255000000000004,-0.07301017313650832,0.21261610418374344,0.0
0.30260000000000004,-0.07290653143256713,0.20986683310152252,0.0
0.30265000000000003,-0.07280288972862596,0.2071464525276398,0.0
0.3027,-0.07269924802468479,0.20445466751210037,0.0
0.30275,-0.0725956063207436,0.20179118611612318,0.0
0.3028,-0.07249196461680243,0.1991557193813988,0.0
0.30285,-0.07238832291286126,0.19654798129966125,0.0
0.3029,-0.06870648081891421,0.1939960871983638,0.0
0.30295,-0.05801286699472515,0.1915551159351612,0.0
0.303,-0.0473192531705361,0.18922393507270924,0.0
0.30305000000000004,-0.03662563934633517,0.18700142373498302,0.0
0.30310000000000004,-0.025932025522146115,0.18488647248924447,0.0
0.30315000000000003,-0.01523841169795706,0.18287798322921536,0.0
0.3032,-0.004053363065387746,0.18097876933569973,0.0
0.30325,0.011549314012139881,0.17922277573399223,0.0
0.3033,0.027151991089667506,0.17760854025444703,0.0
0.30335,0.04275466816719513,0.17613461565505217,0.0
0.3034,0.05835734524472276,0.17479956946902978,0.0
0.30345,0.07396002232225038,0.17360198385399225,0.0
0.3035,0.08956269939977801,0.1725404554426384,0.0
0.30355000000000004,0.22578140459445697,0.17257086525939577,0.0
0.30360000000000004,0.2430566917378433,0.17273807006870012,0.0
0.30365000000000003,0.2603319788812296,0.17304067329829712,0.0
0.3037,0.27760726602461594,0.17347729263386702,0.0
0.30375,0.29488255316800227,0.17404655987346213,0.0
0.3038,0.3121578403113886,0.17474712078343022,0.0
0.30385,0.43432335364937985,0.17641009706846458,0.0
0.3039,0.9251233536494438,0.18195133373269626,0.0
0.30395,1.4159233536493727,0.1913312367037103,0.0
0.304,1.9067233536496417,0.20451061613429367,0.0
0.30405,2.3975233536488205,0.22145068227559003,0.0
0.30410000000000004,2.8883233536496347,0.24211304139243447,0.0
0.30415000000000003,3.3791233536493586,0.26645969172031325,0.0
0.3042,3.8699233536496274,0.29445301946367797,0.0
0.30425,3.920686518319481,0.322563438999106,0.0
0.3043,3.9282030242752373,0.35044652745883925,0.0
0.30435,3.935719530230994,0.3781046057192998,0.0
0.3044,3.9432360361867502,0.4055399709625366,0.0
0.30445,3.950752542142507,0.4327548969181265,0.0
0.3045,3.958269048098263,0.4597516341026066,0.0
0.30455,3.9657855540540194,0.4865324100564611,0.0
0.30460000000000004,3.9733020600097846,0.5130994295786896,0.0
0.30465000000000003,3.980818565965541,0.53945487495898,0.0
0.3047,3.9883350719212975,0.5656009062075116,0.0
0.30475,3.995851577877054,0.5915396612824115,0.0
0.3048,4.00336808383281,0.6172732563148897,0.0
0.30485,4.011872675742166,0.6428116277840875,0.0
0.3049,4.021300472352333,0.6681640957947158,0.0
0.30495,4.030728268962501,0.0,1.0
0.305,4.040156065572669,0.03206473067914817,0.0
0.30505,4.049583862182836,0.0638769287634925,0.0
0.30510000000000004,4.059011658793015,0.09543917241769145,0.0
0.30515000000000003,4.06763097449897,0.12674759697020108,0.0
0.3052,4.074323701771696,0.1577895033355404,0.0
0.30525,4.081016429044421,0.1885676124605698,0.0
0.3053,4.087709156317148,0.21908461751336314,0.0
0.30535,4.094401883589874,0.24934318416680795,0.0
0.3054,4.101094610862599,0.2793459508793103,0.0
0.30545,4.160735008175909,0.3095157487761305,0.0
0.3055,4.651535008176178,0.34327277420524716,0.0
0.30555,5.006364414833725,0.37950127262383787,0.0
0.30560000000000004,5.014353947081826,0.4154233147668918,0.0
0.30565000000000003,5.022343479329918,0.45104202931860726,0.0
0.3057,5.03033301157801,0.4863605130217096,0.0
0.30575,5.038322543826102,0.5213818310035494,0.0
0.3058,5.046312076074195,0.5561090170988712,0.0
0.30585,5.054301608322287,0.5905450741692868,0.0
0.3059,5.062291140570379,0.6246929744194879,0.0
0.30595,5.0702806728184715,0.6585556597102292,0.0
0.306,5.078270205066564,0.0,1.0
0.30605,5.086259737314656,0.04036714077233854,0.0
0.30610000000000004,5.094249269562757,0.080385572895904,0.0
0.30615000000000003,5.102238801810849,0.12005885641931115,0.0
0.3062,5.110228334058941,0.15939051504580112,0.0
0.30625,5.113694433886433,0.19834813624699354,0.0
0.3063,5.114564604953566,0.23691493604973113,0.0
0.30635,5.115434776020699,0.27509490444159546,0.0
0.3064,5.116304947087833,0.31289199067544654,0.0
0.30645,5.117175118154965,0.3503101036852929,0.0
0.3065,5.118045289222098,0.38735311249791643,0.0
0.30655,5.118915460289231,0.4240248466402945,0.0
0.30660000000000004,5.119785631356365,0.4603290965428629,0.0
0.30665000000000003,5.120655802423498,0.4962696139386616,0.0
0.30670000000000003,5.121525973490631,0.5318501122584054,0.0
0.30675,5.122396144557764,0.5670742670215215,0.0
0.3068,5.123266315624897,0.6019457162231949,0.0
0.30685,5.12413648669203,0.636468060717462,0.0
0.3069,5.125006657759163,0.6706448645963932,0.0
0.30695,5.1258768288262955,0.0,1.0
0.307,5.126746999893429,0.04068846825312246,0.0
0.30705,5.127617170960562,0.0809684444831257,0.0
0.30710000000000004,5.128487342027696,0.12084409908115487,0.0
0.30715000000000003,5.129357513094829,0.16031955986185095,0.0
0.30720000000000003,5.130227684161961,0.19939891249802438,0.0
0.30725,5.131097855229094,0.2380862009508909,0.0
0.3073,5.131968026296228,0.27638542789591497,0.0
0.30735,5.132838197363361,0.3143005551443059,0.0
0.3074,5.133708368430494,0.3518355040602103,0.0
0.30745,5.134578539497626,0.38899415597364606,0.0
0.3075,5.135448710564759,0.42578035258921987,0.0
0.30755,5.136318881631892,0.4621978963906725,0.0
0.30760000000000004,5.137189052699027,0.4982505510412939,0.0
0.30765000000000003,5.1380592237661595,0.5339420417802502,0.0
0.30770000000000003,5.090290314727901,0.5688900313695838,0.0
0.30775,4.925935528107394,0.6021768256446933,0.0
0.3078,4.761580741486888,0.6338193841392701,0.0
0.30785,4.597225954866382,0.663834493243137,0.0
0.3079,4.4328711682458755,0.0,1.0
0.30795,4.2685163816253695,0.03387711413988389,0.0
0.308,4.1041615950048635,0.06610396578488688,0.0
0.30805,3.939806808384357,0.09669740285297619,0.0
0.30810000000000004,3.7754520217636687,0.12567410125776027,0.0
0.30815000000000003,3.6110972351431623,0.15305056666452613,0.0
0.30820000000000003,3.446742448522656,0.1788431362283401,0.0
0.30825,3.28238766190215,0.20306798031440984,0.0
0.3083,3.1180328752816435,0.22574110420088112,0.0
0.30835,2.953678088661137,0.24687834976425055,0.0
0.3084,2.789323302040631,0.2664953971475715,0.0
0.30845,2.6249685154201248,0.28460776641162866,0.0
0.3085,2.4606137287996184,0.3012308191692558,0.0
0.30855,2.2962589421791124,0.31637976020296815,0.0
0.30860000000000004,2.138367058123572,0.3301209319435795,0.0
0.30865000000000004,2.6291670581236066,0.34761705492507877,0.0
0.30870000000000003,3.1199670581236414,0.3688297939670486,0.0
0.30875,3.610767058123676,0.3937212052619452,0.0
0.3088,4.1015670581235595,0.42225373237947955,0.0
0.30885,4.592367058123579,0.4543902023117954,0.0
0.3089,2.088369971755144,0.4663255907148219,0.0
0.30895,2.579169971755368,0.48203436602556815,0.0
0.309,3.069969971755637,0.5014780048495582,0.0
0.30905,3.5607699717548247,0.5246183770867023,0.0
0.30910000000000004,3.8380717931294033,0.5497233119269958,0.0
0.30915000000000004,3.6043575074151315,0.5727170692991455,0.0
0.30920000000000003,3.37064322170086,0.5936212027104921,0.0
0.30925,3.1369289359865884,0.6124570456235505,0.0
0.3093,2.903214650272317,0.6292457137024987,0.0
0.30935,2.6695003645580453,0.6440081070367326,0.0
0.3094,2.435786078843774,0.6567649123417194,0.0
0.30945,2.2020717931295026,0.6675366051373827,0.0
0.3095,1.968357507415231,0.6763434519042467,0.0
0.30955,1.7346432217009595,0.0,1.0
0.30960000000000004,1.5009289359864284,0.011912134412590704,0.0
0.30965000000000004,1.267214650272157,0.021847779759672645,0.0
0.30970000000000003,1.0335003645578857,0.029827114483004086,0.0
0.30975,0.799786078843614,0.03587011101788522,0.0
0.3098,0.5660717931293426,0.03999653789632655,0.0
0.30985,0.3323575074150713,0.04222596182874558,0.0
0.3099,0.09864322170079953,0.04257774976441083,0.0
0.30995,0.4159816262818192,0.045444504980813136,0.0
0.31,0.9067816262819656,0.052177230914163146,0.0
0.31005,1.3975816262817138,0.06273645896009637,0.0
0.31010000000000004,1.8380808431559448,0.07668391089402857,0.0
0.31015000000000004,1.8502129779874057,0.09058525679497442,0.0
0.31020000000000003,1.8623451128188668,0.10444096737026926,0.0
0.31025,1.8744772476503277,0.11825150852168649,0.0
0.3103,1.8866093824817887,0.13201734139449878,0.0
0.31035,1.8987415173132496,0.14573892242603817,0.0
0.3104,1.9108736521447107,0.15941670339376066,0.0
0.31045,1.8404521062304822,0.17239594352039384,0.0
0.3105,1.755297532097998,0.18456684557830466,0.0
0.31055,1.6701429579655138,0.1959376620809653,0.0
0.3106,1.5849883838330294,0.20651656128999682,0.0
0.31065000000000004,1.4998338097004507,0.21631162807531537,0.0
0.31070000000000003,1.4146792355679665,0.22533086476650002,0.0
0.31075,1.3295246614354823,0.23358219199546418,0.0
0.3108,1.2443700873029981,0.24107344953052706,0.0
0.31085,1.1592155131705137,0.24781239710196912,0.0
0.3109,1.0740609390380298,0.2538067152191592,0.0
0.31095,0.9889063649055455,0.2590640059793395,0.0
0.311,0.9037517907730612,0.26359179386815335,0.0
0.31105,0.818597216640577,0.2673975265520004,0.0
0.3111,0.7334426425080929,0.2704885756623021,0.0
0.31115000000000004,0.6482880683755141,0.2728722375717603,0.0
0.31120000000000003,0.5631334942430299,0.2745557341626932,0.0
0.31125,0.47797892011054577,0.27554621358752285,0.0
0.3113,0.3928243459780614,0.2758507510215021,0.0
0.31135,0.3076697718455772,0.2754763494077554,0.0
0.3114,0.22251519771309303,0.27442994019471373,0.0
0.31145,0.13736062358060885,0.2727183840660207,0.0
0.3115,0.05220604944812468,0.2703484716629869,0.0
0.31155,-0.03294852468435949,0.2673269242996686,0.0
0.3116,-0.07920325430192007,0.2639691235953674,0.0
0.31165000000000004,-0.07788743660754881,0.2606560464658165,0.0
0.31170000000000003,-0.076571618913179,0.257387236317522,0.0
0.31175,-0.07525580121880919,0.25416224121846004,0.0
0.3118,-0.07393998352443938,0.2509806138504874,0.0
0.31185,-0.07262416583006957,0.24784191146223694,0.0
0.3119,-0.07130834813569975,0.24474569582249425,0.0
0.31195,-0.06999253044132994,0.2416915331740506,0.0
0.312,-0.06867671274696013,0.23867899418802652,0.0
0.31205,-0.06736089505259032,0.2357076539186621,0.0
0.3121,-0.06604507735822052,0.23277709175856867,0.0
0.31215000000000004,-0.06472925966384925,0.2298868913944373,0.0
0.31220000000000003,-0.06341344196947944,0.22703664076319952,0.0
0.31225,-0.062097624275109634,0.22422593200863566,0.0
0.3123,-0.060781806580739825,0.2214543614384262,0.0
0.31235,-0.059465988886370016,0.21872152948164136,0.0
0.3124,-0.05815017119200021,0.216027040646665,0.0
0.31245,-0.0568343534976304,0.21337050347954795,0.0
0.3125,-0.05551853580326059,0.21075153052278642,0.0
0.31255,-0.05420271810889078,0.20816973827452145,0.0
0.3126,-0.052886900414520974,0.2056247471481548,0.0
0.31265000000000004,-0.051571082720149694,0.20311618143237697,0.0
0.31270000000000003,-0.050255265025779886,0.20064366925160373,0.0
0.31275000000000003,-0.04893944733141008,0.19820684252681606,0.0
0.3128,-0.04762362963704027,0.19580533693680027,0.0
0.31285,-0.04630781194267046,0.1934387918797836,0.0
0.3129,-0.04499199424830065,0.19110685043546163,0.0
0.31295,-0.04367617655393084,0.18880915932741327,0.0
0.313,0.406810762598436,0.19011021905620107,0.0
0.31305,0.8976107625979536,0.19529323405543067,0.0
0.3131,1.3884107625980997,0.20431857253067942,0.0
0.31315000000000004,1.8171062616652696,0.21665411443328322,0.0
0.31320000000000003,1.8248967378557441,0.22892554906328483,0.0
0.31325000000000003,1.8326872140462185,0.24113353090690887,0.0
0.3133,1.840477690236693,0.25327870776857614,0.0
0.31335,1.8482681664271674,0.2653617208391198,0.0
0.3134,1.8560586426176418,0.27738320476330486,0.0
0.31345,1.8638491188081163,0.28934378770665875,0.0
0.3135,1.8716395949985907,0.3012440914216193,0.0
0.31355,1.879430071189065,0.3130847313130073,0.0
0.3136,1.8872205473795396,0.32486631650283115,0.0
0.31365000000000004,1.8950110235700226,0.3365894498944294,0.0
0.31370000000000003,1.9028014997604972,0.3482547282359585,0.0
0.31375000000000003,1.9105919759509715,0.35986274218323255,0.0
0.3138,1.9183824521414459,0.3714140763619217,0.0
0.31385,1.9242038839906772,0.3828936820930734,0.0
0.3139,1.9279590154654813,0.3942858924599589,0.0
0.31395,1.9317141469402856,0.40559159970240816,0.0
0.314,1.9354692784150898,0.41681168695116494,0.0
0.31405,1.939224409889894,0.42794702832088344,0.0
0.3141,1.9429795413646982,0.43899848900217575,0.0
0.31415000000000004,1.9467346728395067,0.4499669253527196,0.0
0.31420000000000003,1.9504898043143108,0.46085318498743566,0.0
0.31425000000000003,1.9542449357891152,0.4716581068677445,0.0
0.3143,1.9580000672639193,0.4823825213899123,0.0
0.31435,1.9617551987387236,0.4930272504724943,0.0
0.3144,1.9655103302135277,0.5035931076428861,0.0
0.31445,1.969265461688332,0.5140808981229906,0.0
0.3145,1.9730205931631364,0.524491418914011,0.0
0.31455,1.9767757246379405,0.5348254588803776,0.0
0.3146,1.9805308561127448,0.5450837988328183,0.0
0.31465000000000004,1.9842859875875531,0.5552672116105808,0.0
0.31470000000000004,1.9880411190623575,0.5653764621628147,0.0
0.31475000000000003,1.9917962505371616,0.5754123076291242,0.0
0.3148,1.995551382011966,0.5853754974192971,0.0
0.31485,1.99930651348677,0.5952667732922201,0.0
0.3149,2.0088721047288245,0.605132984194047,0.0
0.31495,2.046465296218178,0.6151968272907672,0.0
0.315,2.084058487707532,0.6254562849088181,0.0
0.31505,2.5608282443880364,0.6393948882687089,0.0
0.3151,3.051628244388302,0.6570864272436505,0.0
0.31515000000000004,3.5424282443889905,0.6784925872312272,0.0
0.31520000000000004,4.033228244388297,0.0,1.0
0.31525000000000003,4.144875022280574,0.032895833510163286,0.0
0.3153,4.130918624176313,0.06534506065429793,0.0
0.31535,4.116962226072053,0.0973522409418407,0.0
0.3154,4.103005827967792,0.12892188733312399,0.0
0.31545,4.089049429863531,0.16005846671460677,0.0
0.3155,4.075093031759271,0.19076640036925346,0.0
0.31555,4.474031158020251,0.22432700511167614,0.0
0.3156,4.964831158020228,0.26144021984175714,0.0
0.31565000000000004,5.0060787430721945,0.29850189881941463,0.0
0.31570000000000004,5.0119197862264935,0.33523156388449166,0.0
0.31575000000000003,5.017760829380793,0.37163260464511444,0.0
0.3158,5.023601872535092,0.40770837610410265,0.0
0.31585,5.029442915689391,0.443462199012263,0.0
0.3159,5.03528395884369,0.4788973602180762,0.0
0.31595,5.041125001997989,0.5140171130138137,0.0
0.316,5.046966045152288,0.5488246774781208,0.0
0.31605,5.052807088306587,0.5833232408151028,0.0
0.3161,5.058648131460886,0.6175159576899484,0.0
0.31615000000000004,5.0644891746151925,0.6514059505611276,0.0
0.31620000000000004,5.0703302177694916,0.0,1.0
0.31625000000000003,5.076171260923791,0.04028707349939517,0.0
0.3163,5.08201230407809,0.08020920427489485,0.0
0.31635,5.087853347232389,0.11977011811260518,0.0
0.3164,5.093694390386688,0.15897350276120562,0.0
0.31645,5.099535433540987,0.19782300832028196,0.0
0.3165,5.105376476695286,0.23632224762469478,0.0
0.31655,5.111217519849585,0.2744747966250238,0.0
0.3166,5.1170585630038845,0.31228419476412816,0.0
0.31665000000000004,5.12289960615819,0.3497539453498624,0.0
0.31670000000000004,5.128740649312489,0.3868875159239871,0.0
0.31675000000000003,5.122041078980412,0.4235888099488501,0.0
0.3168,5.083724542429673,0.4596113123340956,0.0
0.31685,5.045408005878933,0.49496195302323037,0.0
0.3169,5.007091469328194,0.5296475912103382,0.0
0.31695,4.968774932777455,0.563675016062377,0.0
0.317,4.930458396226715,0.5970509474341023,0.0
0.31705,4.892141859675976,0.6297820365756919,0.0
0.3171,4.853825323125237,0.6618748668331461,0.0
0.31715,4.815508786574497,0.0,1.0
0.31720000000000004,4.777192250023716,0.03791422420653743,0.0
0.31725000000000003,4.738875713472977,0.07513727368394021,0.0
0.3173,4.700559176922238,0.11167620479758875,0.0
0.31735,4.662242640371498,0.14753800187276955,0.0
0.3174,4.623926103820759,0.18272957793014954,0.0
0.31745,4.58560956727002,0.2172577754137416,0.0
0.3175,4.547293030719281,0.25112936691143833,0.0
0.31755,4.508976494168541,0.2843510558681895,0.0
0.3176,4.470659957617802,0.3169294772918987,0.0
0.31765,4.432343421067063,0.34887119845211323,0.0
0.31770000000000004,4.394026884516281,0.38018271957158056,0.0
0.31775000000000003,4.355710347965542,0.4108704745107459,0.0
0.3178,4.317393811414803,0.4409408314452594,0.0
0.31785,4.279077274864063,0.4704000935365684,0.0
0.3179,4.240760738313324,0.4992544995956623,0.0
0.31795,4.202444201762585,0.5275102247400417,0.0
0.318,4.164127665211845,0.5551733810439802,0.0
0.31805,4.125811128661106,0.5822500181821475,0.0
0.3181,4.087494592110367,0.6087461240666616,0.0
0.31815,4.049178055559628,0.6346676254776376,0.0
0.31820000000000004,4.010861519008847,0.6600203886872975,0.0
0.31825000000000003,3.972544982458107,0.0,1.0
0.3183,3.934228445907368,0.031224035284979114,0.0
0.31835,3.8959119093566286,0.06182519755311798,0.0
0.3184,3.857595372805889,0.091809845861551,0.0
0.31845,3.81927883625515,0.12118427434630259,0.0
0.3185,3.7809622997044112,0.14995471288508205,0.0
0.31855,3.7426457631536714,0.17812732775331183,0.0
0.3186,3.7043292266029324,0.20570822227345822,0.0
0.31865,3.6660126900521934,0.2327034374577329,0.0
0.31870000000000004,3.6276961535014114,0.2591189526442326,0.0
0.31875000000000003,3.6404249030351417,0.2853658074447165,0.0
0.31880000000000003,3.6789803170478907,0.31165069728034717,0.0
0.31885,3.9240632079679667,0.3396123408020865,0.0
0.3189,4.4148632079681125,0.3711837554235149,0.0
0.31895,4.9056632079676845,0.4063280881424195,0.0
0.319,4.929371397630209,0.44130178433774203,0.0
0.31905,4.493686937369292,0.47246061266579625,0.0
0.3191,4.058002477108374,0.49984352000993126,0.0
0.31915,3.622318016847456,0.5234890556356033,0.0
0.31920000000000004,3.186633556586054,0.5434353752497467,0.0
0.31925000000000003,2.750949096325136,0.5597202450187169,0.0
0.31930000000000003,2.315264636064218,0.5723810455451899,0.0
0.31935,1.8795801758033006,0.5814547758044769,0.0
0.3194,1.4438957155423826,0.5869780570406478,0.0
0.31945,1.0082112552814646,0.5889871366228778,0.0
0.3195,0.572526795020547,0.587517891862425,0.0
0.31955,0.1368423347596286,0.5826058337906376,0.0
0.3196,0.010318669038783803,0.5767397679979168,0.0
0.31965,0.048874083051552185,0.5712395855999345,0.0
0.31970000000000004,0.28847486249443716,0.5676971493453888,0.0
0.31975000000000003,0.7792748624941612,0.5680861167510155,0.0
0.31980000000000003,1.27007486249443,0.5723663511921496,0.0
0.31985,1.760874862494699,0.5804981258083638,0.0
0.3199,2.2516748624940894,0.5924421193200857,0.0
0.31995,2.742474862494297,0.6081594118879486,0.0
0.32,3.233274862494048,0.62761148101437,0.0
0.32005,3.367601276437648,0.6479310420421195,0.0
0.3201,3.2165039765341015,0.6668439709721189,0.0
0.32015,3.0654066766305554,0.0,1.0
0.32020000000000004,2.914309376726841,0.023129439497832072,0.0
0.32025000000000003,2.763212076823295,0.04482356018770359,0.0
0.32030000000000003,2.6121147769197486,0.06509701557692525,0.0
0.32035,2.4610174770162025,0.083964309571705,0.0
0.3204,2.309920177112656,0.10143979800446085,0.0
0.32045,2.1588228772091096,0.117537690145541,0.0
0.3205,2.0077255773055636,0.13227205019951055,0.0
0.32055,1.8566282774020173,0.14565679878616214,0.0
0.3206,1.705530977498471,0.1577057144064067,0.0
0.32065,1.5544336775949248,0.16843243489319856,0.0
0.32070000000000004,1.4033363776912107,0.1778504588476463,0.0
0.32075000000000004,1.2522390777876646,0.18597314706046747,0.0
0.32080000000000003,1.1011417778841182,0.19281372391892324,0.0
0.32085,0.9500444779805721,0.19838527879939477,0.0
0.3209,0.7989471780770256,0.20270076744574098,0.0
0.32095,0.6478498781734796,0.20577301333358444,0.0
0.321,0.49675257826993313,0.2076147090206689,0.0
0.32105,0.3456552783663871,0.20823841748343064,0.0
0.3211,0.19455797846284062,0.20765657343992466,0.0
0.32115,0.043460678559294585,0.2058814846592445,0.0
0.32120000000000004,-0.07321402268694271,0.20319852848501313,0.0
0.32125000000000004,-0.07310096118037743,0.20054386055496473,0.0
0.32130000000000003,-0.07298789967381214,0.19791719206776076,0.0
0.32135,-0.07287483816724685,0.19531823717050353,0.0
0.3214,-0.07276177666068157,0.19274671292863477,0.0
0.32145,-0.07264871515411628,0.19020233929614164,0.0
0.3215,-0.07253565364755099,0.18768483908606698,0.0
0.32155,-0.0724225921409857,0.18519393794132044,0.0
0.3216,-0.07230953063442042,0.18272936430578776,0.0
0.32165,-0.07219646912785514,0.18029084939573486,0.0
0.32170000000000004,-0.07208340762128973,0.1778781271715041,0.0
0.32175000000000004,-0.07197034611472444,0.17549093430949925,0.0
0.32180000000000003,-0.07185728460815916,0.17312901017445656,0.0
0.32185,-0.07174422310159387,0.17079209679199905,0.0
0.3219,-0.07163116159502858,0.16847993882147083,0.0
0.32195,-0.0715181000884633,0.16619228352904883,0.0
0.322,-0.071405038581898,0.16392888076112896,0.0
0.32205,-0.07129197707533272,0.1616894829179842,0.0
0.3221,-0.07117891556876743,0.15947384492769134,0.0
0.32215,-0.07106585406220214,0.15728172422032405,0.0
0.32220000000000004,-0.07095279255563673,0.15511288070240947,0.0
0.32225000000000004,-0.07083973104907146,0.1529670767316455,0.0
0.32230000000000003,-0.07072666954250617,0.15084407709187614,0.0
0.32235,-0.07061360803594088,0.14874364896832246,0.0
0.3224,-0.0705005465293756,0.1466655619230664,0.0
0.32245,-0.07038748502281031,0.1446095878707848,0.0
0.3225,-0.07027442351624502,0.14257550105473119,0.0
0.32255,-0.07016136200967973,0.14056307802296283,0.0
0.3226,-0.07004830050311445,0.13857209760481046,0.0
0.32265,-0.06993523899654916,0.13660234088758816,0.0
0.32270000000000004,-0.06982217748998375,0.13465359119354112,0.0
0.32275000000000004,-0.06970911598341847,0.1327256340570287,0.0
0.32280000000000003,-0.06959605447685319,0.13081825720194043,0.0
0.32285,-0.0694829929702879,0.12893125051934257,0.0
0.3229,-0.06936993146372261,0.12706440604535293,0.0
0.32295,-0.06925686995715732,0.1252175179392415,0.0
0.323,-0.06914380845059204,0.12339038246175464,0.0
0.32305,-0.06903074694402675,0.12158279795366075,0.0
0.3231,-0.06891768543746146,0.11979456481451474,0.0
0.32315,-0.06880462393089617,0.11802548548163938,0.0
0.32320000000000004,-0.06869156242433076,0.11627536440932132,0.0
0.32325000000000004,-0.06857850091776548,0.11454400804821936,0.0
0.32330000000000003,-0.0684654394112002,0.11283122482498306,0.0
0.32335,-0.06835237790463491,0.11113682512207938,0.0
0.3234,-0.06823931639806963,0.10946062125782528,0.0
0.32345,-0.06812625489150434,0.10780242746662415,0.0
0.3235,-0.06801319338493905,0.10616205987940405,0.0
0.32355,-0.06790013187837377,0.10453933650425566,0.0
0.3236,-0.06778707037180848,0.10293407720726784,0.0
0.32365,-0.0654013723731933,0.1013641404911149,0.0
0.32370000000000004,-0.059627254726128676,0.09985605795869305,0.0
0.32375000000000004,-0.05385313707907047,0.09840919812609183,0.0
0.32380000000000003,-0.04807901943201226,0.09702293595636866,0.0
0.32385,-0.042304901784954045,0.09569665279373005,0.0
0.3239,-0.03653078413789584,0.09442973629838507,0.0
0.32395,-0.03075666649083763,0.09322158038206374,0.0
0.324,-0.02498254884377942,0.09207158514419377,0.0
0.32405,-0.019208431196721214,0.09097915680872892,0.0
0.3241,-0.013434313549663006,0.08994370766162228,0.0
0.32415,-0.007660195902604798,0.08896465598893787,0.0
0.3242,-0.0018860782555465833,0.08804142601559409,0.0
0.32425000000000004,1.455627238062398,0.09869518751672376,0.0
0.32430000000000003,0.5201185669695426,0.10181551026802486,0.0
0.32435,1.0109185669688245,0.1087992150056616,0.0
0.3244,0.5215334444901065,0.1118276125504387,0.0
0.32445,0.800549736434615,0.11703950748780671,0.0
0.3245,2.483318566968628,0.1355535011427147,0.0
0.32455,2.9741185669687287,0.1577737191769763,0.0
0.3246,1.6894375135768505,0.16957120440279963,0.0
0.32465,2.579076666692397,0.1883088745264048,0.0
0.3247,1.0380493133495954,0.19462487154826405,0.0
0.32475000000000004,0.9703910259592377,0.2003394165361022,0.0
0.32480000000000003,1.4224424795598687,0.20958333033925713,0.0
0.32485,0.7618522092899683,0.21349009092936475,0.0
0.3249,1.7310033767740653,0.22504864241411526,0.0
0.32495,3.9057214806005773,0.2537488574187665,0.0
0.325,4.396521480600407,0.2860513032731164,0.0
0.32505,4.887321480600403,0.32191920395514373,0.0
0.3251,5.011344743568073,0.35840523241350125,0.0
0.32515,5.020832968524135,0.3945940697981437,0.0
0.3252,5.030321193480198,0.43048875020264477,0.0
0.32525000000000004,5.0398094184362705,0.4660922767448032,0.0
0.32530000000000003,5.049297643392333,0.5014076218828816,0.0
0.32535000000000003,5.058785868348395,0.5364377277286172,0.0
0.3254,5.068274093304458,0.5711855063570365,0.0
0.32545,5.07776231826052,0.605653840113107,0.0
0.3255,5.087250543216583,0.6398455819152584,0.0
0.32555,5.096738768172645,0.6737635555558055,0.0
0.3256,5.106226993128708,0.0,1.0
0.32565,5.1108341635412575,0.04056217590112109,0.0
0.3257,5.111639622702746,0.08071663554089695,0.0
0.32575000000000004,5.1124450818642355,0.12046754139053828,0.0
0.32580000000000003,5.113250541025724,0.15981901342560814,0.0
0.32585000000000003,5.114056000187212,0.19877512955987003,0.0
0.3259,5.114861459348701,0.23733992607470666,0.0
0.32595,5.115666918510189,0.2755173980441547,0.0
0.326,5.116472377671677,0.31331149975560035,0.0
0.32605,5.117277836833166,0.3507261451261798,0.0
0.3261,5.118083295994654,0.38776520811492854,0.0
0.32615,5.118888755156142,0.42443252313072316,0.0
0.3262,5.119694214317631,0.4607318854360581,0.0
0.32625000000000004,5.12049967347912,0.4966670515467003,0.0
0.32630000000000003,5.121305132640608,0.5322417396272637,0.0
0.32635000000000003,5.122110591802097,0.5674596298827452,0.0
0.3264,5.122916050963585,0.6023243649460631,0.0
0.32645,5.1237215101250735,0.6368395502616396,0.0
0.3265,5.1245269692865625,0.6710087544650668,0.0
0.32655,5.125332428448051,0.0,1.0
0.3266,5.126137887609539,0.040683634028647137,0.0
0.32665,5.126943346771028,0.08095831180135707,0.0
0.3267,5.127748805932516,0.12082820844873693,0.0
0.32675000000000004,5.128554265094005,0.16029745647650348,0.0
0.32680000000000003,5.129359724255494,0.1993701462006506,0.0
0.32685000000000003,5.130165183416982,0.23805032617817412,0.0
0.3269,5.13097064257847,0.2763420036333992,0.0
0.32695,5.131776101739959,0.3142491448799555,0.0
0.327,5.132581560901447,0.3517756757384436,0.0
0.32705,5.133387020062935,0.3889254819498385,0.0
0.3271,5.134192479224424,0.4257024095846714,0.0
0.32715,5.134997938385912,0.462110265448035,0.0
0.3272,5.1358033975474005,0.49815281748045326,0.0
0.32725000000000004,5.13660885670889,0.5338337951546591,0.0
0.32730000000000004,5.1374143158703784,0.5691568898683212,0.0
0.32735000000000003,5.1382197750318666,0.6041257553327612,0.0
0.3274,5.1390252341933556,0.6387440079577024,0.0
0.32745,5.139830693354844,0.6730152272320904,0.0
0.3275,5.140636152516332,0.0,1.0
0.32755,5.141441611677821,0.04080509215617318,0.0
0.3276,5.142247070839309,0.08119998806181716,0.0
0.32765,5.143052530000797,0.12118887550693552,0.0
0.3277,5.143857989162286,0.16077589952739874,0.0
0.32775000000000004,5.144663448323775,0.19996516284143107,0.0
0.32780000000000004,5.145468907485263,0.2387607262816415,0.0
0.32785000000000003,5.146274366646752,0.2771666092226437,0.0
0.3279,5.14707982580824,0.31518679000431055,0.0
0.32795,5.147885284969728,0.3528252063507074,0.0
0.328,5.148690744131217,0.39008575578474847,0.0
0.32805,5.149496203292705,0.42697229603861975,0.0
0.3281,5.1503016624541935,0.463488645460012,0.0
0.32815,5.0360292258177495,0.4987252667808894,0.0
0.3282,4.777990414075818,0.5315542220694063,0.0
0.32825000000000004,4.5199516023336,0.56200009175439,0.0
0.32830000000000004,4.261912790591667,0.5900872053172932,0.0
0.32835000000000003,4.003873978849736,0.6158396438541672,0.0
0.3284,3.7458351671078045,0.63928124261149,0.0
0.32845,3.4877963553658726,0.6604355934961018,0.0
0.3285,3.2297575436239407,0.6793260475595171,0.0
0.32855,2.971718731882009,0.0,1.0
0.3286,2.7136799201400774,0.02153714222333395,0.0
0.32865,2.4556411083981455,0.040806479618658215,0.0
0.3287,2.1976022966562136,0.05783116473887058,0.0
0.32875000000000004,1.9395634849139958,0.07263411376700835,0.0
0.32880000000000004,1.6815246731720639,0.08523800892941061,0.0
0.32885000000000003,1.423485861430132,0.09566530088423045,0.0
0.3289,1.1654470496882001,0.10393821108557125,0.0
0.32895,0.9074082379462682,0.11007873412348475,0.0
0.329,0.6493694262043368,0.11410864004007955,0.0
0.32905,0.39133061446240536,0.11604947662198382,0.0
0.3291,0.13329180272047303,0.11592257166940383,0.0
0.32915,0.2109651850747397,0.116413417734844,0.0
0.3292,0.701765185074883,0.12079449073258978,0.0
0.32925000000000004,1.192565185075574,0.12902607442087635,0.0
0.32930000000000004,1.6833651850750042,0.14106885803037827,0.0
0.32935000000000003,2.174165185074728,0.15688393212467275,0.0
0.3294,2.6649651850749967,0.17643278450292732,0.0
0.32945,3.1557651850752655,0.19967729614442192,0.0
0.3295,3.6465651850745573,0.22657973719447716,0.0
0.32955,4.137365185074765,0.25710276299138957,0.0
0.3296,4.628165185074437,0.2912094101338792,0.0
0.32965,5.03069052043285,0.3281625000122103,0.0
0.3297,4.83485043017338,0.36318404067363486,0.0
0.32975000000000004,4.639010339913693,0.3962937517584247,0.0
0.32980000000000004,4.443170249654223,0.42751115158440933,0.0
0.32985000000000003,4.247330159394753,0.4568555592023191,0.0
0.3299,4.0514900691352835,0.4843460964301512,0.0
0.32995,3.855649978875814,0.5100016898667654,0.0
0.33,3.659809888616344,0.533841072884922,0.0
0.33005,3.4639697983568745,0.5558827876039725,0.0
0.3301,3.2681297080974048,0.5761451868424106,0.0
0.33015,3.072289617837935,0.5946464360504893,0.0
0.3302,2.876449527578465,0.6114045152231073,0.0
0.33025000000000004,2.680609437318778,0.6264372207931648,0.0
0.33030000000000004,2.4847693470593084,0.6397621675055956,0.0
0.33035000000000003,2.2889292567998383,0.6513967902722579,0.0
0.3304,2.0930891665403686,0.661358346007894,0.0
0.33045,1.897249076280899,0.6696639154473444,0.0
0.3305,1.7014089860214292,0.67633040494421,0.0
0.33055,1.5055688957619595,0.0,1.0
0.3306,1.3097288055024898,0.01039467305954357,0.0
0.33065,1.1138887152430201,0.01912893802626845,0.0
0.3307,0.91804862498355,0.026219746396937534,0.0
0.33075,0.7222085347240803,0.03168387660649613,0.0
0.33080000000000004,0.526368444464393,0.03553793579489902,0.0
0.33085000000000003,0.3305283542049233,0.037798361555906476,0.0
0.3309,0.13468826394545363,0.03848142366801608,0.0
0.33095,-0.061151826314016056,0.03760322580772993,0.0
0.331,-0.06880130725060973,0.03667328350979625,0.0
0.33105,-0.06849051339878777,0.035755301829384786,0.0
0.3311,-0.06817971954696579,0.03484915865773802,0.0
0.33115,-0.06786892569514381,0.03395473313273544,0.0
0.3312,-0.06755813184332184,0.03307190562616636,0.0
0.33125,-0.06724733799149986,0.03220055773113263,0.0
0.33130000000000004,-0.06693654413967753,0.03134057224957998,0.0
0.33135000000000003,-0.06662575028785556,0.030491833179956625,0.0
0.33140000000000003,-0.06631495643603358,0.029654225704997927,0.0
0.33145,-0.0660041625842116,0.0288276361796357,0.0
0.3315,-0.06569336873238962,0.028011952119030986,0.0
0.33155,-0.06538257488056765,0.027207062186729015,0.0
0.3316,-0.06507178102874567,0.02641285618293506,0.0
0.33165,-0.06476098717692369,0.02562922503291003,0.0
0.3317,-0.06445019332510171,0.024856060775484492,0.0
0.33175,-0.06413939947327973,0.02409325655168999,0.0
0.33180000000000004,-0.06382860562145741,0.023340706593506406,0.0
0.33185000000000003,-0.06351781176963545,0.022598306212724222,0.0
0.33190000000000003,-0.06320701791781347,0.021865951789920474,0.0
0.33195,-0.06289622406599149,0.021143540763547256,0.0
0.332,-0.06258543021416951,0.02043097161913163,0.0
0.33205,-0.06227463636234753,0.01972814387858579,0.0
0.3321,-0.06196384251052556,0.01903495808962636,0.0
0.33215,-0.06165304865870358,0.01835131581530172,0.0
0.3322,-0.0613422548068816,0.01767711962362624,0.0
0.33225,-0.061031460955059624,0.017012273077320346,0.0
0.33230000000000004,-0.0607206671032373,0.016356680723655342,0.0
0.33235000000000003,-0.06040987325141532,0.015710248084401884,0.0
0.33240000000000003,-0.060099079399593344,0.015072881645881095,0.0
0.33245,-0.059788285547771367,0.01444448884911724,0.0
0.3325,-0.05947749169594939,0.013824978080090939,0.0
0.33255,-0.05916669784412741,0.013214258660091885,0.0
0.3326,-0.05885590399230543,0.012612240836170052,0.0
0.33265,-0.05854511014048346,0.012018835771684392,0.0
0.3327,-0.058234316288661485,0.01143395553694802,0.0
0.33275,-0.05792352243683951,0.010857513099968907,0.0
0.33280000000000004,-0.05761272858501718,0.010289422317285106,0.0
0.33285000000000003,-0.057301934733195205,0.009729597924893524,0.0
0.33290000000000003,-0.056991140881373234,0.009177955529271338,0.0
0.33295,-0.056680347029551256,0.008634411598489048,0.0
0.333,-0.05636955317772928,0.00809888345341427,0.0
0.33305,-0.0560587593259073,0.0075712892590053295,0.0
0.3331,-0.05574796547408532,0.007051548015693739,0.0
0.33315,-0.055437171622263345,0.006539579550854661,0.0
0.3332,-0.05512637777044137,0.006035304510364438,0.0
0.33325,-0.05481558391861939,0.00553864435024433,0.0
0.33330000000000004,-0.054504790066797065,0.0050495213283895495,0.0
0.33335000000000004,-0.05419399621497509,0.00456785849638274,0.0
0.33340000000000003,-0.05229786725436387,0.004106161716063967,0.0
0.33345,-0.038024041751011164,0.003762462836162504,0.0
0.3335,-0.023750216247658468,0.0035355571883587938,0.0
0.33355,-0.009476390744305764,0.0034242524030755036,0.0
0.3336,0.00479743475904694,0.003427368283916772,0.0
0.33365,0.019071260262399643,0.003543736683389336,0.0
0.3337,0.03334508576575234,0.0037722013798924506,0.0
0.33375,0.04465129310021245,0.004088065430813705,0.0
0.33380000000000004,0.05534490692441717,0.004485574702330714,0.0
0.33385000000000004,0.06603852074861002,0.004963895659182612,0.0
0.33390000000000003,0.07673213457280287,0.0055222032758661605,0.0
0.33395,0.08742574839699571,0.006159680949757536,0.0
0.334,0.09811936222118856,0.0068755204151211766,0.0
0.33405,0.39261180318128963,0.009921293301932303,0.0
0.3341,0.8834118031812045,0.016831209272185482,0.0
0.33415,1.3742118031812824,0.027565818380261013,0.0
0.3342,1.8650118031815515,0.042086073434313226,0.0
0.33425,2.35581180318107,0.060353325884454814,0.0
0.33430000000000004,2.8466118031816525,0.08232932175294914,0.0
0.33435000000000004,3.337411803181362,0.10797619760590063,0.0
0.33440000000000003,3.828211803181537,0.13725647656612677,0.0
0.33445,4.319011803181655,0.17013306436669495,0.0
0.3345,4.665672669186383,0.2054252840638533,0.0
0.33455,4.701004672037392,0.2406376099101071,0.0
0.3346,4.736336674888402,0.27577085756057207,0.0
0.33465,4.765996974348745,0.3107808208241753,0.0
0.3347,4.793065769704327,0.345648190847325,0.0
0.33475,4.8201345650599094,0.38037442339795224,0.0
0.33480000000000004,4.847203360415522,0.41496095938171107,0.0
0.33485000000000004,4.99674788240579,0.4503812545701761,0.0
0.33490000000000003,5.008880017237251,0.48553622241825817,0.0
0.33495,5.021012152068712,0.5204285717151828,0.0
0.335,5.033144286900172,0.5550609835955089,0.0
0.33505,5.045276421731633,0.5894361118214624,0.0
0.3351,5.057408556563094,0.6235565830623861,0.0
0.33515,5.067186913580215,0.6574063163950338,0.0
0.3352,5.0707235028516315,0.0,1.0
0.33525,5.0742600921230485,0.04027190549304007,0.0
0.33530000000000004,5.077796681394469,0.08016073379939839,0.0
0.33535000000000004,5.081333270665886,0.11967039584417707,0.0
0.33540000000000003,5.084869859937302,0.158804762624924,0.0
0.33545,5.088406449208719,0.19756766561926253,0.0
0.3355,5.091943038480136,0.2359628971883599,0.0
0.33555,5.095479627751553,0.2739942109762761,0.0
0.3356,5.09901621702297,0.3116653223052359,0.0
0.33565,5.102552806294386,0.3489799085668659,0.0
0.3357,5.106089395565803,0.38594160960943635,0.0
0.33575,5.10962598483722,0.42255402812115056,0.0
0.33580000000000004,5.113162574108641,0.4588207300095205,0.0
0.33585000000000004,5.116699163380058,0.49474524477686965,0.0
0.33590000000000003,5.120235752651475,0.5303310658920021,0.0
0.33595,5.123772341922891,0.5655816511580771,0.0
0.336,5.127308931194308,0.6005004230767284,0.0
0.33605,5.130845520465725,0.6350907692084652,0.0
0.3361,5.134382109737142,0.6693560425293951,0.0
0.33615,5.137918699008559,0.0,1.0
0.3362,5.141455288279975,0.040805200700634724,0.0
0.33625,5.144991877551392,0.08122187967837738,0.0
0.33630000000000004,5.148528466822812,0.12125400344288091,0.0
0.33635000000000004,5.152065056094229,0.1609054980087682,0.0
0.33640000000000003,5.07910140022462,0.19957310450634883,0.0
0.33645,4.9716412579203,0.236993086041961,0.0
0.3365,4.86418111561598,0.27317817991229437,0.0
0.33655,4.756720973311661,0.3081409933759807,0.0
0.3366,4.649260831007341,0.3418940049811832,0.0
0.33665,4.541800688703021,0.37444956587963163,0.0
0.3367,4.434340546398701,0.4058199011272427,0.0
0.33675,4.326880404094382,0.43601711097146184,0.0
0.33680000000000004,4.219420261789942,0.46505317212546127,0.0
0.33685000000000004,4.111960119485623,0.49293993902933325,0.0
0.33690000000000003,4.004499977181303,0.519689145098402,0.0
0.33695,3.897039834876983,0.5453124039587949,0.0
0.337,3.789579692572663,0.5698212106703983,0.0
0.33705,3.6821195502683435,0.5932269429373287,0.0
0.3371,3.574659407964024,0.6155408623060452,0.0
0.33715,3.467199265659704,0.6367741153512301,0.0
0.3372,3.359739123355384,0.6569377348495629,0.0
0.33725,3.252278981051064,0.6760426409415112,0.0
0.3373,3.1448188387467444,0.0,1.0
0.33735000000000004,3.0373586964423054,0.02410602140033576,0.0
0.33740000000000003,2.9298985541379854,0.04711308048598012,0.0
0.33745,2.822438411833666,0.06903239682168986,0.0
0.3375,2.714978269529346,0.08987507542904621,0.0
0.33755,2.6075181272250263,0.10965210795585306,0.0
0.3376,2.5000579849207063,0.12837437383359654,0.0
0.33765,2.3925978426163867,0.14605264142308777,0.0
0.3377,2.2851377003120668,0.1626975691484096,0.0
0.33775,2.1776775580077468,0.1783197066192864,0.0
0.3378,2.070217415703427,0.19292949574199547,0.0
0.33785000000000004,1.9627572733989882,0.20653727181893605,0.0
0.33790000000000003,1.8552971310946682,0.21915326463697604,0.0
0.33795000000000003,1.7478369887903487,0.23078759954468211,0.0
0.338,1.6403768464860287,0.2414502985185559,0.0
0.33805,1.5329167041817087,0.25115128121838365,0.0
0.3381,1.4254565618773891,0.2599003660318116,0.0
0.33815,1.3179964195730691,0.2677072711082572,0.0
0.3382,1.2105362772687496,0.2745816153822647,0.0
0.33825,1.1030761349644296,0.28053291958641313,0.0
0.3383,0.9956159926601096,0.28557060725388317,0.0
0.33835000000000004,0.8881558503556706,0.28970400571078786,0.0
0.33840000000000003,0.7806957080513506,0.292942347058376,0.0
0.33845000000000003,0.6732355657470315,0.29529476914520236,0.0
0.3385,0.5657754234427115,0.2967703165293764,0.0
0.33855,0.4583152811383915,0.29737794143098656,0.0
0.3386,0.3508551388340715,0.2971265046748007,0.0
0.33865,0.6242555076551011,0.2990474790925912,0.0
0.3387,1.1150555076553956,0.30484407992596,0.0
0.33875,1.6058555076556182,0.31447673999324677,0.0
0.3388,4.166046928619121,0.3443300374996724,0.0
0.33885000000000004,2.5874555076561974,0.36135005232910805,0.0
0.33890000000000003,1.7180382339660811,0.3712961687311066,0.0
0.33895000000000003,3.5690555076560204,0.3958313561745922,0.0
0.339,1.0650584212876846,0.4002430653696096,0.0
0.33905,4.55065550765536,0.43227320332720626,0.0
0.3391,3.167557257710475,0.45299936783495176,0.0
0.33915,2.5374584212869937,0.468513149638193,0.0
0.3392,2.5475015587793797,0.483948255034436,0.0
0.33925,3.519058421287111,0.5069365485592707,0.0
0.3393,4.0098584212867125,0.5335853872836864,0.0
0.33935000000000004,4.378643699971967,0.5628890290366644,0.0
0.33940000000000003,3.9753945918922255,0.5886931132718344,0.0
0.33945000000000003,3.572145483812484,0.611033367795024,0.0
0.3395,3.1688963757327424,0.6299451556584876,0.0
0.33955,2.7656472676530006,0.6454634788847614,0.0
0.3396,2.3623981595732593,0.6576229821525006,0.0
0.33965,1.9591490514935175,0.6664579564446873,0.0
0.3397,1.5558999434137757,0.6720023426595929,0.0
0.33975,1.1526508353340343,0.6742897351848751,0.0
0.3398,0.7494017272542925,0.6733533854351863,0.0
0.33985000000000004,0.3461526191741031,0.669226205353662,0.0
0.33990000000000004,-0.05709648890563823,0.6619407708776761,0.0
0.33995000000000003,-0.06893281966077532,0.6546357759828798,0.0
0.34,-0.06899807115645445,0.6474048416301534,0.0
0.34005,-0.06906332265213361,0.6402472117180033,0.0
0.3401,-0.06912857414781275,0.6331621378641535,0.0
0.34015,-0.0691938256434919,0.6261488793267392,0.0
0.3402,-0.06925907713917105,0.6192067029263033,0.0
0.34025,-0.06932432863485019,0.6123348829685901,0.0
0.3403,-0.06938958013052934,0.6055327011681273,0.0
0.34035000000000004,-0.06945483162620855,0.5987994465725881,0.0
0.34040000000000004,-0.0695200831218877,0.5921344154879251,0.0
0.34045000000000003,-0.06958533461756686,0.585536911404269,0.0
0.3405,-0.069650586113246,0.5790062449225835,0.0
0.34055,-0.06971583760892515,0.5725417336820692,0.0
0.3406,-0.06978108910460429,0.5661427022883088,0.0
0.34065,-0.06984634060028344,0.5598084822421452,0.0
0.3407,-0.06991159209596258,0.5535384118692867,0.0
0.34075,-0.06997684359164173,0.5473318362506298,0.0
0.3408,-0.07004209508732089,0.5411881071532944,0.0
0.34085000000000004,-0.0701073465830001,0.5351065829623621,0.0
0.34090000000000004,-0.07017259807867925,0.5290866286133125,0.0
0.34095000000000003,-0.07023784957435839,0.5231276155251477,0.0
0.341,-0.07030310107003754,0.5172289215342016,0.0
0.34105,-0.07036835256571669,0.5113899308286232,0.0
0.3411,-0.07043360406139583,0.5056100338835291,0.0
0.34115,-0.07049885555707498,0.49988862739681933,0.0
0.3412,-0.07056410705275412,0.4942251142256467,0.0
0.34125,-0.07062935854843327,0.4886189033235358,0.0
0.3413,-0.07069461004411241,0.4830694096781438,0.0
0.34135000000000004,-0.07075986153979164,0.4775760542496565,0.0
0.34140000000000004,-0.07082511303547079,0.47213826390981317,0.0
0.34145000000000003,-0.07089036453114993,0.4667554713815545,0.0
0.3415,-0.07095561602682908,0.46142711517928603,0.0
0.34155,-0.07102086752250822,0.45615263954975177,0.0
0.3416,-0.07108611901818737,0.4509314944135115,0.0
0.34165,-0.07115137051386652,0.4457631353070153,0.0
0.3417,-0.07121662200954566,0.4406470233252698,0.0
0.34175,-0.07128187350522482,0.4355826250650894,0.0
0.3418,-0.07134712500090395,0.43056941256892706,0.0
0.34185000000000004,-0.07141237649658318,0.4256068632692786,0.0
0.34190000000000004,-0.07147762799226233,0.4206944599336544,0.0
0.34195000000000003,-0.07154287948794147,0.4158316906101129,0.0
0.342,-0.07160813098362062,0.41101804857335034,0.0
0.34205,-0.07167338247929976,0.4062530322713408,0.0
0.3421,-0.07173863397497891,0.401536145272521,0.0
0.34215,-0.07180388547065805,0.39686689621351423,0.0
0.3422,-0.0718691369663372,0.392244798747388,0.0
0.34225,-0.07193438846201636,0.38766937149244013,0.0
0.3423,-0.0719996399576955,0.3831401379815075,0.0
0.34235000000000004,-0.07206489145337472,0.37865662661179217,0.0
0.34240000000000004,-0.07213014294905387,0.3742183705952002,0.0
0.34245000000000003,-0.07219539444473301,0.3698249079091871,0.0
0.3425,-0.07226064594041216,0.3654757812481052,0.0
0.34255,-0.07130408833863636,0.3611786475710593,0.0
0.3426,-0.06061047451444349,0.35701025429343347,0.0
0.34265,-0.04991686069025063,0.3529692870742092,0.0
0.3427,-0.03922324686605777,0.3490544449907845,0.0
0.34275,-0.028529633041864906,0.34526444040198206,0.0
0.3428,-0.01783601921767204,0.3415979988124565,0.0
0.34285000000000004,-0.007142405393467305,0.3380538587384851,0.0
0.34290000000000004,0.0026658796363430055,0.3346237451561259,0.0
0.34295000000000003,0.01232667344079507,0.33130532337682544,0.0
0.343,0.021987467245247132,0.32809745311269534,0.0
0.34305,0.0316482610496992,0.32499900571731444,0.0
0.3431,0.04130905485415126,0.3220088640668784,0.0
0.34315,0.05096984865860332,0.3191259224425626,0.0
0.3432,0.0606306424630554,0.31634908641408593,0.0
0.34325,0.07029143626750746,0.3136772727244635,0.0
0.3433,0.08234606618243423,0.3111284078752251,0.0
0.34335000000000004,0.10874083362431897,0.308815047268034,0.0
0.34340000000000004,0.1351356010661744,0.30673478658469,0.0
0.34345000000000003,0.16153036850802982,0.30488524605324335,0.0
0.3435,0.31510212576253843,0.30427341138638514,0.0
0.34355,0.8059021257617175,0.3075630611787816,0.0
0.3436,1.2967021257619864,0.31471436425793176,0.0
0.34365,1.7875021257617103,0.3256878960971302,0.0
0.3437,2.2783021257619795,0.34044463466394653,0.0
0.34375,2.769102125761692,0.3589459563110488,0.0
0.3438,3.259902125761633,0.38115363170901173,0.0
0.34385,3.7507021257614395,0.4070298218206231,0.0
0.34390000000000004,4.241502125761965,0.43653707391630836,0.0
0.34395000000000003,4.328153109200032,0.466430785752733,0.0
0.34400000000000003,4.336724648656695,0.4960873337446684,0.0
0.34405,4.345296188113357,0.5255091391535861,0.0
0.3441,4.35386772757002,0.5546985985217296,0.0
0.34415,4.362439267026683,0.5836580839244793,0.0
0.3442,4.371010806483346,0.6123899432201397,0.0
0.34425,4.379582345940008,0.640896500297178,0.0
0.3443,4.3881538853966715,0.6691800553189373,0.0
0.34435,4.396514786253947,0.0,1.0
0.34440000000000004,4.40361975361132,0.03494936312389937,0.0
0.34445000000000003,4.410724720968685,0.06959830860907423,0.0
0.34450000000000003,4.41782968832605,0.10394990348985934,0.0
0.34455,4.424934655683415,0.1380071834885145,0.0
0.3446,4.432039623040779,0.17177315333489696,0.0
0.34465,4.4391445903981435,0.20525078708287012,0.0
0.3447,4.446249557755508,0.23844302842348195,0.0
0.34475,4.453354525112873,0.27135279099494614,0.0
0.3448,4.460459492470238,0.3039829586894585,0.0
0.34485,4.467986321617416,0.3363397340663241,0.0
0.34490000000000004,4.476869579535977,0.36843667355972765,0.0
0.34495000000000003,4.485752837454529,0.40027642989531903,0.0
0.34500000000000003,4.49463609537308,0.4318616287164483,0.0
0.34505,4.503519353291631,0.46319486886065475,0.0
0.3451,4.512402611210183,0.4942787226333342,0.0
0.34515,4.532313780288616,0.5252032591830551,0.0
0.3452,4.788876914308098,0.5578482952147642,0.0
0.34525,4.800290867796471,0.590250637327659,0.0
0.3453,4.811704821284843,0.6224127632410407,0.0
0.34535,4.823118774773215,0.6543371253785909,0.0
0.34540000000000004,4.834532728261601,0.0,1.0
0.34545000000000003,4.8459466817499735,0.03845989429960297,0.0
0.34550000000000003,4.920657190426648,0.07712008303723193,0.0
0.34555,4.955013190426654,0.11565824748147173,0.0
0.3456,4.989369190426661,0.1540756334070348,0.0
0.34565,5.009677471683473,0.1922619840389314,0.0
0.3457,5.01539220446584,0.2301038362575269,0.0
0.34575,5.0211069372482084,0.26760470712815193,0.0
0.3458,5.026821670030576,0.30476807780958987,0.0
0.34585,5.032536402812944,0.3415973939206553,0.0
0.34590000000000004,5.038251135595319,0.3780960659030299,0.0
0.34595000000000004,5.043965868377686,0.41426746938039405,0.0
0.34600000000000003,5.049680601160055,0.4501149455138919,0.0
0.34605,5.055395333942423,0.48564180135396773,0.0
0.3461,5.06111006672479,0.5208513101886099,0.0
0.34615,5.066824799507159,0.5557467118880398,0.0
0.3462,5.072539532289527,0.5903312132458818,0.0
0.34625,5.0782542650718945,0.6246079883168497,0.0
0.3463,5.083968997854263,0.6585801787509864,0.0
0.34635,5.08968373063663,0.0,1.0
0.34640000000000004,5.095398463419005,0.04043967034459528,0.0
0.34645000000000004,5.101113196201373,0.08051183760494093,0.0
0.34650000000000003,5.106827928983741,0.12022025370646419,0.0
0.34655,5.112542661766109,0.1595686322703031,0.0
0.3466,5.116589698798156,0.19854741332380593,0.0
0.34665,5.1175644244174725,0.23713598675097788,0.0
0.3467,5.1185391500367885,0.2753383362732566,0.0
0.34675,5.1195138756561045,0.3131584049413306,0.0
0.3468,5.120488601275421,0.3506000955503565,0.0
0.34685,5.121463326894737,0.38766727105093696,0.0
0.34690000000000004,5.122438052514055,0.42436375495590367,0.0
0.34695000000000004,5.123412778133371,0.4606933317429463,0.0
0.34700000000000003,5.124387503752687,0.4966597472531316,0.0
0.34705,5.125362229372004,0.532266709085354,0.0
0.3471,5.12633695499132,0.5675178869867586,0.0
0.34715,5.127311680610636,0.6024169132391788,0.0
0.3472,5.128286406229953,0.6369673830416284,0.0
0.34725,5.129261131849269,0.6711728548888888,0.0
0.3473,5.130235857468585,0.0,1.0
0.34735,5.131210583087902,0.04072389351657065,0.0
0.34740000000000004,5.132185308707219,0.08103976314320842,0.0
0.34745000000000004,5.133160034326535,0.12095177449177659,0.0
0.34750000000000003,5.134134759945852,0.1604640506464272,0.0
0.34755,5.1351094855651676,0.19958067259777634,0.0
0.3476,5.1360842111844836,0.23830567967264704,0.0
0.34765,5.1370589368038,0.2766430699594247,0.0
0.3477,5.138033662423116,0.31459680072907004,0.0
0.34775,5.139008388042433,0.35217078885183367,0.0
0.3478,5.139983113661749,0.3893689112097166,0.0
0.34785,5.140957839281065,0.42619500510471964,0.0
0.34790000000000004,5.141932564900383,0.4626528686629249,0.0
0.34795000000000004,5.142907290519699,0.4987462612344518,0.0
0.34800000000000003,5.143882016139015,0.5344789037893304,0.0
0.34805,5.144856741758332,0.5698544793093323,0.0
0.3481,5.145831467377648,0.6048766331758021,0.0
0.34815,5.146806192996964,0.6395489735535287,0.0
0.3482,5.147780918616281,0.673875071770698,0.0
0.34825,5.148755644235597,0.0,1.0
0.3483,4.140943914535813,0.03286463424234773,0.0
0.34835,2.7500548685993094,0.05435494375177283,0.0
0.34840000000000004,1.4622253915497736,0.06540498477122443,0.0
0.34845000000000004,1.4988522572214267,0.07663290273292925,0.0
0.34850000000000003,1.5354791228930798,0.0880368816493455,0.0
0.34855,1.969148743868238,0.10276625705137464,0.0
0.3486,2.459948743867655,0.1212404948906728,0.0
0.34865,2.950748743868227,0.14342136298580085,0.0
0.3487,3.4415487438676475,0.16927101947663423,0.0
0.34875,3.9323487438679168,0.19875200883951497,0.0
0.3488,4.423148743867334,0.23182725794302256,0.0
0.34885,4.913948743867423,0.2684600721440672,0.0
0.34890000000000004,4.821162046763578,0.30398249097059016,0.0
0.34895000000000004,4.482781769947019,0.3364566953155998,0.0
0.34900000000000003,4.14440149313046,0.3659138051177061,0.0
0.34905,3.8060212163139013,0.39238462260474605,0.0
0.3491,3.4676409394973424,0.4158996355373677,0.0
0.34915,3.1292606626807835,0.43648902041949966,0.0
0.3492,2.790880385864225,0.4541826456760441,0.0
0.34925,2.452500109047666,0.469010074798128,0.0
0.3493,2.114119832231107,0.4810005694562439,0.0
0.34935,1.7757395554145483,0.4901830925816077,0.0
0.34940000000000004,1.4373592785976137,0.496586311416055,0.0
0.34945000000000004,1.0228625767505886,0.49963450191946,0.0
0.34950000000000003,0.5968453601080927,0.49927048370808097,0.0
0.34955,0.17082814346559694,0.4955290928232702,0.0
0.3496,0.2967603983947261,0.4928253610187195,0.0
0.34965,0.7875603983940589,0.49404447034333693,0.0
0.3497,1.2783603983943277,0.4991463715893538,0.0
0.34975,1.2292736496147874,0.5038066089542697,0.0
0.3498,1.1399886822945307,0.507710658008048,0.0
0.34985,1.050703714974274,0.51086623885502,0.0
0.34990000000000004,0.961418747653918,0.5132809927831546,0.0
0.34995000000000004,0.8721337803336613,0.5149624830687164,0.0
0.35000000000000003,0.7828488130134045,0.5159181957727028,0.0
0.35005000000000003,0.6935638456931477,0.5161555405291537,0.0
0.3501,0.604278878372891,0.5156818513254122,0.0
0.35015,0.5149939110526341,0.5145043872744197,0.0
0.3502,0.42570894373237744,0.5126303333791261,0.0
0.35025,0.33642397641212063,0.5100668012890963,0.0
0.3503,0.24713900909186393,0.5068208300493919,0.0
0.35035,0.15785404177160722,0.5028993868418081,0.0
0.3504,0.0685690744513503,0.49830936771854206,0.0
0.35045000000000004,-0.020715892869005437,0.4930575983283715,0.0
0.35050000000000003,-0.0704462127498856,0.48746476040875014,0.0
0.35055000000000003,-0.07037083262394492,0.4819296193419051,0.0
0.3506,-0.07029545249800423,0.4764515860870956,0.0
0.35065,-0.07022007237206356,0.4710300776172362,0.0
0.3507,-0.07014469224612287,0.46566451685750226,0.0
0.35075,-0.07006931212018218,0.46035433262456166,0.0
0.3508,-0.06999393199424149,0.4550989595664273,0.0
0.35085,-0.0699185518683008,0.44989783810292355,0.0
0.3509,-0.06984317174236013,0.44475041436676027,0.0
0.35095000000000004,-0.06976779161641936,0.4396561401452089,0.0
0.35100000000000003,-0.06969241149047867,0.4346144728223734,0.0
0.35105000000000003,-0.06961703136453798,0.4296248753220513,0.0
0.3511,-0.06954165123859729,0.42468681605117714,0.0
0.35115,-0.06946627111265662,0.41979976884384423,0.0
0.3512,-0.06939089098671593,0.41496321290589744,0.0
0.35125,-0.06931551086077524,0.41017663276009153,0.0
0.3513,-0.06924013073483455,0.4054395181918098,0.0
0.35135,-0.06916475060889388,0.4007513641953365,0.0
0.3514,-0.06908937048295319,0.39611167092067817,0.0
0.35145000000000004,-0.06901399035701242,0.3915199436209273,0.0
0.35150000000000003,-0.06893861023107173,0.386975692600164,0.0
0.35155000000000003,-0.06886323010513104,0.3824784331618893,0.0
0.3516,-0.06878784997919037,0.37802768555798466,0.0
0.35165,-0.06871246985324968,0.373622974938193,0.0
0.3517,-0.06863708972730899,0.3692638313001152,0.0
0.35175,-0.0685617096013683,0.3649497894397172,0.0
0.3518,-0.06848632947542763,0.3606803889023422,0.0
0.35185,-0.06841094934948694,0.35645517393422355,0.0
0.3519,-0.06833556922354625,0.3522736934344918,0.0
0.35195000000000004,-0.06826018909760548,0.34813550090767237,0.0
0.35200000000000004,-0.06818480897166479,0.34404015441666813,0.0
0.35205000000000003,-0.06810942884572412,0.33998721653622166,0.0
0.3521,-0.06803404871978343,0.33597625430685285,0.0
0.35215,-0.06795866859384274,0.3320068391892668,0.0
0.3522,-0.06788328846790205,0.3280785470192271,0.0
0.35225,-0.06780790834196136,0.3241909579628897,0.0
0.3523,-0.06773252821602069,0.3203436564725931,0.0
0.35235,-0.06264730854707731,0.3165759918743932,0.0
0.3524,-0.05650532902489368,0.31289553811948956,0.0
0.35245000000000004,-0.05036334950270323,0.30930140485187013,0.0
0.35250000000000004,-0.04422136998051959,0.30579271080537684,0.0
0.35255000000000003,-0.03807939045833596,0.30236858371090514,0.0
0.3526,-0.03193741093615232,0.2990281602045509,0.0
0.35265,0.28758953471126825,0.2982577680075304,0.0
0.3527,0.7783895347105773,0.3013904790208852,0.0
0.35275,1.2691895347107847,0.3083864455459019,0.0
0.3528,1.7599895347107568,0.3192062266983866,0.0
0.35285,2.250789534710709,0.3338107842554109,0.0
0.3529,2.52463582837335,0.3504396237322455,0.0
0.35295000000000004,2.317813994311973,0.3652572523481333,0.0
0.35300000000000004,2.1109921602508255,0.3782821611807689,0.0
0.35305000000000003,1.9041703261896783,0.3895326525280839,0.0
0.3531,1.7099924483429652,0.39912719069438996,0.0
0.35315,2.2007924483421952,0.4125190140590642,0.0
0.3532,2.678784306702922,0.42956770332659405,0.0
0.35325,2.683451480533275,0.4464793795775282,0.0
0.3533,2.688118654363628,0.4632554416099798,0.0
0.35335,2.692785828193981,0.479897273941403,0.0
0.3534,2.6974530020243344,0.49640624695438773,0.0
0.35345000000000004,2.7021201758546924,0.5127837170409657,0.0
0.35350000000000004,2.7067873496850456,0.5290310267454432,0.0
0.35355000000000003,2.711454523515399,0.5451495049057761,0.0
0.3536,2.716121697345752,0.5611404667935008,0.0
0.35365,2.720788871176105,0.5770052142522376,0.0
0.3537,2.725456045006458,0.5927450358347787,0.0
0.35375,2.730123218836811,0.6083612069387778,0.0
0.3538,2.7347903926671644,0.6238549899410543,0.0
0.35385,2.7394575664975176,0.6392276343305252,0.0
0.3539,2.7441247403278703,0.6544803768397818,0.0
0.35395000000000004,2.748791914158229,0.6696144415753211,0.0
0.35400000000000004,2.753459087988582,0.0,1.0
0.35405000000000003,2.758126261818935,0.021889890966816945,0.0
0.3541,2.762793435649288,0.043593343950194804,0.0
0.35415,2.769262245458347,0.06512656103760214,0.0
0.3542,2.7772351959683585,0.0865032178319527,0.0
0.35425,2.78520814647837,0.10772491269410273,0.0
0.3543,2.7931810969883815,0.12879322766686654,0.0
0.35435,2.8011540474983927,0.14970972864161125,0.0
0.3544,2.8091269980084044,0.17047596552315067,0.0
0.35445000000000004,2.982404102869561,0.19240541012590145,0.0
0.35450000000000004,3.473204102869233,0.21800620996593034,0.0
0.35455000000000003,3.964004102869194,0.2472408833140856,0.0
0.3546,4.45480410286898,0.2800723311010008,0.0
0.35465,4.888864394915009,0.31601351786794596,0.0
0.3547,4.923871527582619,0.35186560699173913,0.0
0.35475,4.958878660250228,0.3876295080911759,0.0
0.3548,4.983082693191096,0.42322038261181943,0.0
0.35485,4.996321535760983,0.4585529717023054,0.0
0.3549,5.00956037833087,0.49362991225934144,0.0
0.35495000000000004,5.022799220900772,0.5284538142589366,0.0
0.35500000000000004,5.03603806347066,0.5630272610312406,0.0
0.35505000000000003,5.049276906040547,0.5973528095325782,0.0
0.3551,5.062515748610434,0.6314329906147057,0.0
0.35515,5.075754591180322,0.6652703092913186,0.0
0.3552,5.088993433750209,0.0,1.0
0.35525,5.102232276320097,0.040493906954921416,0.0
0.3553,5.109812476222974,0.08063456240588865,0.0
0.35535,5.110820113572075,0.12037340958572235,0.0
0.3554,5.111827750921176,0.15971455064957152,0.0
0.35545000000000004,5.112835388270277,0.1986620458727184,0.0
0.35550000000000004,5.113843025619378,0.23721991407813992,0.0
0.35555000000000003,5.114850662968479,0.27539213305970384,0.0
0.3556,5.115858300317579,0.3131826400010448,0.0
0.35565,5.11686593766668,0.3505953318901636,0.0
0.3557,5.11787357501578,0.38763406592979405,0.0
0.35575,5.118881212364881,0.42430265994357985,0.0
0.3558,5.119888849713981,0.46060489277810523,0.0
0.35585,5.120896487063082,0.49654450470082073,0.0
0.3559,5.1219041244121835,0.5321251977939069,0.0
0.35595000000000004,5.1229117617612845,0.5673506363441163,0.0
0.35600000000000004,5.1239193991103855,0.6022244472286366,0.0
0.35605000000000003,5.1249270364594866,0.6367502202970126,0.0
0.3561,5.125934673808587,0.6709315087491711,0.0
0.35615,5.126942311157688,0.0,1.0
0.3562,5.127949948506788,0.04069801546433959,0.0
0.35625,5.128957585855889,0.08098853243807291,0.0
0.3563,5.129965223204989,0.12087571116913796,0.0
0.35635,5.13097286055409,0.16036366943252303,0.0
0.3564,5.131980497903191,0.199456482963883,0.0
0.35645000000000004,5.132988135252292,0.23815818588872878,0.0
0.35650000000000004,5.133995772601393,0.2764727711472351,0.0
0.35655000000000003,5.135003409950494,0.31440419091471133,0.0
0.35660000000000003,5.136011047299594,0.35195635701777944,0.0
0.35665,5.137018684648695,0.3891331413463033,0.0
0.3567,5.1380263219977955,0.4259383762611125,0.0
0.35675,5.1390339593468966,0.4623758549975635,0.0
0.3568,5.140041596695998,0.4984493320649809,0.0
0.35685,5.141049234045098,0.5341625236420202,0.0
0.3569,5.142056871394199,0.5695191079679954,0.0
0.35695,5.143064508743299,0.6045227257302098,0.0
0.35700000000000004,5.144072146092401,0.6391769804473338,0.0
0.35705000000000003,5.145079783441502,0.6734854388488682,0.0
0.35710000000000003,5.146087420790602,0.0,1.0
0.35715,5.147095058139703,0.040849960778886536,0.0
0.3572,5.148102695488803,0.08129087182171163,0.0
0.35725,5.149110332837904,0.12132690921344302,0.0
0.3573,5.150117970187005,0.16096220640441478,0.0
0.35735,5.151125607536105,0.20020085464559423,0.0
0.3574,5.152133244885206,0.23904690341940527,0.0
0.35745,4.965264528332433,0.27601327869232894,0.0
0.35750000000000004,4.682336958408462,0.3103567986411,0.0
0.35755000000000003,4.399409388484805,0.34210424061264494,0.0
0.35760000000000003,4.116481818561147,0.3712821085776548,0.0
0.35765,3.83355424863749,0.3979166359215499,0.0
0.3577,3.550626678713833,0.42203378820694837,0.0
0.35775,3.3352238606567925,0.44419517663703234,0.0
0.3578,3.372817052146146,0.4664286729026843,0.0
0.35785,3.414036152816704,0.48876231789504415,0.0
0.3579,3.9048361528167885,0.5147631915478362,0.0
0.35795,4.395636152816543,0.5443938542610974,0.0
0.35800000000000004,4.8864361528170805,0.5776172486645559,0.0
0.35805000000000003,4.988115368293686,0.6113084355207081,0.0
0.35810000000000003,4.8648651440784425,0.643677484743107,0.0
0.35815,4.7416149198632,0.6747378943458345,0.0
0.3582,4.618364695647957,0.0,1.0
0.35825,4.495114471432713,0.03567551167803741,0.0
0.3583,4.371864247217471,0.07000862728348325,0.0
0.35835,4.248614023002228,0.10301305165358658,0.0
0.3584,4.125363798786985,0.13470234970968947,0.0
0.35845,4.002113574571742,0.16508994788566136,0.0
0.35850000000000004,3.878863350356362,0.1941891355417493,0.0
0.35855000000000004,3.755613126141119,0.2220130663639979,0.0
0.35860000000000003,3.6323629019258763,0.248574759749376,0.0
0.35865,3.5091126777106334,0.27388710217676654,0.0
0.3587,3.38586245349539,0.2979628485639585,0.0
0.35875,3.2417922650737996,0.32064938579962354,0.0
0.3588,0.7600478073432284,0.3234079262554034,0.0
0.35885,1.2508478073433837,0.3300335422180753,0.0
0.3589,1.7416478073431738,0.34048675380421467,0.0
0.35895,2.2324478073432497,0.35472848418981795,0.0
0.35900000000000004,2.7232478073441904,0.3727200554953736,0.0
0.35905000000000004,0.2192507209751852,0.3706549538687268,0.0
0.35910000000000003,0.6244952924327617,0.3718271621079172,0.0
0.35915,0.5957655363351901,0.37275938906019723,0.0
0.3592,0.5670357802376187,0.3734540847509707,0.0
0.35925,0.5244098059587655,0.3738033867468727,0.0
0.3593,0.4464828568665714,0.3735306547866014,0.0
0.35935,0.3685559077743773,0.3726422393611236,0.0
0.3594,0.29062895868218314,0.37114442612774995,0.0
0.35945,0.21270200958998897,0.36904343657203725,0.0
0.35950000000000004,0.13477506049770832,0.36634542866293224,0.0
0.35955000000000004,0.05684811140551421,0.3630564975012296,0.0
0.35960000000000003,-0.021078837686679952,0.35918267596140574,0.0
0.35965,-0.0690300739172842,0.35496783780993096,0.0
0.3597,-0.06884920050656006,0.35079746543577317,0.0
0.35975,-0.0686683270958359,0.346671104877353,0.0
0.3598,-0.06848745368511175,0.34258830680769153,0.0
0.35985,-0.0683065802743876,0.3385486264870948,0.0
0.3599,-0.06812570686366345,0.3345516237163208,0.0
0.35995,-0.0679448334529393,0.3305968627902254,0.0
0.36000000000000004,-0.06776396004221495,0.32668391245188044,0.0
0.36005000000000004,-0.06758308663149079,0.32281234584716145,0.0
0.36010000000000003,-0.06740221322076664,0.318981740479798,0.0
0.36015,-0.0672213398100425,0.3151916781668834,0.0
0.3602,-0.06704046639931835,0.3114417449948388,0.0
0.36025,-0.06685959298859419,0.30773153127582614,0.0
0.3603,-0.06667871957787004,0.30406063150460716,0.0
0.36035,-0.0664978461671459,0.3004286443158418,0.0
0.3604,-0.06631697275642173,0.2968351724418232,0.0
0.36045,-0.06613609934569759,0.29327982267064395,0.0
0.36050000000000004,-0.06595522593497324,0.28976220580478945,0.0
0.36055000000000004,-0.06577435252424908,0.28628193662015416,0.0
0.36060000000000003,-0.06559347911352494,0.28283863382547597,0.0
0.36065,-0.06541260570280079,0.279431920022185,0.0
0.3607,-0.06523173229207663,0.2760614216646621,0.0
0.36075,-0.06505085888135248,0.27272676902090315,0.0
0.3608,-0.06486998547062833,0.2694275961335852,0.0
0.36085,-0.06468911205990419,0.2661635407815295,0.0
0.3609,-0.06450823864918002,0.2629342444415586,0.0
0.36095,-0.06432736523845588,0.2597393522507425,0.0
0.36100000000000004,-0.06414649182773152,0.25657851296903034,0.0
0.36105000000000004,-0.06396561841700737,0.2534513789422635,0.0
0.36110000000000003,-0.06378474500628323,0.2503576060655664,0.0
0.36115,-0.06360387159555908,0.2472968537471112,0.0
0.3612,-0.06342299818483492,0.244268784872252,0.0
0.36125,-0.06324212477411077,0.24127306576802576,0.0
0.3613,-0.06306125136338663,0.23830936616801507,0.0
0.36135,-0.06288037795266248,0.2353773591775701,0.0
0.3614,-0.06269950454193832,0.23247672123938545,0.0
0.36145,-0.06251863113121417,0.22960713209942826,0.0
0.36150000000000004,-0.06233775772048982,0.22676827477321448,0.0
0.36155000000000004,-0.06215688430976567,0.2239598355124292,0.0
0.36160000000000003,-0.06197601089904152,0.22118150377188783,0.0
0.36165,-0.061795137488317366,0.21843297217683466,0.0
0.3617,-0.06161426407759322,0.2157139364905751,0.0
0.36175,-0.061433390666869064,0.2130240955824386,0.0
0.3618,-0.06125251725614492,0.2103631513960684,0.0
0.36185,-0.06107164384542076,0.20773080891803522,0.0
0.3619,-0.060890770434696616,0.20512677614677124,0.0
0.36195,-0.05114622190719176,0.20262666624528788,0.0
0.36200000000000004,-0.03510223973778716,0.20027941374565839,0.0
0.36205000000000004,-0.019058257568400357,0.1980834580907136,0.0
0.36210000000000003,-0.003014275399013562,0.19603725465537972,0.0
0.36215,0.013029706770373226,0.19413927458402364,0.0
0.3622,0.02907368893976002,0.19238800462945901,0.0
0.36225,0.05469855813607838,0.19085798577952395,0.0
0.3623,0.08109332557794141,0.18955306953318707,0.0
0.36235,0.10748809301980443,0.18847095776502204,0.0
0.3624,0.16008277092300194,0.18781731160901768,0.0
0.36245,0.6156909361875882,0.1907862764999238,0.0
0.36250000000000004,0.6193642833809386,0.19375408407908426,0.0
0.36255000000000004,0.6230376305742851,0.19672074616176688,0.0
0.36260000000000003,0.6267109777676314,0.1996862744426146,0.0
0.36265000000000003,0.6303843249609778,0.20265068049687707,0.0
0.3627,0.6340576721543243,0.2056139757816294,0.0
0.36275,0.6377310193476706,0.20857617163697884,0.0
0.3628,0.6414043665410171,0.21153727928725874,0.0
0.36285,0.6450777137343635,0.2144973098422106,0.0
0.3629,0.6487510609277098,0.21745627429815398,0.0
0.36295,0.6524244081210563,0.2204141835391444,0.0
0.36300000000000004,0.6560977553144067,0.22337104833811958,0.0
0.36305000000000004,0.6597711025077532,0.22632687935803364,0.0
0.36310000000000003,0.6634444497010996,0.2292816871529802,0.0
0.36315000000000003,0.667117796894446,0.2322354821693036,0.0
0.3632,0.6707911440877924,0.23518827474669904,0.0
0.36325,0.6744644912811388,0.2381400751193013,0.0
0.3633,0.6781378384744852,0.2410908934167625,0.0
0.36335,0.6818111856678316,0.24404073966531872,0.0
0.3634,0.6854845328611779,0.24698962378884592,0.0
0.36345,0.6891578800545244,0.2499375556099048,0.0
0.3635,0.6928312272478708,0.2528845448507752,0.0
0.36355000000000004,0.6965045744412213,0.2558306011344801,0.0
0.36360000000000003,0.7166127238852312,0.25890616892429585,0.0
0.36365000000000003,0.7512945226004648,0.26222558988989925,0.0
0.3637,0.9416944254499892,0.26702223244618195,0.0
0.36375,1.4324944254496685,0.27566514304562845,0.0
0.3638,1.9232944254494369,0.28811505423310907,0.0
0.36385,2.414094425449416,0.3043330994441806,0.0
0.3639,2.90489442544943,0.32428080891229644,0.0
0.36395,3.395694425449699,0.34792010561780706,0.0
0.364,3.886494425449855,0.37521330127830954,0.0
0.36405000000000004,4.295503466057334,0.405473957781587,0.0
0.36410000000000003,4.307993885219009,0.4355248064358436,0.0
0.36415000000000003,4.320484304380684,0.4653679892187587,0.0
0.3642,4.332974723542358,0.4950056262400578,0.0
0.36425,4.3454651427040325,0.5244398159647674,0.0
0.3643,4.357955561865707,0.5536726354341912,0.0
0.36435,4.370445981027381,0.5827061404846294,0.0
0.3644,4.593116759174938,0.6132104640510557,0.0
0.36445,4.606856960742684,0.6435124110220853,0.0
0.3645,4.620597162310429,0.6736140475079816,0.0
0.36455000000000004,4.634337363878189,0.0,1.0
0.36460000000000004,4.648077565445934,0.03688950448766615,0.0
0.36465000000000003,4.66181776701368,0.07351144456605721,0.0
0.3647,4.768100252713403,0.11060301443563711,0.0
0.36475,5.0210351053893,0.1493233272098204,0.0
0.3648,5.027389059203156,0.18769876340838876,0.0
0.36485,5.033743013017011,0.2257328439574208,0.0
0.3649,5.040096966830866,0.26342905383703263,0.0
0.36495,5.0464509206447214,0.3007908424483587,0.0
0.365,5.052804874458577,0.3378216239767859,0.0
0.36505000000000004,5.059158828272439,0.37452477775147947,0.0
0.36510000000000004,5.0655127820862935,0.41090364860123835,0.0
0.36515000000000003,5.071866735900149,0.44696154720671755,0.0
0.3652,5.078220689714004,0.4827017504490545,0.0
0.36525,5.084574643527859,0.5181275017549364,0.0
0.3653,5.090928597341715,0.5532420114381446,0.0
0.36535,5.09728255115557,0.5880484570376118,0.0
0.3654,5.103636504969425,0.6225499836520284,0.0
0.36545,5.1099904587832805,0.6567497042710326,0.0
0.3655,5.116344412597136,0.0,1.0
0.36555000000000004,5.120416762881596,0.040638228276838065,0.0
0.36560000000000004,5.121313170917853,0.0808686856722054,0.0
0.36565000000000003,5.122209578954111,0.12069553521494242,0.0
0.3657,5.123105986990368,0.16012289743254893,0.0
0.36575,5.1240023950266265,0.1991548507850903,0.0
0.3658,5.124898803062885,0.23779543209467377,0.0
0.36585,5.125795211099142,0.2760486369705403,0.0
0.3659,5.1266916191354,0.3139184202298161,0.0
0.36595,5.127588027171657,0.3514086963139693,0.0
0.366,5.128484435207915,0.3885233397010143,0.0
0.36605000000000004,5.129380843244173,0.42526618531350824,0.0
0.36610000000000004,5.1302772512804315,0.4616410289223817,0.0
0.36615000000000003,5.131173659316689,0.4976516275466471,0.0
0.3662,5.132070067352947,0.5333016998490261,0.0
0.36625,5.132966475389205,0.5685949265275381,0.0
0.3663,5.133862883425462,0.6035349507030903,0.0
0.36635,5.13475929146172,0.638125378303112,0.0
0.3664,5.135655699497978,0.6723697784412712,0.0
0.36645,5.136552107534236,0.0,1.0
0.3665,5.137448515570493,0.04077340091722614,0.0
0.36655000000000004,5.138344923606752,0.08113765094370198,0.0
0.36660000000000004,5.1378348381647445,0.12108576455045436,0.0
0.36665000000000003,5.136511927113531,0.1606155391751729,0.0
0.3667,5.135189016062319,0.19973124573892242,0.0
0.36675,5.133866105011106,0.23843711155992994,0.0
0.3668,5.132543193959894,0.2767373207987365,0.0
0.36685,5.13122028290868,0.31463601489880383,0.0
0.3669,5.129897371857467,0.35213729302262353,0.0
0.36695,5.128574460806255,0.38924521248337296,0.0
0.367,5.127251549755042,0.425963789172165,0.0
0.36705000000000004,5.125928638703828,0.46229699798093554,0.0
0.36710000000000004,5.1246057276526145,0.49824877322101385,0.0
0.36715000000000003,5.123282816601402,0.5338230090374194,0.0
0.3672,5.121959905550189,0.5690235598189293,0.0
0.36725,5.120636994498977,0.6038542406039588,0.0
0.3673,5.1193140834477635,0.6383188274822988,0.0
0.36735,5.117991172396551,0.6724210579927516,0.0
0.3674,5.116668261345338,0.0,1.0
0.36745,5.115345350294125,0.0405979789705883,0.0
0.3675,5.1140224392429126,0.08077098433078903,0.0
0.36755000000000004,5.1126995281916985,0.12052335473614835,0.0
0.36760000000000004,5.111376617140485,0.15985938454785747,0.0
0.36765000000000003,5.110053706089272,0.19878332428496412,0.0
0.3677,5.10873079503806,0.2372993810719673,0.0
0.36775,5.107407883986847,0.2754117190818425,0.0
0.3678,5.106084972935634,0.31312445997454375,0.0
0.36785,5.104762061884421,0.3504416833310292,0.0
0.3679,5.103439150833209,0.3873674270828555,0.0
0.36795,5.102116239781996,0.4239056879373862,0.0
0.368,5.1007933287307825,0.46006042179865936,0.0
0.36805000000000004,5.099470417679568,0.49583554418395825,0.0
0.36810000000000004,5.098147506628356,0.5312349306361291,0.0
0.36815000000000003,5.096824595577143,0.56626241713169,0.0
0.3682,5.09550168452593,0.6009218004847722,0.0
0.36825,5.0941787734747175,0.6352168387469384,0.0
0.3683,5.092855862423504,0.6691512516029191,0.0
0.36835,5.091532951372292,0.0,1.0
0.3684,4.763750492204222,0.037807543588922396,0.0
0.36845,2.06343139108185,0.053797997095500386,0.0
0.3685,0.14174104355523573,0.054373689606471716,0.0
0.36855000000000004,0.6325410435561323,0.05883874283243555,0.0
0.36860000000000004,1.1233410435557736,0.06715344937502901,0.0
0.36865000000000003,1.6141410435559624,0.07927850721807297,0.0
0.3687,2.104941043555221,0.09517501558890393,0.0
0.36875,2.59574104355549,0.11480447086201172,0.0
0.3688,3.086541043555438,0.13812876250444486,0.0
0.36885,3.5773410435554833,0.16511016906265008,0.0
0.3689,4.068141043555752,0.1957113541902668,0.0
0.36895,4.558941043555205,0.2298953627164681,0.0
0.369,4.29777425797676,0.26165762639273527,0.0
0.36905000000000004,1.9149526728120518,0.27418433922641156,0.0
0.36910000000000004,4.998634256515203,0.31105682726509376,0.0
0.36915000000000003,4.905762937305063,0.3468158014386541,0.0
0.36920000000000003,4.812891618094923,0.38147262987205033,0.0
0.36925,4.7200202988847835,0.4150385646303787,0.0
0.3693,4.627148979674644,0.4475247429037562,0.0
0.36935,4.534277660464504,0.4789421881801064,0.0
0.3694,4.441406341254364,0.5093018114059719,0.0
0.36945,4.348535022044224,0.5386144121354755,0.0
0.3695,4.255663702834085,0.5668906796675519,0.0
0.36955000000000005,4.162792383623842,0.5941411941715681,0.0
0.36960000000000004,4.069921064413702,0.6203764278014549,0.0
0.36965000000000003,3.9770497452035625,0.6456067457984597,0.0
0.36970000000000003,3.8841784259934227,0.669842407582644,0.0
0.36975,3.7913071067832833,0.0,1.0
0.3698,3.6984357875731435,0.029352664980739237,0.0
0.36985,3.6055644683630037,0.057668587738686994,0.0
0.3699,3.512693149152864,0.08495835261904708,0.0
0.36995,3.419821829942724,0.11123243590895361,0.0
0.37,3.3269505107325843,0.1365012069406612,0.0
0.37005,3.2340791915224445,0.16077492918347255,0.0
0.37010000000000004,3.1412078723122017,0.18406376132451735,0.0
0.37015000000000003,3.048336553102062,0.20637775833850058,0.0
0.37020000000000003,2.955465233891922,0.22772687254652466,0.0
0.37025,2.8625939146817823,0.24812095466410494,0.0
0.3703,2.7697225954716425,0.26756975483848516,0.0
0.37035,2.6768512762615027,0.2860829236753625,0.0
0.3704,2.583979957051363,0.3036700132551306,0.0
0.37045,2.491108637841223,0.3203404781387477,0.0
0.3705,2.3982373186310832,0.3361036763633355,0.0
0.37055,2.3053659994209434,0.3509688704276134,0.0
0.37060000000000004,2.2124946802107006,0.3649452282672721,0.0
0.37065000000000003,2.119623361000561,0.37804182422039206,0.0
0.37070000000000003,2.026752041790421,0.39026763998300107,0.0
0.37075,1.9338807225802812,0.4016315655548796,0.0
0.3708,1.8410094033701414,0.41214240017570936,0.0
0.37085,1.7481380841600016,0.42180885325166445,0.0
0.3709,1.6552667649498622,0.43063954527254283,0.0
0.37095,1.5623954457397224,0.4386430087195345,0.0
0.371,1.4695241265295826,0.4458276889637221,0.0
0.37105,1.3766528073194428,0.4522019451554084,0.0
0.37110000000000004,1.2837814881092,0.4577740511043638,0.0
0.37115000000000004,1.1909101688990602,0.4625521961510903,0.0
0.37120000000000003,1.0980388496889204,0.46654448602918563,0.0
0.37125,1.0051675304787806,0.46975894371890686,0.0
0.3713,0.9122962112686404,0.47220351029201835,0.0
0.37135,0.8194248920585006,0.4738860457480151,0.0
0.3714,0.7265535728483616,0.47481432984180844,0.0
0.37145,0.6336822536382218,0.47499606290296204,0.0
0.3715,0.540810934428082,0.47443886664656376,0.0
0.37155,0.44793961521794223,0.4731502849758195,0.0
0.37160000000000004,0.3550682960076994,0.4711377847764522,0.0
0.37165000000000004,0.2621969767975596,0.4684087567029936,0.0
0.37170000000000003,0.1693256575874198,0.4649705159570443,0.0
0.37175,0.07645433837728,0.46083030305759115,0.0
0.3718,-0.016416980832859807,0.45599528460345956,0.0
0.37185,-0.07738902027032972,0.45072572291506663,0.0
0.3719,-0.07321791545446622,0.4455430634278752,0.0
0.37195,-0.06904681063860273,0.440446418936873,0.0
0.372,-0.06487570582273923,0.4354349112947324,0.0
0.37205,-0.06070460100687573,0.43050767131933837,0.0
0.37210000000000004,-0.05653349619100761,0.42566383870226066,0.0
0.37215000000000004,-0.05236239137514411,0.42090256191815995,0.0
0.37220000000000003,-0.048191286559280615,0.4162229981351195,0.0
0.37225,-0.04402018174341712,0.4116243131258918,0.0
0.3723,-0.03984907692755362,0.40710568118005164,0.0
0.37235,-0.035677972111690125,0.40266628501704566,0.0
0.3724,-0.03150686729582663,0.39830531570012984,0.0
0.37245,-0.02733576247996313,0.3940219725511858,0.0
0.3725,-0.023164657664099635,0.38981546306640635,0.0
0.37255,-0.018993552848236138,0.38568500283284196,0.0
0.37260000000000004,-0.014822448032368013,0.38162981544579955,0.0
0.37265000000000004,-0.010651343216504516,0.3776491324270841,0.0
0.37270000000000003,-0.00648023840064102,0.3737421931440752,0.0
0.37275,-0.002309133584777523,0.36990824472962985,0.0
0.3728,0.0018619712310859737,0.3661465420028028,0.0
0.37285,0.00603307604694947,0.3624563473903762,0.0
0.3729,0.010204180862812967,0.3588369308491908,0.0
0.37295,0.014375285678676464,0.35528756978926973,0.0
0.373,0.01854639049453996,0.351807548997727,0.0
0.37305,0.022717495310403457,0.34839616056345324,0.0
0.37310000000000004,0.026888600126271575,0.3450527038025702,0.0
0.37315000000000004,0.031059704942135072,0.34177648518464604,0.0
0.37320000000000003,0.03523080975799857,0.3385668182596642,0.0
0.37325,0.039401914573862065,0.335423023585738,0.0
0.3733,0.04357301938972556,0.33234442865756253,0.0
0.37335,0.04774412420558906,0.3293303678355979,0.0
0.3734,0.32338766166232763,0.3285347253921721,0.0
0.37345,0.8141876616615068,0.3316424439448253,0.0
0.3735,1.3049876616617757,0.3386136731630506,0.0
0.37355,1.7957876616616661,0.34940896955772677,0.0
0.37360000000000004,2.2865876616620855,0.3639892923275977,0.0
0.37365000000000004,2.777387661662582,0.3823159992481265,0.0
0.37370000000000003,3.2681876616621497,0.4043508426023275,0.0
0.37375,3.75898766166203,0.430055965153164,0.0
0.3738,4.249787661661897,0.45939389615703385,0.0
0.37385,4.740587661662023,0.49232754741797197,0.0
0.3739,4.8875643271220435,0.5260914527587932,0.0
0.37395,4.898257940946235,0.5595955243993933,0.0
0.374,4.908951554770426,0.5928424150431331,0.0
0.37405,4.9196451685946165,0.6258347503113008,0.0
0.37410000000000004,4.930338782418819,0.6585751290195996,0.0
0.37415000000000004,4.941032396243011,0.0,1.0
0.37420000000000003,4.95875143740844,0.03935517013816222,0.0
0.37425,4.98413148110836,0.07850998300593781,0.0
0.3743,5.00951152480828,0.11746648409782603,0.0
0.37435,5.0306797965973855,0.15619327126419472,0.0
0.3744,5.039926217094747,0.19459807184114555,0.0
0.37445,5.049172637592108,0.23268417306550412,0.0
0.3745,5.058419058089469,0.27045482861392206,0.0
0.37455,5.0676654785868305,0.3079132589455008,0.0
0.37460000000000004,5.076911899084202,0.34506265164091743,0.0
0.37465000000000004,5.086158319581562,0.38190616173808783,0.0
0.37470000000000003,5.095404740078924,0.418446912064404,0.0
0.37475,5.104651160576285,0.4546879935655785,0.0
0.3748,5.113897581073646,0.490632465631132,0.0
0.37485,5.115118442820555,0.5262196615058402,0.0
0.3749,5.115758436684175,0.5614486186438044,0.0
0.37495,5.116398430547793,0.5963229943885489,0.0
0.375,5.117038424411412,0.6308464087449179,0.0
0.37505,5.117678418275031,0.6650224447602749,0.0
0.37510000000000004,5.118318412138651,0.0,1.0
0.37515000000000004,5.118958406002269,0.04062665401589103,0.0
0.37520000000000003,5.119598399865889,0.08084362028154754,0.0
0.37525000000000003,5.120238393729507,0.12065508139557402,0.0
0.3753,5.120878387593126,0.160065177255442,0.0
0.37535,5.121518381456745,0.19907800549343602,0.0
0.3754,5.122158375320364,0.23769762190814878,0.0
0.37545,5.1227983691839825,0.2759280408915712,0.0
0.3755,5.123438363047602,0.3137732358518222,0.0
0.37555,5.1240783569112205,0.35123713963156256,0.0
0.37560000000000004,5.12471835077484,0.38832364492213733,0.0
0.37565000000000004,5.125358344638459,0.42503660467349,0.0
0.37570000000000003,5.125998338502078,0.4613798324998919,0.0
0.37575000000000003,5.1266383323656965,0.49735710308152914,0.0
0.3758,5.127278326229316,0.53297215256199,0.0
0.37585,5.127918320092935,0.5682286789416943,0.0
0.3759,5.128558313956553,0.6031303424673055,0.0
0.37595,5.129198307820173,0.637680766017168,0.0
0.376,5.129838301683791,0.6718835354828093,0.0
0.37605,5.13047829554741,0.0,1.0
0.37610000000000005,5.131118289411029,0.040723161027071665,0.0
0.37615000000000004,5.131758283274649,0.08103564904113233,0.0
0.37620000000000003,5.132398277138267,0.1209416566995659,0.0
0.37625000000000003,5.133038271001886,0.1604453338559309,0.0
0.3763,5.133678264865505,0.1995507879969548,0.0
0.37635,5.134318258729124,0.23826208467506696,0.0
0.3764,5.134958252592742,0.27658324793651573,0.0
0.37645,5.135598246456362,0.3145182607451148,0.0
0.3765,5.13623824031998,0.35207106540166344,0.0
0.37655,5.1368782341836,0.38924556395908483,0.0
0.3766,5.1375182280472185,0.4260456186333261,0.0
0.37665000000000004,5.094727439095957,0.46213036345756414,0.0
0.37670000000000003,4.93656748087871,0.4965914728707974,0.0
0.37675000000000003,4.778407522661464,0.5294455229488308,0.0
0.3768,4.620247564444218,0.5607089205384127,0.0
0.37685,4.462087606226971,0.5903979049849337,0.0
0.3769,4.303927648009725,0.618528549842488,0.0
0.37695,4.1457676897924784,0.645116764566475,0.0
0.377,3.987607731575232,0.6701782961889223,0.0
0.37705,3.8294477733579853,0.0,1.0
0.3771,3.671287815140739,0.02913720488206936,0.0
0.37715000000000004,3.513127856923317,0.056721703422527664,0.0
0.37720000000000004,3.3549678987060707,0.08276934756562869,0.0
0.37725000000000003,3.196807940488824,0.10729582741939739,0.0
0.3773,3.0386479822715775,0.13031667290785545,0.0
0.37735,2.880488024054331,0.15184725540637745,0.0
0.3774,2.7223280658370848,0.17190278936035125,0.0
0.37745,2.564168107619838,0.1904983338873132,0.0
0.3775,2.4060081494025916,0.20764879436272662,0.0
0.37755,2.247848191185345,0.22336892398957095,0.0
0.3776,2.089688232968099,0.2376733253519062,0.0
0.37765000000000004,1.9315282747506766,0.2505764519525757,0.0
0.37770000000000004,1.7733683165334302,0.26209260973521553,0.0
0.37775000000000003,1.6152083583161838,0.27223595859071675,0.0
0.3778,1.4570484000989374,0.28102051384831395,0.0
0.37785,1.298888441881691,0.28846014775144885,0.0
0.3779,1.1407284836644442,0.2945685909185671,0.0
0.37795,0.9825685254471983,0.29935943378900104,0.0
0.378,0.8244085672299519,0.3028461280540913,0.0
0.37805,0.6662486090127047,0.3050419880736976,0.0
0.3781,0.5080886507954583,0.3059601922782483,0.0
0.37815000000000004,0.34992869257803694,0.30561378455647426,0.0
0.37820000000000004,0.19176873436078967,0.3040156756289812,0.0
0.37825000000000003,0.033608776143543295,0.3011786444077899,0.0
0.3783,0.5050342797680027,0.3021120493566195,0.0
0.37835,0.9958342797682577,0.30693116305002116,0.0
0.3784,1.4866342797679273,0.3155963153734623,0.0
0.37845,1.9774342797680051,0.32806824121394823,0.0
0.3785,2.4682342797674437,0.3443080763252502,0.0
0.37855,2.9590342797677125,0.3642773532353819,0.0
0.3786,3.44983427976775,0.3879379971958181,0.0
0.37865000000000004,3.94063427976825,0.41525232217210234,0.0
0.37870000000000004,4.431434279768519,0.44618302687536243,0.0
0.37875000000000003,4.9222342797677925,0.48069319083435186,0.0
0.3788,4.323558932455692,0.5100996407670405,0.0
0.37885,3.7114566197184,0.5343479184727034,0.0
0.3789,3.099354306981108,0.5534906849448559,0.0
0.37895,2.4872519942438167,0.5675800635485444,0.0
0.379,1.8751496815065254,0.5766676455091215,0.0
0.37905,1.263047368769234,0.5808044953449856,0.0
0.3791,0.6509450560319427,0.5800411562448555,0.0
0.37915000000000004,0.03884274329397108,0.5744276553901434,0.0
0.37920000000000004,-0.05833921821457708,0.5681001786772063,0.0
0.37925000000000003,-0.05867242430677989,0.5618346561695172,0.0
0.3793,-0.0590056303989827,0.5556304553620226,0.0
0.37935,-0.059338836491185515,0.5494869502070618,0.0
0.3794,-0.059672042583388325,0.5434035210484419,0.0
0.37945,-0.060005248675591136,0.5373795545561858,0.0
0.3795,-0.060338454767793946,0.5314144436619465,0.0
0.37955,-0.06067166085999676,0.5255075874950803,0.0
0.3796,-0.061004866952199574,0.5196583913193735,0.0
0.37965000000000004,-0.06133807304440275,0.5138662664704142,0.0
0.37970000000000004,-0.06167127913660556,0.508130630293604,0.0
0.37975000000000003,-0.06200448522880837,0.5024509060828021,0.0
0.3798,-0.06233769132101119,0.4968265230195966,0.0
0.37985,-0.062670897413214,0.491256916113195,0.0
0.3799,-0.06300410350541681,0.4857415261409285,0.0
0.37995,-0.06333730959761963,0.48027979958936434,0.0
0.38,-0.06367051568982243,0.47487118859601835,0.0
0.38005,-0.06400372178202525,0.4695151508916634,0.0
0.3801,-0.06433692787422805,0.4642111497432265,0.0
0.38015000000000004,-0.06467013396643125,0.4589586538972688,0.0
0.38020000000000004,-0.06500334005863405,0.45375713752404273,0.0
0.38025000000000003,-0.06533654615083687,0.44860608016212034,0.0
0.3803,-0.06566975224303967,0.44350496666358685,0.0
0.38035,-0.06600295833524249,0.43845328713979365,0.0
0.3804,-0.0663361644274453,0.4334505369076652,0.0
0.38045,-0.06666937051964811,0.4284962164365544,0.0
0.3805,-0.06700257661185093,0.4235898312956398,0.0
0.38055,-0.06733578270405373,0.41873089210186065,0.0
0.3806,-0.06766898879625655,0.4139189144683829,0.0
0.38065000000000004,-0.06800219488845972,0.40915341895359164,0.0
0.38070000000000004,-0.06833540098066254,0.4044339310106042,0.0
0.38075000000000003,-0.06866860707286535,0.3997599809372986,0.0
0.3808,-0.06900181316506816,0.39513110382685235,0.0
0.38085,-0.06933501925727098,0.390546839518786,0.0
0.3809,-0.06966822534947378,0.38600673255050677,0.0
0.38095,-0.0700014314416766,0.38151033210934654,0.0
0.381,-0.0703346375338794,0.37705719198508975,0.0
0.38105,-0.07066784362608222,0.3726468705229859,0.0
0.3811,-0.07100104971828504,0.36827893057724176,0.0
0.38115000000000004,-0.07133425581048822,0.36395293946498825,0.0
0.38120000000000004,-0.07166746190269102,0.3596684689207175,0.0
0.38125000000000003,-0.07200066799489384,0.3554250950511851,0.0
0.38130000000000003,-0.07233387408709666,0.3512223982907721,0.0
0.38135,-0.07266708017929946,0.34705996335730405,0.0
0.3814,-0.07300028627150228,0.3429373792083196,0.0
0.38145,-0.0733334923637051,0.3388542389977868,0.0
0.3815,-0.0736666984559079,0.3348101400332604,0.0
0.38155,-0.07399990454811071,0.33080468373347693,0.0
0.3816,-0.07433311064031352,0.32683747558638304,0.0
0.38165000000000004,-0.0746663167325167,0.32290812510759154,0.0
0.38170000000000004,-0.07499952282471951,0.3190162457992623,0.0
0.38175000000000003,-0.07533272891692233,0.31516145510940247,0.0
0.38180000000000003,-0.07566593500912513,0.31134337439158255,0.0
0.38185,-0.07599914110132795,0.30756162886506344,0.0
0.3819,-0.07633234719353077,0.30381584757533076,0.0
0.38195,-0.07189901113043858,0.30014349305467725,0.0
0.382,-0.06727806961831354,0.2965453046040819,0.0
0.38205,-0.06265712810618848,0.29302052504469095,0.0
0.3821,-0.05803618659406344,0.2895684049278677,0.0
0.38215000000000005,-0.053415245081933266,0.28618820245627274,0.0
0.38220000000000004,-0.048794303569808226,0.28287918340575025,0.0
0.38225000000000003,-0.04417336205768318,0.2796406210480115,0.0
0.38230000000000003,-0.03955242054555814,0.2764717960741078,0.0
0.38235,-0.03493147903343309,0.27337199651868477,0.0
0.3824,-0.03031053752130805,0.2703405176850096,0.0
0.38245,-0.025689596009183004,0.2673766620707644,0.0
0.3825,-0.021068654497057963,0.2644797392945963,0.0
0.38255,0.29587507061063806,0.2641278182741767,0.0
0.3826,0.4028650080977653,0.2646286165862227,0.0
0.38265000000000005,0.413197639676723,0.2652063071430401,0.0
0.38270000000000004,0.4235302712556693,0.2658601049336161,0.0
0.38275000000000003,0.4338629028346155,0.26658923296130016,0.0
0.38280000000000003,0.44419553441356174,0.26739292216198324,0.0
0.38285,0.45452816599250795,0.26827041132311275,0.0
0.3829,0.7366779842424526,0.2713782262628277,0.0
0.38295,1.2274779842427344,0.27834955088407665,0.0
0.383,1.718277984242732,0.28914494170778543,0.0
0.38305,2.2090779842421826,0.30372535794263306,0.0
0.3831,2.699877984242738,0.3220521573739331,0.0
0.38315000000000005,3.19067798424272,0.3440870922944445,0.0
0.38320000000000004,3.681477984242989,0.36979230547677244,0.0
0.38325000000000004,4.172277984243258,0.3991303261868587,0.0
0.38330000000000003,4.663077984242478,0.4320640662381741,0.0
0.38335,4.796919414407511,0.4657238115637242,0.0
0.3834,4.776910781313994,0.49888111795681744,0.0
0.38345,4.756902148220476,0.5315411149346936,0.0
0.3835,4.78035464124301,0.5640538092184939,0.0
0.38355,4.816981506914645,0.5965252631691572,0.0
0.3836,4.853608372586279,0.6289558978189447,0.0
0.38365,4.94724356566385,0.6617985769446043,0.0
0.38370000000000004,4.963111124192291,0.0,1.0
0.38375000000000004,4.978978682720713,0.03951570383111678,0.0
0.38380000000000003,4.994846241249136,0.07875391555155703,0.0
0.38385,5.010713799777559,0.11771746814354737,0.0
0.3839,5.0265813583059815,0.15640916566673252,0.0
0.38395,5.042180804465772,0.1948296556775112,0.0
0.384,5.046912688771779,0.23289545650626503,0.0
0.38405,5.051644573077786,0.27061018925827945,0.0
0.3841,5.056376457383792,0.3079774380701244,0.0
0.38415,5.0611083416898,0.34500075048707646,0.0
0.38420000000000004,5.065840225995812,0.3816836378366881,0.0
0.38425000000000004,5.070572110301819,0.41802957559854304,0.0
0.38430000000000003,5.075303994607825,0.4540420037702362,0.0
0.38435,5.080035878913832,0.4897243272296181,0.0
0.3844,5.08476776321984,0.5250799160933405,0.0
0.38445,5.089499647525846,0.5601121060717413,0.0
0.3845,5.094231531831853,0.5948241988201073,0.0
0.38455,5.09896341613786,0.6292194622863496,0.0
0.3846,5.103695300443867,0.6633011310551308,0.0
0.38465,5.108427184749874,0.0,1.0
0.38470000000000004,5.113159069055886,0.04058062753218957,0.0
0.38475000000000004,5.117890953361893,0.0807845125303139,0.0
0.38480000000000003,5.1226228376679,0.12061550124751663,0.0
0.38485,5.127354721973907,0.1600774006696383,0.0
0.3849,5.1320866062799135,0.1991739789161056,0.0
0.38495,5.13681849058592,0.2379089656367277,0.0
0.385,5.141550374891928,0.27628605240444165,0.0
0.38505,5.1462822591979345,0.314308893104048,0.0
0.3851,5.151014143503941,0.3519811043169781,0.0
0.38515,5.155746027809948,0.38930626570213267,0.0
0.38520000000000004,5.1188759565548825,0.42595774612234805,0.0
0.38525000000000004,5.0138388002954795,0.4614014147339058,0.0
0.38530000000000003,4.9088016440360756,0.49564960237164896,0.0
0.38535,4.8037644877766725,0.5287145139820274,0.0
0.3854,4.698727331517269,0.5606082299083219,0.0
0.38545,4.593690175257866,0.5913427071627475,0.0
0.3855,4.488653018998463,0.6209297806855687,0.0
0.38555,4.383615862739059,0.6493811645913615,0.0
0.3856,4.278578706479656,0.6767084534025509,0.0
0.38565,4.173541550220252,0.0,1.0
0.38570000000000004,4.068504393960732,0.032289717412386766,0.0
0.38575000000000004,3.963467237701329,0.06341615328058976,0.0
0.38580000000000003,3.8584300814419255,0.09339118381950812,0.0
0.38585,3.7533929251825224,0.12222656399696967,0.0
0.3859,3.6483557689231185,0.1499339287715708,0.0
0.38595,3.5433186126637155,0.17652479431787899,0.0
0.386,3.438281456404312,0.20201055923912678,0.0
0.38605,3.3332443001449086,0.2264025057675253,0.0
0.3861,3.2282071438855056,0.24971180095232334,0.0
0.38615,3.123169987626102,0.2719494978357373,0.0
0.38620000000000004,3.018132831366582,0.29312653661687493,0.0
0.38625000000000004,2.913095675107179,0.31325374580377985,0.0
0.38630000000000003,2.8080585188477754,0.3323418433537092,0.0
0.38635,2.703021362588372,0.35040143780177346,0.0
0.3864,2.5979842063289684,0.36744302937805307,0.0
0.38645,2.4929470500695654,0.38347701111330973,0.0
0.3865,2.387909893810162,0.39851366993340964,0.0
0.38655,2.2828727375507585,0.4125631877425731,0.0
0.3866,2.177835581291355,0.4256356424955655,0.0
0.38665,2.0727984250319516,0.43774100925894155,0.0
0.38670000000000004,1.9677612687724317,0.44888916126145434,0.0
0.38675000000000004,1.8627241125130283,0.4590898709337442,0.0
0.38680000000000003,1.7576869562536253,0.46835281093740755,0.0
0.38685,1.6526497999942218,0.4766875551835635,0.0
0.3869,1.5476126437348183,0.4841035798410206,0.0
0.38695,1.4425754874754149,0.4906102643341513,0.0
0.387,1.3375383312160118,0.4962168923305783,0.0
0.38705,1.2325011749566084,0.5009326527187782,0.0
0.3871,1.1274640186972054,0.5047666405757035,0.0
0.38715,1.0224268624378015,0.5077278581245273,0.0
0.38720000000000004,0.9173897061782812,0.5098252156826074,0.0
0.38725000000000004,0.8123525499188782,0.5110675325997782,0.0
0.38730000000000003,0.7073153936594752,0.5114635381870563,0.0
0.38735,0.6022782374000712,0.5110218726358686,0.0
0.3874,0.6132058246008223,0.5106714430347226,0.0
0.38745,0.6498326902724568,0.5106152804618912,0.0
0.3875,0.9683216887172192,0.5130873817298232,0.0
0.38755,1.45912168871723,0.5194294828296879,0.0
0.3876,1.9499216887172122,0.5296020740229413,0.0
0.38765,2.4407216887174807,0.5435660489352557,0.0
0.38770000000000004,2.931521688717352,0.5612827004384715,0.0
0.38775000000000004,3.422321688717486,0.58271371657461,0.0
0.38780000000000003,3.913121688717149,0.6078211765214772,0.0
0.38785000000000003,4.403921688717356,0.63656754659948,0.0
0.3879,4.894721688717392,0.6689156763191832,0.0
0.38795,4.764662143996492,0.0,1.0
0.388,4.258029885931954,0.033793887983586936,0.0
0.38805,3.7513976278674166,0.06322187527909476,0.0
0.3881,3.244765369802879,0.08832853439354821,0.0
0.38815,2.7381331117383416,0.10915798278276398,0.0
0.38820000000000005,2.2315008536732415,0.125753887497071,0.0
0.38825000000000004,1.724868595608704,0.1381594697796195,0.0
0.38830000000000003,1.2182363375441665,0.14641750961771777,0.0
0.38835000000000003,0.7116040794796294,0.15057035024772153,0.0
0.3884,0.5006599243699511,0.1530066335897592,0.0
0.38845,0.4748701103036687,0.15521336327810353,0.0
0.3885,0.4490802962373864,0.15719288287999825,0.0
0.38855,0.423290482171104,0.15894751203665783,0.0
0.3886,0.39750066810482165,0.16047954670753398,0.0
0.38865,0.3717108540385393,0.16179125941208833,0.0
0.38870000000000005,0.3827004497002442,0.16317679954630307,0.0
0.38875000000000004,0.3039624817858253,0.16392328986813848,0.0
0.38880000000000003,0.2252245138714064,0.16403725458743956,0.0
0.38885000000000003,0.1464865459569875,0.16352515130685846,0.0
0.3889,0.06774857804256862,0.16239337170186294,0.0
0.38895,0.2275362568753368,0.16254130288227228,0.0
0.389,0.2588301903042486,0.16293608834948914,0.0
0.38905,0.21308812481305306,0.16296381109321087,0.0
0.3891,0.1673460593218575,0.16262821854311815,0.0
0.38915,0.12160399383066195,0.16193301987050066,0.0
0.38920000000000005,0.07586192833941563,0.1608818863788455,0.0
0.38925000000000004,0.030119862848220103,0.15947845189043985,0.0
0.38930000000000003,-0.015622202642975425,0.15772631312902394,0.0
0.38935000000000003,-0.06136426813417095,0.1556290300985394,0.0
0.3894,-0.06671143883150128,0.15351072086113618,0.0
0.38945,-0.06668630954984647,0.1514142373797268,0.0
0.3895,-0.06666118026819166,0.14933935683003471,0.0
0.38955,-0.06663605098653685,0.1472858586626488,0.0
0.3896,-0.06661092170488206,0.14525352457979873,0.0
0.38965,-0.06658579242322725,0.14324213851236753,0.0
0.38970000000000005,-0.06656066314157241,0.1412514865971386,0.0
0.38975000000000004,-0.0665355338599176,0.13928135715427525,0.0
0.38980000000000004,-0.0665104045782628,0.13733154066503003,0.0
0.38985000000000003,-0.06648527529660798,0.13540182974968165,0.0
0.3899,-0.06646014601495319,0.13349201914569717,0.0
0.38995,-0.06643501673329838,0.13160190568611715,0.0
0.39,-0.06640988745164357,0.12973128827816144,0.0
0.39005,-0.06638475816998876,0.1278799678820533,0.0
0.3901,-0.06635962888833395,0.12604774749005998,0.0
0.39015,-0.06633449960667916,0.12423443210574697,0.0
0.3902,-0.06630937032502435,0.12243982872344424,0.0
0.39025000000000004,-0.06628424104336951,0.12066374630792201,0.0
0.39030000000000004,-0.0662591117617147,0.11890599577427413,0.0
0.39035000000000003,-0.06623398248005989,0.11716638996800671,0.0
0.3904,-0.06620885319840508,0.11544474364533013,0.0
0.39045,-0.06618372391675029,0.11374087345365215,0.0
0.3905,-0.06615859463509548,0.1120545979122703,0.0
0.39055,-0.06613346535344067,0.11038573739326131,0.0
0.3906,-0.06610833607178586,0.10873411410256557,0.0
0.39065,-0.06608320679013105,0.1070995520612649,0.0
0.3907,-0.06605807750847624,0.10548187708705123,0.0
0.39075000000000004,-0.06603294822682142,0.1038809167758847,0.0
0.39080000000000004,-0.06600781894516661,0.1022965004838388,0.0
0.39085000000000003,-0.0659826896635118,0.10072845930913105,0.0
0.3909,-0.06595756038185699,0.09917662607433694,0.0
0.39095,-0.06593243110020218,0.09764083530878565,0.0
0.391,-0.06590730181854738,0.09612092323113533,0.0
0.39105,-0.06588217253689257,0.0946167277321264,0.0
0.3911,-0.06585704325523777,0.09312808835751081,0.0
0.39115,-0.06583191397358296,0.0916548462911557,0.0
0.3912,-0.06580678469192815,0.09019684433831943,0.0
0.39125000000000004,-0.06578165541027331,0.08875392690909849,0.0
0.39130000000000004,-0.06575652612861851,0.08732594000204326,0.0
0.39135000000000003,-0.0657313968469637,0.08591273118794115,0.0
0.3914,-0.0657062675653089,0.08451414959376528,0.0
0.39145,-0.06568113828365409,0.08313004588678695,0.0
0.3915,-0.06565600900199928,0.08176027225885042,0.0
0.39155,-0.06563087972034447,0.0804046824108082,0.0
0.3916,-0.06560575043868967,0.07906313153711518,0.0
0.39165,-0.06558062115703486,0.07773547631058014,0.0
0.3917,-0.06555549187538005,0.07642157486727286,0.0
0.39175000000000004,-0.06553036259372522,0.07512128679158535,0.0
0.39180000000000004,-0.06550523331207041,0.07383447310144559,0.0
0.39185000000000003,-0.0654801040304156,0.07256099623368222,0.0
0.3919,-0.0654549747487608,0.07130072002953866,0.0
0.39195,-0.065429845467106,0.0700535097203351,0.0
0.392,0.21836539319098547,0.07107137563848669,0.0
0.39205,0.5129680085228694,0.07441696591876588,0.0
0.3921,0.41208134185620837,0.0769277124502722,0.0
0.39215,0.3111946751895473,0.07861213834919982,0.0
0.3922,0.21030800852288623,0.07947867971724497,0.0
0.39225000000000004,0.10942134185611319,0.07953568652995653,0.0
0.39230000000000004,0.16836830682381618,0.08005994440200782,0.0
0.39235000000000003,0.6591683068234789,0.08447408809736848,0.0
0.3924,1.1499683068236066,0.09273840485673493,0.0
0.39245,1.6407683068229453,0.10481358735769424,0.0
0.3925,2.1315683068232136,0.12066072957554703,0.0
0.39255,2.6223683068232018,0.14024132268634157,0.0
0.3926,3.1131683068232068,0.1635172510117698,0.0
0.39265,3.2401728862728487,0.18756352276298538,0.0
0.3927,3.2777660777622213,0.21166265913260168,0.0
0.39275000000000004,3.2951881133955094,0.23565403187475487,0.0
0.39280000000000004,3.299165092410676,0.25943203437510814,0.0
0.39285000000000003,3.303142071425843,0.28299884498064676,0.0
0.3929,3.3071190504410093,0.3063566197990991,0.0
0.39295,3.3110960294561758,0.32950749292598275,0.0
0.393,3.3150730084713422,0.352453576669332,0.0
0.39305,3.3190499874865087,0.37519696177213185,0.0
0.3931,3.3230269665016756,0.39773971763248017,0.0
0.39315,3.327003945516842,0.420083892521503,0.0
0.3932,3.3309809245320086,0.44223151379904474,0.0
0.39325000000000004,3.3349579035471795,0.4641845881271562,0.0
0.39330000000000004,3.338934882562346,0.4859451016814033,0.0
0.39335000000000003,3.3429118615775124,0.5075150203600186,0.0
0.3934,3.3468888405926793,0.528896289990917,0.0
0.39345,3.350865819607846,0.5500908365365986,0.0
0.3935,3.3548427986230123,0.5711005662969596,0.0
0.39355,3.3588197776381787,0.5919273661100317,0.0
0.3936,3.362796756653345,0.6125731035506737,0.0
0.39365,3.3667737356685117,0.6330396271272334,0.0
0.3937,3.3707507146836786,0.6533287664762017,0.0
0.39375000000000004,3.3747276936988495,0.6734423325548807,0.0
0.39380000000000004,3.378704672714016,0.0,1.0
0.39385000000000003,3.3829438923565642,0.026848761050448925,0.0
0.39390000000000003,3.3929149984513716,0.05350255254691447,0.0
0.39395,3.4028861045461785,0.07996336497943188,0.0
0.394,3.4128572106409854,0.10623316851665546,0.0
0.39405,3.4228283167357927,0.13231391321332434,0.0
0.3941,3.4327994228305996,0.1582075292156101,0.0
0.39415,3.442770528925407,0.1839159269643681,0.0
0.3942,3.4500686265659373,0.20941978304350192,0.0
0.39425000000000004,3.4567613538386732,0.23471638114029836,0.0
0.39430000000000004,3.463454081111401,0.25980783720024797,0.0
0.39435000000000003,3.4701468083841296,0.2846962455666563,0.0
0.39440000000000003,3.4768395356568575,0.3093836792011853,0.0
0.39445,3.483532262929586,0.33387218990214396,0.0
0.3945,3.7947857886132668,0.3605809577142872,0.0
0.39455,4.2855857886131545,0.3909122875289247,0.0
0.3946,4.7763857886129735,0.4248291957585123,0.0
0.39465,5.012477495696862,0.460273582001429,0.0
0.3947,5.028080172774378,0.4954799389388012,0.0
0.39475000000000005,5.043682849851912,0.5304506966677962,0.0
0.39480000000000004,5.059285526929429,0.5651882604761471,0.0
0.39485000000000003,5.074888204006946,0.5996950110954393,0.0
0.39490000000000003,5.090490881084462,0.6339733049518091,0.0
0.39495,5.102747209025554,0.667998916087605,0.0
0.395,5.104036243825291,0.0,1.0
0.39505,5.1053252786250285,0.04051845459226214,0.0
0.3951,5.106614313424766,0.0806334771861957,0.0
0.39515,5.107903348224503,0.12034918651396256,0.0
0.3952,5.10919238302424,0.15966965925861917,0.0
0.39525000000000005,5.110481417823979,0.19859893048340582,0.0
0.39530000000000004,5.111770452623716,0.23714099405665306,0.0
0.39535000000000003,5.113059487423453,0.2752998030723503,0.0
0.39540000000000003,5.114348522223191,0.3130792702664206,0.0
0.39545,5.115637557022928,0.3504832684287455,0.0
0.3955,5.116926591822665,0.387515630810984,0.0
0.39555,5.118215626622402,0.42418015153022715,0.0
0.3956,5.119504661422139,0.4604805859685322,0.0
0.39565,5.1207936962218765,0.49642065116837775,0.0
0.3957,5.122082731021614,0.5320040262240814,0.0
0.39575000000000005,5.123371765821353,0.5672343526692214,0.0
0.39580000000000004,5.12466080062109,0.6021152348601034,0.0
0.39585000000000004,5.125949835420827,0.6366502403553117,0.0
0.39590000000000003,5.127238870220564,0.6708429002913857,0.0
0.39595,5.128527905020301,0.0,1.0
0.396,5.129816939820039,0.040712832855714594,0.0
0.39605,5.131105974619776,0.08102024925968948,0.0
0.3961,5.132395009419513,0.12092638820383814,0.0
0.39615,5.13368404421925,0.1604353464241321,0.0
0.3962,5.134973079018988,0.1995511788320018,0.0
0.39625000000000005,5.136262113818726,0.23827789894133308,0.0
0.39630000000000004,5.1375511486184635,0.27661947929110453,0.0
0.39635000000000004,5.138840183418201,0.31457985186370996,0.0
0.39640000000000003,5.140129218217938,0.35216290849901,0.0
0.39645,5.141418253017676,0.3893725013041568,0.0
0.3965,5.142707287817413,0.4262124430592345,0.0
0.39655,5.14399632261715,0.4626865076187587,0.0
0.3966,5.1452853574168875,0.4987984303090764,0.0
0.39665,5.146574392216625,0.5345519083217095,0.0
0.3967,5.147863427016362,0.5699506011026819,0.0
0.39675,5.149152461816099,0.6049981307378725,0.0
0.39680000000000004,5.150441496615838,0.6396980823344333,0.0
0.39685000000000004,5.151730531415575,0.6740540043983143,0.0
0.39690000000000003,5.153019566215312,0.0,1.0
0.39695,5.15430860101505,0.040907211119167064,0.0
0.397,5.155597635814787,0.08140702133318325,0.0
0.39705,5.156886670614524,0.12150358989371371,0.0
0.3971,5.0056035322883075,0.15999014332674066,0.0
0.39715,4.633152468458581,0.19512781765933157,0.0
0.3972,4.260701404628855,0.22695080238591012,0.0
0.39725,3.8882503407991287,0.25549293795230965,0.0
0.39730000000000004,3.515799276968989,0.28078771931928925,0.0
0.39735000000000004,3.1433482131392627,0.3028682994896817,0.0
0.39740000000000003,2.7708971493095365,0.3217674929995128,0.0
0.39745,2.8040149249292674,0.34073657968658266,0.0
0.3975,3.2948149249289207,0.3634072446011952,0.0
0.39755,3.7856149249292597,0.3897416974605855,0.0
0.3976,4.276414924929142,0.41970253379186495,0.0
0.39765,4.767214924928708,0.4532527309932076,0.0
0.3977,4.988522270086151,0.4882168138412551,0.0
0.39775,4.736230694994581,0.5208216260556033,0.0
0.39780000000000004,4.483939119902731,0.5510912539850717,0.0
0.39785000000000004,4.23164754481116,0.5790495380752839,0.0
0.39790000000000003,3.9793559697195904,0.6047200753791441,0.0
0.39795,3.7270643946280204,0.6281262220416933,0.0
0.398,3.47477281953645,0.6492910957595944,0.0
0.39805,3.2224812444448796,0.6682375782155074,0.0
0.3981,2.9701896693533096,0.0,1.0
0.39815,2.7178980942617397,0.021570619795728094,0.0
0.3982,2.4656065191701693,0.040918705972324276,0.0
0.39825,2.2133149440785993,0.058066948898266704,0.0
0.39830000000000004,1.9610233689867491,0.07303780729072253,0.0
0.39835000000000004,1.7087317938951787,0.08585351058053728,0.0
0.39840000000000003,1.4564402188036087,0.09653606125306621,0.0
0.39845,1.2041486437120383,0.10510723716511639,0.0
0.3985,0.9518570686204679,0.11158859383823237,0.0
0.39855,0.6995654935288984,0.11600146672856923,0.0
0.3986,0.447273918437328,0.11836697347359185,0.0
0.39865,0.1949823433457576,0.11870601611583716,0.0
0.3987,0.10002949308741715,0.11828800334233246,0.0
0.39875,0.5908294930870872,0.12176949625478842,0.0
0.39880000000000004,1.0816294930879011,0.12911068388246638,0.0
0.39885000000000004,1.572429493087625,0.14027216169417417,0.0
0.39890000000000003,2.0632294930878414,0.15521492744885937,0.0
0.39895,2.46242742698472,0.17317337656388865,0.0
0.399,2.3290762292702842,0.18989014080890604,0.0
0.39905,2.1957250315558485,0.20537789683680527,0.0
0.3991,2.0623738338414133,0.21964919188154897,0.0
0.39915,1.9290226361269776,0.232716445079437,0.0
0.3992,1.7956714384125418,0.24459194877688573,0.0
0.39925,1.6623202406981066,0.2552878698248556,0.0
0.39930000000000004,1.5289690429835228,0.26481625086006266,0.0
0.39935000000000004,1.3956178452690873,0.27318901157311465,0.0
0.39940000000000003,1.2622666475546518,0.280417949963693,0.0
0.39945,1.128915449840216,0.28651474358292545,0.0
0.3995,0.9955642521257806,0.2914909507630735,0.0
0.39955,0.8622130544113451,0.2953580118346661,0.0
0.3996,0.7288618566969094,0.29812725033120685,0.0
0.39965,0.5955106589824739,0.2998098741815825,0.0
0.3997,0.4621594612680382,0.3004169768902975,0.0
0.39975,0.32880826355360293,0.29995953870565967,0.0
0.39980000000000004,0.19545706583901934,0.2984484277760378,0.0
0.39985000000000004,0.06210586812458363,0.29589440129432026,0.0
0.39990000000000003,-0.07124532958985208,0.29230810663068174,0.0
0.39995,-0.07672795412956927,0.28871491239962155,0.0
0.4,-0.07604443006054114,0.28516382672781737,0.0
0.40005,-0.075360905991513,0.2816544197190834,0.0
0.4001,-0.07467738192248485,0.2781862658661452,0.0
0.40015,-0.07399385785345672,0.27475894400583206,0.0
0.4002,-0.07331033378442858,0.27137203727472725,0.0
0.40025,-0.07262680971540045,0.2680251330652707,0.0
0.40030000000000004,-0.07194328564637155,0.2647178229823099,0.0
0.40035000000000004,-0.07125976157734341,0.26144970280009455,0.0
0.40040000000000003,-0.07057623750831526,0.25822037241971013,0.0
0.40045000000000003,-0.06989271343928713,0.25502943582694604,0.0
0.4005,-0.069209189370259,0.25187650105059384,0.0
0.40055,-0.06852566530123086,0.24876118012117143,0.0
0.4006,-0.06784214123220271,0.24568308903006839,0.0
0.40065,-0.06715861716317457,0.24264184768910851,0.0
0.4007,-0.06647509309414644,0.23963707989052518,0.0
0.40075,-0.0657915690251183,0.23666841326734536,0.0
0.40080000000000005,-0.0651080449560894,0.23373547925417804,0.0
0.40085000000000004,-0.06442452088706127,0.23083791304840293,0.0
0.40090000000000003,-0.06374099681803312,0.22797535357175555,0.0
0.40095000000000003,-0.06305747274900499,0.22514744343230433,0.0
0.401,-0.06237394867997685,0.22235382888681599,0.0
0.40105,-0.06169042461094871,0.2195941598035051,0.0
0.4011,-0.06100690054192057,0.21686808962516405,0.0
0.40115,-0.06032337647289243,0.21417527533266917,0.0
0.4012,-0.059639852403864296,0.2115153774088598,0.0
0.40125,-0.058956328334836154,0.20888805980278582,0.0
0.40130000000000005,-0.05827280426580726,0.20629298989432024,0.0
0.40135000000000004,-0.05758928019677912,0.20372983845913323,0.0
0.40140000000000003,-0.05690575612775098,0.20119827963402356,0.0
0.40145000000000003,-0.05622223205872284,0.1986979908826041,0.0
0.4015,-0.05553870798969471,0.1962286529613375,0.0
0.40155,-0.054855183920666566,0.19378994988591886,0.0
0.4016,-0.05417165985163842,0.19138156889800126,0.0
0.40165,-0.05348813578261029,0.1890032004322614,0.0
0.4017,-0.05280461171358215,0.18665453808380117,0.0
0.40175,-0.05212108764455401,0.18433527857588206,0.0
0.40180000000000005,-0.05143756357552511,0.1820451217279892,0.0
0.40185000000000004,-0.05075403950649697,0.17978377042422114,0.0
0.40190000000000003,-0.050070515437468835,0.1775509305820026,0.0
0.40195000000000003,-0.0493869913684407,0.17534631112111648,0.0
0.402,-0.04870346729941256,0.17316962393305202,0.0
0.40205,-0.048019943230384415,0.17102058385066607,0.0
0.4021,-0.04733641916135628,0.1688989086181539,0.0
0.40215,-0.046652895092328145,0.1668043188613267,0.0
0.4022,-0.0459693710233,0.16473653805819247,0.0
0.40225,-0.039527031962742064,0.16274099739072234,0.0
0.40230000000000005,-0.02766396282276623,0.16085998100967677,0.0
0.40235000000000004,-0.015800893682803567,0.15909231970967838,0.0
0.40240000000000004,-0.003937824542840904,0.1574368562220426,0.0
0.40245000000000003,0.007925244597121753,0.15589244509291303,0.0
0.4025,0.019788313737084423,0.15445795256264117,0.0
0.40255,0.03165138287704708,0.1531322564463974,0.0
0.4026,0.043514452017009736,0.151914246016001,0.0
0.40265,0.055377521156972406,0.1508028218829565,0.0
0.4027,0.06724059029693506,0.14979689588268408,0.0
0.40275,0.07910365943689773,0.1488953909599322,0.0
0.40280000000000005,0.09096672857687356,0.14809724105535974,0.0
0.40285000000000004,0.10282979771683622,0.14740139099327593,0.0
0.40290000000000004,0.1146928668567989,0.14680679637052696,0.0
0.40295000000000003,0.12655593599676157,0.14631242344651643,0.0
0.403,0.11844399136719248,0.14575871717903513,0.0
0.40305,0.0909782979365316,0.14499268213518124,0.0
0.4031,0.0635126045058707,0.14401648602937442,0.0
0.40315,0.07569774288953283,0.1431469635867115,0.0
0.4032,0.11232460856117979,0.1425770077132779,0.0
0.40325,0.14895147423282676,0.14230356006350747,0.0
0.4033,0.3316731975617414,0.14348307651248332,0.0
0.40335000000000004,0.8224731975622757,0.14854578909584074,0.0
0.40340000000000004,1.3132731975627012,0.1574520533508794,0.0
0.40345000000000003,1.8040731975623885,0.17016262955453837,0.0
0.4035,2.2948731975620267,0.1866386785913245,0.0
0.40355,2.1715864431105656,0.20196805346300487,0.0
0.4036,1.915865882362905,0.21511139888110764,0.0
0.40365,1.6601453216152442,0.2260910325344987,0.0
0.4037,1.4044247608675837,0.23492904426550898,0.0
0.40375,1.754076111193881,0.24645183737285078,0.0
0.4038,2.2448761111935127,0.2617522296703276,0.0
0.40385000000000004,2.3268654573138776,0.2775471257602392,0.0
0.40390000000000004,2.3998677456434,0.293760151281574,0.0
0.40395000000000003,2.4675334882578164,0.3103446839151972,0.0
0.404,2.492574304584343,0.3269586377918406,0.0
0.40405,2.51761512091087,0.34360171254311406,0.0
0.4041,2.5426559372373965,0.36027361086715903,0.0
0.40415,2.6856790248249407,0.3779104057295718,0.0
0.4042,3.1764790248252095,0.39926238050013735,0.0
0.40425,3.6672790248243876,0.4242916060333201,0.0
0.4043,4.158079024825127,0.45296054041117356,0.0
0.40435000000000004,4.648879024824926,0.4852320249900019,0.0
0.40440000000000004,4.8443999881792665,0.5187257960696292,0.0
0.40445000000000003,4.854009024323844,0.551953883553884,0.0
0.4045,4.863618060468421,0.5849189998690825,0.0
0.40455,4.8732270966129985,0.617623829749743,0.0
0.4046,4.882836132757576,0.6500710305212974,0.0
0.40465,4.892445168902154,0.0,1.0
0.4047,4.9645505244882315,0.03940119463879549,0.0
0.40475,4.988570685189476,0.07859076941004028,0.0
0.4048,5.0125908458907205,0.11757088479073716,0.0
0.40485000000000004,5.035401218484472,0.15633407770815438,0.0
0.40490000000000004,5.039305360388101,0.19473251332482014,0.0
0.40495000000000003,5.04320950229173,0.2327699155338121,0.0
0.405,5.04711364419536,0.2704499702101076,0.0
0.40505,5.051017786098988,0.3077763255987193,0.0
0.4051,5.054921928002618,0.3447525926988686,0.0
0.40515,5.058826069906247,0.38138234564423634,0.0
0.4052,5.0627302118098765,0.4176691220793321,0.0
0.40525,5.066634353713505,0.4536164235320204,0.0
0.4053,5.070538495617135,0.4892277157822444,0.0
0.40535000000000004,5.074442637520768,0.5245064292269844,0.0
0.40540000000000004,5.078346779424398,0.5594559592414913,0.0
0.40545000000000003,5.0822509213280265,0.5940796665368312,0.0
0.4055,5.086155063231656,0.6283808775137807,0.0
0.40555,5.090059205135285,0.6623628846131083,0.0
0.4056,5.0939633470389145,0.0,1.0
0.40565,5.097867488942543,0.04045926578525828,0.0
0.4057,5.101771630846173,0.08053645866292532,0.0
0.40575,5.105675772749802,0.12023547930518176,0.0
0.4058,5.109579914653431,0.15956018856132853,0.0
0.40585000000000004,5.1134840565570645,0.19851440786434793,0.0
0.40590000000000004,5.117388198460693,0.2371019196333141,0.0
0.40595000000000003,5.121292340364323,0.27532646767169516,0.0
0.406,5.125196482267952,0.31319175756158907,0.0
0.40605,5.129100624171581,0.35070145705393463,0.0
0.4061,5.13300476607521,0.3878591964547385,0.0
0.40615,5.128478781388355,0.4246016632407683,0.0
0.4062,5.112860785777531,0.4608450651950944,0.0
0.40625,5.097242790166705,0.49659449738796824,0.0
0.4063,5.08162479455588,0.5318550028728708,0.0
0.40635000000000004,5.066006798945038,0.5666315732175636,0.0
0.40640000000000004,5.050388803334212,0.6009291490297194,0.0
0.40645000000000003,5.034770807723388,0.6347526204771846,0.0
0.40650000000000003,5.019152812112563,0.6681068278029321,0.0
0.40655,5.0035348165017375,0.0,1.0
0.4066,4.987916820890913,0.03958664143564217,0.0
0.40665,4.972298825280088,0.07864518119160654,0.0
0.4067,4.956680829669263,0.11718101078215536,0.0
0.40675,4.941062834058438,0.15519946667831358,0.0
0.4068,4.925444838447612,0.19270583086981835,0.0
0.40685000000000004,4.90982684283677,0.229705331421331,0.0
0.40690000000000004,4.894208847225945,0.2662031430229714,0.0
0.40695000000000003,4.878590851615121,0.3022043875352306,0.0
0.40700000000000003,4.862972856004295,0.33771413452832133,0.0
0.40705,4.84735486039347,0.3727374018160215,0.0
0.4071,4.831736864782645,0.40727915598406794,0.0
0.40715,4.81611886917182,0.44134431291315557,0.0
0.4072,4.8005008735609955,0.47493773829659697,0.0
0.40725,4.78488287795017,0.5080642481526972,0.0
0.4073,4.769264882339345,0.5407286093318979,0.0
0.40735000000000005,4.753646886728503,0.5729355400187429,0.0
0.40740000000000004,4.738028891117678,0.6046897102287208,0.0
0.40745000000000003,4.957552398447301,0.6378619447043224,0.0
0.40750000000000003,4.998020051724285,0.6710166878871514,0.0
0.40755,5.012440469088963,0.0,1.0
0.4076,4.897245589999389,0.03886702849205864,0.0
0.40765,4.782050710909814,0.07642300927621833,0.0
0.4077,4.666855831820239,0.11268132714689953,0.0
0.40775,5.08051107477268,0.1518524534408179,0.0
0.4078,4.8852432119160065,0.18907392754968408,0.0
0.40785000000000005,4.59148630583835,0.22358399485804903,0.0
0.40790000000000004,4.297729399761019,0.2554103367556896,0.0
0.40795000000000003,4.003972493683689,0.28458035202656085,0.0
0.40800000000000003,3.7102155876063576,0.3111211597339881,0.0
0.40805,3.416458681529027,0.33505960207640034,0.0
0.4081,3.1227017754516964,0.3564222472139094,0.0
0.40815,2.8289448693743653,0.3752353920660315,0.0
0.4082,2.5351879632970347,0.3915250650808461,0.0
0.40825,2.241431057219704,0.4053170289758842,0.0
0.4083,1.9476741511423734,0.4166367834510338,0.0
0.40835000000000005,1.6539172450647164,0.42550956787374644,0.0
0.40840000000000004,1.3601603389873858,0.43196036393684006,0.0
0.40845000000000004,1.0104055720656586,0.435569470822133,0.0
0.40850000000000003,0.46332272929995033,0.4347998041628013,0.0
0.40855,0.9541227293002003,0.4379332333066675,0.0
0.4086,1.3866344888015951,0.44446730554730834,0.0
0.40865,0.6483376349317758,0.4450751710673337,0.0
0.4087,2.785285204127024,0.46263673208810896,0.0
0.40875,3.784026524243159,0.4879455214154019,0.0
0.4088,0.4133256429309532,0.4862443330634629,0.0
0.40885000000000005,1.2548676015349685,0.49123941697690926,0.0
0.40890000000000004,3.339406828450428,0.5127274670221701,0.0
0.40895000000000004,1.8857256429317473,0.5224589882443097,0.0
0.40900000000000003,2.3765256429318615,0.5359863961725878,0.0
0.40905,2.867325642931051,0.5532709377067866,0.0
0.4091,3.358125642931321,0.5742742553862191,0.0
0.40915,3.848925642931579,0.5989583833505282,0.0
0.4092,4.21243019430981,0.6262754620034848,0.0
0.40925,3.4598680406003943,0.647340938669614,0.0
0.4093,3.268793231440114,0.6666748861902967,0.0
0.40935000000000005,3.077718422279621,0.0,1.0
0.40940000000000004,2.8866436131193405,0.022909869945391594,0.0
0.40945000000000004,2.69556880395906,0.04406938090053039,0.0
0.40950000000000003,2.5044939947987794,0.06349640269204848,0.0
0.40955,2.313419185638499,0.08120862270931473,0.0
0.4096,2.122344376478218,0.09722354776697965,0.0
0.40965,1.9312695673179374,0.1115585059485053,0.0
0.4097,1.7401947581576567,0.1242306484308739,0.0
0.40975,1.549119948997376,0.13525695129066775,0.0
0.4098,1.3580451398370954,0.1446542172917104,0.0
0.40985,1.1669703306768149,0.15243907765445736,0.0
0.40990000000000004,0.9758955215163221,0.15862799380732098,0.0
0.40995000000000004,0.7848207123560416,0.16323725912012246,0.0
0.41000000000000003,0.5937459031957606,0.16628300061983647,0.0
0.41005,0.40267109403548007,0.16778118068882608,0.0
0.4101,0.21159628487519955,0.16774759874573827,0.0
0.41015,0.020521475714919024,0.16619789290923892,0.0
0.4102,-0.07213379080675533,0.163928649126021,0.0
0.41025,-0.07177217724993093,0.16168544253519673,0.0
0.4103,-0.07141056369310653,0.15946800731694477,0.0
0.41035,-0.07104895013628211,0.1572760803652609,0.0
0.41040000000000004,-0.0706873365794573,0.15510940126025188,0.0
0.41045000000000004,-0.0703257230226329,0.15296771224071254,0.0
0.41050000000000003,-0.0699641094658085,0.1508507581769824,0.0
0.41055,-0.0696024959089841,0.14875828654407972,0.0
0.4106,-0.06924088235215968,0.14669004739510966,0.0
0.41065,-0.06887926879533528,0.14464579333494407,0.0
0.4107,-0.06851765523851087,0.14262527949416984,0.0
0.41075,-0.06815604168168647,0.14062826350330326,0.0
0.4108,-0.06779442812486206,0.13865450546726774,0.0
0.41085,-0.06743281456803765,0.13670376794013192,0.0
0.41090000000000004,-0.06707120101121285,0.1347758159001058,0.0
0.41095000000000004,-0.06670958745438844,0.1328704167247921,0.0
0.41100000000000003,-0.06634797389756404,0.13098734016669036,0.0
0.41105,-0.06598636034073962,0.12912635832895097,0.0
0.4111,-0.06562474678391522,0.12728724564137686,0.0
0.41115,-0.06526313322709082,0.12546977883667015,0.0
0.4112,-0.06490151967026642,0.12367373692692137,0.0
0.41125,-0.06453990611344201,0.12189890118033854,0.0
0.4113,-0.0641782925566176,0.12014505509821402,0.0
0.41135,-0.0638166789997932,0.1184119843921264,0.0
0.41140000000000004,-0.06345506544296839,0.11669947696137514,0.0
0.41145000000000004,-0.06309345188614399,0.11500732287064568,0.0
0.41150000000000003,-0.06273183832931958,0.11333531432790242,0.0
0.41155,-0.06237022477249517,0.11168324566250756,0.0
0.4116,-0.062008611215670764,0.11005091330356322,0.0
0.41165,-0.06164699765884636,0.10843811575847467,0.0
0.4117,-0.06128538410202195,0.1068446535917325,0.0
0.41175,-0.06092377054519755,0.10527032940391129,0.0
0.4118,-0.06056215698837314,0.10371494781088282,0.0
0.41185,-0.060200543431548736,0.10217831542324139,0.0
0.41190000000000004,-0.05983892987472393,0.1006602408259392,0.0
0.41195000000000004,-0.05947731631789952,0.09916053455812973,0.0
0.41200000000000003,-0.05911570276107512,0.09767900909321678,0.0
0.41205,-0.05875408920425071,0.09621547881910728,0.0
0.4121,-0.058392475647426306,0.09476976001866567,0.0
0.41215,-0.058030862090601903,0.09334167085036789,0.0
0.4122,-0.057669248533777494,0.0919310313291527,0.0
0.41225,-0.057307634976953084,0.09053766330746872,0.0
0.4123,-0.05694602142012868,0.08916139045651483,0.0
0.41235,-0.05658440786330428,0.0878020382476721,0.0
0.41240000000000004,-0.05622279430647947,0.08645943393412532,0.0
0.41245000000000004,-0.055861180749655064,0.08513340653267217,0.0
0.41250000000000003,-0.055499567192830654,0.08382378680571802,0.0
0.41255000000000003,-0.05513795363600625,0.08253040724345469,0.0
0.4126,-0.05477634007918185,0.081253102046221,0.0
0.41265,-0.05441472652235744,0.07999170710704355,0.0
0.4127,-0.054053112965533036,0.07874605999435558,0.0
0.41275,-0.04495860981607979,0.07758530858245297,0.0
0.4128,-0.030684784312722046,0.07654969188412565,0.0
0.41285,-0.0164109588093643,0.0756379323696499,0.0
0.41290000000000004,-0.0021371333059907044,0.07484876555190355,0.0
0.41295000000000004,0.012136692197367037,0.07418093985321061,0.0
0.41300000000000003,0.026410517700724785,0.07363321647354615,0.0
0.41305000000000003,0.2041664337745057,0.07450184616937507,0.0
0.4131,0.6949664337747746,0.07925684591556978,0.0
0.41315,1.1857664337743186,0.0878585388461702,0.0
0.4132,1.6765664337743436,0.10026765316568281,0.0
0.41325,2.1673664337740655,0.11644531801360511,0.0
0.4133,2.658166433774215,0.13635305937119807,0.0
0.41335,3.1489664337743584,0.159952796010026,0.0
0.41340000000000005,3.639766433775049,0.18720683548187567,0.0
0.41345000000000004,4.130566433774651,0.2180778701495904,0.0
0.41350000000000003,4.6213664337742015,0.2525289732584645,0.0
0.41355000000000003,4.735413017474386,0.2875334885691507,0.0
0.4136,4.744763098197667,0.32225484153951206,0.0
0.41365,4.754113178920948,0.3566959230404834,0.0
0.4137,4.763463259644229,0.39085959442941826,0.0
0.41375,4.7728133403675095,0.42474868785139974,0.0
0.4138,4.78216342109079,0.4583660065374758,0.0
0.41385,4.791513501814071,0.49171432509984914,0.0
0.41390000000000005,4.800863582537363,0.5247963898240542,0.0
0.41395000000000004,4.811400198675431,0.5576243359058863,0.0
0.41400000000000003,4.836780242375346,0.5903185626829863,0.0
0.41405000000000003,4.8621602860752615,0.6228804353271881,0.0
0.4141,4.887540329775177,0.6553113050729653,0.0
0.41415,4.977588328797551,0.0,1.0
0.4142,4.992394585780789,0.03962217925222848,0.0
0.41425,5.0072008427640275,0.07895735633302595,0.0
0.4143,5.022007099747266,0.11800846131506607,0.0
0.41435,5.036813356730504,0.15677839435722146,0.0
0.41440000000000005,5.051619613713759,0.19527002600996077,0.0
0.41445000000000004,5.066425870696997,0.23348619751762745,0.0
0.41450000000000004,5.0710766128520355,0.2713491217936,0.0
0.41455000000000003,5.0728793676729715,0.3088398021478736,0.0
0.4146,5.0746821224939085,0.34596203890620014,0.0
0.41465,5.0764848773148445,0.38271959359591196,0.0
0.4147,5.0782876321357815,0.4191161893420241,0.0
0.41475,5.0800903869567176,0.45515551125929266,0.0
0.4148,5.0818931417776545,0.49084120684027044,0.0
0.41485,5.083695896598591,0.5261768863394007,0.0
0.41490000000000005,5.085498651419529,0.5611661231531903,0.0
0.41495000000000004,5.087301406240466,0.5958124541965001,0.0
0.41500000000000004,5.089104161061402,0.6301193802749957,0.0
0.41505000000000003,5.090906915882339,0.664090366453794,0.0
0.4151,5.092709670703275,0.0,1.0
0.41515,5.094512425524212,0.040432638297811206,0.0
0.4152,5.096315180345148,0.08046679785905406,0.0
0.41525,5.098117935166085,0.12010654684687608,0.0
0.4153,5.099920689987021,0.15935591189159032,0.0
0.41535,5.101723444807958,0.19821887851469389,0.0
0.41540000000000005,5.103526199628897,0.2366993915485575,0.0
0.41545000000000004,5.105328954449833,0.2748013555518303,0.0
0.41550000000000004,5.10713170927077,0.31252863522060376,0.0
0.41555000000000003,5.108934464091706,0.3498850557953781,0.0
0.4156,5.110737218912643,0.38687440346387336,0.0
0.41565,5.112539973733579,0.42350042575972874,0.0
0.4157,5.114342728554516,0.459766831957131,0.0
0.41575,5.116145483375452,0.4956772934614142,0.0
0.4158,5.117948238196389,0.5312354441956719,0.0
0.41585,5.119750993017325,0.5664448809834222,0.0
0.41590000000000005,5.121553747838264,0.6013091639273656,0.0
0.41595000000000004,5.123356502659201,0.6358318167842768,0.0
0.41600000000000004,5.125159257480137,0.670016327336069,0.0
0.41605000000000003,5.126962012301074,0.0,1.0
0.4161,5.12876476712201,0.04070448227874611,0.0
0.41615,5.130567521942947,0.08100771050178229,0.0
0.4162,5.132370276763883,0.12091378116614196,0.0
0.41625,5.13417303158482,0.16042674894675676,0.0
0.4163,5.135975786405756,0.19955062712342828,0.0
0.41635,5.137778541226693,0.23828938800344063,0.0
0.4164,5.13958129604763,0.27664696333985855,0.0
0.41645000000000004,5.1413840508685675,0.314627244745555,0.0
0.41650000000000004,5.1431868056895045,0.35223408410301166,0.0
0.41655000000000003,4.971742867210746,0.3880963202135893,0.0
0.4166,4.791542817471908,0.4221622711956735,0.0
0.41665,4.611342767733069,0.45445027574664393,0.0
0.4167,4.431142717994231,0.4849784853398052,0.0
0.41675,4.250942668255392,0.5137648661358016,0.0
0.4168,4.070742618516554,0.5408272008745177,0.0
0.41685,3.8905425687777146,0.5661830907476638,0.0
0.4169,3.7103425190388766,0.5898499572522441,0.0
0.41695000000000004,3.5301424692998378,0.6118450440251005,0.0
0.41700000000000004,3.3499424195609993,0.6321854186587339,0.0
0.41705000000000003,3.1697423698221607,0.6508879744985772,0.0
0.4171,2.989542320083322,0.6679694324219261,0.0
0.41715,2.8093422703444837,0.0,1.0
0.4172,2.629142220605645,0.020866208100044803,0.0
0.41725,2.4489421708668067,0.040089229048759986,0.0
0.4173,2.268742121127968,0.057685838530266265,0.0
0.41735,2.0885420713891296,0.07367264096177936,0.0
0.4174,1.908342021650291,0.08806607124211416,0.0
0.41745000000000004,1.7281419719112527,0.10088239648233628,0.0
0.41750000000000004,1.5479419221724142,0.1121377177187515,0.0
0.41755000000000003,1.3677418724335757,0.12184797160839725,0.0
0.4176,1.1875418226947372,0.1300289321072308,0.0
0.41765,1.0073417729558987,0.13669621213118285,0.0
0.4177,0.8271417232170606,0.14186526520025314,0.0
0.41775,0.6469416734782216,0.14555138706582085,0.0
0.4178,0.46674162373938355,0.14776971732134167,0.0
0.41785,0.2865415740005446,0.1485352409966007,0.0
0.4179,0.10634152426170651,0.14786279013568934,0.0
0.41795000000000004,0.3858130518807256,0.14941523248076002,0.0
0.41800000000000004,0.8766130518809865,0.15484706367202128,0.0
0.41805000000000003,1.367413051880612,0.1641186781162692,0.0
0.4181,1.8582130518807585,0.17719087456312574,0.0
0.41815,2.3490130518801666,0.19402485197698838,0.0
0.4182,2.8398130518804354,0.21458220545116616,0.0
0.41825,3.330613051879861,0.2388249221636802,0.0
0.4183,3.821413051880428,0.2667153773744079,0.0
0.41835,4.312213051879855,0.29821633046303025,0.0
0.4184,4.803013051879876,0.333290921007494,0.0
0.41845000000000004,5.019388664590442,0.3697246935747659,0.0
0.41850000000000004,4.85918866459045,0.4045150766169102,0.0
0.41855000000000003,4.698988664590458,0.43767884788412936,0.0
0.4186,4.538788664590466,0.4692326138386277,0.0
0.41865,4.378588664590473,0.4991928114033309,0.0
0.4187,4.2183886645904805,0.5275757096927524,0.0
0.41875,4.058188664590488,0.5543974117261888,0.0
0.4188,3.8979886645904958,0.5796738561234254,0.0
0.41885,3.7377886645905036,0.6034208187831289,0.0
0.4189,3.577588664590511,0.6256539145441061,0.0
0.41895000000000004,3.417388664590341,0.6463885988296001,0.0
0.41900000000000004,3.2571886645903483,0.6656401692748057,0.0
0.41905000000000003,3.0969886645903557,0.0,1.0
0.41910000000000003,2.9367886645903636,0.023307846544367967,0.0
0.41915,2.776588664590371,0.0451063092297152,0.0
0.4192,2.616388664590379,0.06541079771087949,0.0
0.41925,2.4561886645903863,0.08423656432190785,0.0
0.4193,2.2959886645903937,0.10159870568218154,0.0
0.41935,2.1357886645904016,0.1175121642861437,0.0
0.4194,1.975588664590409,0.13199173007679707,0.0
0.41945000000000005,1.8153886645902388,0.14505204200313615,0.0
0.41950000000000004,1.6551886645902463,0.15670758956168473,0.0
0.41955000000000003,1.4949886645902541,0.16697271432228716,0.0
0.41960000000000003,1.3347886645902616,0.17586161143832793,0.0
0.41965,1.174588664590269,0.18338833114153183,0.0
0.4197,1.0143886645902764,0.18956678022150322,0.0
0.41975,0.8541886645902848,0.19441072349016042,0.0
0.4198,0.6939886645902922,0.19793378523121918,0.0
0.41985,0.5337886645902996,0.2001494506348783,0.0
0.4199,0.37358866459030704,0.20107106721785797,0.0
0.41995000000000005,0.21338866459013683,0.20071184622893937,0.0
0.42000000000000004,0.05318866459014426,0.1990848640401602,0.0
0.42005000000000003,-0.07180298193962113,0.19648249490054687,0.0
0.42010000000000003,-0.07154463215675498,0.1939087443546832,0.0
0.42015,-0.07128628237388883,0.19136332022861427,0.0
0.4202,-0.07102793259102268,0.18884593333125774,0.0
0.42025,-0.07076958280815653,0.18635629742395107,0.0
0.4203,-0.07051123302529037,0.1838941291903096,0.0
0.42035,-0.07025288324242421,0.18145914820639217,0.0
0.4204,-0.06999453345955806,0.1790510769111717,0.0
0.42045000000000005,-0.06973618367669161,0.17666964057730683,0.0
0.42050000000000004,-0.06947783389382546,0.17431456728221234,0.0
0.42055000000000003,-0.06921948411095931,0.17198558787942456,0.0
0.42060000000000003,-0.06896113432809316,0.16968243597025942,0.0
0.42065,-0.068702784545227,0.16740484787575965,0.0
0.4207,-0.06844443476236085,0.16515256260892852,0.0
0.42075,-0.06818608497949469,0.16292532184724687,0.0
0.4208,-0.06792773519662854,0.1607228699054709,0.0
0.42085,-0.06766938541376238,0.15854495370870772,0.0
0.4209,-0.06741103563089623,0.1563913227657654,0.0
0.42095000000000005,-0.06715268584802979,0.15426172914277556,0.0
0.42100000000000004,-0.06689433606516364,0.15215592743708503,0.0
0.42105000000000004,-0.06663598628229749,0.150073674751414,0.0
0.42110000000000003,-0.06637763649943132,0.1480147306682782,0.0
0.42115,-0.06611928671656517,0.14597885722467188,0.0
0.4212,-0.06586093693369902,0.14396581888700968,0.0
0.42125,-0.06560258715083286,0.141975382526324,0.0
0.4213,-0.06534423736796671,0.1400073173937157,0.0
0.42135,-0.06508588758510056,0.1380613950960554,0.0
0.4214,-0.0648275378022344,0.13613738957193292,0.0
0.42145000000000005,-0.06456918801936797,0.13423507706785218,0.0
0.42150000000000004,-0.0643108382365018,0.13235423611466918,0.0
0.42155000000000004,-0.06405248845363565,0.1304946475042705,0.0
0.42160000000000003,-0.0637941386707695,0.1286560942664899,0.0
0.42165,-0.06353578888790334,0.12683836164626064,0.0
0.4217,-0.06327743910503719,0.1250412370810009,0.0
0.42175,-0.06301908932217104,0.1232645101782303,0.0
0.4218,-0.06276073953930487,0.12150797269341478,0.0
0.42185,-0.06250238975643872,0.11977141850803769,0.0
0.4219,-0.06224403997357257,0.1180546436078948,0.0
0.42195000000000005,-0.06198569019070613,0.11635744606161091,0.0
0.42200000000000004,-0.061727340407839976,0.11467962599937569,0.0
0.42205000000000004,-0.061468990624973824,0.1130209855918967,0.0
0.42210000000000003,-0.061210640842107665,0.11138132902956732,0.0
0.42215,-0.06095229105924151,0.10976046250184723,0.0
0.4222,-0.018449212984986273,0.10849346979821377,0.0
0.42225,0.06911898389148564,0.10793439781059588,0.0
0.4223,0.15668718076795757,0.10807601920989429,0.0
0.42235,0.2442553776444295,0.10891118045251241,0.0
0.4224,0.18463281525861902,0.10926462039799709,0.0
0.42245000000000005,0.08113232699997752,0.10879301954544882,0.0
0.42250000000000004,0.12665675635535453,0.10868753837181303,0.0
0.42255000000000004,0.6174567563552246,0.1124783721755261,0.0
0.42260000000000003,0.31036661385425357,0.11379328111211563,0.0
0.42265,0.4011379218074462,0.11581517304007052,0.0
0.4227,0.830173029933959,0.12122146353845187,0.0
0.42275,0.5464013935701293,0.12432040410136841,0.0
0.4228,0.26262975720629944,0.1251355510070213,0.0
0.42285,0.5674596699865473,0.1283616609082498,0.0
0.4229,1.05825966998676,0.13545007278992557,0.0
0.42295,1.5490596699867045,0.14636135550267904,0.0
0.42300000000000004,2.0398596699867717,0.16105648045902216,0.0
0.42305000000000004,2.53065966998704,0.1794968175234971,0.0
0.42310000000000003,3.0214596699873093,0.20164413094478348,0.0
0.42315,3.5122596699864883,0.22746057532933087,0.0
0.4232,4.003059669986757,0.2569086916561305,0.0
0.42325,4.493859669986481,0.28995140333211683,0.0
0.4233,4.956712713691095,0.3263302110474506,0.0
0.42335,4.972050213691091,0.3624593451486631,0.0
0.4234,4.987387713691088,0.39834135461240655,0.0
0.42345,5.002725213691084,0.43397876239223077,0.0
0.42350000000000004,5.018062713691098,0.46937406568425966,0.0
0.42355000000000004,5.0334002136910945,0.5045297361901542,0.0
0.42360000000000003,5.048737713691091,0.5394482203773918,0.0
0.42365,5.0545257994559645,0.574056150735022,0.0
0.4237,5.057299527881197,0.608332774309187,0.0
0.42375,5.0600732563064295,0.6422814734887654,0.0
0.4238,5.062846984731662,0.6759055961310325,0.0
0.42385,5.065620713156895,0.0,1.0
0.4239,5.068394441582128,0.04022535271096927,0.0
0.42395,5.07116817000736,0.08006204905239839,0.0
0.42400000000000004,5.073941898432596,0.11951405690857958,0.0
0.42405000000000004,5.076715626857829,0.158585303654741,0.0
0.42410000000000003,5.079489355283062,0.19727967657061335,0.0
0.42415,5.082263083708295,0.23560102324977428,0.0
0.4242,5.085036812133527,0.2735531520048136,0.0
0.42425,5.087810540558761,0.3111398322683621,0.0
0.4243,5.090584268983993,0.3483647949900263,0.0
0.42435,5.093357997409226,0.3852317330292706,0.0
0.4244,5.096131725834458,0.42174430154428855,0.0
0.42445,5.098905454259691,0.4579061183769039,0.0
0.42450000000000004,5.1016791826849275,0.49372076443354246,0.0
0.42455000000000004,5.10445291111016,0.5291917840623138,0.0
0.42460000000000003,5.1072266395353925,0.5643226854262443,0.0
0.42465,5.110000367960625,0.5991169408726985,0.0
0.4247,5.112774096385858,0.6335779872990303,0.0
0.42475,5.115547824811091,0.6677092265144997,0.0
0.4248,5.118321553236323,0.0,1.0
0.42485,5.121095281661557,0.040643613346520294,0.0
0.4249,5.123869010086789,0.08089430020229332,0.0
0.42495,5.126642738512022,0.12075607204628307,0.0
0.42500000000000004,5.129416466937258,0.16023289940332125,0.0
0.42505000000000004,5.13219019536249,0.19932871226221766,0.0
0.42510000000000003,5.134963923787724,0.2380474004896019,0.0
0.42515000000000003,5.137737652212956,0.2763928142395403,0.0
0.4252,5.140511380638189,0.31436876435897076,0.0
0.42525,5.143285109063421,0.35197902278899834,0.0
0.4253,5.1460588374886544,0.3892273229620942,0.0
0.42535,5.148832565913887,0.4261173601952393,0.0
0.4254,5.151606294339119,0.4626527920790544,0.0
0.42545,5.154380022764353,0.4988372388629572,0.0
0.42550000000000004,5.071677471540655,0.5339959006645707,0.0
0.42555000000000004,4.983594569070986,0.5680965487636884,0.0
0.42560000000000003,4.895511666601318,0.6011499846710537,0.0
0.42565000000000003,4.807428764131649,0.6331668996222461,0.0
0.4257,4.719345861661981,0.6641578757035066,0.0
0.42575,4.631262959192312,0.0,1.0
0.4258,4.543180056722644,0.036056984577163845,0.0
0.42585,4.455097154252975,0.07104678426332248,0.0
0.4259,4.367014251783306,0.1049802942000399,0.0
0.42595,4.278931349313638,0.13786829829781727,0.0
0.42600000000000005,4.190848446843871,0.1697214703716762,0.0
0.42605000000000004,4.102765544374202,0.20055037526515168,0.0
0.42610000000000003,4.0146826419045345,0.23036546996280535,0.0
0.42615000000000003,3.9265997394348657,0.2591771046913839,0.0
0.4262,3.838516836965197,0.2869955240097346,0.0
0.42625,3.7504339344955286,0.31383086788759396,0.0
0.4263,3.66235103202586,0.33969317277336236,0.0
0.42635,3.5742681295561916,0.3645923726509778,0.0
0.4264,3.486185227086523,0.38853830008599977,0.0
0.42645,3.398102324616854,0.4115406872610131,0.0
0.42650000000000005,3.3100194221470876,0.4336091670004609,0.0
0.42655000000000004,3.2219365196774192,0.4547532737850173,0.0
0.42660000000000003,3.133853617207751,0.47498244475559975,0.0
0.42665000000000003,3.045770714738082,0.49430602070713453,0.0
0.4267,2.9576878122684134,0.5127332470721754,0.0
0.42675,2.869604909798745,0.5302732748944805,0.0
0.4268,2.7815220073290763,0.54693516179265,0.0
0.42685,2.693439104859408,0.5627278729139252,0.0
0.4269,2.605356202389739,0.5776602818782507,0.0
0.42695,2.517273299920071,0.5917411717126977,0.0
0.42700000000000005,2.4291903974503044,0.6049792357763475,0.0
0.42705000000000004,2.3411074949806356,0.6173830786757354,0.0
0.42710000000000004,2.2530245925109673,0.6289612171709439,0.0
0.42715000000000003,2.1649416900412985,0.6397220810724485,0.0
0.4272,2.0768587875716302,0.649674014128807,0.0
0.42725,1.9887758851019615,0.6588252749052853,0.0
0.4273,1.9006929826322927,0.6671840376535143,0.0
0.42735,1.8126100801626244,0.6747583931722673,0.0
0.4274,1.7245271776929556,0.0,1.0
0.42745,1.6364442752232873,0.012987652977962597,0.0
0.42750000000000005,1.5483613727535208,0.025143641297335293,0.0
0.42755000000000004,1.780703374461027,0.03901951041329056,0.0
0.42760000000000004,2.271503374460835,0.05664895561294506,0.0
0.42765000000000003,2.7623033744608128,0.07799365575518587,0.0
0.4277,3.2531033744610824,0.10301568092844418,0.0
0.42775,3.743903374461274,0.13167748845653693,0.0
0.4278,4.234703374460976,0.16394191894528926,0.0
0.42785,4.725503374461021,0.19977219236952834,0.0
0.4279,4.4432795519932835,0.23299679449788135,0.0
0.42795,3.878427129085782,0.26139924311101165,0.0
0.42800000000000005,3.313574706177653,0.2850287687083662,0.0
0.42805000000000004,2.748722283270151,0.30393409918365355,0.0
0.42810000000000004,2.1838698603626487,0.31816346495604925,0.0
0.42815000000000003,1.6190174374551471,0.3277646040490352,0.0
0.4282,1.054165014547645,0.33278476711738314,0.0
0.42825,0.48931259164014307,0.33327072242281647,0.0
0.4283,0.158312115356147,0.3311247285892196,0.0
0.42835,0.11922485506172119,0.32869042735988446,0.0
0.4284,0.046513743950611,0.3257039061739641,0.0
0.42845,-0.026197367160499196,0.3221708027748825,0.0
0.42850000000000005,0.029111934226480722,0.3191127323688412,0.0
0.42855000000000004,0.12672836246824884,0.3168606160803359,0.0
0.42860000000000004,0.22434479071001695,0.31540622573421284,0.0
0.42865000000000003,0.5299092865680614,0.31639179864771183,0.0
0.4287,0.509900653474544,0.31720851094017566,0.0
0.42875,0.48989202038102664,0.31785808654940206,0.0
0.4288,0.4814401487434002,0.31843395214211734,0.0
0.42885,0.5180670144150472,0.31929462799764013,0.0
0.4289,0.5546938800866942,0.3204372064210074,0.0
0.42895,0.5913207457583411,0.321858809402598,0.0
0.42900000000000005,1.0399179426197735,0.3268261941181613,0.0
0.42905000000000004,1.2601024454817118,0.33349036168924845,0.0
0.42910000000000004,1.210878107179314,0.33969582385452235,0.0
0.42915000000000003,1.1616537688769162,0.3454472636453626,0.0
0.4292,1.1124294305745184,0.35074931628298006,0.0
0.42925,1.0632050922721208,0.35560656966652204,0.0
0.4293,1.013980753969723,0.36002356485619424,0.0
0.42935,0.9647564156673252,0.3640047965514507,0.0
0.4294,0.9155320773649274,0.36755471356430147,0.0
0.42945,0.8663077390625297,0.3706777192877885,0.0
0.4295,0.8170834007601319,0.3733781721596783,0.0
0.42955000000000004,0.7678590624576794,0.3756603861214207,0.0
0.42960000000000004,0.7186347241552817,0.3775286310724236,0.0
0.42965000000000003,0.6694103858528839,0.3789871333196869,0.0
0.4297,0.6201860475504862,0.3800400760228484,0.0
0.42975,0.5709617092480884,0.3806915996346851,0.0
0.4298,0.5217373709456906,0.38094580233711783,0.0
0.42985,0.4725130326432929,0.3808067404727643,0.0
0.4299,0.4232886943408951,0.38027842897208625,0.0
0.42995,0.3740643560384973,0.379364841776176,0.0
0.43,0.3248400177360996,0.3780699122552267,0.0
0.43005000000000004,0.27561567943364707,0.3763975336227293,0.0
0.43010000000000004,0.22639134113124948,0.3743515593454437,0.0
0.43015000000000003,0.17716700282885167,0.37193580354918054,0.0
0.4302,0.12794266452645386,0.3691540414204432,0.0
0.43025,0.07871832622405606,0.366010009603968,0.0
0.4303,0.02949398792165825,0.36250740659620617,0.0
0.43035,-0.019730350380739337,0.35864989313478884,0.0
0.4304,-0.06895468868313714,0.35444109258401557,0.0
0.43045,-0.07921613758196953,0.35019382059738824,0.0
0.4305,-0.07802033010713864,0.3459994005449845,0.0
0.43055000000000004,-0.07682452263230642,0.34185729284897665,0.0
0.43060000000000004,-0.07562871515747552,0.33776696344021384,0.0
0.43065000000000003,-0.07443290768264463,0.33372788370198286,0.0
0.4307,-0.07323710020781372,0.3297395304143429,0.0
0.43075,-0.07204129273298283,0.3258013856990285,0.0
0.4308,-0.07084548525815193,0.3219129369649153,0.0
0.43085,-0.06964967778332104,0.3180736768540422,0.0
0.4309,-0.06845387030849014,0.314283103188185,0.0
0.43095,-0.06725806283365925,0.31054071891597496,0.0
0.431,-0.06606225535882834,0.3068460320605578,0.0
0.43105000000000004,-0.06486644788399612,0.30319855566778664,0.0
0.43110000000000004,-0.06367064040916523,0.29959780775494393,0.0
0.43115000000000003,-0.062474832934334326,0.2960433112599871,0.0
0.4312,-0.06127902545950343,0.29253459399131226,0.0
0.43125,-0.06008321798467253,0.28907118857803055,0.0
0.4313,-0.058887410509841635,0.2856526324207525,0.0
0.43135,-0.05769160303501074,0.2822784676428746,0.0
0.4314,-0.05649579556017984,0.2789482410423633,0.0
0.43145,-0.055299988085348944,0.2756615040440312,0.0
0.4315,-0.05410418061051805,0.27241781265230053,0.0
0.43155000000000004,-0.052908373135685825,0.26921672740444874,0.0
0.43160000000000004,-0.05171256566085493,0.2660578133243316,0.0
0.43165000000000003,-0.05051675818602403,0.2629406398765787,0.0
0.43170000000000003,-0.049320950711193134,0.25986478092125637,0.0
0.43175,-0.04812514323636224,0.2568298146689939,0.0
0.4318,-0.04692933576153134,0.2538353236365674,0.0
0.43185,-0.045733528286700444,0.25088089460293744,0.0
0.4319,-0.04453772081186955,0.24796611856573533,0.0
0.43195,0.04914707893540653,0.24582463031940366,0.0
0.432,0.5399470789351306,0.24760024312551251,0.0
0.43205000000000005,1.0307470789359439,0.2532529663780878,0.0
0.43210000000000004,1.5215470789362129,0.2627432177446451,0.0
0.43215000000000003,2.0123470789354774,0.2760318189980387,0.0
0.43220000000000003,2.5031470789356844,0.2930799918908744,0.0
0.43225,2.993947078935385,0.31384935407199516,0.0
0.4323,3.4847470789356536,0.3383019150447033,0.0
0.43235,3.9320719995225235,0.3660550318534084,0.0
0.4324,3.3718496311014117,0.38907860129164057,0.0
0.43245,2.8116272626803,0.40742090842093825,0.0
0.4325,2.453149992567304,0.4227308969231634,0.0
0.43255000000000005,2.943949992567696,0.4417798202469599,0.0
0.43260000000000004,3.434749992567389,0.4645295067272967,0.0
0.43265000000000003,3.9255499925676047,0.4909421744026592,0.0
0.43270000000000003,4.312819974947167,0.5201587602299472,0.0
0.43275,4.347827107614775,0.5493549014467646,0.0
0.4328,4.382834240282385,0.5785308067769482,0.0
0.43285,4.4007307660495005,0.6075508843459603,0.0
0.4329,4.40716945767098,0.6363257898444347,0.0
0.43295,4.413608149292458,0.6648580262917062,0.0
0.433,4.420046840913937,0.0,1.0
0.43305000000000005,4.426485532535422,0.035130837559804944,0.0
0.43310000000000004,4.432924224156902,0.069954116863019,0.0
0.43315000000000003,4.43936291577838,0.10447297784422424,0.0
0.43320000000000003,4.445801607399859,0.13869052838167206,0.0
0.43325,4.452240299021337,0.17260984462455378,0.0
0.4333,4.458678990642817,0.20623397131693008,0.0
0.43335,4.465117682264295,0.23956592211835337,0.0
0.4334,4.4715563738857735,0.27260867992121685,0.0
0.43345,4.477995065507252,0.3053651971648637,0.0
0.4335,4.484433757128731,0.3378383961464894,0.0
0.43355000000000005,4.490872448750217,0.37003116932887004,0.0
0.43360000000000004,4.497311140371695,0.4019463796449488,0.0
0.43365000000000004,4.757158733462123,0.43559804255700313,0.0
0.43370000000000003,4.78771116026645,0.46914862730501855,0.0
0.43375,4.799484473609779,0.5024501252367224,0.0
0.4338,4.8112577869531075,0.53550507933801,0.0
0.43385,4.823031100296436,0.5683160066328353,0.0
0.4339,4.834804413639764,0.600885398448263,0.0
0.43395,4.846577726983093,0.6332157206768136,0.0
0.434,4.945378081116677,0.6660001048360535,0.0
0.43405000000000005,4.976615621569792,0.0,1.0
0.43410000000000004,5.0078531620228715,0.039744866365260895,0.0
0.43415000000000004,5.032913267525764,0.07928285776765265,0.0
0.43420000000000003,5.0429446656448835,0.11849681078690333,0.0
0.43425,5.052976063764003,0.15739003360708323,0.0
0.4343,5.063007461883123,0.1959658006382334,0.0
0.43435,5.073038860002242,0.23422735286117258,0.0
0.4344,5.083070258121363,0.27217789816878396,0.0
0.43445,5.093101656240482,0.30982061170381786,0.0
0.4345,5.103133054359602,0.34715863619324544,0.0
0.43455000000000005,5.113164452478732,0.384195082279199,0.0
0.43460000000000004,5.1231958505978525,0.4209330288465336,0.0
0.43465000000000004,5.12451179959653,0.45730635311593,0.0
0.43470000000000003,5.125345076336768,0.4933149468699805,0.0
0.43475,5.126178353077006,0.5289625337283044,0.0
0.4348,5.127011629817243,0.5642527992952121,0.0
0.43485,5.127844906557481,0.5991893915478131,0.0
0.4349,5.128678183297718,0.6337759212201605,0.0
0.43495,5.129511460037956,0.6680159621834738,0.0
0.435,5.130344736778194,0.0,1.0
0.43505000000000005,5.131178013518432,0.040723635027924074,0.0
0.43510000000000004,5.13201129025867,0.08103812619473522,0.0
0.43515000000000004,5.132844566998908,0.12094765054634596,0.0
0.43520000000000003,5.133677843739145,0.1604563424842246,0.0
0.43525,5.134511120479383,0.19956829420076244,0.0
0.4353,5.13534439721962,0.23828755611019609,0.0
0.43535,5.136177673959858,0.2766181372751305,0.0
0.4354,5.137010950700096,0.3145640058287077,0.0
0.43545,5.137844227440333,0.3521290893924649,0.0
0.4355,5.138677504180571,0.38931727548992734,0.0
0.43555000000000005,5.139510780920809,0.4261324119559782,0.0
0.43560000000000004,5.140344057661046,0.4625783073420492,0.0
0.43565000000000004,5.141177334401284,0.4986587313171748,0.0
0.43570000000000003,5.142010611141521,0.5343774150649516,0.0
0.43575,5.142843887881759,0.5697380516764453,0.0
0.4358,5.143677164621997,0.6047442965390862,0.0
0.43585,5.144510441362234,0.6393997677215946,0.0
0.4359,5.145343718102472,0.6737080463549759,0.0
0.43595,5.14617699484271,0.0,1.0
0.436,5.147010271582947,0.04084928786970594,0.0
0.43605,5.147843548323185,0.08128814905888249,0.0
0.43610000000000004,5.148676825063423,0.12132077371004733,0.0
0.43615000000000004,5.149510101803661,0.16095130918756761,0.0
0.43620000000000003,5.150343378543899,0.20018386051439216,0.0
0.43625,5.151176655284136,0.23902249080432494,0.0
0.4363,5.152009932024374,0.27747122168988547,0.0
0.43635,5.152843208764612,0.31553403374580097,0.0
0.4364,5.153676485504849,0.3532148669081749,0.0
0.43645,5.154509762245087,0.3905176208893764,0.0
0.4365,5.155343038985324,0.4274461555886938,0.0
0.43655,5.156176315725562,0.46400429149879563,0.0
0.43660000000000004,5.1570095924658,0.5001958101080423,0.0
0.43665000000000004,5.157842869206037,0.5360244542986898,0.0
0.43670000000000003,5.158676145946275,0.5714939287410293,0.0
0.43675,5.043073156081663,0.6056838029294945,0.0
0.4368,4.32429223614974,0.6338200141749453,0.0
0.43685,3.6055113162178163,0.6559643657462443,0.0
0.4369,2.8867303962858935,0.6721780299481458,0.0
0.43695,2.194588417640821,0.0,1.0
0.437,2.230244827897207,0.01770035577696196,0.0
0.43705,2.2659012381535932,0.03550299184149697,0.0
0.43710000000000004,2.684793697041947,0.056448419931615465,0.0
0.43715000000000004,3.175593697042148,0.08107524931504351,0.0
0.43720000000000003,3.1237871754759268,0.10503949473526525,0.0
0.43725,4.157193697042033,0.13696072259742859,0.0
0.4373,4.647993697040952,0.172451297231409,0.0
0.43735,2.1048177953833083,0.18739560451379858,0.0
0.4374,2.0905621937235583,0.20207420215239086,0.0
0.43745,2.076306592063809,0.21648980283943672,0.0
0.4375,2.062050990404059,0.23064509157267382,0.0
0.43755,2.047795388744309,0.24454272593806636,0.0
0.43760000000000004,2.0335397870845435,0.25818533638965824,0.0
0.43765000000000004,2.007027106370859,0.2714782481213796,0.0
0.43770000000000003,1.9099169459430598,0.28386473383166544,0.0
0.43775000000000003,1.8128067855152605,0.2953540474369683,0.0
0.4378,1.7156966250874612,0.3059553483783312,0.0
0.43785,1.618586464659662,0.31567770258590905,0.0
0.4379,1.5214763042318626,0.3245300834336434,0.0
0.43795,1.4243661438040633,0.3325213726841908,0.0
0.438,1.327255983376264,0.33966036142420347,0.0
0.43805,1.2301458229484648,0.34595575099006254,0.0
0.43810000000000004,1.1330356625205575,0.3514161538841583,0.0
0.43815000000000004,1.0359255020927582,0.3560500946818203,0.0
0.43820000000000003,0.9388153416649587,0.3598660109289825,0.0
0.43825000000000003,0.8417051812371594,0.3628722540306879,0.0
0.4383,0.7445950208093601,0.36507709013052103,0.0
0.43835,0.6474848603815608,0.36648870098106234,0.0
0.4384,0.5503746999537615,0.3671151848054558,0.0
0.43845,0.45326453952596224,0.36696455715018045,0.0
0.4385,0.3561543790981627,0.36604475172911605,0.0
0.43855,0.2590442186703634,0.36436362125899124,0.0
0.43860000000000005,0.16193405824245644,0.3619289382863017,0.0
0.43865000000000004,0.06482389781465692,0.35874839600578945,0.0
0.43870000000000003,0.4216111788321213,0.35843196971695207,0.0
0.43875000000000003,0.9124111788318359,0.36201401199375965,0.0
0.4388,1.4032111788322594,0.36945472245367533,0.0
0.43885,1.8415226496612442,0.38029813141727864,0.0
0.4389,1.8819903029381884,0.39135200931970693,0.0
0.43895,1.9224579562151327,0.40261420743405946,0.0
0.439,1.5634283063460988,0.4109119854532623,0.0
0.43905,1.1599232681782323,0.4159226285671129,0.0
0.43910000000000005,0.756418230009918,0.4176796959090208,0.0
0.43915000000000004,0.35291319184205183,0.4162164039993166,0.0
0.43920000000000003,-0.05059184632581437,0.4115656302430581,0.0
0.43925000000000003,-0.05639545406350799,0.4069162769511116,0.0
0.4393,-0.057505273644936676,0.4023055819085773,0.0
0.43935,-0.05861509322636536,0.3977331504442942,0.0
0.4394,-0.05972491280779404,0.39319859191639195,0.0
0.43945,-0.06083473238922272,0.388701519671155,0.0
0.4395,-0.0619445519706514,0.3842415510023065,0.0
0.43955,-0.06305437155208009,0.379818307110708,0.0
0.43960000000000005,-0.06416419113350999,0.37543141306447053,0.0
0.43965000000000004,-0.06527401071493869,0.371080497759473,0.0
0.43970000000000004,-0.06638383029636735,0.36676519388028356,0.0
0.43975000000000003,-0.06749364987779605,0.36248513786147996,0.0
0.4398,-0.06860346945922473,0.35823996984936496,0.0
0.43985,-0.06971328904065341,0.35402933366407224,0.0
0.4399,-0.07082310862208209,0.3498528767620596,0.0
0.43995,-0.07193292820351077,0.34571025019898477,0.0
0.44,-0.07304274778493945,0.3416011085929603,0.0
0.44005,-0.07415256736636813,0.33752511008818364,0.0
0.44010000000000005,-0.07526238694779805,0.33348191631893864,0.0
0.44015000000000004,-0.07637220652922673,0.3294711923739643,0.0
0.44020000000000004,-0.0746126995885837,0.3255153791939022,0.0
0.44025000000000003,-0.07005649809718253,0.32163611217033605,0.0
0.4403,-0.06550029660578136,0.31783260982554973,0.0
0.44035,-0.06094409511438019,0.314104098660117,0.0
0.4404,-0.056387893622979024,0.3104498130714493,0.0
0.44045,-0.05183169213157786,0.30686899527317485,0.0
0.4405,-0.04727549064017669,0.30336089521534126,0.0
0.44055,-0.04271928914877552,0.2999247705054325,0.0
0.44060000000000005,-0.038163087657369296,0.29655988633019226,0.0
0.44065000000000004,-0.03360688616596813,0.29326551537824574,0.0
0.44070000000000004,-0.029050684674566958,0.290040937763511,0.0
0.44075000000000003,-0.024494483183165792,0.2868854409493923,0.0
0.4408,-0.019938281691764627,0.28379831967374775,0.0
0.44085,-0.015382080200363461,0.2807788758746225,0.0
0.4409,-0.010825878708962289,0.2778264186167405,0.0
0.44095,-0.006269677217561123,0.27494026401874627,0.0
0.441,-0.0017134757261599576,0.27211973518119,0.0
0.44105,0.002842725765241208,0.26936416211524755,0.0
0.44110000000000005,0.007398927256647439,0.26667288167216846,0.0
0.44115000000000004,0.011955128748048605,0.2640452374734436,0.0
0.44120000000000004,0.01651133023944977,0.26148057984168654,0.0
0.44125000000000003,0.021067531730850936,0.2589782657322201,0.0
0.4413,0.0256237332222521,0.25653765866536143,0.0
0.44135,0.03017993471365328,0.25415812865939846,0.0
0.4414,0.034736136205054446,0.2518390521642506,0.0
0.44145,0.03929233769645561,0.2495798119958068,0.0
0.4415,0.04384853918785678,0.24737979727093362,0.0
0.44155,0.04840474067925796,0.24523840334314728,0.0
0.44160000000000005,0.05296094217066416,0.2431550317389422,0.0
0.44165000000000004,0.05751714366206534,0.24112909009476954,0.0
0.44170000000000004,0.06207334515346652,0.23915999209465927,0.0
0.44175000000000003,0.4124403151471156,0.23999168731722698,0.0
0.4418,0.9032403151473526,0.24471012966288508,0.0
0.44185,1.3940403151473126,0.2532756384160529,0.0
0.4419,1.858222824796813,0.2654376880474943,0.0
0.44195,1.8710709923360846,0.2775775420372669,0.0
0.442,1.8839191598753564,0.28969542698589723,0.0
0.44205,1.896767327414628,0.30179156718049355,0.0
0.44210000000000005,1.909615494953914,0.31386618461836446,0.0
0.44215000000000004,1.9224636624931855,0.32591949903039563,0.0
0.44220000000000004,1.9353118300324572,0.33795172790418854,0.0
0.44225000000000003,1.9402327055837705,0.3499001714911851,0.0
0.4423,1.9430437021473437,0.36174894010375397,0.0
0.44235,1.9458546987109169,0.37349905134715367,0.0
0.4424,1.94866569527449,0.3851515124376711,0.0
0.44245,1.9514766918380633,0.3967073203086853,0.0
0.4425,1.9542876884016367,0.40816746171564783,0.0
0.44255,1.95709868496521,0.41953291333999193,0.0
0.44260000000000005,1.9599096815287862,0.4308046418919802,0.0
0.44265000000000004,1.9627206780923594,0.4419836042125029,0.0
0.44270000000000004,1.9655316746559328,0.45307074737383646,0.0
0.44275000000000003,1.968342671219506,0.4640670087793738,0.0
0.4428,1.9711536677830792,0.4749733162623361,0.0
0.44285,1.9739646643466524,0.48579058818347687,0.0
0.4429,1.9767756609102256,0.4965197335277888,0.0
0.44295,1.979586657473799,0.5071616520002228,0.0
0.443,1.9823976540373722,0.5177172341204306,0.0
0.44305,1.9852086506009454,0.528187361316539,0.0
0.4431,1.9880196471645186,0.538572906017968,0.0
0.44315000000000004,1.9908306437280952,0.5488747317473005,0.0
0.44320000000000004,1.9936416402916683,0.5590936932112139,0.0
0.44325000000000003,1.9964526368552415,0.5692306363904844,0.0
0.4433,1.9992636334188147,0.5792863986290715,0.0
0.44335,2.002074629982388,0.589261808722293,0.0
0.4434,2.004885626545961,0.5991576870041004,0.0
0.44345,2.1256548833053883,0.6099110221016844,0.0
0.4435,2.6164548833057975,0.6244498119672146,0.0
0.44355,3.1072548833060663,0.6427354100025903,0.0
0.4436,3.5980548833052457,0.6647295641619129,0.0
0.44365000000000004,3.8383199897173794,0.0,1.0
0.44370000000000004,3.8820954356775075,0.030810281235535777,0.0
0.44375000000000003,3.9258708816376355,0.06165343723736202,0.0
0.44380000000000003,3.969646327597764,0.09252913237925721,0.0
0.44385,4.013421773557892,0.12343703446148688,0.0
0.4439,4.05719721951802,0.1543768146758218,0.0
0.44395,4.100972665478149,0.18534814757091325,0.0
0.444,4.529657796938495,0.2194055497918332,0.0
0.44405,4.936432810677736,0.25634362510777886,0.0
0.4441,4.944040674571873,0.29296497079682327,0.0
0.44415000000000004,4.95164853846602,0.32927282042622524,0.0
0.44420000000000004,4.959256402360157,0.3652703745509948,0.0
0.44425000000000003,4.966864266254294,0.40096080105092313,0.0
0.44430000000000003,4.974472130148432,0.4363472354641715,0.0
0.44435,4.982079994042569,0.4714327813174545,0.0
0.4444,4.9896878579367065,0.5062205104528525,0.0
0.44445,4.997295721830844,0.5407134633512879,0.0
0.4445,5.004903585724981,0.5749146494526978,0.0
0.44455,5.051232745024685,0.6091343593412374,0.0
0.4446,5.102993514519714,0.6434155119206302,0.0
0.44465000000000005,5.112493267814532,0.6774220750175154,0.0
0.44470000000000004,5.113374317965996,0.0,1.0
0.44475000000000003,5.11425536811746,0.04058932831839254,0.0
0.44480000000000003,5.115136418268924,0.0807712630985173,0.0
0.44485,5.116017468420388,0.12054996351682917,0.0
0.4449,5.116898518571852,0.15992954628777234,0.0
0.44495,5.117779568723316,0.19891408609728498,0.0
0.445,5.11866061887478,0.23750761603187803,0.0
0.44505,5.119541669026244,0.2757141280033337,0.0
0.4451,5.120422719177708,0.31353757316906794,0.0
0.44515000000000005,5.121303769329174,0.3509818623482011,0.0
0.44520000000000004,5.122184819480638,0.3880508664333815,0.0
0.44525000000000003,5.123065869632102,0.4247484167984037,0.0
0.44530000000000003,5.123946919783566,0.4610783057016662,0.0
0.44535,5.12482796993503,0.49704428668550943,0.0
0.4454,5.125709020086494,0.5326500749714773,0.0
0.44545,5.126590070237958,0.5678993478515431,0.0
0.4455,5.127471120389422,0.6027957450753413,0.0
0.44555,5.128352170540886,0.6373428692334464,0.0
0.4456,5.129233220692351,0.6715442861367383,0.0
0.44565000000000005,5.130114270843816,0.0,1.0
0.44570000000000004,5.13099532099528,0.04072218508726413,0.0
0.44575000000000004,5.131876371146744,0.08103562027025793,0.0
0.44580000000000003,5.132757421298208,0.12094447857289584,0.0
0.44585,5.133638471449672,0.16045289041570965,0.0
0.4459,5.134519521601136,0.1995649440507964,0.0
0.44595,5.1354005717526,0.23828468599232586,0.0
0.446,5.136281621904064,0.2766161214426529,0.0
0.44605,5.137162672055529,0.3145632147140795,0.0
0.4461,5.138043722206993,0.35212988964631087,0.0
0.44615000000000005,5.1389247723584575,0.38932003001964977,0.0
0.44620000000000004,5.1398058225099215,0.42613747996397233,0.0
0.44625000000000004,5.1406868726613855,0.4625860443635286,0.0
0.44630000000000003,5.1415679228128495,0.49866948925761045,0.0
0.44635,5.1424489729643135,0.5343915422371287,0.0
0.4464,5.1433300231157775,0.5697558928371418,0.0
0.44645,5.1442110732672415,0.604766192925377,0.0
0.4465,5.145092123418706,0.6394260570867851,0.0
0.44655,5.14597317357017,0.6737390630041689,0.0
0.4466,5.146854223721634,0.0,1.0
0.44665000000000005,5.147735273873099,0.040855041856135706,0.0
0.44670000000000004,5.148616324024563,0.08129997744199853,0.0
0.44675000000000004,5.149497374176027,0.12133899362896247,0.0
0.44680000000000003,5.150378424327491,0.16097623454364687,0.0
0.44685,5.151259474478955,0.2002158020043077,0.0
0.4469,5.152140524630419,0.23906175595277354,0.0
0.44695,5.153021574781884,0.277518114881972,0.0
0.447,5.153902624933348,0.31558885625909094,0.0
0.44705,5.154783675084812,0.3532779169444205,0.0
0.4471,5.155664725236276,0.390589193605918,0.0
0.44715000000000005,4.983142017282183,0.42615032282711585,0.0
0.44720000000000004,4.738165851479148,0.45940414483163744,0.0
0.44725000000000004,4.674034489402102,0.4918094916816053,0.0
0.44730000000000003,4.69890550653663,0.5240813937484222,0.0
0.44735,4.723776523671159,0.5562212134012667,0.0
0.4474,4.961289846885506,0.58991793645041,0.0
0.44745,4.73459214221635,0.6214714535958693,0.0
0.4475,4.273049966359681,0.6490398003213923,0.0
0.44755,3.811507790503012,0.6726636621691452,0.0
0.4476,3.929692760516993,0.0,1.0
0.44765000000000005,4.420492760517324,0.03508327587712162,0.0
0.44770000000000004,4.4202223541907255,0.06980623225694609,0.0
0.44775000000000004,4.144196434190726,0.101984011903167,0.0
0.44780000000000003,3.8681705141907265,0.13164259912370682,0.0
0.44785,3.592144594190727,0.15880771294657664,0.0
0.4479,3.3161186741907276,0.1835048098281812,0.0
0.44795,3.0400927541907286,0.20575908633397433,0.0
0.448,2.764066834190729,0.22559548179174654,0.0
0.44805,2.4880409141907296,0.24303868091782505,0.0
0.4481,2.21201499419073,0.258113116416462,0.0
0.44815000000000005,1.9359890741904242,0.2708429715526826,0.0
0.44820000000000004,1.6599631541904247,0.28125218269887614,0.0
0.44825000000000004,1.3839372341904252,0.2893644418553737,0.0
0.44830000000000003,1.2550451265358527,0.2963709278147105,0.0
0.44835,0.7732095100976641,0.2994817907169444,0.0
0.4484,0.2913738936594754,0.2987368018941518,0.0
0.44845,0.294104415044018,0.2980210896421186,0.0
0.4485,0.7849044150437894,0.3012079223600448,0.0
0.44855,1.2757044150439323,0.3082574580484204,0.0
0.4486,1.7665044150442624,0.31913026146407825,0.0
0.44865000000000005,2.2573044150435124,0.333787299967514,0.0
0.44870000000000004,2.7481044150437746,0.35218993941263754,0.0
0.44875000000000004,3.238904415044044,0.37429994007843526,0.0
0.44880000000000003,3.141961400436466,0.39541482554213747,0.0
0.44885,1.8397715014460947,0.40597930370554713,0.0
0.4489,0.5375816024557238,0.40610108615834617,0.0
0.44895,-0.056372528021978036,0.4015077036349823,0.0
0.449,-0.0566554098663584,0.3969589709402024,0.0
0.44905,-0.05693829171073877,0.3924544322334044,0.0
0.4491,-0.05722117355511914,0.38799363632777023,0.0
0.44915000000000005,-0.05750405539949982,0.38357613664275403,0.0
0.44920000000000004,-0.05778693724388019,0.37920149115705587,0.0
0.44925000000000004,-0.05806981908826056,0.3748692623620752,0.0
0.44930000000000003,-0.05835270093264092,0.3705790172158397,0.0
0.44935,-0.05863558277702129,0.3663303270974044,0.0
0.4494,-0.05891846462140166,0.36212276776171626,0.0
0.44945,-0.05920134646578203,0.35795591929494003,0.0
0.4495,-0.059484228310162396,0.3538293660702393,0.0
0.44955,-0.059767110154542766,0.34974269670401,0.0
0.4496,-0.060049991998923136,0.34569550401255983,0.0
0.44965,-0.060332873843303506,0.3416873849692308,0.0
0.44970000000000004,-0.06061575568768419,0.3377179406619587,0.0
0.44975000000000004,-0.06089863753206456,0.33378677625126646,0.0
0.44980000000000003,-0.06118151937644492,0.32989350092868613,0.0
0.44985,-0.06146440122082529,0.3260377278756053,0.0
0.4499,-0.06174728306520566,0.3222190742225338,0.0
0.44995,-0.06203016490958603,0.3184371610087861,0.0
0.45,-0.0623130467539664,0.3146916131425755,0.0
0.45005,-0.06259592859834677,0.3109820593615154,0.0
0.4501,-0.06287881044272714,0.3073081321935245,0.0
0.45015,-0.0631616922871075,0.30366946791813015,0.0
0.45020000000000004,-0.06344457413148819,0.3000657065281677,0.0
0.45025000000000004,-0.06372745597586855,0.29649649169187037,0.0
0.45030000000000003,-0.06401033782024892,0.29296147071534606,0.0
0.45035000000000003,-0.0642932196646293,0.28946029450543764,0.0
0.4504,-0.06457610150900966,0.2859926175329621,0.0
0.45045,-0.06485898335339002,0.28255809779632524,0.0
0.4505,-0.06514186519777039,0.2791563967855074,0.0
0.45055,-0.06542474704215076,0.2757871794464175,0.0
0.4506,-0.06570762888653113,0.2724501141456104,0.0
0.45065,-0.0659905107309115,0.2691448726353648,0.0
0.45070000000000005,-0.06627339257529219,0.2658711300191176,0.0
0.45075000000000004,-0.06655627441967255,0.26262856471725116,0.0
0.45080000000000003,-0.06683915626405292,0.25941685843322976,0.0
0.45085000000000003,-0.06712203810843329,0.25623569612008185,0.0
0.4509,-0.06740491995281366,0.2530847659472246,0.0
0.45095,-0.06768780179719402,0.24996375926762696,0.0
0.451,-0.061188581782437225,0.24692619679053912,0.0
0.45105,-0.05383660720232113,0.2439779945078467,0.0
0.4511,-0.046484632622205035,0.24111824012030683,0.0
0.45115,-0.03913265804208894,0.23834603064255408,0.0
0.45120000000000005,-0.03178068346196468,0.23566047230801312,0.0
0.45125000000000004,-0.02442870888184858,0.23306068047478173,0.0
0.45130000000000003,-0.017076734301732482,0.23054577953247493,0.0
0.45135000000000003,-0.009724759721616384,0.22811490281002017,0.0
0.4514,-0.002372785141500286,0.2257671924843937,0.0
0.45145,0.004979189438615805,0.22350179949028878,0.0
0.4515,0.2849335513605566,0.22348139444135554,0.0
0.45155,0.3648837585053177,0.22409572316589615,0.0
0.4516,0.3784458197450439,0.22481141547065667,0.0
0.45165,0.39200788098477013,0.22562743651100492,0.0
0.45170000000000005,0.40556994222451137,0.22654276200728118,0.0
0.45175000000000004,0.4191320034642376,0.22755637813693744,0.0
0.45180000000000003,0.4326940647039638,0.22866728142777867,0.0
0.45185000000000003,0.4405408541811265,0.2298291193525906,0.0
0.4519,0.44434357233176724,0.23100927610353597,0.0
0.45195,0.448146290482408,0.23220756465941003,0.0
0.452,0.4519490086330487,0.2334237999083515,0.0
0.45205,0.45575172678368947,0.23465779862834962,0.0
0.4521,0.4595544449343302,0.23590937946795026,0.0
0.45215,0.46335716308497094,0.2371783629271589,0.0
0.45220000000000005,0.46715988123561586,0.23846457133853877,0.0
0.45225000000000004,0.4709625993862566,0.23976782884850162,0.0
0.45230000000000004,0.4747653175368973,0.2410879613987899,0.0
0.45235000000000003,0.4785680356875381,0.2424247967081478,0.0
0.4524,0.48237075383817885,0.2437781642541793,0.0
0.45245,0.48617347198881955,0.2451478952553917,0.0
0.4525,0.4899761901394603,0.24653382265342222,0.0
0.45255,0.493778908290101,0.24793578109544617,0.0
0.4526,0.4975816264407418,0.24935360691676478,0.0
0.45265,0.5013843445913825,0.2507871381235707,0.0
0.45270000000000005,0.5051870627420274,0.2522362143758894,0.0
0.45275000000000004,0.5757452058869527,0.25423048193096703,0.0
0.45280000000000004,0.7855246266765017,0.2578693055775171,0.0
0.45285000000000003,0.8872703801011826,0.2622784855971355,0.0
0.4529,0.9890161335258636,0.26745015724041477,0.0
0.45295,1.0907618869505444,0.2733765360510238,0.0
0.453,0.9961453234394866,0.27849148595918566,0.0
0.45305,0.8730917211339684,0.28257760024933803,0.0
0.4531,1.0165481195190458,0.2877605412819364,0.0
0.45315,1.5073481195180936,0.2967858065456879,0.0
0.45320000000000005,2.1109605150299187,0.31050950532109023,0.0
0.45325000000000004,2.2529068684503235,0.32521965398823316,0.0
0.45330000000000004,2.210855836555418,0.33944588493929817,0.0
0.45335000000000003,2.01077543005673,0.35193893721832625,0.0
0.4534,1.1576814237458188,0.3575338576364826,0.0
0.45345,1.457351033150192,0.36544998842948107,0.0
0.4535,1.9481510331501268,0.37718053967650433,0.0
0.45355,2.4389510331498068,0.3926865690619483,0.0
0.4536,2.012966250629609,0.40465346213893183,0.0
0.45365,3.420551033150099,0.4276694901875503,0.0
0.45370000000000005,3.665938920776077,0.45239806510990455,0.0
0.45375000000000004,4.402151033149753,0.4827171334672943,0.0
0.45380000000000004,4.892951033149871,0.5166219054197375,0.0
0.45385000000000003,5.01597802326444,0.5511569402640518,0.0
0.4539,5.031315523264444,0.5854611250051576,0.0
0.45395,5.046653023264449,0.6195368164460565,0.0
0.454,5.061990523264454,0.6533863473285942,0.0
0.45405,5.077328023264458,0.0,1.0
0.4541,5.092665523264463,0.04041798034336876,0.0
0.45415,5.1012029839495,0.08049108164321425,0.0
0.45420000000000005,5.102218665715425,0.12016312819272233,0.0
0.45425000000000004,5.103234347481347,0.15943821445417097,0.0
0.45430000000000004,5.104250029247271,0.19832039308850968,0.0
0.45435000000000003,5.105265711013193,0.23681367538211914,0.0
0.4544,5.106281392779117,0.27492203166921386,0.0
0.45445,5.1072970745450395,0.3126493917499325,0.0
0.4545,5.108312756310963,0.34999964530415983,0.0
0.45455,5.109328438076886,0.38697664230112366,0.0
0.4546,5.110344119842809,0.4235841934048105,0.0
0.45465,5.1113598016087325,0.459826070375242,0.0
0.45470000000000005,5.112375483374657,0.4957060064656544,0.0
0.45475000000000004,5.1133911651405795,0.5312276968156237,0.0
0.45480000000000004,5.114406846906503,0.5663947988401766,0.0
0.45485000000000003,5.1154225286724255,0.60121093261493,0.0
0.4549,5.116438210438349,0.6356796812572969,0.0
0.45495,5.1174538922042725,0.6698045913038021,0.0
0.455,5.118469573970195,0.0,1.0
0.45505,5.119485255736119,0.04063083536298507,0.0
0.4551,5.120500937502041,0.08085492193739793,0.0
0.45515,5.121516619267965,0.12067641231729218,0.0
0.45520000000000005,5.122532301033889,0.16009941670191202,0.0
0.45525000000000004,5.123547982799812,0.19912800332851077,0.0
0.45530000000000004,5.124563664565735,0.2377661989007508,0.0
0.45535000000000003,5.125579346331658,0.27601798901272956,0.0
0.4554,5.126595028097581,0.3138873185686771,0.0
0.45545,5.127610709863505,0.35137809219836813,0.0
0.4555,5.128626391629427,0.38849417466829367,0.0
0.45555,5.129642073395351,0.4252393912886346,0.0
0.4556,5.130657755161273,0.46161752831608033,0.0
0.45565,5.131673436927197,0.4976323333525353,0.0
0.45570000000000005,5.132689118693121,0.5332875157397546,0.0
0.45575000000000004,5.133704800459044,0.5685867469499508,0.0
0.45580000000000004,5.134720482224967,0.6035336609724131,0.0
0.45585000000000003,5.135736163990891,0.6381318546961795,0.0
0.4559,5.136751845756813,0.6723848882888015,0.0
0.45595,5.137767527522737,0.0,1.0
0.456,5.138783209288659,0.04078399372451317,0.0
0.45605,5.139798891054583,0.08115967503071703,0.0
0.4561,5.1408145728205055,0.12113121247612894,0.0
0.45615,5.141830254586429,0.16070273206048213,0.0
0.4562,5.142845936352352,0.199878317660208,0.0
0.45625000000000004,5.143861618118277,0.23866201145848298,0.0
0.45630000000000004,5.144877299884199,0.2770578143708846,0.0
0.45635000000000003,5.145892981650123,0.3150696864667023,0.0
0.45640000000000003,5.1469086634160455,0.35270154738594667,0.0
0.45645,5.147924345181969,0.38995727675210146,0.0
0.4565,5.1489400269478915,0.42684071458066175,0.0
0.45655,5.149955708713815,0.4633556616835013,0.0
0.4566,5.015616605425786,0.49843163574328636,0.0
0.45665,4.774332470149512,0.5312345574791284,0.0
0.4567,4.533048334873238,0.5617876330168455,0.0
0.45675000000000004,4.291764199596697,0.5901138315654568,0.0
0.45680000000000004,4.050480064320423,0.6162358878359283,0.0
0.45685000000000003,3.8091959290441495,0.640176304435212,0.0
0.45690000000000003,3.567911793767876,0.661957354235853,0.0
0.45695,3.3266276584916024,0.0,1.0
0.457,3.085343523215329,0.02448685335885182,0.0
0.45705,2.844059387939055,0.04680876121765547,0.0
0.4571,2.6027752526627816,0.06698782601423611,0.0
0.45715,2.361491117386508,0.08504592453743247,0.0
0.4572,2.1202069821102345,0.10100471023080038,0.0
0.45725000000000005,1.8789228468336931,0.11488561547279519,0.0
0.45730000000000004,1.6376387115574196,0.12670985383368377,0.0
0.45735000000000003,1.396354576281146,0.13649842230940237,0.0
0.45740000000000003,1.1550704410048724,0.14427210353261705,0.0
0.45745,0.9137863057285989,0.15005146796120872,0.0
0.4575,0.6725021704523257,0.15385687604441542,0.0
0.45755,0.43121803517605173,0.15570848036685994,0.0
0.4576,0.2665918239927944,0.156234623993649,0.0
0.45765,0.7573918239930633,0.1606506341916386,0.0
0.4577,1.2481918239922751,0.16891679839806237,0.0
0.45775000000000005,1.7389918239930562,0.18099380948506888,0.0
0.45780000000000004,2.2297918239937635,0.19684276162050732,0.0
0.45785000000000003,2.7205918239938036,0.21642514617101358,0.0
0.45790000000000003,3.211391823993318,0.23970284764692026,0.0
0.45795,3.702191823993332,0.26663813968856726,0.0
0.458,4.192991823993663,0.29719368109357236,0.0
0.45805,4.683791823992753,0.3313325118846591,0.0
0.4581,5.04842419080297,0.36801671899552835,0.0
0.45815,5.059478244857019,0.40441413899526896,0.0
0.4582,5.070532298911067,0.4405276997609534,0.0
0.45825000000000005,5.081586352965128,0.4763602992782686,0.0
0.45830000000000004,5.092640407019176,0.5119148059466838,0.0
0.45835000000000004,5.103694461073225,0.5471940588815034,0.0
0.45840000000000003,5.106823506776343,0.5821379713211617,0.0
0.45845,4.731740579947094,0.6137482845139638,0.0
0.4585,4.356657653117845,0.6420590319587139,0.0
0.45855,3.981574726288596,0.6671038996982224,0.0
0.4586,3.606491799459347,0.0,1.0
0.45865,3.231408872630098,0.02564610216373094,0.0
0.4587,2.8563259458008488,0.04805352861264331,0.0
0.45875000000000005,2.481243018971183,0.06725534374887282,0.0
0.45880000000000004,2.1061600921419337,0.08328427441230335,0.0
0.45885000000000004,1.7310771653126849,0.09617271332680943,0.0
0.45890000000000003,1.3559942384834356,0.1059527225113285,0.0
0.45895,0.9809113116541868,0.1126560366561054,0.0
0.459,0.6058283848249371,0.11631406646446789,0.0
0.45905,0.23074545799568824,0.11695790196048546,0.0
0.4591,-0.07457899796363737,0.11517195442055697,0.0
0.45915,-0.07435920396453306,0.11340598443595326,0.0
0.4592,-0.07413940996542874,0.11165978805111311,0.0
0.45925000000000005,-0.07391961596632418,0.10993316339270559,0.0
0.45930000000000004,-0.07369982196721986,0.10822591064837211,0.0
0.45935000000000004,-0.07348002796811555,0.10653783204568544,0.0
0.45940000000000003,-0.07326023396901123,0.10486873183132356,0.0
0.45945,-0.07304043996990692,0.10321841625045616,0.0
0.4595,-0.0728206459708026,0.1015866935263416,0.0
0.45955,-0.07260085197169829,0.09997337384013207,0.0
0.4596,-0.07238105797259396,0.09837826931088502,0.0
0.45965,-0.07216126397348965,0.09680119397577866,0.0
0.4597,-0.07194146997438533,0.09524196377052938,0.0
0.45975000000000005,-0.07172167597528077,0.09370039651000911,0.0
0.45980000000000004,-0.07150188197617646,0.09217631186906064,0.0
0.45985000000000004,-0.07128208797707214,0.09066953136350869,0.0
0.45990000000000003,-0.07106229397796783,0.0891798783313649,0.0
0.45995,-0.07084249997886351,0.08770717791422471,0.0
0.46,-0.0706227059797592,0.08625125703885413,0.0
0.46005,-0.07040291198065488,0.08481194439896453,0.0
0.4601,-0.07018311798155055,0.08338907043717347,0.0
0.46015,-0.06996332398244624,0.08198246732714973,0.0
0.4602,-0.06974352998334193,0.08059196895594055,0.0
0.46025000000000005,-0.06952373598423736,0.0792174109064794,0.0
0.46030000000000004,-0.06930394198513305,0.07785863044027222,0.0
0.46035000000000004,-0.06908414798602873,0.07651546648026056,0.0
0.46040000000000003,-0.06886435398692442,0.07518775959385951,0.0
0.46045,-0.0686445599878201,0.07387535197616894,0.0
0.4605,-0.06842476598871579,0.07257808743335606,0.0
0.46055,-0.06820497198961147,0.07129581136620763,0.0
0.4606,-0.06798517799050716,0.0700283707538502,0.0
0.46065,-0.06776538399140283,0.06877561413763633,0.0
0.4607,-0.06754558999229852,0.06753739160519562,0.0
0.46075000000000005,-0.06732579599319397,0.06631355477464825,0.0
0.46080000000000004,-0.06710600199408964,0.06510395677897995,0.0
0.46085000000000004,-0.06688620799498533,0.06390845225057634,0.0
0.46090000000000003,-0.06666641399588101,0.0627268973059152,0.0
0.46095,-0.0664466199967767,0.061559149530415025,0.0
0.461,-0.06622682599767238,0.06040506796343828,0.0
0.46105,-0.06600703199856806,0.05926451308344773,0.0
0.4611,-0.06578723799946375,0.05813734679331434,0.0
0.46115,-0.06556744400035942,0.05702343240577512,0.0
0.4612,-0.06534765000125511,0.055922634629039535,0.0
0.46125000000000005,-0.06512785600215056,0.054834819552542734,0.0
0.46130000000000004,-0.06490806200304623,0.05375985463284433,0.0
0.46135000000000004,-0.06468826800394192,0.05269760867967109,0.0
0.46140000000000003,-0.0644684740048376,0.05164795184210214,0.0
0.46145,-0.06424868000573329,0.05061075559489521,0.0
0.4615,-0.06402888600662897,0.04958589272495244,0.0
0.46155,-0.06380909200752466,0.04857323731792441,0.0
0.4616,-0.06358929800842034,0.04757266474495092,0.0
0.46165,-0.06336950400931603,0.04658405164953712,0.0
0.4617,-0.0631497100102117,0.04560727593456362,0.0
0.46175000000000005,-0.06292991601110715,0.04464221674942923,0.0
0.46180000000000004,-0.06271012201200282,0.04368875447732501,0.0
0.46185000000000004,-0.06084081059597262,0.04275986213070896,0.0
0.46190000000000003,-0.05387317856871604,0.04189575173142656,0.0
0.46195,-0.04690554654145946,0.041095761905340165,0.0
0.462,-0.03993791451420288,0.04035923803043627,0.0
0.46205,-0.03297028248694629,0.03968553216789148,0.0
0.4621,-0.026002650459689712,0.03907400299384224,0.0
0.46215,-0.018990000495530096,0.038524373017064684,0.0
0.4622,-0.01119952430505159,0.038042183518113,0.0
0.46225000000000005,-0.0034090481145644357,0.037626745981286513,0.0
0.46230000000000004,0.00438142807591407,0.037277378920103146,0.0
0.46235000000000004,0.012171904266392572,0.036993407805536664,0.0
0.46240000000000003,0.019962380456871077,0.03677416499498633,0.0
0.46245,0.027752856647349583,0.036618989661971746,0.0
0.4625,0.44823844209928854,0.03980258573655708,0.0
0.46255,0.9390384420993145,0.04684891782524408,0.0
0.4626,1.429838442099326,0.05771855034751347,0.0
0.46265,1.9206384420989415,0.0723724503299601,0.0
0.4627,2.411438442098996,0.09077198329599187,0.0
0.46275,2.38523098276373,0.10877567539322329,0.0
0.46280000000000004,0.6338499301316598,0.11269571393913537,0.0
0.46285000000000004,0.8890413557303884,0.11860106066409605,0.0
0.46290000000000003,1.3798413557303804,0.12834135641058755,0.0
0.46295000000000003,0.38356382178518184,0.130075246631675,0.0
0.463,2.36144135572984,0.14748887590526089,0.0
0.46305,2.8522413557309734,0.1686199634369934,0.0
0.4631,3.3430413557306804,0.19343055682112328,0.0
0.46315,3.8338413557307205,0.2218830911169523,0.0
0.4632,4.324641355730235,0.2539403848930906,0.0
0.46325,4.81544135573025,0.289565636312135,0.0
0.46330000000000005,4.879801693474093,0.32533797749135457,0.0
0.46335000000000004,4.914157693474085,0.3610177770921571,0.0
0.46340000000000003,4.941888510635955,0.3965533990771077,0.0
0.46345000000000003,4.954859530614925,0.43182917414191513,0.0
0.4635,4.967830550593895,0.46684775512490556,0.0
0.46355,4.980801570572864,0.5016117677809547,0.0
0.4636,4.993772590551834,0.5361238110579891,0.0
0.46365,5.006743610530804,0.5703864573706646,0.0
0.4637,5.019714630509774,0.6044022528712509,0.0
0.46375,5.032685650488744,0.6381737177177502,0.0
0.46380000000000005,5.045656670467728,0.671703346339279,0.0
0.46385000000000004,5.058627690446698,0.0,1.0
0.46390000000000003,5.0686069366877335,0.04022703918006138,0.0
0.46395000000000003,5.070961005977447,0.0800620741449633,0.0
0.464,5.0733150752671605,0.11950910695794131,0.0
0.46405,5.075669144556874,0.15857209882422613,0.0
0.4641,5.078023213846587,0.19725497050817248,0.0
0.46415,5.0803772831363,0.23556160274612967,0.0
0.4642,5.082731352426013,0.2734958366550968,0.0
0.46425,5.085085421715726,0.31106147413720603,0.0
0.46430000000000005,5.0874394910054415,0.34826227828007644,0.0
0.46435000000000004,5.0897935602951545,0.38510197375308053,0.0
0.46440000000000003,5.0921476295848676,0.421584247199565,0.0
0.46445000000000003,5.0945016988745815,0.4577127476250676,0.0
0.4645,5.0968557681642945,0.4934910867815701,0.0
0.46455,5.099209837454008,0.528922839547829,0.0
0.4646,5.101563906743721,0.5640115443058227,0.0
0.46465,5.103917976033434,0.5987607033133554,0.0
0.4647,5.106272045323147,0.633173783072858,0.0
0.46475,5.10862611461286,0.6672542146964225,0.0
0.46480000000000005,5.1109801839025755,0.0,1.0
0.46485000000000004,5.113334253192289,0.04058201788247849,0.0
0.46490000000000004,5.1156883224820024,0.08076840748873026,0.0
0.46495000000000003,5.1180423917717155,0.12056320788088275,0.0
0.465,5.1203964610614285,0.1599704168853281,0.0
0.46505,5.122750530351142,0.19899399151370845,0.0
0.4651,5.125104599640855,0.23763784837960342,0.0
0.46515,5.127458668930568,0.27590586411096335,0.0
0.4652,5.129812738220281,0.313801875758332,0.0
0.46525,5.132166807509994,0.3513296811989017,0.0
0.46530000000000005,5.13452087679971,0.3884930395364431,0.0
0.46535000000000004,5.136874946089423,0.4252956714971523,0.0
0.46540000000000004,5.1392290153791365,0.46174125982145664,0.0
0.46545000000000003,5.1415830846688495,0.4978334496518201,0.0
0.4655,5.1439371539585625,0.5335758489165898,0.0
0.46555,5.146291223248276,0.568972028709924,0.0
0.4656,5.148645292537989,0.6040255236678407,0.0
0.46565,5.150999361827702,0.6387398323404271,0.0
0.4657,5.153353431117416,0.67311841756025,0.0
0.46575,5.0711811795064365,0.0,1.0
0.46580000000000005,4.9024753277507385,0.03890853434722809,0.0
0.46585000000000004,4.733769475995228,0.07608090698426578,0.0
0.46590000000000004,4.565063624239717,0.11153484279437367,0.0
0.46595000000000003,4.3963577724842064,0.1452878857033101,0.0
0.466,4.227651920728697,0.17735740052676888,0.0
0.46605,4.058946068973186,0.20776057479895593,0.0
0.4661,3.8902402172176753,0.23651442058249791,0.0
0.46615,3.7215343654621647,0.2636357762598727,0.0
0.4662,3.552828513706654,0.28914130830655094,0.0
0.46625,3.3841226619511438,0.313047513046035,0.0
0.46630000000000005,3.215416810195446,0.33537071838697907,0.0
0.46635000000000004,3.0467109584399354,0.3561270855425805,0.0
0.46640000000000004,2.8780051066844248,0.37533261073240815,0.0
0.46645000000000003,2.7092992549289145,0.39300312686686306,0.0
0.4665,2.540593403173404,0.4091543052144398,0.0
0.46655,2.371887551417893,0.4238016570519669,0.0
0.4666,2.203181699662383,0.4369605352979993,0.0
0.46665,2.0344758479068723,0.4486461361295353,0.0
0.4667,1.8657699961513616,0.458873500582228,0.0
0.46675,1.6970641443958514,0.4676575161342596,0.0
0.46680000000000005,1.5283582926401533,0.4750129182740445,0.0
0.46685000000000004,1.359652440884643,0.4809542920519329,0.0
0.46690000000000004,1.1909465891291324,0.48549607361606395,0.0
0.46695000000000003,1.0222407373736218,0.48865255173254485,0.0
0.467,0.8535348856181111,0.49043786929010885,0.0
0.46705,0.6848290338626004,0.49086602478941155,0.0
0.4671,0.5161231821070906,0.4899508738171228,0.0
0.46715,0.34741733035157996,0.4877061305049692,0.0
0.4672,0.17871147859606928,0.4841453689738808,0.0
0.46725,0.05580858643288537,0.4796455403157143,0.0
0.46730000000000005,0.0943640004456966,0.4754976468160284,0.0
0.46735000000000004,0.13908506020605882,0.4717470291824208,0.0
0.46740000000000004,0.6298850602053436,0.471929940581647,0.0
0.46745000000000003,1.1206850602056124,0.47600622269061627,0.0
0.4675,1.6114850602048627,0.48393612717198803,0.0
0.46755,2.1022850602045153,0.49568031148855807,0.0
0.4676,2.5930850602047846,0.5111998347603398,0.0
0.46765,3.083885060205115,0.5304561536639455,0.0
0.4677,3.5746850602043576,0.5534111183738323,0.0
0.46775,4.0654850602045025,0.5800269685450155,0.0
0.46780000000000005,4.55628506020574,0.6102663293367551,0.0
0.46785000000000004,5.047085060205886,0.6440922074768342,0.0
0.46790000000000004,3.7017948960612372,0.6668958432061822,0.0
0.46795000000000003,3.0338879738362152,0.0,1.0
0.468,3.5246879738365844,0.027973714078068136,0.0
0.46805,4.015487973836953,0.059557076024678385,0.0
0.4681,3.290550987135248,0.08506452785205106,0.0
0.46815,2.175769077587278,0.10146409263152692,0.0
0.4682,1.060987168039309,0.1088487549242371,0.0
0.46825,-0.024076709264814315,0.10754640738881796,0.0
0.46830000000000005,-0.026329909372837215,0.10623947328517223,0.0
0.46835000000000004,-0.028583109480857617,0.10492799943865375,0.0
0.46840000000000004,-0.030836309588878015,0.10361203219656528,0.0
0.46845000000000003,-0.03308950969689842,0.1022916174330391,0.0
0.4685,-0.03534270980491881,0.10096680055386767,0.0
0.46855,-0.037595909912939214,0.09963762650128502,0.0
0.4686,-0.039849110020959616,0.09830413975869935,0.0
0.46865,-0.04210231012898001,0.09696638435537729,0.0
0.4687,-0.04435551023700042,0.09562440387108032,0.0
0.46875,-0.046608710345020815,0.0942782414406539,0.0
0.46880000000000005,-0.048861910453043715,0.09292793975856968,0.0
0.46885000000000004,-0.05111511056106412,0.09157354108342143,0.0
0.46890000000000004,-0.05336831066908451,0.09021508724237501,0.0
0.46895000000000003,-0.05562151077710492,0.08885261963557287,0.0
0.46900000000000003,-0.057874710885125316,0.08748617924049369,0.0
0.46905,-0.06012791099314571,0.08611580661626744,0.0
0.4691,-0.06238111110116612,0.08474154190794636,0.0
0.46915,-0.06463431120918652,0.08336342485073243,0.0
0.4692,-0.06688751131720691,0.08198149477416163,0.0
0.46925,-0.06914071142522732,0.0805957906062454,0.0
0.4693,-0.07139391153324771,0.07920635087757001,0.0
0.46935000000000004,-0.07364711164127062,0.07781321372535385,0.0
0.46940000000000004,-0.07590031174929102,0.07641641689746355,0.0
0.46945000000000003,-0.07815351185731141,0.07501599775638884,0.0
0.46950000000000003,-0.07854332040749509,0.07362678210506464,0.0
0.46955,-0.07824664500955034,0.07225410384973151,0.0
0.4696,-0.0779499696116056,0.07089779415622403,0.0
0.46965,-0.07765329421366084,0.0695576859140445,0.0
0.4697,-0.0773566188157161,0.06823361371876556,0.0
0.46975,-0.07705994341777134,0.06692541385461259,0.0
0.4698,-0.0767632680198266,0.06563292427722381,0.0
0.46985000000000005,-0.07646659262188152,0.06435598459658642,0.0
0.46990000000000004,-0.07616991722393676,0.06309443606014703,0.0
0.46995000000000003,-0.07587324182599202,0.06184812153609437,0.0
0.47000000000000003,-0.07557656642804726,0.0606168854968128,0.0
0.47005,-0.07527989103010252,0.0594005740025047,0.0
0.4701,-0.07498321563215776,0.05819903468498004,0.0
0.47015,-0.07468654023421302,0.05701211673161149,0.0
0.4702,-0.07438986483626828,0.055839670869453295,0.0
0.47025,-0.07409318943832352,0.054681549349522324,0.0
0.4703,-0.07379651404037878,0.05353760593123956,0.0
0.47035000000000005,-0.0734998386424337,0.05240769586703046,0.0
0.47040000000000004,-0.07320316324448894,0.051291675887082507,0.0
0.47045000000000003,-0.0729064878465442,0.05018940418425841,0.0
0.47050000000000003,-0.07260981244859945,0.049100740399163276,0.0
0.47055,-0.0723131370506547,0.04802554560536431,0.0
0.4706,-0.07201646165270995,0.04696368229476134,0.0
0.47065,-0.0717197862547652,0.04591501436310673,0.0
0.4707,-0.07142311085682045,0.04487940709567312,0.0
0.47075,-0.0711264354588757,0.04385672715306749,0.0
0.4708,-0.07082976006093095,0.04284684255719004,0.0
0.47085000000000005,-0.07053308466298587,0.04184962267733645,0.0
0.47090000000000004,-0.07023640926504113,0.04086493821644196,0.0
0.47095000000000004,-0.06993973386709637,0.03989266119746598,0.0
0.47100000000000003,-0.06964305846915163,0.03893266494991561,0.0
0.47105,-0.06934638307120687,0.037984824096506824,0.0
0.4711,-0.06904970767326213,0.03704901453996176,0.0
0.47115,-0.06875303227531737,0.03612511344994088,0.0
0.4712,-0.06845635687737263,0.035212999250108436,0.0
0.47125,-0.06815968147942789,0.03431255160533012,0.0
0.4713,-0.06786300608148313,0.03342365140900131,0.0
0.47135000000000005,-0.06756633068353805,0.03254618077050471,0.0
0.47140000000000004,-0.0672696552855933,0.03168002300279608,0.0
0.47145000000000004,-0.06697297988764855,0.03082506261011664,0.0
0.47150000000000003,-0.0666763044897038,0.029981185275831004,0.0
0.47155,-0.06637962909175905,0.029148277850389186,0.0
0.4716,-0.06608295369381431,0.028326228339411577,0.0
0.47165,-0.06578627829586955,0.027514925891895532,0.0
0.4717,-0.06548960289792481,0.02671426078854236,0.0
0.47175,-0.06519292749998006,0.025924124430203505,0.0
0.4718,-0.06489625210203531,0.025144409326444652,0.0
0.47185000000000005,-0.06459957670409022,0.024375009084226625,0.0
0.47190000000000004,-0.06430290130614548,0.0236158183967018,0.0
0.47195000000000004,-0.053040267531708304,0.02295376444781138,0.0
0.47200000000000003,-0.0403709072623491,0.022399020041734632,0.0
0.47205,-0.0277015469929899,0.021950489630108778,0.0
0.4721,-0.015032186723630693,0.021607088849281954,0.0
0.47215,-0.002362826454271487,0.021367744406125874,0.0
0.4722,0.010306533815087726,0.021231393965014247,0.0
0.47225,0.3207316783112632,0.02356012718061233,0.0
0.4723,0.8115316783109102,0.02976032390630811,0.0
0.47235000000000005,1.3023316783115357,0.03979245946053079,0.0
0.47240000000000004,1.793131678310612,0.05361741267846024,0.0
0.47245000000000004,2.283931678310758,0.07119646179247044,0.0
0.47250000000000003,2.774731678310896,0.0924912803545602,0.0
0.47255,3.26553167831105,0.11746393320045091,0.0
0.4726,3.75633167831077,0.14607687245487522,0.0
0.47265,4.247131678310978,0.1782929335776633,0.0
0.4727,4.302399379610009,0.21061872590492603,0.0
0.47275,4.312370485704819,0.24269363237765207,0.0
0.4728,4.3223415917996295,0.27452021434854107,0.0
0.47285000000000005,4.3323126978944515,0.3061010070208406,0.0
0.47290000000000004,4.342283803989262,0.33743851971531175,0.0
0.47295000000000004,4.352254910084072,0.36853523613446987,0.0
0.47300000000000003,4.438640035677174,0.4000000750963358,0.0
0.47305,4.472996035677108,0.43141634878308543,0.0
0.4731,4.507352035677042,0.46278455300903554,0.0
0.47315,4.515233363745344,0.4938950620827159,0.0
0.4732,4.520865847319588,0.5247326589023732,0.0
0.47325,4.526498330893833,0.5553001296934004,0.0
0.4733,4.532130814468078,0.5856002322359597,0.0
0.47335000000000005,4.537763298042329,0.6156356961553874,0.0
0.47340000000000004,4.5433957816165735,0.6454092232096323,0.0
0.47345000000000004,4.549028265190818,0.6749234875737613,0.0
0.47350000000000003,4.5546607487650626,0.0,1.0
0.47355,4.5602932323393075,0.036192803431264346,0.0
0.4736,4.565925715913552,0.07206080827000653,0.0
0.47365,4.5715581994877965,0.10760733046145328,0.0
0.4737,4.577190683062041,0.1428356520975665,0.0
0.47375,4.5828231666362855,0.17774902176265928,0.0
0.4738,4.58845565021053,0.21235065487548338,0.0
0.47385000000000005,4.594088133784781,0.2466437340278243,0.0
0.47390000000000004,4.599720617359026,0.2806314093196393,0.0
0.47395000000000004,4.6753758861161385,0.3148725350811145,0.0
0.47400000000000003,4.696997031490575,0.3489356815277224,0.0
0.47405,4.718618176865013,0.3828226656921509,0.0
0.4741,4.74023932223945,0.4165352860565737,0.0
0.47415,4.761860467613888,0.4500753227420371,0.0
0.4742,4.783481612988325,0.48344453769591283,0.0
0.47425,4.97874624646892,0.518022797798915,0.0
0.4743,5.022211939136765,0.5525930061262236,0.0
0.47435000000000005,4.977817969287442,0.5864579459714443,0.0
0.47440000000000004,4.727801586405819,0.6179928936734415,0.0
0.47445000000000004,4.748714578394671,0.6493718698039337,0.0
0.47450000000000003,4.769627570383523,0.0,1.0
0.47455,4.790540562372375,0.03802016319343155,0.0
0.4746,4.811453554361227,0.07581814572502352,0.0
0.47465,4.8323665463500785,0.11339621588941154,0.0
0.4747,4.85327953833893,0.15075661882367783,0.0
0.47475,4.874192530327782,0.18790157674377203,0.0
0.4748,4.895105522316634,0.2248332891785185,0.0
0.47485000000000005,4.9160185143055095,0.26155393320123466,0.0
0.47490000000000004,4.9369315062943615,0.29806566365898396,0.0
0.47495000000000004,4.9578444982832135,0.33437061339948954,0.0
0.47500000000000003,4.978757490272065,0.3704708934957305,0.0
0.47505000000000003,4.999670482260917,0.4063685934682453,0.0
0.4751,5.020583474249769,0.44206578150516573,0.0
0.47515,5.041496466238621,0.47756450468000466,0.0
0.4752,5.062409458227473,0.5128667891672197,0.0
0.47525,5.083322450216325,0.5479746404555772,0.0
0.4753,5.1042354422051766,0.5828900435593366,0.0
0.47535000000000005,5.125148434194052,0.6176149632272803,0.0
0.47540000000000004,5.107649938997777,0.6518464910767099,0.0
0.47545000000000004,4.99979024751556,0.0,1.0
0.47550000000000003,4.891930556033344,0.038824845682804324,0.0
0.47555000000000003,4.784070864551128,0.07639729008659274,0.0
0.4756,4.676211173068912,0.11273011927059906,0.0
0.47565,4.568351481586696,0.14783598875817097,0.0
0.4757,4.46049179010448,0.18172742486944166,0.0
0.47575,4.352632098622264,0.2144168260403957,0.0
0.4758,4.244772407140048,0.24591646412846851,0.0
0.47585,4.136912715657832,0.2762384857048165,0.0
0.47590000000000005,4.0290530241754965,0.30539491333339325,0.0
0.47595000000000004,3.92119333269328,0.3333976468369709,0.0
0.47600000000000003,3.813333641211064,0.36025846455023103,0.0
0.47605000000000003,3.705473949728848,0.38598902456006623,0.0
0.4761,3.597614258246632,0.41060086593321776,0.0
0.47615,3.489754566764416,0.43410540993138047,0.0
0.4762,3.3818948752821996,0.45651396121390225,0.0
0.47625,3.2740351837999837,0.47783770902820466,0.0
0.4763,3.166175492317768,0.4980877283880505,0.0
0.47635,3.0583158008355515,0.5172749812397822,0.0
0.47640000000000005,2.950456109353216,0.5354103176166527,0.0
0.47645000000000004,2.842596417871,0.5525044767813752,0.0
0.47650000000000003,2.7347367263887836,0.568568088357003,0.0
0.47655000000000003,2.6268770349065678,0.5836116734462675,0.0
0.4766,2.5190173434243515,0.5976456457394878,0.0
0.47665,2.4111576519421356,0.6106803126111686,0.0
0.4767,2.3032979604599193,0.6227258762054046,0.0
0.47675,2.1954382689777034,0.6337924345102014,0.0
0.4768,2.087578577495487,0.6438899824208298,0.0
0.47685,1.9797188860132713,0.6530284127923243,0.0
0.47690000000000005,1.8718591945309355,0.661217517481234,0.0
0.47695000000000004,1.7639995030487197,0.6684669883767438,0.0
0.47700000000000004,1.6561398115665034,0.6747864184212609,0.0
0.47705000000000003,1.5482801200842875,0.0,1.0
0.4771,1.4404204286020712,0.011431908163508503,0.0
0.47715,1.3325607371198553,0.021891075990207468,0.0
0.4772,1.224701045637639,0.03138743441499289,0.0
0.47725,1.4839782964172827,0.04284459824155708,0.0
0.4773,1.9747782964169593,0.05808003128302066,0.0
0.47735,2.465578296416193,0.0770551603002814,0.0
0.47740000000000005,2.956378296417007,0.09973180585752389,0.0
0.47745000000000004,3.447178296416799,0.1260721783017525,0.0
0.47750000000000004,3.9379782964167,0.1560388737834364,0.0
0.47755000000000003,4.428778296417268,0.18959487031774688,0.0
0.4776,4.919578296417537,0.22670352388599854,0.0
0.47765,4.953819084812175,0.26370507877052024,0.0
0.4777,4.609296731871041,0.2975945716896967,0.0
0.47775,4.264774378929905,0.3284037744161179,0.0
0.4778,3.9202520259887708,0.35616413435687433,0.0
0.47785,3.5757296730476362,0.38090677786508087,0.0
0.47790000000000005,3.231207320106119,0.4026625135175891,0.0
0.47795000000000004,2.886684967164984,0.4214618353592492,0.0
0.47800000000000004,2.542162614223849,0.437334926114032,0.0
0.47805000000000003,2.197640261282714,0.45031166036338,0.0
0.4781,1.853117908341579,0.46042160769210694,0.0
0.47815,1.5085955554004444,0.4676940358021802,0.0
0.4782,1.1640732024593095,0.4721579135947138,0.0
0.47825,0.8195508495181745,0.47384191422049643,0.0
0.4783,0.47502849657703994,0.47277441809937626,0.0
0.47835,0.30238995094321325,0.47034767310967146,0.0
0.47840000000000005,0.7931899509439309,0.4718409414256032,0.0
0.47845000000000004,0.5519794997084173,0.47140459595346773,0.0
0.47850000000000004,-0.0038629806365837894,0.46656125697818346,0.0
0.47855000000000003,0.021855796655989676,0.4619714820697957,0.0
0.4786,0.04757457394856313,0.45763268253310496,0.0
0.47865,0.252392864575096,0.45496372081050945,0.0
0.4787,0.31817535270574576,0.4528440903850365,0.0
0.47875,0.30387697872200664,0.45063262060653275,0.0
0.4788,0.2895786047382676,0.44833024908455477,0.0
0.47885,0.27528023075452845,0.4459379038563826,0.0
0.47890000000000005,0.2609818567707735,0.4434565034847453,0.0
0.47895000000000004,0.24668348278703442,0.44088695715454923,0.0
0.47900000000000004,0.23238510880329533,0.43823016476861804,0.0
0.47905000000000003,0.21808673481955623,0.43548701704245585,0.0
0.4791,0.20378836083581714,0.4326583955980426,0.0
0.47915,0.18948998685207805,0.42974517305667215,0.0
0.4792,0.17519161286833895,0.42674821313084227,0.0
0.47925,0.16089323888459986,0.42366837071520674,0.0
0.4793,0.14659486490086077,0.42050649197659873,0.0
0.47935,0.13229649091712167,0.41726341444313514,0.0
0.47940000000000005,0.1179981169333667,0.4139399670924112,0.0
0.47945000000000004,0.10369974294962761,0.4105369704387953,0.0
0.47950000000000004,0.08940136896588852,0.40705523661983123,0.0
0.47955000000000003,0.0751029949821494,0.4034955694817598,0.0
0.4796,0.06080462099841033,0.3998587646641664,0.0
0.47965,0.04650624701467121,0.39614560968376483,0.0
0.4797,0.032207873030932144,0.39235688401732544,0.0
0.47975,0.017909499047193023,0.3884933591837569,0.0
0.4798,0.003611125063453957,0.38455579882534985,0.0
0.47985,-0.010687248920285164,0.3805449587881912,0.0
0.47990000000000005,-0.024985622904040106,0.3764615872017574,0.0
0.47995000000000004,-0.03928399688777923,0.372306424557695,0.0
0.48000000000000004,-0.05358237087151829,0.36808020378779743,0.0
0.48005000000000003,-0.0646770432783615,0.363809076544176,0.0
0.4801,-0.06036572915327378,0.3596157710219638,0.0
0.48015,-0.05605441502818606,0.3554994927209026,0.0
0.4802,-0.05174310090309834,0.35145945525197414,0.0
0.48025,-0.04743178677801062,0.34749488025459063,0.0
0.4803,-0.043120472652922896,0.3436049973146306,0.0
0.48035,-0.038809158527835175,0.33978904388331155,0.0
0.48040000000000005,-0.034497844402742665,0.3360462651968909,0.0
0.48045000000000004,-0.030186530277654944,0.33237591419718654,0.0
0.48050000000000004,-0.025875216152567215,0.32877725145290915,0.0
0.48055000000000003,-0.021563902027479494,0.3252495450817974,0.0
0.4806,-0.017252587902391772,0.3217920706735479,0.0
0.48065,-0.01294127377730405,0.31840411121353274,0.0
0.4807,-0.008629959652216329,0.3150849570072947,0.0
0.48075,-0.0043186455271286076,0.3118339056058145,0.0
0.4808,-7.331402040886004e-06,0.3086502617315398,0.0
0.48085,0.0043039827230468425,0.30553333720517056,0.0
0.48090000000000005,0.008615296848139345,0.30248245087319103,0.0
0.48095000000000004,0.012926610973227073,0.29949692853614185,0.0
0.48100000000000004,0.017237925098314788,0.2965761028776246,0.0
0.48105000000000003,0.021549239223402517,0.29371931339403085,0.0
0.4811,0.025860553348490245,0.2909259063249889,0.0
0.48115,0.03017186747357796,0.28819523458452045,0.0
0.4812,0.03448318159866569,0.2855266576929002,0.0
0.48125,0.0387944957237534,0.28291954170921096,0.0
0.4813,0.04310580984884113,0.28037325916458755,0.0
0.48135,0.047417123973928846,0.2778871889961419,0.0
0.48140000000000005,0.1786195617659656,0.2764677888916182,0.0
0.48145000000000004,0.13690156176597165,0.2747317845385225,0.0
0.48150000000000004,0.09518356176597767,0.27268240822409656,0.0
0.48155000000000003,0.053465561765983716,0.27032285923640165,0.0
0.48160000000000003,0.011747561765989734,0.2676563042012146,0.0
0.48165,-0.02997043823400422,0.264685877415485,0.0
0.4817,0.4103269260706026,0.2652401999417098,0.0
0.48175,0.7340220008913403,0.26835787178920584,0.0
0.4818,1.2248220008915036,0.275338952686745,0.0
0.48185,1.7156220008915275,0.2861440001826248,0.0
0.48190000000000005,2.2064220008923234,0.3007339745024166,0.0
0.48195000000000005,1.9215723402929266,0.3129142847506223,0.0
0.48200000000000004,1.9901031663446744,0.32551413879143765,0.0
0.48205000000000003,2.2250436588871008,0.3398499650424184,0.0
0.48210000000000003,1.7015236588871794,0.34988451283636407,0.0
0.48215,1.665624914524178,0.35953170490211545,0.0
0.4822,2.156424914523223,0.3729756446101894,0.0
0.48225,2.6472249145238904,0.39017757007088827,0.0
0.4823,2.678901628902785,0.40745527952357774,0.0
0.48235,2.68641813485854,0.4246162515857605,0.0
0.4824,2.6939346408142955,0.441661678056914,0.0
0.48245000000000005,2.701451146770059,0.45859273856915445,0.0
0.48250000000000004,2.708967652725814,0.47541060071145635,0.0
0.48255000000000003,2.716484158681569,0.49211642015260365,0.0
0.48260000000000003,2.7240006646373245,0.5087113407628859,0.0
0.48265,2.73151717059308,0.5251964947345519,0.0
0.4827,2.739033676548835,0.5415730027010333,0.0
0.48275,2.74655018250459,0.5578419738549516,0.0
0.4828,2.754066688460345,0.57400450606492,0.0
0.48285,2.7615831944161005,0.5900616859911527,0.0
0.4829,2.768488145985469,0.606009735593653,0.0
0.48295000000000005,2.774905655934311,0.6218459004252744,0.0
0.48300000000000004,2.7813231658831454,0.6375713227439591,0.0
0.48305000000000003,2.78774067583198,0.6531871331460694,0.0
0.48310000000000003,2.7941581857808147,0.6686944506854432,0.0
0.48315,2.8005756957296493,0.0,1.0
0.4832,2.806993205678484,0.022277723854591147,0.0
0.48325,2.8134107156273185,0.04437894180506592,0.0
0.4833,2.819828225576153,0.06630545584171528,0.0
0.48335,2.8262457355249877,0.08805904955788743,0.0
0.4834,2.8326632454738223,0.10964148833780658,0.0
0.48345000000000005,2.839080755422664,0.1310545195424742,0.0
0.48350000000000004,2.9380365690501105,0.15303430367524853,0.0
0.48355000000000004,3.1945141091156524,0.17682522705422934,0.0
0.48360000000000003,3.2052077229398472,0.20045813325157494,0.0
0.48365,3.215901336764042,0.2239346355018597,0.0
0.4837,3.226594950588237,0.24725633056976684,0.0
0.48375,3.237288564412432,0.27042479891823334,0.0
0.4838,3.2479821782366267,0.2934416048748783,0.0
0.48385,3.3788394826812866,0.3172619768810216,0.0
0.4839,3.869639482681492,0.3447343992018224,0.0
0.48395000000000005,4.3604394826818105,0.3758215871966234,0.0
0.48400000000000004,4.53175310013714,0.4079510306617578,0.0
0.48405000000000004,4.504287406706499,0.4395344753875209,0.0
0.48410000000000003,4.47682171327586,0.4705774956034668,0.0
0.48415,4.4959643894397505,0.5014555163257238,0.0
0.4842,4.532591255111373,0.5323089854817239,0.0
0.48425,4.569218120782995,0.5631381537241817,0.0
0.4843,4.801242396312699,0.5954940422409513,0.0
0.48435,5.013112128363301,0.6292011076913747,0.0
0.4844,5.028449628363295,0.6626857759728778,0.0
0.48445000000000005,5.043787128363306,0.0,1.0
0.48450000000000004,5.0591246283633,0.0401517827647881,0.0
0.48455000000000004,5.074462128363294,0.0800153727257365,0.0
0.48460000000000003,5.089799628363287,0.1195937121109652,0.0
0.48465,5.101103477383595,0.15885770000768193,0.0
0.4847,5.10243268542627,0.1977313818868885,0.0
0.48475,5.1037618934689455,0.2362187424745212,0.0
0.4848,5.105091101511621,0.2743237258155121,0.0
0.48485,5.106420309554296,0.3120502356891108,0.0
0.4849,5.107749517596972,0.34940213601996634,0.0
0.48495000000000005,5.109078725639648,0.3863832512850122,0.0
0.48500000000000004,5.110407933682324,0.4229973669161974,0.0
0.48505000000000004,5.1117371417249995,0.4592482296991056,0.0
0.48510000000000003,5.113066349767674,0.4951395481675054,0.0
0.48515,5.11439555781035,0.5306749929938717,0.0
0.4852,5.115724765853026,0.5658581973759207,0.0
0.48525,5.1170539738957,0.6006927574191988,0.0
0.4853,5.118383181938376,0.6351822325157648,0.0
0.48535,5.119712389981052,0.6693301457190068,0.0
0.4854,5.1210415980237265,0.0,1.0
0.48545000000000005,5.122370806066404,0.04065373655608257,0.0
0.48550000000000004,5.123700014109079,0.08090297882370977,0.0
0.48555000000000004,5.125029222151754,0.12075185638021324,0.0
0.48560000000000003,5.12635843019443,0.16020445664309832,0.0
0.48565,5.127687638237105,0.19926482530046363,0.0
0.4857,5.1290168462797805,0.2379369667370264,0.0
0.48575,5.130346054322456,0.2762248444557985,0.0
0.4858,5.131675262365131,0.31413238149545714,0.0
0.48585,5.133004470407807,0.35166346084345507,0.0
0.4859,5.134333678450482,0.3888219258449128,0.0
0.48595000000000005,5.135662886493159,0.4256115806073365,0.0
0.48600000000000004,5.1369920945358345,0.462036190401204,0.0
0.48605000000000004,5.138321302578509,0.49809948205646126,0.0
0.48610000000000003,5.139650510621185,0.5338051443549707,0.0
0.48615,5.140979718663861,0.5691568284189531,0.0
0.4862,5.142308926706535,0.6041581480954638,0.0
0.48625,5.143638134749211,0.6388126803369432,0.0
0.4863,5.144967342791887,0.6731239655778833,0.0
0.48635,5.1462965508345615,0.0,1.0
0.4864,5.147625758877237,0.04085417268950189,0.0
0.48645000000000005,5.148954966919914,0.08130180479091789,0.0
0.48650000000000004,5.150284174962589,0.1213470467727339,0.0
0.48655000000000004,5.151613383005265,0.1609940067303268,0.0
0.48660000000000003,5.15294259104794,0.20024675081856144,0.0
0.48665,5.1542717990906155,0.23910930367997135,0.0
0.4867,5.155601007133291,0.27758564886856774,0.0
0.48675,5.156930215175966,0.315679729269322,0.0
0.4868,5.04330051169277,0.352483075199668,0.0
0.48685,4.794106764949773,0.3869329589661703,0.0
0.4869,4.544913018206776,0.4190534076176156,0.0
0.48695000000000005,4.2957192714635015,0.448868202904996,0.0
0.48700000000000004,4.046525524720504,0.4764008837858184,0.0
0.48705000000000004,3.797331777977507,0.5016747489028337,0.0
0.48710000000000003,3.54813803123451,0.524712859037469,0.0
0.48715,3.504333960965337,0.5471681163356209,0.0
0.4872,3.542889374978105,0.5697001179796397,0.0
0.48725,3.810471532629932,0.5941257530370115,0.0
0.4873,4.3012715326296105,0.6221972591361833,0.0
0.48735,4.792071532629942,0.6538774147221518,0.0
0.4874,4.931071983167664,0.0,1.0
0.48745000000000005,4.570694360789754,0.03627535206975996,0.0
0.48750000000000004,4.210316738412244,0.06932022067780294,0.0
0.48755000000000004,3.8499391160347347,0.09916758658962918,0.0
0.48760000000000003,3.4895614936572246,0.12585009386234652,0.0
0.48765000000000003,3.1291838712797153,0.1494000532822056,0.0
0.4877,2.768806248902205,0.16984944576704042,0.0
0.48775,2.4084286265246955,0.18722992573397262,0.0
0.4878,2.0480510041471858,0.20157282443273405,0.0
0.48785,1.687673381769676,0.21290915324495863,0.0
0.4879,1.327295759392166,0.221269606949791,0.0
0.48795000000000005,0.9669181370142566,0.2266845669561527,0.0
0.48800000000000004,0.6065405146367464,0.22918410450202184,0.0
0.48805000000000004,0.24616289225923715,0.22879798382103195,0.0
0.48810000000000003,0.17488318715568105,0.2278500931916271,0.0
0.48815000000000003,0.6656831871554572,0.23080711789584682,0.0
0.4882,1.156483187155582,0.23762919173458072,0.0
0.48825,1.647283187155851,0.24827685551212045,0.0
0.4883,2.138083187155249,0.26271105288095975,0.0
0.48835,2.140541361047934,0.27701739745041265,0.0
0.4884,1.465243550828954,0.28581817875286225,0.0
0.48845000000000005,0.7899457406092245,0.2891696043786548,0.0
0.48850000000000005,1.1064861007880233,0.2949990395927315,0.0
0.48855000000000004,1.5972861007879444,0.3046641988268082,0.0
0.48860000000000003,2.0880861007878657,0.3181259222721669,0.0
0.48865000000000003,2.5788861007883277,0.33534544991179205,0.0
0.4887,3.0696861007885965,0.3562844174387926,0.0
0.48875,2.978418424980968,0.37628526748787755,0.0
0.4888,2.3439822918589135,0.3910467167486962,0.0
0.48885,1.709546158736859,0.4006222554962513,0.0
0.4889,1.0751100256148045,0.4050648279107469,0.0
0.48895,0.4406738924927498,0.40442683765279824,0.0
0.48900000000000005,-0.07039019336813371,0.39973929661395513,0.0
0.48905000000000004,-0.06993019698554338,0.3951032625490717,0.0
0.48910000000000003,-0.06947020060295304,0.3905182096113359,0.0
0.48915000000000003,-0.0690102042203627,0.38598361732242936,0.0
0.4892,-0.06855020783777238,0.38149897051771947,0.0
0.48925,-0.06809021145518204,0.3770637592920104,0.0
0.4893,-0.0676302150725917,0.37267747894584846,0.0
0.48935,-0.06717021869000138,0.36833962993237535,0.0
0.4894,-0.06671022230741104,0.3640497178047241,0.0
0.48945,-0.0662502259248207,0.3598072531639522,0.0
0.48950000000000005,-0.06579022954222986,0.35561175160750597,0.0
0.48955000000000004,-0.06533023315963953,0.3514627336782114,0.0
0.48960000000000004,-0.06487023677704919,0.3473597248137856,0.0
0.48965000000000003,-0.06441024039445886,0.3433022552968634,0.0
0.4897,-0.06395024401186852,0.33928986020553503,0.0
0.48975,-0.06349024762927818,0.33532207936438757,0.0
0.4898,-0.06303025124668786,0.3313984572960473,0.0
0.48985,-0.06257025486409752,0.327518543173216,0.0
0.4899,-0.06211025848150718,0.3236818907711975,0.0
0.48995,-0.06165026209891685,0.31988805842090856,0.0
0.49000000000000005,-0.061190265716326006,0.3161366089623693,0.0
0.49005000000000004,-0.060730269333735674,0.312427109698669,0.0
0.49010000000000004,-0.06027027295114534,0.3087591323504015,0.0
0.49015000000000003,-0.059810276568555004,0.3051322530105658,0.0
0.4902,-0.05935028018596467,0.3015460520999272,0.0
0.49025,-0.058890283803374334,0.2980001143228341,0.0
0.4903,-0.058430287420784,0.2944940286234858,0.0
0.49035,-0.057970291038193664,0.29102738814264706,0.0
0.4904,-0.05751029465560333,0.2875997901748043,0.0
0.49045,-0.057050298273013,0.28421083612575915,0.0
0.49050000000000005,-0.056590301890422155,0.28086013147065514,0.0
0.49055000000000004,-0.056130305507831824,0.277547285712433,0.0
0.49060000000000004,-0.055670309125241485,0.27427191234070963,0.0
0.49065000000000003,-0.05521031274265115,0.27103362879107745,0.0
0.4907,-0.05475031636006082,0.26783205640481883,0.0
0.49075,-0.05429031997747048,0.2646668203890321,0.0
0.4908,-0.053830323594880145,0.26153754977716454,0.0
0.49085,-0.05337032721228981,0.25844387738994806,0.0
0.4909,-0.05291033082969948,0.25538543979673417,0.0
0.49095,-0.05245033444710914,0.25236187727722337,0.0
0.49100000000000005,-0.051990338064518304,0.24937283378358527,0.0
0.49105000000000004,-0.051530341681927966,0.24641795690296553,0.0
0.49110000000000004,-0.05107034529933763,0.24349689782037556,0.0
0.49115000000000003,-0.0506103489167473,0.24060931128196103,0.0
0.4912,-0.050150352534156964,0.2377548555586454,0.0
0.49125,-0.049690356151566625,0.23493319241014463,0.0
0.4913,-0.049230359768976294,0.23214398704934933,0.0
0.49135,-0.04877036338638596,0.22938690810707044,0.0
0.4914,-0.04831036700379562,0.2266616275971449,0.0
0.49145,-0.042132582080761066,0.22401320015602802,0.0
0.49150000000000005,-0.024531693473950646,0.22153150072570965,0.0
0.49155000000000004,-0.006930804867159759,0.21921482714071142,0.0
0.49160000000000004,0.010670083739631117,0.21706149461336285,0.0
0.49165000000000003,0.028270972346422008,0.21506983555638706,0.0
0.4917,0.045871860953212884,0.21323819940729793,0.0
0.49175,0.06571815073618244,0.21158277309884538,0.0
0.4918,0.35603715531882646,0.2122483665109366,0.0
0.49185,0.39363034680816095,0.2132055233859438,0.0
0.4919,0.4230204393034751,0.2143861631236257,0.0
0.49195,0.4263897756879144,0.21558149019748413,0.0
0.49200000000000005,0.42975911207235745,0.21679135466104946,0.0
0.49205000000000004,0.43312844845679677,0.2180156080986908,0.0
0.49210000000000004,0.436497784841236,0.21925410360998743,0.0
0.49215000000000003,0.43986712122567534,0.22050669579425952,0.0
0.4922,0.44323645761011465,0.22177324073525698,0.0
0.49225,0.4466057939945539,0.2230535959860046,0.0
0.4923,0.4499751303789932,0.22434762055380184,0.0
0.49235,0.45334446676343254,0.22565517488537576,0.0
0.4924,0.4567138031478718,0.22697612085218566,0.0
0.49245,0.4600831395323111,0.22831032173587756,0.0
0.49250000000000005,0.46345247591675415,0.2296576422138874,0.0
0.49255000000000004,0.46682181230119346,0.23101794834519088,0.0
0.49260000000000004,0.4701911486856328,0.23239110755619918,0.0
0.49265000000000003,0.4735604850700721,0.23377698862679844,0.0
0.4927,0.47692982145451135,0.23517546167653178,0.0
0.49275,0.48029915783895066,0.2365863981509225,0.0
0.4928,0.48366849422339,0.23800967080793675,0.0
0.49285,0.48703783060782924,0.23944515370458452,0.0
0.4929,0.49040716699226855,0.24089272218365745,0.0
0.49295,0.49377650337670786,0.2423522528606019,0.0
0.49300000000000005,0.4971458397611509,0.24382362361052626,0.0
0.49305000000000004,0.847329805263495,0.2480592106118318,0.0
0.49310000000000004,1.3381298052633572,0.2561467936044289,0.0
0.49315000000000003,1.8289298052623981,0.2680470466552108,0.0
0.4932,2.319729805262649,0.28372104531878795,0.0
0.49325,2.810529805262729,0.3031302625385781,0.0
0.4933,3.3013298052629056,0.3262365645897838,0.0
0.49335,3.098101448650053,0.3474940455033517,0.0
0.4934,2.588867645833556,0.36449296567672596,0.0
0.49345,2.079633843017059,0.377276801758156,0.0
0.49350000000000005,2.269732718893502,0.39143884588726896,0.0
0.49355000000000004,2.7605327188942206,0.40935154447206806,0.0
0.49360000000000004,3.251332718893674,0.43097660619901657,0.0
0.49365000000000003,3.742132718894103,0.4562761306796219,0.0
0.4937,3.6548764342995947,0.48062485616892847,0.0
0.49375,3.5644835284333047,0.5040075957778578,0.0
0.4938,3.547950011936123,0.527020397113385,0.0
0.49385,3.634177932164036,0.5504826039204918,0.0
0.4939,3.7204058523919494,0.5743896281130145,0.0
0.49395,3.8066337726198625,0.5987369284456403,0.0
0.49400000000000005,4.1829356325250595,0.6258221841601207,0.0
0.49405000000000004,4.67373563252539,0.6565261582235504,0.0
0.49410000000000004,5.007255155362028,0.0,1.0
0.49415000000000003,5.016864191506606,0.039816382472274654,0.0
0.49420000000000003,5.026473227651184,0.07930253232233261,0.0
0.49425,5.036082263795763,0.11846182097268787,0.0
0.4943,5.045691299940342,0.15729758542620897,0.0
0.49435,5.05530033608492,0.19581312861751723,0.0
0.4944,5.064909372229498,0.23401171976079763,0.0
0.49445,5.074518408374076,0.27189659469405847,0.0
0.49450000000000005,5.084127444518665,0.30947095621987697,0.0
0.49455000000000005,5.093736480663243,0.34673797444266513,0.0
0.49460000000000004,5.1033455168078214,0.38370078710249367,0.0
0.49465000000000003,5.111911904068216,0.4203542249143624,0.0
0.49470000000000003,5.113123549594733,0.45664307539272014,0.0
0.49475,5.11433519512125,0.492571060695409,0.0
0.4948,5.1155468406477675,0.5281418649798862,0.0
0.49485,5.116758486174285,0.563359134791179,0.0
0.4949,5.117970131700802,0.5982264794458787,0.0
0.49495,5.11918177722732,0.6327474714122144,0.0
0.49500000000000005,5.120393422753838,0.6669256466862472,0.0
0.49505000000000005,5.121605068280355,0.0,1.0
0.49510000000000004,5.1228167138068725,0.04065727550640376,0.0
0.49515000000000003,5.124028359333391,0.0809090875585334,0.0
0.49520000000000003,5.125240004859908,0.12075957562816238,0.0
0.49525,5.126451650386425,0.16021283692622312,0.0
0.4953,5.127663295912942,0.19927292683425799,0.0
0.49535,5.128874941439459,0.23794385933146528,0.0
0.4954,5.130086586965977,0.27622960741738556,0.0
0.49545,5.131298232492494,0.3141341035302726,0.0
0.4955,5.132509878019011,0.3516612399611931,0.0
0.49555000000000005,5.13372152354553,0.3888148692638987,0.0
0.49560000000000004,5.134933169072047,0.4255988046605137,0.0
0.49565000000000003,5.136144814598564,0.46201682044308073,0.0
0.49570000000000003,5.137356460125082,0.49807265237100734,0.0
0.49575,5.1385681056516,0.5337699980644546,0.0
0.4958,5.139779751178117,0.5691125173937095,0.0
0.49585,5.140991396704634,0.6041038328645825,0.0
0.4959,5.142203042231151,0.6387475299998702,0.0
0.49595,5.1434146877576685,0.6730471577169237,0.0
0.496,5.144626333284186,0.0,1.0
0.49605000000000005,5.145837978810705,0.04083998395881512,0.0
0.49610000000000004,5.147049624337222,0.08127263914979074,0.0
0.49615000000000004,5.148261269863739,0.12130212408812521,0.0
0.49620000000000003,5.149472915390256,0.16093255483375712,0.0
0.49625,5.1506845609167735,0.20016800542480104,0.0
0.4963,5.151896206443291,0.23901250830655807,0.0
0.49635,5.153107851969809,0.2774700547561469,0.0
0.4964,5.154319497496326,0.3155445953027992,0.0
0.49645,5.155531143022843,0.3532400401438646,0.0
0.4965,5.15674278854936,0.39056025955656826,0.0
0.49655000000000005,5.157954434075879,0.42750908430556483,0.0
0.49660000000000004,5.159166079602397,0.4640903060463315,0.0
0.49665000000000004,5.160377725128914,0.500307677724443,0.0
0.49670000000000003,5.161589370655431,0.5361649139707697,0.0
0.49675,5.162801016181948,0.571665691492642,0.0
0.4968,5.164012661708465,0.6068136494610202,0.0
0.49685,5.1637589808304,0.6416007603190729,0.0
0.4969,5.147096920079952,0.6759004828027414,0.0
0.49695,5.130434859329505,0.0,1.0
0.497,5.113772798579056,0.04058549840142109,0.0
0.49705000000000005,5.09711073782859,0.08062441132619337,0.0
0.49710000000000004,5.0804486770781425,0.12012231899401007,0.0
0.49715000000000004,5.063786616327695,0.15908474465478886,0.0
0.49720000000000003,5.0471245555772475,0.19751715517028992,0.0
0.49725,5.0304624948268,0.23542496158979584,0.0
0.4973,5.0138004340763525,0.27281351971991435,0.0
0.49735,4.997138373325904,0.3096881306885638,0.0
0.4974,4.9804763125754565,0.3460540415032008,0.0
0.49745,4.956886918171829,0.38186146676483124,0.0
0.4975,4.915390708259311,0.4169739906004229,0.0
0.49755000000000005,4.873894498346747,0.45139870742208105,0.0
0.49760000000000004,4.832398288434229,0.4851426392133899,0.0
0.49765000000000004,4.790902078521711,0.5182127362688512,0.0
0.49770000000000003,4.749405868609193,0.5506158779257754,0.0
0.49775,5.055370596105744,0.5851164997760737,0.0
0.4978,5.001839750900027,0.6188400486852144,0.0
0.49785,4.91952620829918,0.6515660238673177,0.0
0.4979,4.837212665698333,0.0,1.0
0.49795,4.754899123097486,0.03773729462775783,0.0
0.498,4.672585580496639,0.07443603825436697,0.0
0.49805000000000005,3.3440736493530716,0.10021637029014221,0.0
0.49810000000000004,1.5411852071408,0.11142486642213593,0.0
0.49815000000000004,-0.002620662999911705,0.11026650483997702,0.0
0.49820000000000003,0.4881793370002346,0.11301520733890696,0.0
0.49825,0.9789793370002368,0.11963108578274323,0.0
0.4983,1.4697793370004955,0.1300746592626708,0.0
0.49835,1.960579336999191,0.14430684993974463,0.0
0.4984,2.451379336999409,0.16228897892989336,0.0
0.49845,2.9421793369996783,0.18398276223085908,0.0
0.4985,3.4329793369994768,0.20935030669076354,0.0
0.49855000000000005,3.9237793369999197,0.2383541060178377,0.0
0.49860000000000004,4.414579337000126,0.2709570368308601,0.0
0.49865000000000004,0.0,0.26819077271025643,0.0
0.49870000000000003,0.0,0.2654527500307109,0.0
0.49875,0.0,0.262742680468709,0.0
0.4988,0.0,0.26006027864429904,0.0
0.49885,0.0,0.25740526209104014,0.0
0.4989,0.0,0.2547773512262579,0.0
0.49895,0.0,0.2521762693216031,0.0
0.499,0.0,0.2496017424739114,0.0
0.49905000000000005,0.0,0.24705349957636027,0.0
0.49910000000000004,0.0,0.24453127228992053,0.0
0.49915000000000004,0.0,0.2420347950150992,0.0
0.49920000000000003,0.0,0.23956380486397102,0.0
0.49925,0.0,0.23711804163249542,0.0
0.4993,0.0,0.23469724777311604,0.0
0.49935,0.0,0.23230116836764014,0.0
0.4994,0.0,0.22992955110039476,0.0
0.49945,0.0,0.22758214623165696,0.0
0.4995,0.0,0.2252587065713554,0.0
0.49955000000000005,0.0,0.22295898745304035,0.0
0.49960000000000004,0.0,0.22068274670811935,0.0
0.49965000000000004,0.0,0.21842974464035608,0.0
0.49970000000000003,0.0,0.2161997440006295,0.0
0.49975,0.0,0.21399250996195063,0.0
0.4998,0.0,0.21180781009473446,0.0
0.49985,0.0,0.20964541434232428,0.0
0.4999,0.0,0.20750509499676592,0.0
0.49995,0.0,0.20538662667482924,0.0
