t,Vin_sim,Vc_sim,Vout_sim
0.0,0.0,0.0,0.0
5e-05,0.0,0.0,0.0
0.0001,0.0,0.0,0.0
0.00015000000000000001,0.0,0.0,0.0
0.0002,0.0,0.0,0.0
0.00025,0.0,0.0,0.0
0.00030000000000000003,0.0,0.0,0.0
0.00035,0.0,0.0,0.0
0.0004,0.0,0.0,0.0
0.00045000000000000004,0.0,0.0,0.0
0.0005,0.0,0.0,0.0
0.00055,0.0,0.0,0.0
0.0006000000000000001,0.0,0.0,0.0
0.0006500000000000001,0.0,0.0,0.0
0.0007,0.0,0.0,0.0
0.00075,0.0,0.0,0.0
0.0008,0.0,0.0,0.0
0.0008500000000000001,0.0,0.0,0.0
0.0009000000000000001,0.0,0.0,0.0
0.00095,0.0,0.0,0.0
0.001,0.0,0.0,0.0
0.0010500000000000002,0.0,0.0,0.0
0.0011,0.0,0.0,0.0
0.00115,0.0,0.0,0.0
0.0012000000000000001,0.0,0.0,0.0
0.00125,0.0,0.0,0.0
0.0013000000000000002,0.0,0.0,0.0
0.00135,0.0,0.0,0.0
0.0014,0.0,0.0,0.0
0.0014500000000000001,0.0,0.0,0.0
0.0015,0.0,0.0,0.0
0.0015500000000000002,0.0,0.0,0.0
0.0016,0.0,0.0,0.0
0.00165,0.0,0.0,0.0
0.0017000000000000001,0.0,0.0,0.0
0.00175,0.0,0.0,0.0
0.0018000000000000002,0.0,0.0,0.0
0.00185,0.0,0.0,0.0
0.0019,0.0,0.0,0.0
0.0019500000000000001,0.0,0.0,0.0
0.002,0.0,0.0,0.0
0.00205,0.0,0.0,0.0
0.0021000000000000003,0.0,0.0,0.0
0.00215,0.0,0.0,0.0
0.0022,0.0,0.0,0.0
0.0022500000000000003,0.0,0.0,0.0
0.0023,0.0,0.0,0.0
0.00235,0.0,0.0,0.0
0.0024000000000000002,0.0,0.0,0.0
0.00245,-0.06623781832237836,-0.0003202989280579225,0.0
0.0025,-0.06293562185918221,-0.0006221912345924481,0.0
0.00255,-0.059633425395986046,-0.0009058170559817128,0.0
0.0026000000000000003,-0.05633122893278989,-0.001171315461694075,0.0
0.00265,-0.05302903246959376,-0.0014188244624108914,0.0
0.0027,-0.04972683600639761,-0.0016484810180874528,0.0
0.0027500000000000003,-0.04642463954320145,-0.0018604210459525472,0.0
0.0028,-0.043122443080005325,-0.0020547794284471207,0.0
0.00285,-0.03982024661680917,-0.002231690021102497,0.0
0.0029000000000000002,-0.03651805015361301,-0.0023912856603586193,0.0
0.00295,-0.03321585369041689,-0.0025336981713227663,0.0
0.003,-0.02991365722722073,-0.0026590583754692,0.0
0.00305,-0.026611460764024576,-0.0027674960982801947,0.0
0.0031000000000000003,-0.023309264300828414,-0.0028591401768288866,0.0
0.00315,-0.020007067837632286,-0.0029341184673044,0.0
0.0032,-0.01670487137443613,-0.002992557852479675,0.0
0.0032500000000000003,-0.013402674911239976,-0.0030345842491224444,0.0
0.0033,-0.010100478448043848,-0.0030603226153497866,0.0
0.00335,-0.006798281984847693,-0.003069896957926685,0.0
0.0034000000000000002,-0.0034960855216515374,-0.0030634303395090205,0.0
0.0034500000000000004,-0.00019388905845538207,-0.003041044885831423,0.0
0.0035,0.0031083074047407455,-0.003002861792840397,0.0
0.00355,0.006410503867936901,-0.002949001333773139,0.0
0.0036000000000000003,0.009712700331133056,-0.0028795828661824646,0.0
0.00365,0.013014896794329184,-0.00279472483890825,0.0
0.0037,0.01631709325752534,-0.0026945447989957967,0.0
0.0037500000000000003,0.019619289720721494,-0.0025791593985615264,0.0
0.0038,0.022921486183917622,-0.002448684401606403,0.0
0.00385,0.026223682647113777,-0.0023032346907774824,0.0
0.0039000000000000003,0.029525879110309933,-0.0021429242740779843,0.0
0.00395,0.19008869207350695,-0.0012074184361104108,0.0
0.004,0.14703606049457985,-0.0004872198203297837,0.0
0.00405,0.5470304160401482,0.0021617043410797412,0.0
0.0041,1.8095956334312429,0.010895708935087954,0.0
0.00415,2.045133547020772,0.020702183106362806,0.0
0.004200000000000001,2.002971411908155,0.03023011818725483,0.0
0.00425,0.45146216738553396,0.03218305109707452,0.0
0.0043,0.9422621673857579,0.03649442315404114,0.0
0.004350000000000001,1.4330621673861144,0.04314627869368345,0.0
0.0044,1.9238621673861336,0.0521207987546042,0.0
0.00445,2.4146621673859743,0.06340030003771242,0.0
0.0045000000000000005,2.8796084993310593,0.0768422161361678,0.0
0.00455,2.8949459993310613,0.09025595984524262,0.0
0.0046,2.9102834993310633,0.10364174565169679,0.0
0.0046500000000000005,2.925620999331066,0.11699978640932361,0.0
0.0047,2.940958499331068,0.13033029335138221,0.0
0.00475,2.9562959993310702,0.14363347610293528,0.0
0.0048000000000000004,2.9716334993310722,0.15690954269309274,0.0
0.00485,2.9789077240098503,0.17011970887411978,0.0
0.0049,2.983574897840204,0.18325186974120314,0.0
0.00495,2.9882420716705576,0.196306619177482,0.0
0.005,2.992909245500911,0.20928454654464473,0.0
0.005050000000000001,2.997576419331265,0.22218623671735255,0.0
0.0051,3.0022435931616185,0.23501227011740072,0.0
0.00515,3.006910766991972,0.24776322274762003,0.0
0.005200000000000001,3.0115779408223258,0.26043966622551984,0.0
0.00525,3.016245114652679,0.2730421678166753,0.0
0.0053,3.0209122884830326,0.28557129046786,0.0
0.005350000000000001,3.0255794623133863,0.2980275928399269,0.0
0.0054,3.03024663614374,0.31041162934043837,0.0
0.00545,3.0349138099740935,0.3227239501560481,0.0
0.0055000000000000005,3.039580983804447,0.3349651012846365,0.0
0.00555,3.044248157634801,0.3471356245672015,0.0
0.0056,3.0489153314651545,0.359236057719506,0.0
0.0056500000000000005,3.053582505295508,0.37126693436348523,0.0
0.0057,3.0582496791258613,0.38322878405841443,0.0
0.00575,3.196273821912504,0.39576699194961623,0.0
0.0058000000000000005,3.6870738219119223,0.41058304939711315,0.0
0.00585,4.02770989169637,0.4269334831040282,0.0
0.0059,4.038763945750426,0.44321288781935686,0.0
0.00595,4.049817999804482,0.45942180431293095,0.0
0.006,4.060872053858538,0.4755607692375025,0.0
0.006050000000000001,4.071926107912594,0.491630315160089,0.0
0.0061,4.08298016196665,0.5076309705930792,0.0
0.00615,4.127876735544145,0.5237269085721213,0.0
0.006200000000000001,4.618676735543619,0.5420736098000526,0.0
0.00625,4.964485651088724,0.5619528209589456,0.0
0.0063,4.9200916812394855,0.5814660133392202,0.0
0.006350000000000001,4.878309278211722,0.6006286020426851,0.0
0.0064,4.913965688468131,0.6198177186906908,0.0
0.00645,4.949622098724539,0.6390331613162409,0.0
0.006500000000000001,4.985278508980949,0.0,1.0
0.00655,5.018505353636482,0.02426743401178183,0.0
0.0066,5.025472985663739,0.048383803736167554,0.0
0.0066500000000000005,5.032440617690996,0.07235025928112644,0.0
0.0067,5.039408249718254,0.09616794199843287,0.0
0.00675,5.046375881745511,0.11983798455033047,0.0
0.0068000000000000005,5.053343513772768,0.1433615109756887,0.0
0.00685,5.060311145800026,0.16673963675565578,0.0
0.006900000000000001,5.0672787778272825,0.18997346887881175,0.0
0.0069500000000000004,5.07424640985454,0.21306410590582556,0.0
0.007,5.081214041881797,0.2360126380336198,0.0
0.007050000000000001,5.088181673909054,0.258820147159047,0.0
0.0071,5.095149305936312,0.28148770694208114,0.0
0.00715,5.102116937963569,0.30401638286852795,0.0
0.007200000000000001,5.109084569990826,0.326407232312258,0.0
0.00725,5.116052202018084,0.34866130459696576,0.0
0.0073,5.123019834045341,0.3707796410574585,0.0
0.007350000000000001,5.129987466072598,0.3927632751004787,0.0
0.0074,5.104348662890738,0.4144555609149225,0.0
0.00745,5.054973059882179,0.435743935211492,0.0
0.007500000000000001,5.005597456873619,0.456631473117099,0.0
0.00755,4.95622185386506,0.4771212263465833,0.0
0.0076,4.906846250856501,0.4972162233809576,0.0
0.0076500000000000005,4.857470647847941,0.5169194696442949,0.0
0.0077,4.808095044839382,0.5362339476792696,0.0
0.00775,4.758719441830823,0.5551626173213619,0.0
0.0078000000000000005,4.709343838822263,0.5737084158717362,0.0
0.007850000000000001,4.659968235813703,0.591874258268803,0.0
0.0079,4.610592632805144,0.6096630372584749,0.0
0.00795,4.561217029796585,0.627077623563126,0.0
0.008,4.511841426788026,0.6441208660492654,0.0
0.00805,4.462465823779467,0.0,1.0
0.0081,4.413090220770908,0.021339894684578857,0.0
0.008150000000000001,4.363714617762347,0.042278560734536216,0.0
0.0082,4.314339014753788,0.06281905285100717,0.0
0.00825,4.264963411745229,0.08296440247856374,0.0
0.0083,4.21558780873667,0.10271761798227574,0.0
0.00835,4.166212205728111,0.12208168482342348,0.0
0.008400000000000001,4.11683660271955,0.14105956573387268,0.0
0.008450000000000001,4.067460999710991,0.15965420088912197,0.0
0.0085,4.018085396702432,0.17786850808003268,0.0
0.00855,3.968709793693873,0.19570538288325146,0.0
0.0086,3.919334190685314,0.21316769883033515,0.0
0.00865,3.869958587676755,0.23025830757558818,0.0
0.008700000000000001,3.8205829846681945,0.24698003906262217,0.0
0.00875,3.7712073816596354,0.26333570168964743,0.0
0.0088,3.7218317786510764,0.2793280824735059,0.0
0.00885,3.6724561756425174,0.2949599472124555,0.0
0.0089,3.6230805726339583,0.3102340406477151,0.0
0.00895,3.5737049696253993,0.3251530866237792,0.0
0.009000000000000001,3.5243293666168385,0.3397197882475126,0.0
0.00905,3.4749537636082795,0.3539368280460336,0.0
0.0091,3.4255781605997204,0.3678068681233951,0.0
0.00915,3.3762025575911614,0.3813325503160729,0.0
0.0092,3.3268269545826024,0.3945164963472703,0.0
0.009250000000000001,3.277451351574042,0.4073613079800479,0.0
0.009300000000000001,3.228075748565483,0.41986956716928714,0.0
0.00935,3.178700145556924,0.4320438362124977,0.0
0.0094,3.1293245425483645,0.4438866578994761,0.0
0.00945,3.5779087854919522,0.45780848528341767,0.0
0.0095,4.068708785492017,0.473997628219675,0.0
0.009550000000000001,4.559508785491792,0.4924368248012102,0.0
0.009600000000000001,5.050308785492179,0.5131089445422357,0.0
0.00965,4.944597331420936,0.5331125025900677,0.0
0.0097,4.68870230921948,0.5517263627992199,0.0
0.00975,4.432807287018024,0.5689611054503575,0.0
0.0098,4.176912264816568,0.5848272302725784,0.0
0.009850000000000001,3.921017242615104,0.5993351570566819,0.0
0.0099,3.6651222204136484,0.6124952262637686,0.0
0.00995,3.409227198212193,0.624317699629206,0.0
0.01,3.1533321760107373,0.6348127607619971,0.0
0.01005,2.897437153809282,0.6439905157395847,0.0
0.010100000000000001,2.641542131607817,0.0,1.0
0.010150000000000001,2.3856471094063614,0.011536011167342174,0.0
0.0102,2.129752087204906,0.021746791044089928,0.0
0.01025,1.8738570650034503,0.03064242910337227,0.0
0.0103,1.6179620428019947,0.03823293800344919,0.0
0.01035,1.3620670206005387,0.04452825417253149,0.0
0.010400000000000001,1.1061719983990743,0.049538238389148136,0.0
0.010450000000000001,0.8502769761976188,0.05327267635809523,0.0
0.0105,0.5943819539961632,0.055741279281999845,0.0
0.01055,0.3384869317947077,0.05695368442853242,0.0
0.0106,0.08259190959325213,0.056919455693300834,0.0
0.01065,0.3831233536499973,0.05833873438214454,0.0
0.010700000000000001,0.8739233536504193,0.062120515123955625,0.0
0.010750000000000001,1.3647233536498364,0.06824681132186132,0.0
0.0108,1.8555233536502242,0.07669977331757444,0.0
0.01085,2.346323353649888,0.0874616873488118,0.0
0.0109,2.8371233536500458,0.10051497451468207,0.0
0.01095,2.5956822388134357,0.11230137197892442,0.0
0.011000000000000001,1.776474858739585,0.12003668429770527,0.0
0.01105,0.9572674786657629,0.12375175387190115,0.0
0.0111,0.13806009859194024,0.12347718828784926,0.0
0.01115,-0.06766859611526164,0.12220989346565059,0.0
0.0112,-0.06760075295993749,0.12095257508662216,0.0
0.011250000000000001,-0.06753290980461334,0.1197051571964336,0.0
0.011300000000000001,-0.06746506664928918,0.11846756441902276,0.0
0.01135,-0.06739722349396503,0.11723972195219316,0.0
0.0114,-0.06732938033864087,0.11602155556324499,0.0
0.01145,-0.06726153718331672,0.11481299158463923,0.0
0.0115,-0.06719369402799256,0.11361395690969496,0.0
0.011550000000000001,-0.06712585087266841,0.11242437898831929,0.0
0.011600000000000001,-0.06705800771734426,0.11124418582276988,0.0
0.01165,-0.0669901645620201,0.11007330596344964,0.0
0.0117,-0.06692232140669595,0.10891166850473356,0.0
0.01175,-0.0668544782513718,0.10775920308082726,0.0
0.0118,-0.06678663509604764,0.10661583986165697,0.0
0.011850000000000001,-0.06671879194072348,0.10548150954879097,0.0
0.0119,-0.06665094878539933,0.104356143371392,0.0
0.01195,-0.06658310563007518,0.10323967308220046,0.0
0.012,-0.06651526247475102,0.10213203095354823,0.0
0.01205,-0.06644741931942687,0.10103314977340283,0.0
0.012100000000000001,-0.06637957616410271,0.0999429628414417,0.0
0.012150000000000001,-0.06631173300877856,0.09886140396515639,0.0
0.0122,-0.0662438898534544,0.0977884074559863,0.0
0.01225,-0.06617604669813025,0.09672390812548205,0.0
0.0123,-0.0661082035428061,0.09566784128149788,0.0
0.01235,-0.06604036038748194,0.09462014272441312,0.0
0.012400000000000001,-0.06597251723215779,0.0935807487433824,0.0
0.012450000000000001,-0.06590467407683363,0.0925495961126145,0.0
0.0125,-0.06583683092150948,0.09152662208767934,0.0
0.01255,-0.06576898776618532,0.09051176440184328,0.0
0.0126,-0.06570114461086117,0.08950496126243221,0.0
0.01265,-0.06563330145553702,0.0885061513472224,0.0
0.012700000000000001,-0.06556545830021286,0.08751527380085873,0.0
0.012750000000000001,-0.06549761514488871,0.0865322682313003,0.0
0.0128,-0.06542977198956455,0.08555707470629298,0.0
0.01285,-0.0653619288342404,0.08458963374986898,0.0
0.0129,-0.06529408567891624,0.08362988633887292,0.0
0.012950000000000001,-0.06522624252359209,0.08267777389951435,0.0
0.013000000000000001,-0.06515839936826794,0.08173323830394669,0.0
0.01305,-0.06509055621294378,0.08079622186687199,0.0
0.0131,-0.06502271305761963,0.07986666734217171,0.0
0.01315,-0.06495486990229547,0.07894451791956306,0.0
0.0132,-0.06488702674697132,0.0780297172212808,0.0
0.013250000000000001,-0.06481918359164716,0.07712220929878436,0.0
0.013300000000000001,-0.06475134043632301,0.07622193862948999,0.0
0.01335,-0.06468349728099886,0.07532885011352779,0.0
0.0134,-0.0646156541256747,0.0744428890705234,0.0
0.01345,-0.06454781097035055,0.0735640012364043,0.0
0.0135,-0.06447996781502639,0.07269213276023029,0.0
0.013550000000000001,-0.06441212465970224,0.07182723020104816,0.0
0.013600000000000001,-0.06434428150437808,0.07096924052477036,0.0
0.01365,-0.06427643834905393,0.07011811110107732,0.0
0.0137,-0.0520009268860188,0.06933282097842719,0.0
0.01375,-0.038260725318270225,0.06861995153874917,0.0
0.013800000000000002,-0.02452052375052117,0.06797895141675327,0.0
0.013850000000000001,-0.010780322182772598,0.06740927344489621,0.0
0.013900000000000001,0.0029598793849759802,0.06691037462142244,0.0
0.01395,0.016700080952724558,0.0664817160786484,0.0
0.014,0.32395540359787933,0.06754208181878728,0.0
0.01405,0.814755403597791,0.07096768214814893,0.0
0.014100000000000001,1.1967558644522465,0.07621439970887907,0.0
0.014150000000000001,1.2042723704080036,0.08145751882009614,0.0
0.0142,1.2117888763637608,0.0866970668781195,0.0
0.01425,1.219305382319518,0.09193307107069026,0.0
0.0143,1.226821888275275,0.09716555837855927,0.0
0.01435,1.2343383942310322,0.10239455557706298,0.0
0.014400000000000001,1.2418549001867898,0.10762008923768737,0.0
0.014450000000000001,1.249371406142547,0.11284218572961995,0.0
0.0145,1.256887912098304,0.11806087122128985,0.0
0.01455,1.2644044180540612,0.12327617168189638,0.0
0.0146,1.2719209240098184,0.12848811288292578,0.0
0.014650000000000002,1.2794374299655757,0.13369672039965644,0.0
0.014700000000000001,1.286953935921333,0.1389020196126528,0.0
0.014750000000000001,1.297860971592931,0.14412043092063964,0.0
0.0148,1.3094546723803306,0.14935517492734365,0.0
0.01485,1.32104837316773,0.15460612728592366,0.0
0.0149,1.3326420739551295,0.15987316459623668,0.0
0.014950000000000001,1.3442357747425293,0.16515616439763045,0.0
0.015000000000000001,1.3558294755299287,0.17045500516179063,0.0
0.015050000000000001,1.364570370960991,0.17575577128875514,0.0
0.0151,1.3712630982337197,0.18104854401868303,0.0
0.01515,1.3779558255064484,0.1863333842082453,0.0
0.0152,1.3846485527791772,0.19161035225078868,0.0
0.015250000000000001,1.391341280051906,0.19687950807986318,0.0
0.015300000000000001,1.3980340073246347,0.20214091117272265,0.0
0.01535,1.5963670581246097,0.2083213145747235,0.0
0.0154,2.087167058125011,0.21682797183649077,0.0
0.01545,2.5779670581244285,0.22764317233197584,0.0
0.0155,3.0687670581248163,0.24074934027264813,0.0
0.015550000000000001,3.5595670581242507,0.25612903368090884,0.0
0.015600000000000001,4.050367058124656,0.2737649433713577,0.0
0.01565,4.238015735192309,0.2921739764517137,0.0
0.015700000000000002,4.2487093490165035,0.31049456472531556,0.0
0.01575,4.2594029628406975,0.3287273815549999,0.0
0.0158,4.270096576664892,0.3468730951770447,0.0
0.01585,4.280790190489086,0.36493236874019913,0.0
0.0159,4.291483804313281,0.3829058603444173,0.0
0.015950000000000002,4.4911699717561575,0.40170811357068265,0.0
0.016,4.888767827800704,0.42228983852281554,0.0
0.016050000000000002,4.861302134370057,0.44258205440367854,0.0
0.0161,4.833836440939412,0.46258696535228944,0.0
0.01615,4.824995138770259,0.4823968186458046,0.0
0.0162,4.861622004441905,0.5022329647449697,0.0
0.01625,4.898248870113554,0.522095203472987,0.0
0.016300000000000002,4.934875735785203,0.5419833361770783,0.0
0.01635,5.0174236554939275,0.5621192211039083,0.0
0.0164,5.033026332571452,0.5821772522827718,0.0
0.01645,5.048629009648974,0.6021580224428803,0.0
0.0165,5.064231686726497,0.62206211980078,0.0
0.016550000000000002,5.0798343638040215,0.6418901280947081,0.0
0.0166,5.095437040881544,0.0,1.0
0.01665,5.103111576938607,0.0246765550142099,0.0
0.0167,5.104320245465942,0.049171082966413926,0.0
0.01675,5.105528913993278,0.07348496969557008,0.0
0.016800000000000002,5.106737582520613,0.09761959048973476,0.0
0.01685,5.107946251047949,0.12157631016639067,0.0
0.016900000000000002,5.109154919575284,0.14535648315216318,0.0
0.01695,5.1103635881026195,0.16896145356192968,0.0
0.017,5.111572256629954,0.19239255527732677,0.0
0.01705,5.11278092515729,0.2156511120246596,0.0
0.0171,5.113989593684625,0.2387384374522183,0.0
0.017150000000000002,5.115198262211961,0.26165583520700536,0.0
0.0172,5.116406930739296,0.28440459901087944,0.0
0.01725,5.117615599266632,0.3069860127361188,0.0
0.0173,5.1188242677939675,0.3294013504804101,0.0
0.01735,5.120032936321302,0.3516518766412656,0.0
0.017400000000000002,5.121241604848638,0.3737388459898746,0.0
0.01745,5.122450273375973,0.39566350374439174,0.0
0.0175,5.123658941903309,0.417427085642668,0.0
0.01755,5.124867610430644,0.4390308180144277,0.0
0.0176,5.12607627895798,0.4604759178528961,0.0
0.017650000000000002,5.127284947485315,0.48176359288588144,0.0
0.0177,5.12849361601265,0.502895041646316,0.0
0.017750000000000002,5.129702284539985,0.5238714535422604,0.0
0.0178,5.130910953067321,0.5446940089263739,0.0
0.01785,5.132119621594657,0.5653638791648572,0.0
0.0179,5.133328290121992,0.5858822267058694,0.0
0.01795,5.134536958649328,0.6062502051474242,0.0
0.018000000000000002,5.135745627176663,0.6264689593047694,0.0
0.01805,5.136954295703998,0.6465396252772535,0.0
0.0181,5.138162964231333,0.0,1.0
0.01815,5.139371632758669,0.024851893775428766,0.0
0.0182,5.140580301286004,0.049520425570386974,0.0
0.018250000000000002,5.14178896981334,0.07400699138705777,0.0
0.0183,5.142997638340675,0.09831297659934633,0.0
0.01835,5.144206306868011,0.12243975603379689,0.0
0.0184,5.1454149753953455,0.1463886940498936,0.0
0.01845,5.146623643922681,0.17016114461975024,0.0
0.018500000000000003,5.147832312450017,0.19375845140719292,0.0
0.01855,5.149040980977352,0.21718194784624098,0.0
0.018600000000000002,5.150249649504688,0.24043295721899027,0.0
0.01865,5.151458318032023,0.2635127927329034,0.0
0.0187,5.152666986559359,0.28642275759751173,0.0
0.01875,5.1538756550866935,0.3091641451005332,0.0
0.0188,5.1252282596747705,0.3315938670009192,0.0
0.018850000000000002,5.0856648609819555,0.35366151080783653,0.0
0.0189,5.046101462289144,0.37536983315495415,0.0
0.01895,5.006538063596329,0.396721569688675,0.0
0.019,4.966974664903517,0.4177194352279202,0.0
0.01905,4.927411266210703,0.438366123922696,0.0
0.019100000000000002,4.887847867517888,0.45866430941145403,0.0
0.01915,4.848284468825076,0.4786166449772532,0.0
0.019200000000000002,4.808721070132261,0.4982257637027328,0.0
0.01925,4.76915767143945,0.5174942786239058,0.0
0.0193,4.729594272746635,0.5364247828827813,0.0
0.019350000000000003,4.922802021703838,0.5561454356991823,0.0
0.0194,4.858076959307324,0.5754029640733003,0.0
0.019450000000000002,4.548098011938901,0.5930149467224145,0.0
0.0195,4.2381190645704985,0.6089939117912292,0.0
0.01955,3.9281401172020756,0.6233522920430759,0.0
0.0196,3.618161169833673,0.6361024255860872,0.0
0.01965,3.30818222246525,0.6472565565938415,0.0
0.019700000000000002,2.9982032750968264,0.0,1.0
0.01975,2.688224327728425,0.012999150520930489,0.0
0.0198,2.378245380360001,0.02440040264878264,0.0
0.01985,2.0682664329915994,0.03421592177160187,0.0
0.0199,1.758287485623176,0.042457780657860725,0.0
0.019950000000000002,1.4483085382547523,0.0491379601616061,0.0
0.02,1.1383295908863507,0.054268349922237516,0.0
0.020050000000000002,0.8283506435179273,0.0578607490589575,0.0
0.0201,0.5183716961495248,0.05992686685993552,0.0
0.02015,0.7964136762306656,0.06332175154866898,0.0
0.020200000000000003,1.287213676230762,0.06906409727542173,0.0
0.02025,1.7780136762304801,0.07713603195610172,0.0
0.020300000000000002,2.2688136762309,0.08751981957337022,0.0
0.02035,2.7596136762302983,0.10019785914070208,0.0
0.0204,2.237165458952076,0.11025303078617002,0.0
0.02045,3.7412136762302137,0.12750460914412826,0.0
0.0205,4.232013676230537,0.14699815243582315,0.0
0.020550000000000002,4.381240640526086,0.1670648846218962,0.0
0.0206,2.70953099585635,0.1788951390532388,0.0
0.02065,1.0378213511864973,0.18255162306371275,0.0
0.0207,0.15177168552159992,0.1818956960654759,0.0
0.02075,0.1394050713483711,0.1811849630055616,0.0
0.020800000000000003,0.12703845717514226,0.1804198411426707,0.0
0.02085,0.1146718430019143,0.1796007445587601,0.0
0.020900000000000002,0.10230522882868547,0.17872808418322847,0.0
0.02095,0.0899386146554575,0.1778022678169179,0.0
0.021,0.07757200048222866,0.1768237001559327,0.0
0.021050000000000003,0.06520538630899983,0.1757927828152769,0.0
0.0211,0.05283877213577186,0.17470991435231187,0.0
0.021150000000000002,0.040472157962543026,0.1735754902900352,0.0
0.0212,0.028105543789315054,0.17238990314018243,0.0
0.02125,0.015738929616086222,0.171153542426153,0.0
0.0213,0.003372315442858237,0.16986679470576138,0.0
0.02135,-0.008994298730370581,0.16853004359381535,0.0
0.021400000000000002,-0.021360912903599427,0.16714366978452203,0.0
0.02145,-0.033727527076827385,0.16570805107372355,0.0
0.021500000000000002,-0.04609414125005623,0.16422356238096342,0.0
0.02155,-0.05846075542328419,0.16269057577138477,0.0
0.0216,-0.06773518904712539,0.16112441299462535,0.0
0.021650000000000003,-0.06779802351134252,0.1595698701492912,0.0
0.0217,-0.06786085797555964,0.1580268587685715,0.0
0.021750000000000002,-0.06792369243977678,0.1564952910591858,0.0
0.0218,-0.06798652690399391,0.1549750798962562,0.0
0.02185,-0.06804936136821105,0.15346613881821844,0.0
0.0219,-0.06811219583242818,0.15196838202177207,0.0
0.02195,-0.06817503029664532,0.1504817243568686,0.0
0.022000000000000002,-0.06823786476086245,0.14900608132173826,0.0
0.02205,-0.06830069922507957,0.14754136905795429,0.0
0.0221,-0.06836353368929671,0.14608750434553494,0.0
0.02215,-0.06842636815351384,0.14464440459808284,0.0
0.0222,-0.06848920261773098,0.1432119878579612,0.0
0.022250000000000002,-0.06855203708194811,0.14179017279150682,0.0
0.0223,-0.06861487154616525,0.1403788786842797,0.0
0.022350000000000002,-0.06867770601038238,0.13897802543634843,0.0
0.0224,-0.0687405404745995,0.13758753355761189,0.0
0.02245,-0.06880337493881664,0.1362073241631563,0.0
0.022500000000000003,-0.06886620940303377,0.1348373189686478,0.0
0.02255,-0.0689290438672509,0.1334774402857599,0.0
0.022600000000000002,-0.06899187833146804,0.13212761101763587,0.0
0.02265,-0.06905471279568517,0.13078775465438577,0.0
0.0227,-0.06911754725990231,0.1294577952686176,0.0
0.02275,-0.06918038172411943,0.1281376575110024,0.0
0.0228,-0.06924321618833656,0.12682726660587348,0.0
0.022850000000000002,-0.0693060506525537,0.12552654834685875,0.0
0.0229,-0.06936888511677083,0.12423542909254652,0.0
0.02295,-0.06943171958098797,0.12295383576218424,0.0
0.023,-0.0694945540452051,0.12168169583141002,0.0
0.02305,-0.06955738850942224,0.12041893732801658,0.0
0.023100000000000002,-0.06962022297363937,0.11916548882774752,0.0
0.02315,-0.06968305743785651,0.11792127945012562,0.0
0.023200000000000002,-0.06974589190207364,0.11668623885431273,0.0
0.02325,-0.06980872636629076,0.11546029723500141,0.0
0.0233,-0.0698715608305079,0.11424338531833768,0.0
0.023350000000000003,-0.06993439529472503,0.11303543435787487,0.0
0.0234,-0.06999722975894217,0.11183637613055832,0.0
0.023450000000000002,-0.0700600642231593,0.11064614293274054,0.0
0.0235,-0.07012289868737644,0.10946466757622683,0.0
0.02355,-0.07018573315159357,0.1082918833843509,0.0
0.0236,-0.07024856761581069,0.10712772418808046,0.0
0.02365,-0.07031140208002783,0.10597212432215238,0.0
0.023700000000000002,-0.07037423654424496,0.10482501862123732,0.0
0.02375,-0.0704370710084621,0.10368634241613357,0.0
0.0238,-0.07049990547267923,0.10255603152998984,0.0
0.02385,-0.07056273993689637,0.10143402227455676,0.0
0.0239,-0.0706255744011135,0.1003202514464671,0.0
0.023950000000000003,-0.07068840886533063,0.09921465632354404,0.0
0.024,-0.07075124332954776,0.09811717466113777,0.0
0.024050000000000002,-0.07081407779376489,0.0970277446884899,0.0
0.0241,-0.07087691225798202,0.09594630510512554,0.0
0.02415,-0.07093974672219916,0.09487279507727285,0.0
0.024200000000000003,-0.0710025811864163,0.09380715423430987,0.0
0.02425,-0.07106541565063343,0.09274932266523837,0.0
0.024300000000000002,-0.07112825011485056,0.0916992409151846,0.0
0.02435,-0.06832210319933239,0.09067072319943016,0.0
0.0244,-0.05998461735561672,0.08969035262993925,0.0
0.02445,-0.05164713151190163,0.08875776264478272,0.0
0.0245,-0.04330964566818595,0.08787258947280215,0.0
0.024550000000000002,-0.03497215982447028,0.08703447211236273,0.0
0.0246,-0.026634673980755183,0.08624305231026785,0.0
0.024650000000000002,-0.01837060601554606,0.08549761952207936,0.0
0.0247,-0.010580129825071631,0.08479553353612755,0.0
0.02475,-0.0027896536345966665,0.08413646433726751,0.0
0.024800000000000003,0.0050008225558783,0.083520084422881,0.0
0.02485,0.01279129874635273,0.08294606878374762,0.0
0.024900000000000002,0.020581774936827696,0.08241409488506168,0.0
0.02495,0.02837225112730212,0.0819238426475936,0.0
0.025,0.48726029433682094,0.08365631728692037,0.0
0.025050000000000003,0.978060294337241,0.08774890950327514,0.0
0.0251,1.4688602943366393,0.09418365085367722,0.0
0.025150000000000002,1.9596602943370591,0.10294270969551954,0.0
0.0252,2.4504602943364575,0.11400839014503739,0.0
0.02525,2.9412602943368773,0.12736313104374614,0.0
0.0253,3.4320602943362757,0.14298950493270843,0.0
0.02535,3.922860294336677,0.16087021703465,0.0
0.025400000000000002,4.413660294336563,0.18098810424378822,0.0
0.02545,4.792857509352832,0.20278646881881562,0.0
0.025500000000000002,4.804271462841203,0.2244740676273307,0.0
0.02555,4.815685416329572,0.24605174396984458,0.0
0.0256,4.827099369817943,0.26752033472651165,0.0
0.025650000000000003,4.838513323306314,0.2888806704060099,0.0
0.0257,4.849927276794683,0.3101335751940493,0.0
0.025750000000000002,4.861341230283054,0.3312798670015111,0.0
0.0258,5.019223584455347,0.353028618637384,0.0
0.02585,4.976170952876418,0.37440360415736895,0.0
0.025900000000000003,4.952193755025408,0.3954999101558209,0.0
0.02595,4.961143757333703,0.4164788807603209,0.0
0.026000000000000002,4.970093759641999,0.4373414092883696,0.0
0.02605,4.979043761950296,0.45808838225631315,0.0
0.0261,4.987993764258592,0.4787206794311226,0.0
0.02615,4.996943766566888,0.49923917388177974,0.0
0.0262,5.005893768875184,0.519644732030271,0.0
0.026250000000000002,5.014843771183481,0.5399382137021935,0.0
0.0263,5.023793773491777,0.5601204721769764,0.0
0.026350000000000002,5.032743775800073,0.5801923542377183,0.0
0.0264,5.041693778108368,0.600154700220647,0.0
0.02645,5.050643780416665,0.6200083440642014,0.0
0.026500000000000003,5.059593782724962,0.6397541133577405,0.0
0.02655,5.068543785033257,0.0,1.0
0.026600000000000002,5.077493787341553,0.02455267788849881,0.0
0.02665,5.08644378964985,0.04896170575287051,0.0
0.0267,5.095393791958146,0.07322817725357175,0.0
0.026750000000000003,5.104343794266442,0.09735317772461993,0.0
0.0268,5.113293796574738,0.12133778423698549,0.0
0.026850000000000002,5.1222437988830345,0.14518306566150152,0.0
0.0269,5.130616258977086,0.16888728997397212,0.0
0.02695,5.130515267166723,0.19241055695525802,0.0
0.027,5.130414275356361,0.21575424430006312,0.0
0.02705,5.130313283545998,0.23891971921419491,0.0
0.027100000000000003,5.130212291735636,0.26190833849442036,0.0
0.02715,5.130111299925273,0.2847214486077137,0.0
0.027200000000000002,5.130010308114911,0.30736038576990093,0.0
0.02725,5.1299093163045475,0.3298264760237057,0.0
0.0273,5.129808324494185,0.3521210353162007,0.0
0.027350000000000003,5.1297073326838225,0.3742453695756698,0.0
0.0274,5.12960634087346,0.3962007747878844,0.0
0.027450000000000002,5.1295053490630975,0.41798853707179995,0.0
0.0275,5.129404357252735,0.4396099327546751,0.0
0.02755,5.1293033654423725,0.4610662284466199,0.0
0.027600000000000003,5.12920237363201,0.48235868111457575,0.0
0.02765,5.1291013818216475,0.5034885381557327,0.0
0.027700000000000002,5.129000390011285,0.5244570374703871,0.0
0.02775,5.1288993982009226,0.5452654075342453,0.0
0.027800000000000002,5.128798406390559,0.5659148674701764,0.0
0.02785,5.128697414580197,0.5864066271194185,0.0
0.0279,5.128596422769834,0.6067418871122437,0.0
0.027950000000000003,5.128495430959472,0.6269218389380845,0.0
0.028,5.128394439149109,0.6469476650151258,0.0
0.028050000000000002,5.128293447338747,0.0,1.0
0.0281,5.128192455528384,0.02479783585845447,0.0
0.02815,5.128091463718022,0.0494063883188821,0.0
0.028200000000000003,5.127990471907659,0.0738270984653953,0.0
0.02825,5.127889480097297,0.09806139641060324,0.0
0.028300000000000002,5.127788488286934,0.1221107013791419,0.0
0.02835,5.127687496476571,0.14597642179056824,0.0
0.0284,5.127586504666208,0.16965995534162323,0.0
0.028450000000000003,5.127485512855846,0.19316268908786857,0.0
0.0285,5.127384521045483,0.21648599952470193,0.0
0.028550000000000002,5.127283529235121,0.23963125266775537,0.0
0.0286,5.127182537424758,0.26259980413268164,0.0
0.028650000000000002,5.127081545614396,0.285392999214333,0.0
0.0287,5.126980553804033,0.3080121729653373,0.0
0.02875,5.126879561993671,0.33045865027407584,0.0
0.028800000000000003,5.126778570183308,0.3527337459420675,0.0
0.02885,5.126677578372946,0.3748387647607638,0.0
0.028900000000000002,5.1265765865625825,0.39677500158775886,0.0
0.02895,5.12647559475222,0.41854374142242007,0.0
0.029,5.1263746029418575,0.440146259480942,0.0
0.029050000000000003,5.126273611131495,0.4615838212708294,0.0
0.0291,5.1261726193211326,0.48285768266481316,0.0
0.029150000000000002,5.12607162751077,0.5039690899742031,0.0
0.0292,5.125970635700408,0.5249192800216828,0.0
0.02925,5.125869643890045,0.5457094802135499,0.0
0.029300000000000003,5.125768652079683,0.5663409086114067,0.0
0.02935,5.12566766026932,0.5868147740033046,0.0
0.029400000000000003,5.125566668458958,0.6071322759743468,0.0
0.02945,5.125465676648594,0.6272946049767544,0.0
0.029500000000000002,5.125364684838232,0.6473029423993976,0.0
0.02955,5.125263693027869,0.0,1.0
0.0296,5.125162701217507,0.024783185208982143,0.0
0.029650000000000003,5.125061709407144,0.049377198560719204,0.0
0.0297,5.124960717596782,0.07378348029012263,0.0
0.029750000000000002,4.762622487598351,0.09625182892147559,0.0
0.0298,1.8588854358062057,0.1045078360708623,0.0
0.02985,0.1781069124429376,0.10457343147966432,0.0
0.029900000000000003,0.6689069124429063,0.10701183503001856,0.0
0.02995,1.1597069124432922,0.11180498166101697,0.0
0.030000000000000002,1.6505069124427245,0.11893494384769648,0.0
0.03005,2.14130691244311,0.12838393055394307,0.0
0.030100000000000002,2.6321069124425427,0.1401342861933335,0.0
0.03015,3.1229069124429283,0.15416848959792562,0.0
0.0302,3.61370691244298,0.17046915299486534,0.0
0.030250000000000003,4.104506912442763,0.18901902099080756,0.0
0.0303,4.5953069124431325,0.2098009695640659,0.0
0.030350000000000002,5.014021103090871,0.23244942764976062,0.0
0.0304,4.759832295032667,0.25369630185215525,0.0
0.03045,4.505643486974446,0.27355226294474333,0.0
0.030500000000000003,4.251454678916224,0.2920279004604961,0.0
0.03055,3.997265870858021,0.30913372331037625,0.0
0.030600000000000002,3.7430770627997996,0.32488016039714296,0.0
0.03065,3.4888882547415956,0.3392775612244838,0.0
0.0307,3.2346994466833743,0.3523361965015091,0.0
0.030750000000000003,2.980510638625153,0.36406625874264387,0.0
0.0308,2.726321830566949,0.374477862862953,0.0
0.030850000000000002,2.4721330225087277,0.3835810467689333,0.0
0.0309,2.217944214450524,0.3913857719448085,0.0
0.030950000000000002,1.9637554063923028,0.39790192403435976,0.0
0.031,1.7095665983340989,0.4031393134183271,0.0
0.03105,1.4553777902758775,0.40710767578741436,0.0
0.031100000000000003,1.2011889822176562,0.40981667271093214,0.0
0.03115,0.9470001741594523,0.41127589220111116,0.0
0.031200000000000002,0.692811366101231,0.4114948492731192,0.0
0.03125,0.4386225580430274,0.41048298650081483,0.0
0.0313,0.1844337499848061,0.40824967456826955,0.0
0.03135,-0.0697550580734152,0.4048042128170912,0.0
0.031400000000000004,-0.0703877136379506,0.40138192337030437,0.0
0.03145,-0.07029558551727008,0.39798613456533305,0.0
0.0315,-0.07020345739658956,0.3946166446430463,0.0
0.03155,-0.07011132927590903,0.39127325338037966,0.0
0.0316,-0.0700192011552285,0.38795576207864046,0.0
0.031650000000000005,-0.06992707303454797,0.3846639735519022,0.0
0.0317,-0.06983494491386746,0.38139769211548735,0.0
0.03175,-0.06974281679318693,0.3781567235745379,0.0
0.0318,-0.0696506886725064,0.37494087521267255,0.0
0.03185,-0.06955856055182587,0.3717499557807308,0.0
0.031900000000000005,-0.06946643243114534,0.3685837754856022,0.0
0.03195,-0.06937430431046483,0.36544214597914126,0.0
0.032,-0.0692821761897843,0.3623248803471659,0.0
0.03205,-0.06919004806910377,0.3592317930985407,0.0
0.032100000000000004,-0.06909791994842324,0.35616270015434226,0.0
0.032150000000000005,-0.06900579182774272,0.35311741883710784,0.0
0.0322,-0.0689136637070622,0.35009576786016533,0.0
0.03225,-0.06882153558638167,0.3470975673170448,0.0
0.0323,-0.06872940746570114,0.34412263867097026,0.0
0.032350000000000004,-0.0686372793450206,0.3411708047444321,0.0
0.0324,-0.0685451512243401,0.33824188970883806,0.0
0.03245,-0.06845302310365957,0.33533571907424364,0.0
0.0325,-0.06836089498297904,0.33245211967916044,0.0
0.03255,-0.0682687668622985,0.3295909196804422,0.0
0.032600000000000004,-0.06817663874161797,0.3267519485432477,0.0
0.03265,-0.06808451062093747,0.3239350370310801,0.0
0.0327,-0.06799238250025694,0.3211400171959024,0.0
0.03275,-0.0679002543795764,0.31836672236832764,0.0
0.0328,-0.06780812625889587,0.3156149871478842,0.0
0.032850000000000004,-0.06771599813821536,0.3128846473933552,0.0
0.0329,-0.06762387001753484,0.310175540213191,0.0
0.03295,-0.0675317418968543,0.30748750395599533,0.0
0.033,-0.06743961377617377,0.30482037820108343,0.0
0.03305,-0.06734748565549324,0.30217400374911224,0.0
0.033100000000000004,-0.06725535753481272,0.2995482226127818,0.0
0.03315,-0.0671632294141322,0.29694287800760755,0.0
0.0332,-0.06707110129345167,0.29435781434276287,0.0
0.03325,-0.06697897317277114,0.2917928772119914,0.0
0.0333,-0.06688684505209061,0.2892479133845882,0.0
0.033350000000000005,-0.06679471693141009,0.2867227707964503,0.0
0.0334,-0.06670258881072957,0.28421729854119443,0.0
0.03345,-0.06661046069004904,0.28173134686134316,0.0
0.0335,-0.06651833256936851,0.2792647671395779,0.0
0.03355,-0.06642620444868799,0.2768174118900582,0.0
0.033600000000000005,-0.06633407632800746,0.27438913474980775,0.0
0.03365,-0.06624194820732694,0.2719797904701652,0.0
0.0337,-0.06614982008664641,0.2695892349083008,0.0
0.03375,-0.06605769196596588,0.2672173250187971,0.0
0.033800000000000004,-0.06596556384528536,0.26486391884529403,0.0
0.033850000000000005,-0.06587343572460483,0.2625288755121975,0.0
0.0339,-0.06578130760392431,0.26021205521645113,0.0
0.03395,-0.06568917948324378,0.2579133192193706,0.0
0.034,-0.06559705136256325,0.2556325298385402,0.0
0.034050000000000004,-0.06550492324188273,0.25336955043977105,0.0
0.0341,-0.0649634510596776,0.2511264182727451,0.0
0.03415,-0.0584541672400493,0.24893184012311842,0.0
0.0342,-0.051944883420421,0.24678544633130217,0.0
0.03425,-0.0454355996007927,0.24468687005206208,0.0
0.034300000000000004,-0.0389263157811644,0.24263574723309142,0.0
0.03435,-0.03241703196153701,0.2406317165937476,0.0
0.0344,-0.02590774814190871,0.2386744196039504,0.0
0.03445,-0.019398464322280408,0.2367635004632409,0.0
0.0345,-0.012889180502652108,0.23489860608,0.0
0.034550000000000004,-0.006379896683023807,0.23307938605082482,0.0
0.0346,0.00012938713660358425,0.23130549264006253,0.0
0.03465,0.006638670956231885,0.22957658075949966,0.0
0.0347,0.013147954775860185,0.2278923079482062,0.0
0.03475,0.35975353054880277,0.22789690056120487,0.0
0.034800000000000005,0.8505535305491926,0.2302747657524742,0.0
0.03485,1.3413535305485607,0.23500783492517163,0.0
0.0349,1.8321535305489502,0.24207817704533652,0.0
0.03495,2.3229535305489537,0.25146799759455646,0.0
0.035,2.8137535305488064,0.2631596375306323,0.0
0.035050000000000005,3.304553530549234,0.27713557225615026,0.0
0.0351,3.7953535305486024,0.2933784105948929,0.0
0.03515,4.286153530548999,0.3118708937760724,0.0
0.0352,4.776953530548428,0.33259589442625986,0.0
0.035250000000000004,4.991424849319678,0.3542002033773973,0.0
0.035300000000000005,5.005254071189428,0.3757069032263373,0.0
0.03535,5.019083293059175,0.3971167371070677,0.0
0.0354,5.032912514928925,0.41843044249582395,0.0
0.03545,5.046741736798674,0.43964875125416386,0.0
0.035500000000000004,5.060570958668424,0.460772389671714,0.0
0.03555,5.070966218742626,0.4817854732774713,0.0
0.0356,5.073370063108236,0.5026502005564485,0.0
0.03565,5.075773907473845,0.5233677009999149,0.0
0.0357,5.078177751839455,0.5439390954999076,0.0
0.035750000000000004,5.080581596205064,0.5643654964147001,0.0
0.0358,5.082985440570674,0.5846480076337737,0.0
0.03585,5.085389284936284,0.6047877246422929,0.0
0.0359,5.087793129301893,0.624785734585091,0.0
0.03595,5.090196973667503,0.6446431163301677,0.0
0.036000000000000004,5.092600818033112,0.0,1.0
0.03605,5.095004662398722,0.0246373532998004,0.0
0.0361,5.0974085067643315,0.04909875737492442,0.0
0.03615,5.099812351129941,0.07338555179151951,0.0
0.0362,5.102216195495552,0.0974990659171235,0.0
0.036250000000000004,5.104620039861161,0.12144061899831027,0.0
0.0363,5.10702388422677,0.14521152023774442,0.0
0.03635,5.1094277285923795,0.1688130688706493,0.0
0.0364,5.11183157295799,0.19224655424069273,0.0
0.03645,5.1142354173235995,0.21551325587529502,0.0
0.036500000000000005,5.116639261689209,0.23861444356036376,0.0
0.03655,5.119043106054819,0.2615513774144595,0.0
0.0366,5.121446950420428,0.28432530796239686,0.0
0.03665,5.123850794786038,0.3069374762082851,0.0
0.0367,5.1262546391516475,0.32938911370801294,0.0
0.036750000000000005,5.128658483517257,0.3516814426411812,0.0
0.0368,5.131062327882867,0.373815675882488,0.0
0.03685,5.133466172248476,0.3957930170725704,0.0
0.0369,5.135870016614086,0.41761466068830677,0.0
0.036950000000000004,5.138273860979695,0.43928179211258356,0.0
0.037000000000000005,5.140677705345305,0.4607955877035316,0.0
0.03705,5.143081549710915,0.48215721486323454,0.0
0.0371,5.145485394076524,0.503367832105915,0.0
0.03715,5.147889238442134,0.5244285891256003,0.0
0.037200000000000004,5.150293082807743,0.5453406268632749,0.0
0.03725,5.152696927173353,0.5661050775735197,0.0
0.0373,5.1551007715389625,0.5867230648906452,0.0
0.03735,5.157504615904572,0.6071957038943206,0.0
0.0374,5.1049765489133705,0.6272584729766535,0.0
0.037450000000000004,4.99949032397312,0.6466584086921483,0.0
0.0375,4.894004099032884,0.0,1.0
0.03755,4.7885178740926335,0.023155308868919894,0.0
0.0376,4.683031649152383,0.04562423972841853,0.0
0.03765,4.577545424212133,0.06741201822667638,0.0
0.037700000000000004,4.472059199271882,0.08852383022709273,0.0
0.03775,4.366572974331646,0.10896482211118198,0.0
0.0378,4.261086749391396,0.12874010107916345,0.0
0.03785,4.155600524451145,0.14785473544826325,0.0
0.0379,4.050114299510895,0.16631375494874476,0.0
0.037950000000000005,3.9446280745706446,0.18412215101768528,0.0
0.038,3.8391418496304084,0.2012848770905163,0.0
0.03805,3.733655624690158,0.2178068488903437,0.0
0.0381,3.6281693997499076,0.23369294471506594,0.0
0.03815,3.522683174809657,0.24894800572230558,0.0
0.038200000000000005,3.417196949869407,0.2635768362121721,0.0
0.03825,3.3117107249291706,0.2775842039078717,0.0
0.0383,3.2062244999889202,0.2909748402341804,0.0
0.03835,3.10073827504867,0.3037534405937977,0.0
0.038400000000000004,2.9952520501084194,0.31592466464159574,0.0
0.038450000000000005,2.889765825168169,0.32749313655678064,0.0
0.0385,2.784279600227933,0.3384634453129819,0.0
0.03855,2.6787933752876825,0.34884014494628524,0.0
0.0386,2.573307150347432,0.35862775482122505,0.0
0.038650000000000004,2.4678209254071817,0.3678307598947517,0.0
0.038700000000000005,2.3623347004669313,0.37645361097818913,0.0
0.03875,2.256848475526695,0.384500724997198,0.0
0.0388,2.1513622505864447,0.39197648524975964,0.0
0.03885,2.0458760256461943,0.3988852416621961,0.0
0.038900000000000004,1.940389800705944,0.40523131104324067,0.0
0.03895,1.8349035757657077,0.4110189773361746,0.0
0.039,1.7294173508254573,0.41625249186904345,0.0
0.03905,1.623931125885207,0.42093607360296914,0.0
0.0391,1.5184449009449565,0.4250739093785712,0.0
0.039150000000000004,1.4129586760047061,0.4286701541605119,0.0
0.0392,1.30747245106447,0.43172893128017975,0.0
0.03925,1.2019862261242196,0.434254332676525,0.0
0.0393,1.0965000011839692,0.4362504191350622,0.0
0.03935,0.9910137762437188,0.4377212205250523,0.0
0.039400000000000004,0.8855275513034684,0.43867073603487994,0.0
0.03945,0.7800413263632322,0.43910293440563797,0.0
0.0395,0.6745551014229818,0.43902175416293376,0.0
0.03955,0.5690688764827314,0.43843110384693107,0.0
0.0396,3.3627577657645027,0.45135408426299034,0.0
0.039650000000000005,1.9199664104171426,0.45720192991082387,0.0
0.0397,1.0322001486554218,0.45871238015317417,0.0
0.03975,1.5230001486548579,0.46258463832592467,0.0
0.0398,4.360077221080179,0.48014635692932206,0.0
0.039850000000000003,2.504600148654809,0.4886020454422195,0.0
0.039900000000000005,2.995400148655074,0.4993666652326662,0.0
0.03995,3.486200148655358,0.5124226375578066,0.0
0.04,3.9770001486548847,0.5277525175082148,0.0
0.04005,4.467800148655289,0.5453389929889833,0.0
0.040100000000000004,4.510195145806371,0.5629965809868359,0.0
0.040150000000000005,4.0739812193073375,0.5784103835986899,0.0
0.0402,3.637767292808364,0.5915974835877732,0.0
0.04025,3.20155336630933,0.6025748336599552,0.0
0.0403,2.7653394398102966,0.6113592574539221,0.0
0.040350000000000004,2.3291255133112627,0.6179674505238121,0.0
0.040400000000000005,1.8929115868122288,0.6224159813143707,0.0
0.04045,1.4566976603132558,0.6247212921286812,0.0
0.0405,1.0204837338142219,0.6248997000885268,0.0
0.04055,0.584269807315188,0.6229673980874427,0.0
0.040600000000000004,0.35750578878560846,0.6199532696048355,0.0
0.04065,0.1857639536378921,0.6161316157000647,0.0
0.0407,0.014022118490151947,0.6115085843611121,0.0
0.04075,0.006745285253211556,0.606885562078113,0.0
0.0408,0.04625884457524519,0.60248880793376,0.0
0.040850000000000004,0.3414118031820107,0.5995527665734638,0.0
0.0409,0.39432697758459756,0.5968949544608029,0.0
0.04095,0.3780152739373245,0.5941785005389923,0.0
0.041,0.36170357029005135,0.5914038512696892,0.0
0.04105,0.3453918666427782,0.5885714497154734,0.0
0.041100000000000005,0.32908016299550513,0.5856817355657266,0.0
0.04115,0.3127684593482343,0.5827351451623136,0.0
0.0412,0.2964567557009612,0.5797321115250681,0.0
0.04125,0.28014505205368806,0.5766730643770845,0.0
0.0413,0.2638333484064149,0.5735584301698174,0.0
0.041350000000000005,0.24752164475914185,0.5703886321079896,0.0
0.0414,0.231209941111871,0.5671640901743106,0.0
0.04145,0.21489823746459788,0.5638852211540072,0.0
0.0415,0.19858653381732475,0.5605524386591672,0.0
0.041550000000000004,0.18227483017005164,0.5571661531528971,0.0
0.041600000000000005,0.16596312652277853,0.5537267719732971,0.0
0.04165,0.1496514228755077,0.5502346993572526,0.0
0.0417,0.13333971922823457,0.5466903364640449,0.0
0.04175,0.11702801558096143,0.5430940813987822,0.0
0.041800000000000004,0.10071631193368835,0.5394463292356523,0.0
0.041850000000000005,0.08440460828641522,0.5357474720409975,0.0
0.0419,0.06809290463914436,0.5319978988962153,0.0
0.04195,0.05178120099187128,0.5281979959204832,0.0
0.042,0.035469497344598144,0.5243481462933116,0.0
0.042050000000000004,0.019157793697325065,0.5204487302769242,0.0
0.042100000000000005,0.0028460900500519304,0.5165001252384686,0.0
0.04215,-0.013465613597218928,0.5125027056720576,0.0
0.0422,-0.029777317244492008,0.5084568432206427,0.0
0.04225,-0.04608902089176514,0.5043629066977207,0.0
0.042300000000000004,-0.06240072453903828,0.5002212621088759,0.0
0.04235,-0.07257468739193186,0.4960619522708089,0.0
0.0424,-0.070592385207243,0.4919438943885058,0.0
0.04245,-0.06861008302255413,0.48786677439565806,0.0
0.0425,-0.06662778083786526,0.4838302806170597,0.0
0.042550000000000004,-0.06464547865317641,0.47983410375040253,0.0
0.0426,-0.06266317646848782,0.4758779368482106,0.0
0.04265,-0.06068087428379895,0.471961475299912,0.0
0.0427,-0.058698572099110086,0.4680844168140471,0.0
0.04275,-0.05671626991442122,0.4642464614006123,0.0
0.042800000000000005,-0.05473396772973236,0.4604473113535382,0.0
0.04285,-0.05275166554504377,0.45668667123330126,0.0
0.0429,-0.05076936336035491,0.45296424784966755,0.0
0.04295,-0.048787061175666044,0.4492797502445683,0.0
0.043000000000000003,-0.04680475899097718,0.4456328896751054,0.0
0.043050000000000005,-0.04482245680628832,0.4420233795966867,0.0
0.0431,-0.04284015462159973,0.4384509356462894,0.0
0.04315,-0.04085785243691086,0.4349152756258509,0.0
0.0432,-0.038875550252222,0.4314161194857863,0.0
0.043250000000000004,-0.036893248067533135,0.427953189308631,0.0
0.043300000000000005,-0.034910945882844276,0.4245262092928085,0.0
0.04335,-0.03292864369815569,0.4211349057365209,0.0
0.0434,-0.03094634151346682,0.41777900702176285,0.0
0.04345,-0.02896403932877796,0.41445824359845673,0.0
0.043500000000000004,-0.026981737144089094,0.4111723479687088,0.0
0.043550000000000005,-0.024999434959400227,0.407921054671185,0.0
0.0436,-0.023017132774711645,0.40470410026560627,0.0
0.04365,-0.021034830590022778,0.4015212233173611,0.0
0.0437,-0.01905252840533391,0.39837216438223594,0.0
0.043750000000000004,-0.01707022622064505,0.39525666599126125,0.0
0.0438,-0.015087924035956463,0.39217447263567357,0.0
0.04385,-0.013105621851267596,0.38912533075199157,0.0
0.0439,0.3322409394985398,0.3877693574652578,0.0
0.04395,0.8230409394979685,0.38879701524529164,0.0
0.044000000000000004,1.3138409394983657,0.3921901566322783,0.0
0.04405,1.8046409394982788,0.3979307723296806,0.0
0.0441,2.295440939498373,0.4060009901523616,0.0
0.04415,2.7862409394980103,0.4163830739826985,0.0
0.0442,2.9331630567993705,0.42739657030381367,0.0
0.044250000000000005,2.508459331871047,0.43627252376697423,0.0
0.0443,2.0837556069427823,0.4430272082719748,0.0
0.04435,1.754643853130098,0.44813901739348616,0.0
0.0444,2.2454438531295575,0.45558521597596,0.0
0.04445,2.7362438531294364,0.4653480314540309,0.0
0.044500000000000005,3.2240266356073497,0.47739523654470495,0.0
0.04455,3.2587084343225303,0.4895184287900651,0.0
0.0446,3.293390233037716,0.5017170296719607,0.0
0.04465,3.324920633009648,0.5139752262046468,0.0
0.044700000000000004,3.351315400451513,0.526267730851511,0.0
0.044750000000000005,3.3777101678933774,0.5385942824122646,0.0
0.0448,3.404104935335239,0.5509546216752322,0.0
0.04485,3.42394119540786,0.5633167771499435,0.0
0.0449,3.437503256647591,0.5756503955561404,0.0
0.044950000000000004,3.4510653178873225,0.5879556941570191,0.0
0.045000000000000005,3.4646273791270543,0.6002328885616712,0.0
0.04505,3.4781894403667835,0.6124821927376771,0.0
0.0451,3.491751501606515,0.6247038190236033,0.0
0.04515,3.502924655813033,0.6368864263665824,0.0
0.045200000000000004,3.5063559510971314,0.6489928753770379,0.0
0.045250000000000005,3.5097872463812294,0.0,1.0
0.0453,3.513218541665327,0.016988484244029628,0.0
0.04535,3.516649836949425,0.03386422124747199,0.0
0.0454,3.520081132233523,0.050628069396529064,0.0
0.045450000000000004,3.523512427517621,0.06728088054219303,0.0
0.0455,3.5269437228017186,0.08382350005000122,0.0
0.04555,3.5303750180858167,0.10025676684941226,0.0
0.0456,3.5338063133699147,0.11658151348280635,0.0
0.04565,3.537237608654013,0.13279856615411237,0.0
0.045700000000000005,3.540668903938111,0.1489087447770649,0.0
0.04575,3.5441001992222088,0.16491286302309374,0.0
0.0458,3.547531494506307,0.1808117283688489,0.0
0.04585,3.550962789790405,0.19660614214336375,0.0
0.0459,3.554394085074503,0.21229689957485906,0.0
0.045950000000000005,3.557825380358601,0.2278847898371907,0.0
0.046,3.5612566756426984,0.24337059609594383,0.0
0.04605,3.5646879709267965,0.258755095554176,0.0
0.0461,3.958658421287958,0.27592754670804925,0.0
0.046150000000000004,4.449458421287432,0.2953425652201564,0.0
0.046200000000000005,4.940258421287783,0.3169830776005671,0.0
0.04625,5.012368129064665,0.33880752578022644,0.0
0.0463,5.021856354020729,0.3605116975757781,0.0
0.04635,5.0313445789767925,0.38209650869556233,0.0
0.046400000000000004,5.040832803932856,0.403562867876295,0.0
0.046450000000000005,5.050321028888919,0.4249116769361452,0.0
0.0465,5.059809253844982,0.4461438308274087,0.0
0.04655,5.069297478801046,0.46726021768878045,0.0
0.0466,5.078785703757109,0.48826171889722875,0.0
0.046650000000000004,5.088273928713172,0.509149209119475,0.0
0.046700000000000005,5.097762153669236,0.5299235563630814,0.0
0.04675,5.107250378625299,0.5505856220271491,0.0
0.0468,5.06882176371666,0.5709045547637305,0.0
0.04685,5.00679368621416,0.5907688496460244,0.0
0.046900000000000004,4.94476560871166,0.6101819679991948,0.0
0.046950000000000006,4.88273753120916,0.6291473447960645,0.0
0.047,4.820709453706669,0.647668388857745,0.0
0.04705,4.758681376204168,0.0,1.0
0.0471,4.696653298701668,0.02271108945213573,0.0
0.047150000000000004,4.634625221199169,0.044949328681265194,0.0
0.0472,4.572597143696677,0.06671831767001254,0.0
0.04725,4.5105690661941775,0.08802162899301036,0.0
0.0473,4.448540988691677,0.10886280802556686,0.0
0.04735,4.386512911189177,0.12924537315074433,0.0
0.047400000000000005,4.324484833686677,0.14917281596486104,0.0
0.04745,4.262456756184186,0.16864860148142863,0.0
0.0475,4.200428678681686,0.1876761683335366,0.0
0.04755,4.138400601179185,0.2062589289746963,0.0
0.0476,4.076372523676685,0.22440026987815576,0.0
0.047650000000000005,4.014344446174185,0.2421035517346968,0.0
0.0477,3.952316368671694,0.25937210964892665,0.0
0.04775,3.8902882911691936,0.27620925333407464,0.0
0.0478,3.828260213666694,0.2926182673053063,0.0
0.047850000000000004,3.7662321361641937,0.3086024110715655,0.0
0.047900000000000005,3.704204058661694,0.32416491932595576,0.0
0.04795,3.6421759811592023,0.33930900213467274,0.0
0.048,3.5801479036567025,0.3540378451244976,0.0
0.04805,3.5181198261542024,0.3683546096688634,0.0
0.048100000000000004,3.456091748651702,0.3822624330725049,0.0
0.048150000000000005,3.394063671149202,0.3957644287547021,0.0
0.0482,3.3320355936467108,0.40886368643112925,0.0
0.04825,3.2700075161442106,0.421563272294319,0.0
0.0483,3.2079794386417104,0.43386622919275275,0.0
0.048350000000000004,3.1459513611392107,0.4457755768085875,0.0
0.048400000000000006,3.0839232836367105,0.4572943118340295,0.0
0.04845,3.0218952061342192,0.4684254081463655,0.0
0.0485,2.959867128631719,0.4791718169816607,0.0
0.04855,2.897839051129219,0.48953646710713505,0.0
0.048600000000000004,2.835810973626719,0.4995222649922266,0.0
0.048650000000000006,2.773782896124219,0.5091320949783528,0.0
0.0487,2.7117548186217277,0.5183688194473793,0.0
0.04875,2.6497267411192276,0.5272352789888062,0.0
0.0488,2.5876986636167274,0.5357342925656808,0.0
0.048850000000000005,2.5256705861142272,0.5438686576792486,0.0
0.0489,2.463642508611736,0.5516411505323492,0.0
0.04895,2.401614431109236,0.5590545261915689,0.0
0.049,2.339586353606736,0.5661115187481593,0.0
0.04905,2.277558276104236,0.5728148414777299,0.0
0.049100000000000005,2.2155301986017357,0.579167186998725,0.0
0.04915,2.4520890144199075,0.5866150712078413,0.0
0.0492,3.2942123699348222,0.5980784151635679,0.0
0.04925,4.571016797979158,0.6156285871165792,0.0
0.049300000000000004,4.185158727514928,0.6311792917524015,0.0
0.049350000000000005,2.917890471235761,0.6404836135216849,0.0
0.0494,3.1180809153723312,0.0,1.0
0.04945,3.899490471235589,0.01885633690152606,0.0
0.0495,4.390290471236038,0.03994242111989578,0.0
0.049550000000000004,4.881090471235475,0.063241276768859,0.0
0.049600000000000005,2.377093384867464,0.07425444653674662,0.0
0.04965,2.8678933848672754,0.08755707653695068,0.0
0.0497,3.2587194494884324,0.10264830331046632,0.0
0.04975,3.0754460317668917,0.11673839992984775,0.0
0.049800000000000004,2.892172614045351,0.12983498836709373,0.0
0.049850000000000005,2.7088991963238103,0.14194563256532744,0.0
0.0499,2.525625778602295,0.15307783888059176,0.0
0.04995,2.342352360880754,0.16323905652028056,0.0
0.05,2.1590789431592134,0.17243667797823273,0.0
0.050050000000000004,1.9758055254376725,0.18067803946651315,0.0
0.050100000000000006,1.7925321077161318,0.1879704213439066,0.0
0.05015,1.6092586899946166,0.19432104854114945,0.0
0.0502,1.4259852722730757,0.19973709098292336,0.0
0.05025,1.2427118545515352,0.20422566400663697,0.0
0.050300000000000004,1.0594384368299945,0.20779382877801883,0.0
0.050350000000000006,0.8761650191084533,0.2104485927035462,0.0
0.0504,0.6928916013869384,0.21219690983973427,0.0
0.05045,0.5096181836653977,0.21304568129930848,0.0
0.0505,0.32634476594385653,0.21300175565428564,0.0
0.050550000000000005,0.14307134822231582,0.2120719293359854,0.0
0.0506,0.21390503939382857,0.21149170481194368,0.0
0.05065,0.7047050393942648,0.21328920529408593,0.0
0.0507,1.1955050393937903,0.21744632828759922,0.0
0.05075,1.6863050393940906,0.22394510911862842,0.0
0.050800000000000005,1.8610520325627686,0.23123941714401738,0.0
0.05085,1.634011547278568,0.237380316233087,0.0
0.0509,1.4069710619943356,0.24237658771220058,0.0
0.05095,1.1799305767101034,0.24623694605225488,0.0
0.051000000000000004,0.9528900914258711,0.24897003937767526,0.0
0.051050000000000005,0.7258496061416388,0.2505844499715357,0.0
0.0511,0.4988091208574381,0.25108869477683354,0.0
0.05115,0.27176863557320585,0.25049122589394673,0.0
0.0512,0.04472815028897359,0.24880043107430538,0.0
0.051250000000000004,-0.06847903681625978,0.2465750853620395,0.0
0.051300000000000005,-0.06802710311460232,0.24436886739104685,0.0
0.05135,-0.0675751694129449,0.24218163153479946,0.0
0.0514,-0.06712323571128745,0.2400132332754777,0.0
0.05145,-0.06667130200962998,0.23786352919552917,0.0
0.051500000000000004,-0.06621936830797251,0.2357323769692921,0.0
0.051550000000000006,-0.06576743460631505,0.23361963535468233,0.0
0.0516,-0.06531550090465765,0.23152516418494357,0.0
0.05165,-0.06486356720300018,0.22944882436046063,0.0
0.0517,-0.06441163350134271,0.22739047784063482,0.0
0.051750000000000004,-0.06395969979968524,0.22534998763582129,0.0
0.051800000000000006,-0.06350776609802779,0.2233272177993277,0.0
0.05185,-0.06305583239637039,0.22132203341947396,0.0
0.0519,-0.06260389869471292,0.2193343006117121,0.0
0.05195,-0.062151964993055454,0.21736388651080654,0.0
0.052000000000000005,-0.061700031291397985,0.2154106592630735,0.0
0.05205,-0.061248097589740584,0.21347448801867988,0.0
0.0521,-0.06079616388808312,0.2115552429240004,0.0
0.05215,-0.06034423018642565,0.20965279511403323,0.0
0.0522,-0.05989229648476819,0.20776701670487313,0.0
0.052250000000000005,-0.059440362783110726,0.2058977807862421,0.0
0.0523,-0.05898842908145332,0.20404496141407677,0.0
0.05235,-0.058536495379795855,0.20220843360317217,0.0
0.0524,-0.058084561678138386,0.2003880733198817,0.0
0.052450000000000004,-0.05763262797648092,0.19858375747487253,0.0
0.052500000000000005,-0.05718069427482346,0.19679536391593616,0.0
0.05255,-0.05672876057316605,0.19502277142085378,0.0
0.0526,-0.05627682687150859,0.19326585969031593,0.0
0.05265,-0.05582489316985112,0.19152450934089596,0.0
0.052700000000000004,-0.05537295946819366,0.1897986018980772,0.0
0.052750000000000005,-0.054921025766536194,0.18808801978933307,0.0
0.0528,-0.054469092064878794,0.1863926463372598,0.0
0.05285,-0.054017158363221324,0.18471236575276165,0.0
0.0529,-0.05356522466156386,0.1830470631282878,0.0
0.052950000000000004,-0.05311329095990639,0.18139662443112092,0.0
0.053000000000000005,-0.05266135725824893,0.17976093649671665,0.0
0.05305,-0.05220942355659153,0.17813988702209393,0.0
0.0531,-0.05175748985493406,0.1765333645592756,0.0
0.05315,-0.051305556153276595,0.17494125850877892,0.0
0.053200000000000004,-0.05085362245161913,0.17336345911315568,0.0
0.053250000000000006,-0.05040168874996166,0.1717998574505815,0.0
0.0533,-0.04994975504830426,0.17025034542849388,0.0
0.05335,-0.04949782134664679,0.16871481577727876,0.0
0.0534,-0.04904588764498933,0.16719316204400508,0.0
0.053450000000000004,-0.048593953943331866,0.16568527858620713,0.0
0.053500000000000006,-0.048142020241674396,0.16419106056571411,0.0
0.05355,-0.047690086540016996,0.16271040394252675,0.0
0.0536,-0.047238152838359526,0.16124320546874057,0.0
0.05365,0.18794555587956682,0.16092442929284548,0.0
0.053700000000000005,0.19791666197437482,0.16065629625754016,0.0
0.05375,0.20788776806918147,0.16043842079797282,0.0
0.0538,0.21785887416398947,0.1602704202847387,0.0
0.05385,0.22782998025879747,0.16015191500153134,0.0
0.0539,0.2378010863536055,0.16008252812296414,0.0
0.053950000000000005,0.2477721924484135,0.1600618856925608,0.0
0.054,0.6455370893418029,0.16196482835525833,0.0
0.05405,1.136337089342245,0.1662265907592376,0.0
0.0541,1.6271370893416812,0.17282921434241874,0.0
0.054150000000000004,1.8413738451773063,0.18041753082606568,0.0
0.054200000000000005,1.8532668254421056,0.1880055842416973,0.0
0.05425,1.8651598057069034,0.19559337659214718,0.0
0.0543,1.8770527859717028,0.2031809098650005,0.0
0.05435,1.8889457662365023,0.2107681860327103,0.0
0.054400000000000004,1.9008387465013017,0.21835520705271255,0.0
0.054450000000000005,1.912731726766101,0.2259419748675406,0.0
0.0545,1.9241155889154284,0.2335260295185001,0.0
0.05455,1.9290731646730044,0.24107631677606506,0.0
0.0546,1.9340307404305803,0.24859309372381833,0.0
0.054650000000000004,1.9389883161881565,0.2560766154880709,0.0
0.054700000000000006,1.9439458919457324,0.2635271352527634,0.0
0.05475,1.9489034677033077,0.2709449042742539,0.0
0.0548,1.9538610434608836,0.2783301718959935,0.0
0.05485,1.9588186192184598,0.28568318556308997,0.0
0.054900000000000004,1.9637761949760357,0.2930041908367604,0.0
0.054950000000000006,1.9687337707336117,0.300293431408674,0.0
0.055,1.9736913464911872,0.3075511491151858,0.0
0.05505,1.978648922248763,0.31477758395146166,0.0
0.0551,1.983606498006339,0.3219729740854961,0.0
0.055150000000000005,1.9885640737639152,0.3291375558720229,0.0
0.055200000000000006,1.9935216495214911,0.3362715638663206,0.0
0.05525,1.9984792252790664,0.343375230837912,0.0
0.0553,2.0034368010366426,0.3504487877841599,0.0
0.05535,2.0083943767942185,0.3574924639437593,0.0
0.055400000000000005,2.1838770555617035,0.36533107628309536,0.0
0.05545,2.139483085712472,0.37289533935019226,0.0
0.0555,2.1096486362521865,0.380257745737296,0.0
0.05555,2.145305046508596,0.3877365191960752,0.0
0.055600000000000004,2.1809614567650057,0.3953307737812228,0.0
0.055650000000000005,2.2166178670214154,0.403039630292459,0.0
0.0557,2.3587516575000564,0.41137709717202936,0.0
0.05575,2.849551657500446,0.4220243953939165,0.0
0.0558,3.3403516574998826,0.43496393936273614,0.0
0.055850000000000004,3.8311516575002718,0.45017827736871746,0.0
0.055900000000000005,4.321951657499708,0.46765009056836426,0.0
0.05595,4.812751657500082,0.48736219197291347,0.0
0.056,4.875314692558672,0.5072267470840095,0.0
0.05605,4.885647324137619,0.5269900304017927,0.0
0.056100000000000004,4.895979955716566,0.5466528129456654,0.0
0.056150000000000005,4.9063125872955125,0.5662158598649752,0.0
0.0562,4.916645218874458,0.5856799304837069,0.0
0.05625,4.926977850453405,0.6050457783448323,0.0
0.0563,5.003368597815352,0.6246335812145895,0.0
0.056350000000000004,5.01941257998474,0.6441498370570846,0.0
0.056400000000000006,5.035456562154128,0.0,1.0
0.05645,5.051500544323513,0.024426985224001517,0.0
0.0565,5.067544526492901,0.04874558094601528,0.0
0.05655,5.083588508662289,0.07295661237517688,0.0
0.056600000000000004,5.096395641890913,0.09704524636381967,0.0
0.056650000000000006,5.097652868196245,0.12095656415491729,0.0
0.0567,5.098910094501576,0.1446919157218843,0.0
0.05675,5.100167320806908,0.16825264076029128,0.0
0.0568,5.101424547112239,0.19164006876611378,0.0
0.056850000000000005,5.1026817734175705,0.2148555191133856,0.0
0.056900000000000006,5.103938999722902,0.23790030113126087,0.0
0.05695,5.105196226028234,0.2607757141804894,0.0
0.057,5.1064534523335645,0.2834830477293098,0.0
0.057050000000000003,5.107710678638896,0.30602358142876485,0.0
0.057100000000000005,5.108967904944228,0.32839858518744336,0.0
0.05715,5.1102251312495595,0.3506093192456531,0.0
0.0572,5.111482357554891,0.3726570342490289,0.0
0.05725,5.112739583860222,0.3945429713215806,0.0
0.057300000000000004,5.1139968101655535,0.4162683621381845,0.0
0.057350000000000005,5.115254036470885,0.4378344289965232,0.0
0.0574,5.116511262776217,0.4592423848884774,0.0
0.05745,5.1177684890815485,0.48049343357097485,0.0
0.0575,5.119025715386879,0.501588769636299,0.0
0.057550000000000004,5.120282941692211,0.5225295785818629,0.0
0.057600000000000005,5.1215401679975425,0.543317036879452,0.0
0.05765,5.122797394302874,0.5639523120439395,0.0
0.0577,5.124054620608205,0.5844365627014783,0.0
0.05775,5.125311846913537,0.6047709386571746,0.0
0.057800000000000004,5.126569073218868,0.6249565809622453,0.0
0.057850000000000006,5.1278262995242,0.644994621980665,0.0
0.0579,5.1290835258295315,0.0,1.0
0.05795,5.130340752134862,0.02480822413991713,0.0
0.058,5.131597978440194,0.04943365357785992,0.0
0.058050000000000004,5.132855204745526,0.07387767999711173,0.0
0.058100000000000006,5.134112431050857,0.09814168448555931,0.0
0.05815,5.135369657356189,0.1222270376163595,0.0
0.0582,5.13662688366152,0.14613509952799172,0.0
0.05825,5.137884109966851,0.16986722000370094,0.0
0.058300000000000005,5.139141336272183,0.193424738550336,0.0
0.058350000000000006,5.140398562577515,0.21680898447658756,0.0
0.0584,5.141655788882845,0.2400212769706303,0.0
0.05845,5.142913015188177,0.26306292517717433,0.0
0.0585,5.144170241493509,0.28593522827392964,0.0
0.058550000000000005,5.14542746779884,0.3086394755474886,0.0
0.058600000000000006,5.146684694104172,0.33117694646863066,0.0
0.05865,5.147941920409503,0.35354891076705375,0.0
0.0587,5.149199146714834,0.37575662850553665,0.0
0.058750000000000004,5.150456373020166,0.3978013501535369,0.0
0.058800000000000005,5.151713599325498,0.4196843166602282,0.0
0.05885,5.152970825630829,0.44140675952698194,0.0
0.0589,5.15422805193616,0.4629699008792966,0.0
0.05895,5.155485278241492,0.48437495353818005,0.0
0.059000000000000004,5.156742504546823,0.5056231210909876,0.0
0.059050000000000005,5.128911600686448,0.5265749396920615,0.0
0.0591,5.02575635495623,0.5468684279250131,0.0
0.05915,4.922601109225997,0.566508597901016,0.0
0.0592,4.819445863495765,0.5855004235721983,0.0
0.059250000000000004,4.716290617765533,0.6038488410221616,0.0
0.059300000000000005,4.6131353720353,0.6215587487542881,0.0
0.05935,4.5099801263050825,0.6386350079778521,0.0
0.0594,4.40682488057485,0.0,1.0
0.05945,4.303669634844617,0.020810781599828902,0.0
0.059500000000000004,4.200514389114385,0.04096430659808803,0.0
0.059550000000000006,4.212786621079386,0.06102373888114174,0.0
0.0596,4.703586621079707,0.08330375887349699,0.0
0.05965,4.982269588429354,0.10676174943476216,0.0
0.0597,4.562782408942189,0.12801267770200325,0.0
0.059750000000000004,4.143295229455024,0.14707334685204507,0.0
0.059800000000000006,3.7238080499678596,0.1639604321329484,0.0
0.05985,3.304320870480753,0.17869048183797898,0.0
0.0599,2.8848336909935886,0.19127991827216023,0.0
0.05995,2.465346511506424,0.2017450387114689,0.0
0.060000000000000005,2.0458593320192597,0.21010201635472692,0.0
0.060050000000000006,1.6263721525320949,0.21636690126824634,0.0
0.0601,1.2068849730449887,0.2205556213232828,0.0
0.06015,0.7873977935578242,0.22268398312635043,0.0
0.060200000000000004,0.3679106140706594,0.22276767294245592,0.0
0.060250000000000005,0.026236188607766532,0.22119852818201927,0.0
0.0603,0.06479160262050097,0.2198277680698579,0.0
0.06035,0.10334701663324077,0.21865388223069462,0.0
0.0604,0.5771982756062894,0.21978028399796717,0.0
0.060450000000000004,1.067998275606737,0.22327141759790778,0.0
0.060500000000000005,1.5587982756061682,0.2291092794575108,0.0
0.06055,2.0495982756064945,0.23727600307160146,0.0
0.0606,2.540398275605931,0.24775385795927005,0.0
0.06065,3.031198275606321,0.26052524862828685,0.0
0.060700000000000004,3.5219982756067436,0.2755727135473702,0.0
0.060750000000000005,4.012798275606172,0.292878924126292,0.0
0.0608,3.8625029470547267,0.3093266095811722,0.0
0.06085,3.6774329127864123,0.32475414996227714,0.0
0.0609,3.4923628785180982,0.339169312009181,0.0
0.060950000000000004,3.3072928442497838,0.3525798033304135,0.0
0.061000000000000006,3.1222228099814693,0.3649932728536465,0.0
0.06105,2.937152775713181,0.3764173112724529,0.0
0.0611,2.7520827414448665,0.38685945148966394,0.0
0.06115,2.567012707176552,0.3963271690573517,0.0
0.061200000000000004,2.381942672908238,0.4048278826134615,0.0
0.061250000000000006,2.196872638639924,0.41236895431511983,0.0
0.0613,2.0118026043716353,0.41895769026864416,0.0
0.06135,1.8267325701033208,0.4246013409562775,0.0
0.0614,1.6416625358350068,0.4293071016596756,0.0
0.061450000000000005,1.4565925015666923,0.4330821128801692,0.0
0.061500000000000006,1.2715224672983778,0.4359334607558265,0.0
0.06155,1.0864524330300895,0.4378681774753412,0.0
0.0616,0.9013823987617751,0.4388932416887682,0.0
0.06165,0.7163123644934606,0.4390155789151336,0.0
0.061700000000000005,0.5312423302251466,0.43824206194694043,0.0
0.061750000000000006,0.3461722959568321,0.43657951125159516,0.0
0.0618,0.16110226168854336,0.43403469536977796,0.0
0.06185,-0.023967772579770674,0.43061433131077964,0.0
0.061900000000000004,-0.06223642374675361,0.42703495623642196,0.0
0.061950000000000005,-0.06228354808664798,0.42348260438672825,0.0
0.062,-0.06233067242654235,0.41995707002395216,0.0
0.06205,-0.06237779676643672,0.4164581489767045,0.0
0.0621,-0.0624249211063311,0.41298563862802795,0.0
0.062150000000000004,-0.06247204544622547,0.40953933790356245,0.0
0.062200000000000005,-0.06251916978611984,0.40611904725980114,0.0
0.06225,-0.06256629412601421,0.40272456867243517,0.0
0.0623,-0.06261341846590858,0.3993557056247876,0.0
0.06235,-0.06266054280580295,0.3960122630963353,0.0
0.062400000000000004,-0.06270766714569732,0.3926940475513179,0.0
0.062450000000000006,-0.0627547914855917,0.38940086692743414,0.0
0.0625,-0.06280191582548607,0.38613253062462355,0.0
0.06255000000000001,-0.06284904016538044,0.38288884949393404,0.0
0.0626,-0.06289616450527481,0.37966963582647406,0.0
0.06265,-0.06294328884516917,0.37647470334244887,0.0
0.0627,-0.06299041318506356,0.37330386718028036,0.0
0.06275,-0.06303753752495792,0.3701569438858095,0.0
0.06280000000000001,-0.0630846618648523,0.3670337514015813,0.0
0.06285,-0.06313178620474666,0.36393410905621104,0.0
0.0629,-0.06317891054464103,0.3608578375538318,0.0
0.06295,-0.0632260348845354,0.3578047589636219,0.0
0.063,-0.06327315922442978,0.3547746967094126,0.0
0.06305000000000001,-0.06332028356432415,0.35176747555937427,0.0
0.0631,-0.06336740790421852,0.3487829216157818,0.0
0.06315,-0.06341453224411289,0.3458208623048573,0.0
0.0632,-0.06346165658400726,0.3428811263666906,0.0
0.06325,-0.06350878092390164,0.3399635438452361,0.0
0.06330000000000001,-0.06355590526379601,0.33706794607838614,0.0
0.06335,-0.06360302960369038,0.33419416568811966,0.0
0.0634,-0.06365015394358474,0.3313420365707261,0.0
0.06345,-0.06369727828347913,0.32851139388710343,0.0
0.0635,-0.06374440262337348,0.3257020740531304,0.0
0.06355000000000001,-0.06379152696326787,0.3229139147301118,0.0
0.0636,-0.06383865130316223,0.32014675481529653,0.0
0.06365,-0.0638857756430566,0.3174004344324681,0.0
0.0637,-0.06393289998295097,0.3146747949226064,0.0
0.06375,-0.06398002432284534,0.31196967883462073,0.0
0.06380000000000001,-0.06402714866273972,0.3092849299161535,0.0
0.06385,-0.06407427300263409,0.3066203931044537,0.0
0.0639,-0.06412139734252846,0.3039759145173202,0.0
0.06395,-0.06416852168242283,0.3013513414441135,0.0
0.064,-0.0642156460223172,0.2987465223368365,0.0
0.06405000000000001,-0.06426277036221158,0.29616130680128266,0.0
0.0641,-0.06430989470210595,0.29359554558825174,0.0
0.06415,-0.06435701904200031,0.2910490905848327,0.0
0.06420000000000001,-0.0644041433818947,0.28852179480575246,0.0
0.06425,-0.06445126772178905,0.28601351238479095,0.0
0.06430000000000001,-0.06449839206168344,0.28352409856626115,0.0
0.06435,-0.0645455164015778,0.28105340969655446,0.0
0.0644,-0.06459264074147217,0.2786013032157499,0.0
0.06445000000000001,-0.06463976508136654,0.27616763764928765,0.0
0.0645,-0.06468688942126091,0.2737522725997058,0.0
0.06455,-0.06473401376115528,0.27135506873843984,0.0
0.0646,-0.06478113810104966,0.2689758877976849,0.0
0.06465,-0.06482826244094403,0.2666145925623197,0.0
0.06470000000000001,-0.0648753867808384,0.2642710468618922,0.0
0.06475,-0.06492251112073277,0.2619451155626661,0.0
0.0648,-0.05871430640649846,0.25966691276598575,0.0
0.06485,-0.030470658198027023,0.2575426294661382,0.0
0.0649,-0.0022270099895634193,0.2555710938173948,0.0
0.06495000000000001,0.01310395303456245,0.2536887024451181,0.0
0.065,0.02089442922503888,0.2518583139588609,0.0
0.06505,0.028684905415515306,0.25007953244152936,0.0
0.0651,0.0364753816059939,0.24835196499029225,0.0
0.06515,0.044265857796470326,0.2466752216936319,0.0
0.06520000000000001,0.052056333986948915,0.24504891560857053,0.0
0.06525,0.26804489371188733,0.24447942329674674,0.0
0.0653,0.7588448937122527,0.2462875742828285,0.0
0.06535,1.2496448937123894,0.25045526669408136,0.0
0.0654,1.7404448937121029,0.2569645364739835,0.0
0.06545000000000001,2.2312448937124927,0.26579755633298635,0.0
0.0655,2.722044893711929,0.27693663470724433,0.0
0.06555,3.2128448937122176,0.29036421472530166,0.0
0.0656,3.703644893712709,0.3060628731826178,0.0
0.06565,4.194444893712145,0.3240153195239093,0.0
0.06570000000000001,4.685244893712459,0.3442043948332572,0.0
0.06575,4.768516682485044,0.3646424315125921,0.0
0.0658,4.791168990177352,0.3850344031744569,0.0
0.06585,4.8138212978696675,0.40538066052876864,0.0
0.0659,4.836473605561976,0.4256815516153607,0.0
0.06595000000000001,4.8591259132542906,0.44593742182431134,0.0
0.066,4.881778220946599,0.4661486139161171,0.0
0.06605,4.944748853515023,0.486510430927961,0.0
0.0661,4.890773405944675,0.5064562228080668,0.0
0.06615,4.836797958374342,0.5259891569087431,0.0
0.06620000000000001,4.874681779813984,0.5455565702253824,0.0
0.06625,4.977961100614428,0.5654744260739941,0.0
0.0663,5.054578835701806,0.5856111319110067,0.0
0.06635,5.057518793418508,0.6056087460317823,0.0
0.0664,5.060458751135209,0.6254683273927035,0.0
0.06645000000000001,5.063398708851912,0.6451909268879285,0.0
0.0665,5.066338666568613,0.0,1.0
0.06655,5.069278624285315,0.024512952728652393,0.0
0.0666,5.072218582002017,0.0488534957642494,0.0
0.06665,5.075158539718719,0.0730229417251827,0.0
0.06670000000000001,5.078098497435421,0.09702259323639748,0.0
0.06675,5.081038455152123,0.12085374300547622,0.0
0.0668,5.083978412868824,0.1445176738981432,0.0
0.06685,5.086918370585526,0.1680156590131943,0.0
0.0669,5.089858328302228,0.19134896175685595,0.0
0.06695000000000001,5.09279828601893,0.21451883591657855,0.0
0.067,5.095738243735632,0.23752652573426755,0.0
0.06705,5.098678201452333,0.2603732659789572,0.0
0.0671,5.1016181591690355,0.2830602820189312,0.0
0.06715,5.104558116885737,0.30558878989329363,0.0
0.06720000000000001,5.107498074602439,0.327959996382996,0.0
0.06725,5.1104380323191405,0.35017509908132244,0.0
0.0673,5.113377990035842,0.37223528646383924,0.0
0.06735000000000001,5.1163179477525444,0.39414173795781104,0.0
0.0674,5.1192579054692455,0.41589562401108904,0.0
0.06745000000000001,5.122197863185948,0.4374981061604746,0.0
0.0675,5.1251378209026495,0.45895033709956223,0.0
0.06755,5.128077778619351,0.4802534607460663,0.0
0.06760000000000001,5.131017736336053,0.5014086123086349,0.0
0.06765,5.133957694052755,0.5224169183531553,0.0
0.06770000000000001,5.136897651769457,0.5432794968685545,0.0
0.06775,5.139837609486158,0.5639974573320984,0.0
0.0678,5.14277756720286,0.5845719007741949,0.0
0.06785000000000001,5.145717524919562,0.6050039198427021,0.0
0.0679,5.108170212989984,0.625098819032869,0.0
0.06795,4.993683271843238,0.6444871164651135,0.0
0.068,4.87919633069646,0.0,1.0
0.06805,4.764709389549714,0.023040180800530538,0.0
0.06810000000000001,4.6502224484029355,0.04535133633120049,0.0
0.06815,4.53573550725619,0.06693901692946645,0.0
0.0682,4.421248566109444,0.08780873067602483,0.0
0.06825,4.3067616249626655,0.10796594371652812,0.0
0.0683,4.19227468381592,0.12741608058085224,0.0
0.06835000000000001,4.077787742669142,0.1461645244999322,0.0
0.0684,3.9633008015223954,0.16421661772018661,0.0
0.06845,3.8488138603756497,0.18157766181554758,0.0
0.0685,3.734326919228872,0.19825291799711514,0.0
0.06855,3.6198399780821253,0.21424760742045493,0.0
0.06860000000000001,3.5053530369353476,0.22956691149055503,0.0
0.06865,3.390866095788602,0.2442159721644623,0.0
0.0687,3.2763791546418557,0.25819989225161377,0.0
0.06875,3.1618922134950775,0.27152373571188154,0.0
0.0688,3.047405272348332,0.2841925279513494,0.0
0.06885000000000001,2.9329183312015537,0.2962112561158365,0.0
0.0689,2.8184313900548075,0.30758486938218715,0.0
0.06895,2.7039444489080617,0.3183182792473424,0.0
0.069,2.5894575077612836,0.32841635981521083,0.0
0.06905,2.4749705666145374,0.33788394808135597,0.0
0.06910000000000001,2.3604836254677597,0.3467258442155151,0.0
0.06915,2.2459966843210135,0.35494681184196863,0.0
0.0692,2.1315097431742673,0.36255157831777335,0.0
0.06925,2.0170228020274896,0.3695448350088783,0.0
0.0693,1.9025358608807434,0.3759312375641388,0.0
0.06935000000000001,1.7880489197339657,0.3817154061872432,0.0
0.0694,1.6735619785872196,0.38690192590657035,0.0
0.06945,1.5590750374404734,0.3914953468429921,0.0
0.0695,1.4445880962936957,0.3955001844756367,0.0
0.06955,1.3301011551469495,0.39892091990562956,0.0
0.06960000000000001,1.2156142140001718,0.4017620001178253,0.0
0.06965,1.1011272728534252,0.4040278382405479,0.0
0.0697,0.9866403317066794,0.4057228138033523,0.0
0.06975,0.8721533905599017,0.4068512729928245,0.0
0.0698,0.7576664494131551,0.407417528906434,0.0
0.06985000000000001,0.6431795082663774,0.40742586180445317,0.0
0.0699,0.5286925671196316,0.40688051935995906,0.0
0.06995,0.414205625972885,0.4057857169069316,0.0
0.07,0.2997186848261073,0.40414563768646294,0.0
0.07005,0.18523174367936157,0.4019644330910928,0.0
0.07010000000000001,0.07074480253258386,0.3992462229072826,0.0
0.07015,0.4496915118180621,0.39838113835310596,0.0
0.0702,0.9404915118184518,0.3998959475492711,0.0
0.07025,1.3576318371034395,0.40341634350733996,0.0
0.0703,1.9220915118182778,0.4096394329221613,0.0
0.07035000000000001,2.4128915118186676,0.4181884512124369,0.0
0.0704,2.9036915118181037,0.42904569022634337,0.0
0.07045,3.394491511818429,0.4421935766307376,0.0
0.07050000000000001,3.8852915118183247,0.4576146708847175,0.0
0.07055,4.37609151181832,0.4752916662210212,0.0
0.07060000000000001,4.866891511818709,0.49520738763517147,0.0
0.07065,4.938709968068404,0.5153187679434807,0.0
0.0707,4.824299461691346,0.5347237906242582,0.0
0.07075000000000001,4.709888955314256,0.5534278334378637,0.0
0.0708,4.5954784489371985,0.5714362332017904,0.0
0.07085000000000001,4.4810679425601085,0.5887542861023769,0.0
0.0709,4.366657436183051,0.6053872480041482,0.0
0.07095,4.252246929805993,0.6213403347567998,0.0
0.07100000000000001,4.137836423428903,0.6366187224998453,0.0
0.07105,4.023425917051845,0.0,1.0
0.0711,3.9090154106747863,0.018902395602876144,0.0
0.07115,3.7946049042976964,0.037107638023350306,0.0
0.0712,3.6801943979206384,0.054621034944957264,0.0
0.07125000000000001,3.5657838915435485,0.071447853641885,0.0
0.0713,3.45137338516649,0.0875933212866265,0.0
0.07135,3.336962878789432,0.10306262525528832,0.0
0.0714,3.222552372412342,0.11786091343057505,0.0
0.07145,3.108141866035284,0.13199329450246755,0.0
0.07150000000000001,2.9937313596581943,0.145464838266611,0.0
0.07155,2.8793208532811363,0.15828057592043238,0.0
0.0716,2.7649103469040783,0.17044550035700243,0.0
0.07165,2.6504998405269884,0.18196456645666081,0.0
0.0717,2.53608933414993,0.19284269137642146,0.0
0.07175000000000001,2.4216788277728405,0.20308475483717348,0.0
0.0718,2.307268321395782,0.21269559940869684,0.0
0.07185,2.192857815018724,0.2216800307925069,0.0
0.0719,2.078447308641634,0.23004281810254606,0.0
0.07195,1.9640368022645762,0.2377886941437389,0.0
0.07200000000000001,1.8496262958874863,0.24492235568842546,0.0
0.07205,1.7352157895104283,0.25144846375069113,0.0
0.0721,1.62080528313337,0.257371643858607,0.0
0.07215,1.50639477675628,0.2626964863243979,0.0
0.0722,1.391984270379222,0.26742754651255407,0.0
0.07225000000000001,1.277573764002132,0.2715693451059005,0.0
0.0723,1.163163257625074,0.27512636836964166,0.0
0.07235,1.0487527512480161,0.2781030684133953,0.0
0.0724,0.9343422448709262,0.2805038634512314,0.0
0.07245,0.8199317384938682,0.28233313805973176,0.0
0.07250000000000001,0.7055212321167783,0.2835952434340841,0.0
0.07255,0.5911107257397203,0.28429449764222753,0.0
0.0726,0.4767002193626615,0.28443518587706185,0.0
0.07265,0.36228971298557155,0.2840215607067374,0.0
0.0727,0.2478792066085136,0.2830578423230399,0.0
0.07275000000000001,0.13346870023142365,0.2815482187878826,0.0
0.0728,0.01905819385436569,0.279496846277924,0.0
0.07285,-0.07716891977022784,0.2769957767584257,0.0
0.0729,-0.07582498319055968,0.27452024752707926,0.0
0.07295,-0.07448104661089189,0.2720700641362794,0.0
0.07300000000000001,-0.07313711003122372,0.26964503361882175,0.0
0.07305,-0.07179317345155592,0.2672449644766325,0.0
0.0731,-0.07044923687188813,0.2648696666695828,0.0
0.07315,-0.06910530029221996,0.2625189516043894,0.0
0.0732,-0.06776136371255218,0.26019263212359894,0.0
0.07325000000000001,-0.06641742713288401,0.25789052249465666,0.0
0.0733,-0.0650734905532162,0.255612438399058,0.0
0.07335,-0.06372955397354842,0.25335819692158296,0.0
0.0734,-0.06238561739388025,0.2511276165396123,0.0
0.07345,-0.061041680814212455,0.24892051711252536,0.0
0.07350000000000001,-0.059697744234544284,0.24673671987117818,0.0
0.07355,-0.058353807654876494,0.24457604740746203,0.0
0.0736,-0.057009871075208704,0.24243832366394139,0.0
0.07365000000000001,-0.05566593449554054,0.2403233739235707,0.0
0.0737,-0.05432199791587274,0.23823102479948954,0.0
0.07375000000000001,-0.05297806133620457,0.23616110422489542,0.0
0.0738,-0.05163412475653678,0.23411344144299365,0.0
0.07385,-0.05029018817686899,0.23208786699702383,0.0
0.07390000000000001,-0.04894625159720082,0.2300842127203622,0.0
0.07395,-0.04760231501753302,0.22810231172669934,0.0
0.07400000000000001,-0.04625837843786486,0.22614199840029267,0.0
0.07405,-0.04491444185819707,0.22420310838629315,0.0
0.0741,-0.04357050527852927,0.22228547858114564,0.0
0.07415000000000001,-0.04222656869886111,0.22038894712306237,0.0
0.0742,-0.04088263211919331,0.21851335338256886,0.0
0.07425000000000001,-0.039538695539525145,0.21665853795312187,0.0
0.0743,-0.038194758959857356,0.21482434264179884,0.0
0.07435,-0.03685082238018956,0.21301061046005804,0.0
0.07440000000000001,-0.035506885800521394,0.21121718561456926,0.0
0.07445,-0.0341629492208536,0.20944391349811423,0.0
0.0745,-0.03281901264118581,0.20769064068055623,0.0
0.07455,-0.031475076061517636,0.20595721489987864,0.0
0.0746,-0.030131139481849846,0.20424348505329154,0.0
0.07465000000000001,-0.02878720290218168,0.2025493011884061,0.0
0.0747,0.1905352162926129,0.20192856905257645,0.0
0.07475,0.6813352162930028,0.2036858703222745,0.0
0.0748,1.1721352162933927,0.20780310015473416,0.0
0.07485,1.6629352162928288,0.21426229154601015,0.0
0.07490000000000001,2.153735216293288,0.22304561428157463,0.0
0.07495,2.6445352162930313,0.2341353738948711,0.0
0.075,3.135335216293045,0.24751401063382827,0.0
0.07505,3.6261352162934344,0.263164098435225,0.0
0.0751,4.116935216292871,0.28106834390686086,0.0
0.07515000000000001,4.607735216293245,0.30120958531749864,0.0
0.0752,4.738265630283197,0.3218286756079563,0.0
0.07525,4.713309698079808,0.34217010852723073,0.0
0.0753,4.6883537658764105,0.3622359979829888,0.0
0.07535,4.712369635396711,0.38226524934079636,0.0
0.07540000000000001,4.748996501068344,0.4023191231461134,0.0
0.07545,4.785623366739967,0.42239743193919277,0.0
0.0755,4.945454334593016,0.4430957542048057,0.0
0.07555,4.961321893121449,0.46371322153825234,0.0
0.0756,4.977189451649876,0.4842504495178633,0.0
0.07565000000000001,4.993057010178308,0.5047080490353448,0.0
0.0757,5.008924568706735,0.5250866263314601,0.0
0.07575,5.024792127235163,0.5453867830314384,0.0
0.0758,5.040659685763596,0.565609116180115,0.0
0.07585,5.046176865780988,0.5857041680905796,0.0
0.07590000000000001,5.050686813843314,0.6056680372409913,0.0
0.07595,5.055196761905639,0.625501722373941,0.0
0.076,5.059706709967963,0.6452062146282247,0.0
0.07605,5.064216658030289,0.0,1.0
0.0761,5.068726606092613,0.02451028339503198,0.0
0.07615000000000001,5.073236554154939,0.048855769249151276,0.0
0.0762,5.077746502217264,0.07303771222663619,0.0
0.07625,5.082256450279588,0.09705735743954445,0.0
0.0763,5.086766398341914,0.1209159405204379,0.0
0.07635,5.091276346404238,0.14461468769455327,0.0
0.07640000000000001,5.095786294466564,0.16815481585142372,0.0
0.07645,5.100296242528889,0.19153753261595485,0.0
0.0765,5.104806190591213,0.21476403641895983,0.0
0.07655,5.109316138653539,0.23783551656715735,0.0
0.0766,5.113826086715863,0.2607531533126367,0.0
0.07665000000000001,5.1183360347781885,0.28351811792179404,0.0
0.0767,5.122845982840514,0.30613157274374375,0.0
0.07675,5.127355930902838,0.32859467127820896,0.0
0.07680000000000001,5.131865878965163,0.3509085582428953,0.0
0.07685,5.136375827027488,0.37307436964035157,0.0
0.07690000000000001,5.140885775089814,0.39509323282432135,0.0
0.07695,5.145395723152138,0.41696626656558966,0.0
0.077,5.149905671214463,0.4386945811173282,0.0
0.07705000000000001,5.12561258631839,0.460139998623471,0.0
0.0771,5.026321351508811,0.48094201258386465,0.0
0.07715000000000001,4.927030116699204,0.5011055214662951,0.0
0.0772,4.827738881889625,0.5206353864447117,0.0
0.07725,4.7284476470800465,0.5395364316831595,0.0
0.07730000000000001,4.62915641227044,0.5578134446175478,0.0
0.07735,4.529865177460862,0.5754711762352768,0.0
0.07740000000000001,4.430573942651256,0.5925143413527318,0.0
0.07745,4.331282707841677,0.6089476188906681,0.0
0.0775,4.231991473032098,0.624775652147496,0.0
0.07755000000000001,4.132700238222491,0.6400030490704878,0.0
0.0776,4.033409003412912,0.0,1.0
0.07765,3.9341177686033335,0.01902378031239523,0.0
0.0777,3.8348265337937275,0.03742259389348104,0.0
0.07775,3.7355352989841486,0.05520119884479563,0.0
0.07780000000000001,3.6362440641745426,0.07236431704270027,0.0
0.07785,3.5369528293649637,0.08891663441417545,0.0
0.0779,3.437661594555385,0.1048628012105163,0.0
0.07795,3.3383703597457783,0.12020743227894473,0.0
0.078,3.2390791249361994,0.13495510733215405,0.0
0.07805000000000001,3.1397878901265934,0.14911037121580045,0.0
0.0781,3.0404966553170145,0.1626777341739593,0.0
0.07815,2.9412054205074356,0.1756616721125591,0.0
0.0782,2.841914185697829,0.1880666268608105,0.0
0.07825,2.7426229508882507,0.1998970064306453,0.0
0.07830000000000001,2.6433317160786443,0.21115718527417934,0.0
0.07835,2.5440404812690653,0.22185150453921612,0.0
0.0784,2.4447492464594864,0.2319842723228045,0.0
0.07845,2.34545801164988,0.24155976392286616,0.0
0.0785,2.2461667768403015,0.2505822220879079,0.0
0.07855000000000001,2.146875542030695,0.2590558572648317,0.0
0.0786,2.047584307221116,0.2669848478448593,0.0
0.07865,1.9482930724115373,0.2743733404075835,0.0
0.0787,1.8490018376019313,0.28122544996316157,0.0
0.07875,1.7497106027923524,0.28754526019266574,0.0
0.07880000000000001,1.650419367982746,0.29333682368660224,0.0
0.07885,1.551128133173167,0.29860416218161584,0.0
0.0789,1.4518368983635885,0.30335126679539126,0.0
0.07895,1.352545663553982,0.30758209825976646,0.0
0.079,1.2532544287444032,0.3113005871520718,0.0
0.07905000000000001,1.1539631939347967,0.31451063412470687,0.0
0.0791,1.0546719591252183,0.3172161101329703,0.0
0.07915,0.9553807243156394,0.31942085666115455,0.0
0.0792,0.8560894895060329,0.3211286859469195,0.0
0.07925,0.756798254696454,0.3223433812039581,0.0
0.07930000000000001,0.6575070198868476,0.323068696842966,0.0
0.07935,0.5582157850772687,0.32330835869093,0.0
0.0794,0.45892455026768975,0.3230660642087458,0.0
0.07945,0.3596333154580842,0.3223454827071795,0.0
0.0795,0.2603420806485053,0.3211502555611854,0.0
0.07955000000000001,0.16105084583889884,0.319483996422591,0.0
0.0796,0.3721818343986557,0.3188513660122535,0.0
0.07965,0.8629818343990104,0.3205968595933826,0.0
0.07970000000000001,1.3537818343986145,0.3247023716335445,0.0
0.07975,1.8445818343988367,0.3311499344443881,0.0
0.07980000000000001,2.335381834399362,0.33992171713217945,0.0
0.07985,2.8261818343987564,0.3510000245563283,0.0
0.0799,3.3169818343990514,0.3643672962958664,0.0
0.07995000000000001,3.8077818343990724,0.38000610562376197,0.0
0.08,4.2985818343988775,0.39789915848906454,0.0
0.08005000000000001,4.789381834398683,0.41802929250679405,0.0
0.0801,4.844964347317812,0.43827494265242,0.0
0.08015,4.699792521301672,0.4576644637970204,0.0
0.08020000000000001,4.554620695285491,0.4762043739654954,0.0
0.08025,4.409448869269351,0.4939011415586252,0.0
0.08030000000000001,4.264277043253171,0.5107611857308758,0.0
0.08035,4.11910521723703,0.5267908767653303,0.0
0.0804,3.97393339122089,0.5419965364457641,0.0
0.08045000000000001,3.82876156520471,0.5563844384258876,0.0
0.0805,3.6835897391885695,0.5699608085957792,0.0
0.08055000000000001,3.538417913172389,0.5827318254455264,0.0
0.0806,3.393246087156249,0.5947036204260997,0.0
0.08065,3.2480742611401086,0.605882278307479,0.0
0.08070000000000001,3.1029024351239283,0.6162738375340524,0.0
0.08075,2.957730609107788,0.6258842905773109,0.0
0.08080000000000001,2.8125587830916077,0.6347195842858558,0.0
0.08085,2.6673869570754674,0.6427856202327442,0.0
0.0809,2.522215131059327,0.0,1.0
0.08095000000000001,2.3770433050431468,0.01149440669750071,0.0
0.081,2.2318714790270064,0.02219931082835149,0.0
0.08105,2.086699653010866,0.03212072316590794,0.0
0.0811,1.9415278269946858,0.041264608721297606,0.0
0.08115,1.7963560009785455,0.04963688709182529,0.0
0.08120000000000001,1.6511841749623652,0.057243432806724344,0.0
0.08125,1.506012348946225,0.06409007567027729,0.0
0.0813,1.3608405229300846,0.0701826011023227,0.0
0.08135,1.2156686969139043,0.07552675047617034,0.0
0.0814,1.070496870897764,0.08012822145394412,0.0
0.08145000000000001,0.9253250448815837,0.08399266831937065,0.0
0.0815,0.7801532188654434,0.08712570230803576,0.0
0.08155,0.6349813928493031,0.0895328919351252,0.0
0.0816,0.4898095668331228,0.09121976332067075,0.0
0.08165,0.3446377408169825,0.09219180051232073,0.0
0.08170000000000001,0.19946591480080222,0.09245444580565172,0.0
0.08175,0.05429408878466191,0.09201310006204323,0.0
0.0818,-0.0687955148381629,0.09097990359663241,0.0
0.08185,-0.06830766759777573,0.08995693226504835,0.0
0.0819,-0.06781982035738869,0.08894410821958723,0.0
0.08195000000000001,-0.06733197311700152,0.08794135420522844,0.0
0.082,-0.06684412587661448,0.08694859355512227,0.0
0.08205,-0.06635627863622744,0.08596575018611188,0.0
0.0821,-0.06586843139584027,0.08499274859428953,0.0
0.08215,-0.06538058415545323,0.08402951385058645,0.0
0.08220000000000001,-0.06489273691506606,0.08307597159639646,0.0
0.08225,-0.06440488967467901,0.08213204803923277,0.0
0.0823,-0.06391704243429198,0.08119766994841794,0.0
0.08235,-0.0634291951939048,0.0802727646508066,0.0
0.0824,-0.06294134795351777,0.07935726002654075,0.0
0.08245000000000001,-0.0624535007131306,0.07845108450483741,0.0
0.0825,-0.061965653472743555,0.07755416705980828,0.0
0.08255,-0.06147780623235652,0.07666643720631124,0.0
0.0826,-0.060989958991969344,0.0757878249958335,0.0
0.08265,-0.06050211175158231,0.07491826101240603,0.0
0.08270000000000001,-0.06001426451119513,0.07405767636854908,0.0
0.08275,-0.059526417270808096,0.07320600270124862,0.0
0.0828,-0.05903857003042106,0.07236317216796338,0.0
0.08285000000000001,-0.058550722790033885,0.07152911744266231,0.0
0.0829,-0.05806287554964685,0.0707037717118922,0.0
0.08295000000000001,-0.057575028309259674,0.06988706867087519,0.0
0.083,-0.05708718106887264,0.06907894251963612,0.0
0.08305,-0.0565993338284856,0.06827932795915921,0.0
0.08310000000000001,-0.056111486588098426,0.06748816018757411,0.0
0.08315,-0.05562363934771139,0.06670537489637095,0.0
0.08320000000000001,-0.055135792107324215,0.06593090826664416,0.0
0.08325,-0.05464794486693718,0.06516469696536499,0.0
0.0833,-0.054160097626550135,0.06440667814168233,0.0
0.08335000000000001,-0.05367225038616297,0.06365678942325169,0.0
0.0834,-0.053184403145775924,0.06291496891259218,0.0
0.08345000000000001,-0.052696555905388756,0.062181155183471226,0.0
0.0835,-0.05220870866500171,0.0614552872773167,0.0
0.08355,-0.05172086142461468,0.06073730469965653,0.0
0.08360000000000001,-0.0512330141842275,0.0600271474165853,0.0
0.08365,-0.050745166943840465,0.05932475585125778,0.0
0.08370000000000001,-0.05025731970345329,0.05863007088040918,0.0
0.08375,-0.049769472463066254,0.05794303383090188,0.0
0.0838,-0.04928162522267922,0.0572635864762984,0.0
0.08385000000000001,-0.04879377798229204,0.05659167103346057,0.0
0.0839,-0.04830593074190501,0.055927230159174474,0.0
0.08395000000000001,-0.04781808350151783,0.05527020694680119,0.0
0.084,-0.047330236261130795,0.05462054492295294,0.0
0.08405,-0.03348285707959174,0.05404278926247875,0.0
0.08410000000000001,0.004110334409781598,0.05365121752695259,0.0
0.08415,0.10644473733714092,0.05375747418055099,0.0
0.08420000000000001,0.20496628429847588,0.05433933166472672,0.0
0.08425,0.3034878312597835,0.05539316905546865,0.0
0.0843,0.4020093782210911,0.05691539299619175,0.0
0.08435000000000001,1.468257252703568,0.06358196518379979,0.0
0.0844,1.6465698867480214,0.07106002908562535,0.0
0.08445,0.06302845250504716,0.07082380270501183,0.0
0.0845,0.5538284525054109,0.0729626823462211,0.0
0.08455,1.0446284525053493,0.07745858545373355,0.0
0.08460000000000001,0.34242319049806014,0.07852468289549323,0.0
0.08465,2.0262284525047796,0.08772485553460449,0.0
0.0847,1.4938504139199753,0.09428062198762105,0.0
0.08475,2.6453215905892247,0.10635451942031954,0.0
0.0848,3.217834546185753,0.1211049317217841,0.0
0.08485000000000001,2.7915096179579884,0.13368151117542917,0.0
0.0849,1.4854313661368734,0.13984668164710123,0.0
0.08495,3.064807071474553,0.15360212768424478,0.0
0.085,2.0467822834919396,0.16233009802711051,0.0
0.08505,2.556152922691908,0.17345472666196063,0.0
0.08510000000000001,3.448631366137332,0.1888103191928203,0.0
0.08515,3.939431366136518,0.20642231149470425,0.0
0.0852,4.348454146484955,0.22587808366560724,0.0
0.08525,4.386047337974328,0.24536751714735414,0.0
0.0853,4.423640529463691,0.2648903556640075,0.0
0.08535000000000001,4.428994449289568,0.28429044899296035,0.0
0.0854,4.433615390801692,0.3035651872559009,0.0
0.08545,4.438236332313817,0.32271552482704224,0.0
0.0855,4.442857273825943,0.3417424088145956,0.0
0.08555,4.447478215338068,0.36064677911608917,0.0
0.08560000000000001,4.452099156850194,0.3794295684732656,0.0
0.08565,4.456720098362319,0.3980917025265617,0.0
0.0857,4.461341039874443,0.4166340998691732,0.0
0.08575,4.465961981386569,0.4350576721007082,0.0
0.0858,4.470582922898695,0.45336332388043166,0.0
0.08585000000000001,4.475203864410821,0.4715519529801048,0.0
0.0859,4.479824805922945,0.4896244503364225,0.0
0.08595,4.48444574743507,0.5075817001030507,0.0
0.08600000000000001,4.489066688947196,0.5254245797022687,0.0
0.08605,4.493687630459321,0.5431539598762172,0.0
0.08610000000000001,4.498308571971447,0.5607707047377565,0.0
0.08615,4.504072030217441,0.5782811965633652,0.0
0.0862,4.510764757490169,0.5956907378604362,0.0
0.08625000000000001,4.517457484762899,0.6130000972024648,0.0
0.0863,4.524150212035627,0.6302100373115137,0.0
0.08635000000000001,4.530842939308357,0.6473213151027619,0.0
0.0864,4.5375356665810855,0.0,1.0
0.08645,4.72104302066306,0.02282902814633975,0.0
0.08650000000000001,5.02735300915591,0.04696544000619875,0.0
0.08655,5.034011351367715,0.0709502894997629,0.0
0.08660000000000001,5.040669693579521,0.0947847305270593,0.0
0.08665,5.047328035791327,0.11846990820304978,0.0
0.0867,5.053986378003131,0.14200695892451495,0.0
0.08675000000000001,5.060644720214937,0.1653970104364288,0.0
0.0868,5.067303062426742,0.18864118189782814,0.0
0.08685000000000001,5.073961404638548,0.21174058394718054,0.0
0.0869,5.080619746850354,0.2346963187672545,0.0
0.08695,5.087278089062158,0.25750948014949576,0.0
0.08700000000000001,5.093936431273964,0.2801811535579136,0.0
0.08705,5.100594773485769,0.30271241619248074,0.0
0.08710000000000001,5.107253115697575,0.3251043370520502,0.0
0.08715,5.1139114579093805,0.3473579769967939,0.0
0.0872,5.120569800121185,0.36947438881016487,0.0
0.08725000000000001,5.127228142332991,0.3914546172603889,0.0
0.0873,5.133886484544796,0.4132996991614868,0.0
0.08735000000000001,5.061287763048961,0.43462740877373823,0.0
0.0874,4.978454277874929,0.45539219392232544,0.0
0.08745,4.895620792700896,0.4755983403581887,0.0
0.08750000000000001,4.812787307526841,0.4952501012032704,0.0
0.08755,4.729953822352807,0.5143516971989318,0.0
0.0876,4.647120337178775,0.532907316952478,0.0
0.08765,4.564286852004719,0.5509211171818063,0.0
0.0877,4.481453366830687,0.5683972229581924,0.0
0.08775000000000001,4.398619881656631,0.5853397279472274,0.0
0.0878,4.315786396482599,0.6017526946479211,0.0
0.08785,4.2329529113085655,0.6176401546299843,0.0
0.0879,4.15011942613451,0.6330061087693051,0.0
0.08795,4.067285940960478,0.6478545274816322,0.0
0.08800000000000001,3.984452455786422,0.0,1.0
0.08805,3.9016189706123896,0.018866629451704014,0.0
0.0881,3.818785485438357,0.03718907154799381,0.0
0.08815,3.7359520002643016,0.05497146938731448,0.0
0.0882,3.6531185150902687,0.0722179345251794,0.0
0.08825000000000001,3.5702850299162128,0.08893254721431765,0.0
0.0883,3.4874515447421803,0.10511935664299417,0.0
0.08835,3.404618059568148,0.12078238117151453,0.0
0.0884,3.3217845743940924,0.13592560856692956,0.0
0.08845,3.23895108922006,0.1505529962359534,0.0
0.08850000000000001,3.1561176040460044,0.16466847145610736,0.0
0.08855,3.0732841188719715,0.17827593160510516,0.0
0.0886,2.990450633697939,0.19137924438849066,0.0
0.08865,2.907617148523883,0.20398224806554313,0.0
0.0887,2.8247836633498506,0.2160887516734627,0.0
0.08875000000000001,2.741950178175795,0.22770253524984846,0.0
0.0888,2.6591166930017622,0.2388273500534835,0.0
0.08885,2.57628320782773,0.2494669187834382,0.0
0.0889,2.4934497226536743,0.259624935796506,0.0
0.08895,2.410616237479642,0.26930506732298365,0.0
0.08900000000000001,2.327782752305586,0.27851095168080847,0.0
0.08905,2.2449492671315534,0.28724619948806557,0.0
0.0891,2.162115781957521,0.2955143938738768,0.0
0.08915000000000001,2.079282296783465,0.3033190906876842,0.0
0.0892,1.9964488116094325,0.3106638187069408,0.0
0.08925000000000001,1.913615326435377,0.31755207984321904,0.0
0.0893,1.8307818412613446,0.323987349346751,0.0
0.08935,1.7479483560873117,0.3299730760094108,0.0
0.08940000000000001,1.771211424317964,0.33602572179267337,0.0
0.08945,1.795572300230371,0.3421500857644503,0.0
0.08950000000000001,1.8199331761427846,0.34834562190780016,0.0
0.08955,2.207875070611248,0.3563699170792313,0.0
0.0896,2.698675070611575,0.3667064278843525,0.0
0.08965000000000001,3.189475070611148,0.3793375505752933,0.0
0.0897,3.680275070611401,0.3942458154279962,0.0
0.08975000000000001,4.1710750706109785,0.41141388572183035,0.0
0.0898,4.661875070611227,0.43082455672700054,0.0
0.08985,4.909682849368276,0.4512857439586215,0.0
0.08990000000000001,4.621821273413716,0.4701991721064991,0.0
0.08995,4.333959697459236,0.48757662482967984,0.0
0.09000000000000001,4.046098121504677,0.50342979607388,0.0
0.09005,3.758236545550197,0.5177702907545081,0.0
0.0901,3.470374969595717,0.5306096254344834,0.0
0.09015000000000001,3.1825133936411576,0.5419592289968969,0.0
0.0902,2.894651817686678,0.5518304433125503,0.0
0.09025000000000001,2.606790241732118,0.5602345239024118,0.0
0.0903,2.3189286657776385,0.5671826405950303,0.0
0.09035,2.0310670898231584,0.5726858781789422,0.0
0.09040000000000001,1.743205513868599,0.5767552370501123,0.0
0.09045,1.530433795938657,0.5797647376166543,0.0
0.09050000000000001,1.3396107559386283,0.5818285837758095,0.0
0.09055,1.1487877159386528,0.5829539751423175,0.0
0.0906,0.9579646759386772,0.583148056517603,0.0
0.09065000000000001,0.7671416359386487,0.5824179183070901,0.0
0.0907,0.5763185959386732,0.5807705969343395,0.0
0.09075000000000001,0.3854955559386446,0.5782130752520315,0.0
0.0908,0.19467251593866908,0.5747522829498215,0.0
0.09085,0.0038494759386933364,0.5703950969590893,0.0
0.09090000000000001,0.48548963876979745,0.5684000981545642,0.0
0.09095,0.9762896387699298,0.5687935955530593,0.0
0.091,1.4670896387694894,0.5715574046546812,0.0
0.09105,1.504630676022325,0.5744817049234562,0.0
0.0911,1.3933752774921024,0.5768457559328392,0.0
0.09115000000000001,1.2821198789618489,0.5786538230664563,0.0
0.0912,1.1708644804316262,0.5799101392340004,0.0
0.09125,1.0596090819014035,0.5806189051184657,0.0
0.0913,0.94835368337115,0.5807842894215023,0.0
0.09135,0.8370982848409273,0.5804104291069019,0.0
0.09140000000000001,0.7258428863106738,0.5795014296422293,0.0
0.09145,0.6145874877804511,0.5780613652386153,0.0
0.0915,0.5033320892502284,0.5760942790887232,0.0
0.09155,0.3920766907199751,0.5736041836029037,0.0
0.0916,0.2808212921897524,0.5705950606435519,0.0
0.09165000000000001,0.1695658936594988,0.5670708617576806,0.0
0.0917,0.05831049512927611,0.5630355084077221,0.0
0.09175,-0.052944903400946375,0.558492892200573,0.0
0.0918,-0.07158765397336146,0.5538947119038599,0.0
0.09185,-0.07125991904969295,0.5493331240362879,0.0
0.09190000000000001,-0.07093218412602433,0.5448078500062382,0.0
0.09195,-0.07060444920235581,0.5403186133431125,0.0
0.092,-0.07027671427868729,0.5358651396811847,0.0
0.09205,-0.06994897935501868,0.5314471567435758,0.0
0.0921,-0.06962124443135015,0.5270643943263511,0.0
0.09215000000000001,-0.06929350950768154,0.5227165842827376,0.0
0.0922,-0.06896577458401303,0.5184034605074622,0.0
0.09225,-0.0686380396603445,0.5141247589212093,0.0
0.09230000000000001,-0.06831030473667589,0.5098802174551962,0.0
0.09235,-0.06798256981300736,0.505669576035866,0.0
0.09240000000000001,-0.06765483488933875,0.5014925765696978,0.0
0.09245,-0.06732709996567024,0.49734896292813124,0.0
0.0925,-0.06699936504200171,0.493238480932607,0.0
0.09255000000000001,-0.0666716301183331,0.4891608783397207,0.0
0.0926,-0.06634389519466458,0.4851159048264896,0.0
0.09265000000000001,-0.06601616027099597,0.48110331197573186,0.0
0.0927,-0.06568842534732744,0.4771228532615571,0.0
0.09275,-0.06536069042365893,0.4731742840349672,0.0
0.09280000000000001,-0.06503295549999032,0.4692573615095667,0.0
0.09285,-0.06470522057632179,0.4653718447473824,0.0
0.09290000000000001,-0.06437748565265318,0.46151749464479036,0.0
0.09295,-0.06404975072898465,0.45769407391855055,0.0
0.093,-0.06372201580531614,0.45390134709194746,0.0
0.09305000000000001,-0.06339428088164753,0.45013908048103635,0.0
0.0931,-0.063066545957979,0.44640704218099436,0.0
0.09315000000000001,-0.0627388110343104,0.44270500205257535,0.0
0.0932,-0.062411076110641873,0.4390327317086678,0.0
0.09325,-0.062083341186973354,0.4353900045009553,0.0
0.09330000000000001,-0.06175560626330474,0.4317765955066783,0.0
0.09335,-0.06142787133963622,0.42819228151549715,0.0
0.09340000000000001,-0.06110013641596761,0.42463684101645444,0.0
0.09345,-0.06077240149229908,0.42111005418503716,0.0
0.0935,-0.06044466656863056,0.41761170287033716,0.0
0.09355000000000001,-0.06011693164496195,0.4141415705823094,0.0
0.0936,-0.05978919672129343,0.41069944247912704,0.0
0.09365000000000001,-0.05946146179762482,0.40728510535463325,0.0
0.0937,-0.059133726873956294,0.40389834762588794,0.0
0.09375,-0.058805991950287774,0.4005389593208098,0.0
0.09380000000000001,-0.05398869780715687,0.3972284417333177,0.0
0.09385,-0.01736183213554557,0.3941202408368095,0.0
0.09390000000000001,0.019265033536075907,0.391212816319921,0.0
0.09395,0.47631877508605686,0.3905376515705771,0.0
0.094,0.9671187750856455,0.3922409346422598,0.0
0.09405000000000001,1.2736227636060076,0.39541337759765055,0.0
0.0941,1.2978133441098465,0.3986786433060268,0.0
0.09415,1.3220039246136852,0.4020360250736374,0.0
0.0942,1.346194505117531,0.4054848215870504,0.0
0.09425,1.3703850856213697,0.4090243368721911,0.0
0.09430000000000001,1.3945756661252156,0.4126538802536912,0.0
0.09435,1.4187662466290543,0.416372766314548,0.0
0.0944,1.3881531996048901,0.41991530698603247,0.0
0.09445,1.3562361443901745,0.42327653920154906,0.0
0.0945,1.3337343649651603,0.42650337174195335,0.0
0.09455000000000001,1.385796568878675,0.42995738868925865,0.0
0.0946,1.4378587727921754,0.4336368604050349,0.0
0.09465,1.4899209767056758,0.4375400704192256,0.0
0.0947,1.7169987435779903,0.4425116188258243,0.0
0.09475,1.7328663021064181,0.44752204601269074,0.0
0.09480000000000001,1.7487338606348504,0.4525710559813743,0.0
0.09485,1.7646014191632782,0.45765835498696933,0.0
0.0949,1.780468977691706,0.46278365152095813,0.0
0.09495,1.796336536220138,0.4679466562941847,0.0
0.095,1.8122040947485658,0.4731470822199576,0.0
0.09505000000000001,1.9051103031847532,0.4787571717179191,0.0
0.0951,1.9129007793752295,0.4843622210899018,0.0
0.09515,1.920691255565706,0.48996226870823806,0.0
0.0952,1.9284817317561846,0.4955573526531177,0.0
0.09525,1.936272207946661,0.5011475107148119,0.0
0.09530000000000001,1.9440626841371396,0.5067327803958808,0.0
0.09535,2.2395304296123264,0.5137042882232509,0.0
0.0954,2.415494620485574,0.5214736100695042,0.0
0.09545000000000001,2.391369882371146,0.52906712387063,0.0
0.0955,2.367245144256725,0.536486168117924,0.0
0.09555000000000001,2.343120406142297,0.5437320711122555,0.0
0.0956,2.318995668027876,0.5508061510416506,0.0
0.09565,2.2948709299134546,0.5577097160582856,0.0
0.09570000000000001,2.6803333432438254,0.5664246598647806,0.0
0.09575,3.1683690649154572,0.5774331942264587,0.0
0.09580000000000001,3.1249817294922435,0.5881481132052042,0.0
0.09585,3.0815943940690422,0.5985716522028959,0.0
0.0959,3.0981199189474653,0.6089957436271448,0.0
0.09595000000000001,3.1332895446159106,0.619510538498382,0.0
0.096,3.168459170284346,0.6301153462579119,0.0
0.09605000000000001,3.2036287959527914,0.6408094816045165,0.0
0.0961,3.6119362568755613,0.0,1.0
0.09615,4.102736256875824,0.019839150178316365,0.0
0.09620000000000001,4.593536256875388,0.041900565154596045,0.0
0.09625,5.0056652401217185,0.06578690523242478,0.0
0.09630000000000001,5.015153465077783,0.08953727098492671,0.0
0.09635,5.024641690033846,0.11315269763464099,0.0
0.0964,5.034129914989908,0.1366342125225769,0.0
0.09645000000000001,5.0436181399459725,0.15998283516821887,0.0
0.0965,5.0531063649020345,0.18319957732907458,0.0
0.09655000000000001,5.0625945898581,0.20628544305976979,0.0
0.0966,5.072082814814162,0.22924142877069312,0.0
0.09665,5.081571039770224,0.25206852328619456,0.0
0.09670000000000001,5.0910592647262884,0.27476770790234073,0.0
0.09675,5.100547489682351,0.2973399564442304,0.0
0.09680000000000001,5.110035714638416,0.31978623532287376,0.0
0.09685,5.104542851045113,0.3420350611905295,0.0
0.0969,5.098483591785854,0.36408519847239224,0.0
0.09695000000000001,5.092424332526594,0.3859381598577273,0.0
0.097,5.086365073267336,0.40759544651914037,0.0
0.09705000000000001,5.080305814008075,0.4290585482002582,0.0
0.0971,5.074246554748817,0.45032894330274137,0.0
0.09715,5.068187295489558,0.4714080989726351,0.0
0.09720000000000001,5.062128036230298,0.49229747118606215,0.0
0.09725,5.056068776971039,0.5129985048342638,0.0
0.09730000000000001,5.050009517711779,0.5335126338079929,0.0
0.09735,5.04395025845252,0.5538412810812646,0.0
0.0974,5.037890999193262,0.57398585879447,0.0
0.09745000000000001,5.031831739934002,0.5939477683368557,0.0
0.0975,5.0257724806747435,0.613728400428377,0.0
0.09755,5.0197132214154845,0.6333291352009265,0.0
0.0976,5.013653962156225,0.0,1.0
0.09765,5.007594702896966,0.024214674578805443,0.0
0.09770000000000001,5.001535443637706,0.04821569384269846,0.0
0.09775,4.995476184378447,0.07200468442815675,0.0
0.0978,4.989416925119189,0.09558326058747639,0.0
0.09785,4.983357665859929,0.1189530242830571,0.0
0.0979,4.97729840660067,0.1421155652809698,0.0
0.09795000000000001,4.97123914734141,0.1650724612438117,0.0
0.098,4.965179888082151,0.18782527782285455,0.0
0.09805,4.959120628822893,0.21037556874949123,0.0
0.0981,4.953061369563632,0.23272487592598617,0.0
0.09815,4.947002110304374,0.2548747295155349,0.0
0.09820000000000001,4.940942851045113,0.2768266480316379,0.0
0.09825,4.934883591785855,0.29858213842679393,0.0
0.0983,4.928824332526596,0.32014269618051827,0.0
0.09835,4.922765073267336,0.3415098053866907,0.0
0.0984,4.916705814008077,0.36268493884023856,0.0
0.09845000000000001,4.910646554748817,0.3836695581231599,0.0
0.0985,4.904587295489558,0.40446511368989146,0.0
0.09855,4.8985280362303,0.42507304495202713,0.0
0.09860000000000001,4.89246877697104,0.44549478036239093,0.0
0.09865,4.8864095177117814,0.4657317374984703,0.0
0.09870000000000001,4.880350258452522,0.485785323145214,0.0
0.09875,4.874290999193263,0.5056569333771996,0.0
0.0988,4.8682317399340045,0.5253479536401757,0.0
0.09885000000000001,4.862172480674744,0.5448597588319828,0.0
0.0989,4.856113221415486,0.5641937133828586,0.0
0.09895000000000001,4.850053962156225,0.5833511713351318,0.0
0.099,4.843994702896967,0.6023334764223088,0.0
0.09905,4.837935443637708,0.6211419621475588,0.0
0.09910000000000001,4.831876184378448,0.6397779518616009,0.0
0.09915,4.825816925119189,0.0,1.0
0.09920000000000001,4.819757665859929,0.023306371691779154,0.0
0.09925,4.81369840660067,0.04640600331252572,0.0
0.0993,5.075165393191375,0.07059411607406875,0.0
0.09935000000000001,4.509577282817605,0.09186312366088849,0.0
0.0994,3.7305877150081646,0.10920332835291444,0.0
0.09945000000000001,3.552768306823878,0.12555165394858073,0.0
0.0995,4.043568306823796,0.14414882127340492,0.0
0.09955,4.534368306823697,0.16497770906835932,0.0
0.09960000000000001,4.999366577065278,0.1878965598399523,0.0
0.09965,4.165413760323763,0.20660826712019179,0.0
0.09970000000000001,4.191808527765619,0.22530514956420503,0.0
0.09975,4.218203295207466,0.24398732003892157,0.0
0.0998,4.244598062649315,0.26265489055197355,0.0
0.09985000000000001,4.45524003186727,0.28219891617398296,0.0
0.0999,4.17287415164954,0.30022874033187064,0.0
0.09995000000000001,3.8905082714317327,0.3167558911981843,0.0
0.1,3.608142391214003,0.33179180917725576,0.0
0.10005,3.325776510996273,0.3453478475734113,0.0
0.10010000000000001,3.0434106307784656,0.3574352732540963,0.0
0.10015,2.7610447505607363,0.3680652673079519,0.0
0.10020000000000001,2.478678870342928,0.3772489256978792,0.0
0.10025,2.1963129901251985,0.38499725990913425,0.0
0.1003,1.9139471099074687,0.3913211975924863,0.0
0.10035000000000001,1.6315812296896608,0.3962315832024806,0.0
0.1004,1.3492153494719314,0.3997391786308431,0.0
0.10045000000000001,1.0668494692541235,0.40185466383505974,0.0
0.1005,0.7844835890363941,0.4025886374621738,0.0
0.10055,0.5021177088186644,0.4019516174678309,0.0
0.10060000000000001,0.21975182860085685,0.3999540417306122,0.0
0.10065,0.35798287498210024,0.3986401029295785,0.0
0.10070000000000001,0.8487828749822696,0.3997094751713195,0.0
0.10075,1.3395828749819263,0.40314401343247347,0.0
0.1008,1.8303828749821187,0.4089257108344189,0.0
0.10085000000000001,2.3211828749817522,0.4170366975915176,0.0
0.1009,2.8119828749821423,0.42745923996738666,0.0
0.10095,2.9144258857335044,0.43829780408798824,0.0
0.101,0.7987857886135936,0.43882348225991796,0.0
0.10105,0.8983097121415881,0.43982641513422016,0.0
0.10110000000000001,0.870844018710938,0.4406888994808495,0.0
0.10115,0.8433783252802955,0.4414120045860929,0.0
0.1012,0.7329556881127207,0.4415956458326164,0.0
0.10125,0.6096661243994617,0.4411817111765595,0.0
0.1013,0.4863765606862368,0.4401747501830093,0.0
0.10135000000000001,0.36308699697297775,0.4385792777795403,0.0
0.1014,0.2397974332597529,0.4363997745199238,0.0
0.10145,0.11650786954652814,0.4336406868458272,0.0
0.1015,-0.006781694166730912,0.43030642734652247,0.0
0.10155,-0.062087020043346944,0.42673011891331253,0.0
0.10160000000000001,-0.06188354682947247,0.42318202214431033,0.0
0.10165,-0.06168007361559804,0.41966192225374227,0.0
0.1017,-0.06147660040172361,0.41616960609107784,0.0
0.10175000000000001,-0.06127312718784913,0.4127048621285799,0.0
0.1018,-0.06106965397397471,0.40926748044894967,0.0
0.10185000000000001,-0.060866180760100225,0.4058572527330661,0.0
0.1019,-0.0606627075462258,0.4024739722478181,0.0
0.10195,-0.06045923433235137,0.3991174338340298,0.0
0.10200000000000001,-0.06025576111847689,0.3957874338944776,0.0
0.10205,-0.060052287904602465,0.3924837703819985,0.0
0.10210000000000001,-0.05984881469072798,0.38920624278768867,0.0
0.10215,-0.059645341476853554,0.38595465212919244,0.0
0.1022,-0.05944186826297913,0.3827288009390799,0.0
0.10225000000000001,-0.05923839504910465,0.37952849325331334,0.0
0.1023,-0.05903492183523022,0.37635353459980136,0.0
0.10235000000000001,-0.05883144862135574,0.37320373198704004,0.0
0.1024,-0.05862797540748132,0.37007889389284077,0.0
0.10245,-0.05842450219360689,0.36697883025314376,0.0
0.10250000000000001,-0.05822102897973241,0.3639033524509169,0.0
0.10255,-0.05801755576585798,0.36085227330513875,0.0
0.10260000000000001,-0.0578140825519835,0.357825407059866,0.0
0.10265,-0.057610609338109076,0.35482256937338347,0.0
0.1027,-0.05740713612423465,0.3518435773074373,0.0
0.10275000000000001,-0.057203662910360165,0.34888824931654994,0.0
0.1028,-0.057000189696485744,0.3459564052374161,0.0
0.10285000000000001,-0.05679671648261126,0.3430478662783802,0.0
0.1029,-0.05659324326873683,0.34016245500899306,0.0
0.10295,-0.05638977005486241,0.337299995349649,0.0
0.10300000000000001,-0.05618629684098793,0.33446031256130093,0.0
0.10305,-0.0559828236271135,0.33164323323525446,0.0
0.10310000000000001,-0.05577935041323902,0.3288485852830394,0.0
0.10315,-0.05557587719936459,0.3260761979263582,0.0
0.1032,-0.05537240398549017,0.32332590168711156,0.0
0.10325000000000001,-0.055168930771615686,0.320597528377499,0.0
0.1033,-0.05496545755774126,0.31789091109019574,0.0
0.10335000000000001,-0.054761984343866775,0.31520588418860385,0.0
0.1034,-0.054558511129992354,0.31254228329717765,0.0
0.10345,-0.054355037916117926,0.309899945291823,0.0
0.10350000000000001,-0.05415156470224344,0.30727870829036946,0.0
0.10355,-0.053948091488369015,0.3046784116431151,0.0
0.10360000000000001,-0.024282355517651975,0.30224136334489793,0.0
0.10365,0.010399443197559484,0.29999057614856267,0.0
0.1037,0.16410954493688015,0.2985002040447623,0.0
0.10375000000000001,0.17480315876107647,0.2970728886232791,0.0
0.1038,0.18549677258526978,0.2957081498104033,0.0
0.10385000000000001,0.19619038640946607,0.29440551118740294,0.0
0.1039,0.20688400023365938,0.29316449996269706,0.0
0.10395,0.2175776140578527,0.2919846469442408,0.0
0.10400000000000001,0.2988149249296365,0.2912066069040339,0.0
0.10405,0.7088484746851117,0.29241724447782275,0.0
0.1041,0.7428782102104868,0.2937832188694215,0.0
0.10415,0.7769079457358714,0.2953033474425158,0.0
0.1042,0.7949028187630646,0.2968989185448192,0.0
0.10425000000000001,0.8000010705999037,0.2985069950329016,0.0
0.1043,0.8050993224367413,0.30012748169866266,0.0
0.10435,0.8101975742735791,0.3017602840588562,0.0
0.1044,0.8152958261104182,0.30340530834957175,0.0
0.10445,0.8203940779472558,0.305062461520758,0.0
0.10450000000000001,0.8254923297840949,0.30673165123078794,0.0
0.10455,0.8305905816209326,0.30841278584106524,0.0
0.1046,0.8356888334577702,0.31010577441067194,0.0
0.10465,0.8407870852946093,0.3118105266910568,0.0
0.1047,0.845885337131447,0.31352695312076384,0.0
0.10475000000000001,0.8509835889682861,0.3152549648202015,0.0
0.1048,0.8560818408051238,0.31699447358645116,0.0
0.10485,0.8611800926419615,0.3187453918881155,0.0
0.10490000000000001,0.8662783444788006,0.3205076328602059,0.0
0.10495,0.8713765963156382,0.3222811102990688,0.0
0.10500000000000001,0.8764748481524773,0.32406573865735083,0.0
0.10505,0.881573099989315,0.325861433039002,0.0
0.1051,0.8866713518261526,0.3276681091943172,0.0
0.10515000000000001,0.8917696036629918,0.3294856835150154,0.0
0.1052,0.8968678554998295,0.331314073029356,0.0
0.10525000000000001,0.9019661073366686,0.3331531953972928,0.0
0.1053,0.9103394098176817,0.3350188057076192,0.0
0.10535,0.9246132353210345,0.33693923480766885,0.0
0.10540000000000001,0.9388870608243911,0.3389140653418376,0.0
0.10545,0.9531608863277439,0.340942883132003,0.0
0.10550000000000001,0.9674347118311005,0.34302527715333303,0.0
0.10555,0.9817085373344533,0.34516083951027876,0.0
0.1056,1.0304294930880655,0.34751573760931803,0.0
0.10565000000000001,1.5212294930879087,0.3522260145467064,0.0
0.1057,2.0120294930878915,0.3592737379572287,0.0
0.10575000000000001,2.502829493087605,0.3686411120013586,0.0
0.1058,2.9936294930877176,0.38031047632584286,0.0
0.10585,3.4844294930880335,0.39426430503219095,0.0
0.10590000000000001,3.9752294930875434,0.41048520565301716,0.0
0.10595,4.466029493087933,0.42895591813619366,0.0
0.10600000000000001,4.956829493087449,0.44965931383670793,0.0
0.10605,5.004765068239366,0.470436883757774,0.0
0.1061,5.0129932512932855,0.4910960545179244,0.0
0.10615000000000001,5.021221434347208,0.5116377275335089,0.0
0.1062,5.029449617401128,0.5320627973580632,0.0
0.10625000000000001,5.03767780045505,0.5523721517345578,0.0
0.1063,5.04590598350897,0.5725666716472496,0.0
0.10635,5.05413416656289,0.5926472313731386,0.0
0.10640000000000001,5.062362349616812,0.6126146985330322,0.0
0.10645,5.070590532670732,0.6324699341422217,0.0
0.10650000000000001,5.078818715724654,0.0,1.0
0.10655,5.083191000809532,0.02458022727664184,0.0
0.1066,5.084707840101213,0.04898065105721401,0.0
0.10665000000000001,5.086224679392894,0.07320264025184936,0.0
0.1067,5.087741518684575,0.09724755334866457,0.0
0.10675000000000001,5.089258357976255,0.12111673849310671,0.0
0.1068,5.090775197267935,0.14481153356669585,0.0
0.10685,5.092292036559616,0.16833326626516806,0.0
0.10690000000000001,5.0938088758512965,0.19168325417602355,0.0
0.10695,5.095325715142977,0.2148628048554844,0.0
0.10700000000000001,5.096842554434658,0.23787321590486635,0.0
0.10705,5.098359393726338,0.26071577504636917,0.0
0.1071,5.099876233018019,0.28339176019829004,0.0
0.10715000000000001,5.101393072309699,0.3059024395496642,0.0
0.1072,5.10290991160138,0.3282490716343373,0.0
0.10725000000000001,5.104426750893061,0.3504329054044743,0.0
0.1073,5.105943590184741,0.3724551803035079,0.0
0.10735,5.107460429476421,0.3943171263385321,0.0
0.10740000000000001,5.108977268768102,0.4160199641521448,0.0
0.10745,5.1104941080597825,0.4375649050937428,0.0
0.1075,5.112010947351464,0.45895315129027453,0.0
0.10755,5.113527786643144,0.4801858957164539,0.0
0.1076,5.115044625934824,0.5012643222644397,0.0
0.10765000000000001,5.116561465226505,0.5221896058129845,0.0
0.1077,5.1180783045181855,0.5429629122960565,0.0
0.10775,5.119595143809866,0.5635853987709403,0.0
0.1078,5.121111983101547,0.5840582134858177,0.0
0.10785,5.122628822393227,0.6043824959468348,0.0
0.10790000000000001,5.124145661684908,0.6245593769846586,0.0
0.10795,5.125662500976588,0.6445899788205262,0.0
0.108,5.127179340268269,0.0,1.0
0.10805000000000001,5.12869617955995,0.02480027166131504,0.0
0.1081,5.13021301885163,0.04941906454774521,0.0
0.10815000000000001,5.131729858143311,0.07385776032393705,0.0
0.1082,5.133246697434991,0.09811773013541607,0.0
0.10825,5.1347635367266715,0.12220033468867268,0.0
0.10830000000000001,5.136280376018353,0.14610692433063843,0.0
0.10835,5.137797215310033,0.16983883912755718,0.0
0.10840000000000001,5.139314054601714,0.19339740894325563,0.0
0.10845,5.140830893893394,0.21678395351681817,0.0
0.1085,5.142347733185074,0.2399997825396703,0.0
0.10855000000000001,5.1438645724767555,0.26304619573207505,0.0
0.1086,5.145381411768436,0.2859244829190471,0.0
0.10865000000000001,5.146898251060117,0.30863592410568913,0.0
0.1087,5.148415090351797,0.3311817895519542,0.0
0.10875,5.149931929643477,0.3535633398468393,0.0
0.10880000000000001,5.07225526523222,0.37539887867203825,0.0
0.10885,4.958795104307947,0.39651952869782203,0.0
0.10890000000000001,4.845334943383641,0.4169307326354991,0.0
0.10895,4.731874782459368,0.43663789175901585,0.0
0.109,4.618414621535094,0.45564636622043353,0.0
0.10905000000000001,4.504954460610788,0.47396147536300476,0.0
0.1091,4.3914942996865145,0.49158849803186616,0.0
0.10915000000000001,4.27803413876221,0.5085326728823649,0.0
0.1092,4.164573977837936,0.5247991986860391,0.0
0.10925,4.051113816913662,0.540393234634267,0.0
0.10930000000000001,3.937653655989357,0.5553199006396059,0.0
0.10935,3.8241934950650833,0.5695842776348361,0.0
0.10940000000000001,3.7107333341407784,0.5831914078697283,0.0
0.10945,3.5972731732165046,0.5961462952055517,0.0
0.1095,3.483813012292231,0.6084539054073396,0.0
0.10955000000000001,3.3703528513679255,0.6201191664339296,0.0
0.1096,3.256892690443652,0.6311469687257972,0.0
0.10965000000000001,3.143432529519347,0.641542165490696,0.0
0.1097,3.029972368595073,0.0,1.0
0.10975,2.916512207670799,0.014103057097054153,0.0
0.10980000000000001,2.803052046746494,0.027550095621475593,0.0
0.10985,2.6895918858222205,0.040346110083888914,0.0
0.10990000000000001,2.576131724897915,0.05249605696987243,0.0
0.10995,2.4626715639736414,0.06400485502945748,0.0
0.11,2.3492114030493676,0.0748773855644225,0.0
0.11005000000000001,2.2357512421250627,0.08511849271340041,0.0
0.1101,2.122291081200789,0.09473298373481574,0.0
0.11015000000000001,1.9919459056861784,0.10364398028094365,0.0
0.1102,1.8392196216983283,0.11174861245088992,0.0
0.11025,1.9437561320866412,0.12029703677409573,0.0
0.11030000000000001,2.243673197562492,0.13023065474474557,0.0
0.11035,2.73447319756246,0.1424619519725175,0.0
0.11040000000000001,0.23047611119430556,0.14249182471123345,0.0
0.11045,0.7212761111937418,0.14489477756132238,0.0
0.1105,3.509978296253676,0.16076445608498408,0.0
0.11055000000000001,4.697673197562733,0.1822565184293535,0.0
0.1106,4.825648956243427,0.20420379209153217,0.0
0.11065000000000001,4.062409280913538,0.22229325899153476,0.0
0.1107,3.213541356384079,0.2361402269302553,0.0
0.11075,3.538940007987899,0.2514552672570817,0.0
0.11080000000000001,3.3881520561806524,0.26592455984712743,0.0
0.11085,3.2373641043734476,0.2795545436889108,0.0
0.1109,3.086576152566243,0.2923516087485628,0.0
0.11095000000000001,2.9357882007589966,0.3043220963430523,0.0
0.111,2.780219300970666,0.3154491808066,0.0
0.11105000000000001,2.6204169796511487,0.3257188121868014,0.0
0.1111,2.4606146583316755,0.33513751858928265,0.0
0.11115,2.3008123370122027,0.3437117784188011,0.0
0.11120000000000001,2.141010015692685,0.3514480207576361,0.0
0.11125,1.9812076943732122,0.3583526257411001,0.0
0.11130000000000001,1.8214053730536948,0.3644319249301888,0.0
0.11135,1.6616030517342217,0.36969220168139616,0.0
0.1114,1.5018007304147487,0.3741396915137126,0.0
0.11145000000000001,1.3419984090952315,0.3777805824728292,0.0
0.1115,1.1821960877757585,0.38062101549257016,0.0
0.11155000000000001,1.022393766456241,0.3826670847535719,0.0
0.1116,0.862591445136768,0.3839248380392332,0.0
0.11165,0.7027891238172947,0.3844002770889537,0.0
0.11170000000000001,0.5429868024977775,0.3840993579486837,0.0
0.11175,0.3831844811783047,0.38302799131880616,0.0
0.11180000000000001,0.22338215985878707,0.3811920428993679,0.0
0.11185,0.06357983853931426,0.378597333732685,0.0
0.1119,-0.07733173690643899,0.3753409884440808,0.0
0.11195000000000001,-0.07692213663017199,0.3721114155685574,0.0
0.112,-0.07651253635390509,0.36890841127788926,0.0
0.11205000000000001,-0.07610293607763809,0.36573177329567,0.0
0.1121,-0.07569333580137119,0.3625813008854981,0.0
0.11215,-0.0752837355251043,0.3594567948392519,0.0
0.11220000000000001,-0.07487413524883729,0.3563580574654545,0.0
0.11225,-0.0744645349725704,0.3532848925777269,0.0
0.11230000000000001,-0.07405493469630339,0.3502371054833291,0.0
0.11235,-0.0736453344200365,0.34721450297178863,0.0
0.1124,-0.0732357341437696,0.3442168933036153,0.0
0.11245000000000001,-0.0728261338675026,0.34124408619910224,0.0
0.1125,-0.0724165335912357,0.33829589282721184,0.0
0.11255000000000001,-0.0720069333149687,0.3353721257945467,0.0
0.1126,-0.0715973330387018,0.3324725991344043,0.0
0.11265,-0.07118773276243491,0.3295971282959149,0.0
0.11270000000000001,-0.0707781324861679,0.3267455301332625,0.0
0.11275,-0.07036853220990101,0.3239176228949875,0.0
0.11280000000000001,-0.069958931933634,0.32111322621337096,0.0
0.11285,-0.06954933165736711,0.3183321610938998,0.0
0.1129,-0.06913973138110022,0.31557424990481187,0.0
0.11295000000000001,-0.06873013110483321,0.312839316366721,0.0
0.113,-0.06832053082856632,0.3101271855423209,0.0
0.11305000000000001,-0.06791093055229931,0.3074376838261671,0.0
0.1131,-0.06750133027603242,0.3047706389345375,0.0
0.11315,-0.06709172999976554,0.30212587989536904,0.0
0.11320000000000001,-0.06668212972349852,0.2995032370382721,0.0
0.11325,-0.06627252944723164,0.2969025419846199,0.0
0.11330000000000001,-0.06586292917096462,0.2943236276377143,0.0
0.11335,-0.06545332889469774,0.29176632817302556,0.0
0.1134,-0.06504372861843084,0.2892304790285072,0.0
0.11345000000000001,-0.06463412834216384,0.28671591689498394,0.0
0.1135,-0.06422452806589694,0.2842224797066135,0.0
0.11355000000000001,-0.06381492778962994,0.2817500066314204,0.0
0.1136,-0.06340532751336304,0.2792983380619021,0.0
0.11365,-0.06299572723709615,0.2768673156057066,0.0
0.11370000000000001,-0.06258612696082914,0.27445678207638124,0.0
0.11375,-0.06217652668456225,0.2720665814841916,0.0
0.11380000000000001,-0.061766926408295245,0.2696965590270104,0.0
0.11385,-0.06135732613202835,0.2673465610812759,0.0
0.1139,-0.060947725855761456,0.26501643519301915,0.0
0.11395000000000001,-0.06053812557949445,0.2627060300689591,0.0
0.114,-0.060128525303227556,0.2604151955676663,0.0
0.11405,-0.05971892502696066,0.258143782690793,0.0
0.11410000000000001,-0.05930932475069366,0.25589164357437094,0.0
0.11415,-0.05889972447442676,0.25365863148017437,0.0
0.11420000000000001,-0.05849012419815976,0.2514446007871497,0.0
0.11425,-0.05808052392189286,0.24924940698290998,0.0
0.1143,-0.05767092364562597,0.24707290665529422,0.0
0.11435000000000001,-0.05404694057499123,0.244930500921101,0.0
0.1144,-0.04137758030563134,0.24286566994065684,0.0
0.11445000000000001,-0.028708220036267922,0.24087782310883568,0.0
0.1145,-0.016038859766908026,0.2389663743170055,0.0
0.11455,-0.0033694994975481327,0.2371307419187947,0.0
0.11460000000000001,0.009299860771815285,0.23537034869611956,0.0
0.11465,0.021969221041175185,0.23368462182546973,0.0
0.11470000000000001,0.03266553039844264,0.23206345197930547,0.0
0.11475,0.04335914422263265,0.23050633462676784,0.0
0.1148,0.05405275804682266,0.22901278211266946,0.0
0.11485000000000001,0.06474637187101565,0.22758231049452127,0.0
0.1149,0.07543998569520566,0.2262144395142663,0.0
0.11495000000000001,0.08613359951939861,0.22490869257022883,0.0
0.115,0.4621198156688012,0.22543100192295776,0.0
0.11505,0.9529198156685957,0.2283226422860402,0.0
0.11510000000000001,1.443719815668663,0.23356557507124587,0.0
0.11515,1.9345198156690173,0.24114189902474983,0.0
0.11520000000000001,2.4253198156685896,0.2510338491815501,0.0
0.11525,2.9161198156688433,0.2632237958278627,0.0
0.1153,3.4069198156682794,0.2776942434713904,0.0
0.11535000000000001,3.8977198156686694,0.29442782981946064,0.0
0.1154,4.388519815669059,0.31340732476491506,0.0
0.11545000000000001,4.588734450025027,0.3332104777083421,0.0
0.1155,4.622764185550402,0.3530274158132349,0.0
0.11555,4.65668098330202,0.3728574880073272,0.0
0.11560000000000001,4.682399760594594,0.3926609520306925,0.0
0.11565,4.70811853788716,0.4124380104611189,0.0
0.11570000000000001,4.733837315179734,0.4321888643340952,0.0
0.11575,4.82932272930016,0.45225107600188336,0.0
0.1158,4.972587836672606,0.472853317987219,0.0
0.11585000000000001,4.986149897912338,0.49336428809539234,0.0
0.1159,4.999711959152068,0.5137846812127665,0.0
0.11595000000000001,5.013274020391801,0.5341151869352796,0.0
0.116,5.02683608163153,0.554356489608722,0.0
0.11605,5.040398142871259,0.5745092683687079,0.0
0.11610000000000001,5.050765640975705,0.5945587495829765,0.0
0.11615,5.0572749247953315,0.6144870629515383,0.0
0.11620000000000001,5.063784208614961,0.6342951309697584,0.0
0.11625,5.070293492434589,0.0,1.0
0.1163,5.076802776254215,0.024549336442235083,0.0
0.11635000000000001,5.083312060073845,0.04894324598622721,0.0
0.1164,5.0898213438934725,0.07318291195410621,0.0
0.11645000000000001,5.096330627713102,0.09726950865893548,0.0
0.1165,5.102839911532729,0.12120420147330119,0.0
0.11655,5.109349195352356,0.1449881468973795,0.0
0.11660000000000001,5.115858479171986,0.16862249262648543,0.0
0.11665,5.122367762991613,0.19210837761810762,0.0
0.11670000000000001,5.128397344213758,0.21544461251337693,0.0
0.11675,5.12927534063594,0.23860742570186227,0.0
0.1168,5.130153337058122,0.26159813750678795,0.0
0.11685000000000001,5.131031333480305,0.28441805819927213,0.0
0.1169,5.131909329902487,0.3070684880748571,0.0
0.11695000000000001,5.13278732632467,0.32955071752945697,0.0
0.117,5.133665322746852,0.35186602713472737,0.0
0.11705,5.134543319169034,0.3740156877128609,0.0
0.11710000000000001,5.135421315591217,0.39600096041081373,0.0
0.11715,5.136299312013399,0.4178230967739662,0.0
0.11720000000000001,5.137177308435582,0.43948333881922363,0.0
0.11725000000000001,5.138055304857764,0.4609829191075599,0.0
0.1173,5.1389333012799465,0.48232306081600895,0.0
0.11735000000000001,5.1398112977021295,0.5035049778091082,0.0
0.1174,5.140689294124312,0.524529874709798,0.0
0.11745,5.141567290546494,0.5453989469697811,0.0
0.11750000000000001,5.142445286968677,0.5661133809393472,0.0
0.11755,5.143323283390859,0.5866743539366646,0.0
0.11760000000000001,5.144201279813042,0.6070830343165458,0.0
0.11765,5.145079276235224,0.6273405815386882,0.0
0.1177,5.145957272657406,0.6474481462353965,0.0
0.11775000000000001,5.146835269079589,0.0,1.0
0.1178,5.147713265501771,0.024892230490820944,0.0
0.11785000000000001,5.148591261923954,0.04959919290821868,0.0
0.1179,5.149469258346136,0.07412229776616289,0.0
0.11795,5.1503472547683185,0.09846294483986176,0.0
0.11800000000000001,5.1512252511905015,0.12262252324752008,0.0
0.11805,5.152103247612684,0.14660241153147496,0.0
0.11810000000000001,5.152981244034867,0.17040397773871374,0.0
0.11815,5.153859240457049,0.194028579500779,0.0
0.1182,5.154737236879231,0.21747756411306518,0.0
0.11825000000000001,5.155615233301414,0.24075226861351146,0.0
0.1183,5.156493229723596,0.26385401986069545,0.0
0.11835000000000001,5.157371226145779,0.2867841346113327,0.0
0.1184,5.158249222567961,0.3095439195971854,0.0
0.11845,5.159127218990143,0.33213467160138654,0.0
0.11850000000000001,5.160005215412326,0.3545576775341822,0.0
0.11855,5.061279207225933,0.3763325703852321,0.0
0.11860000000000001,4.818246409798234,0.39676647601913784,0.0
0.11865,4.575213612370602,0.41586960386469135,0.0
0.1187,4.33218081494297,0.43365208562254864,0.0
0.11875000000000001,4.089148017515271,0.4501239758570027,0.0
0.1188,3.846115220087639,0.4652952525832519,0.0
0.11885000000000001,3.6030824226599396,0.47917581785019514,0.0
0.1189,3.3600496252323078,0.4917754983187926,0.0
0.11895,3.117016827804676,0.5031040458360206,0.0
0.11900000000000001,2.8739840303769766,0.5131711380044585,0.0
0.11905,2.6309512329493447,0.5219863787475387,0.0
0.11910000000000001,2.3879184355216454,0.5295592988704928,0.0
0.11915,2.1448856380940136,0.5358993566170279,0.0
0.1192,1.9018528406663817,0.5410159382217636,0.0
0.11925000000000001,1.6588200432386824,0.5449183584584635,0.0
0.1193,1.4157872458110505,0.5476158611840938,0.0
0.11935000000000001,1.1727544483833512,0.5491176198787379,0.0
0.1194,0.9297216509557193,0.5494327381814027,0.0
0.11945,0.6866888535280875,0.5485702504217435,0.0
0.11950000000000001,0.44365605610038816,0.5465391221477414,0.0
0.11955,0.2029635201431979,0.5433595671941928,0.0
0.11960000000000001,0.6937635201435766,0.5425775269052128,0.0
0.11965,1.184563520143024,0.5441747481200421,0.0
0.1197,1.6753635201430699,0.5481331166459537,0.0
0.11975000000000001,2.1661635201434244,0.5544346562002292,0.0
0.1198,2.6569635201432398,0.563061527360197,0.0
0.11985000000000001,3.1477635201428122,0.5739960265212712,0.0
0.1199,3.638563520143065,0.5872205848629224,0.0
0.11995,4.129363520143455,0.6027177673225095,0.0
0.12000000000000001,4.620163520142891,0.6204702715769292,0.0
0.12005,5.044614735447214,0.6401400915160974,0.0
0.12010000000000001,2.3562027951496787,0.6466601001447048,0.0
0.12015,0.2424763282726538,0.642909355106774,0.0
0.1202,1.7524495340156523,0.6464887771163796,0.0
0.12025000000000001,2.216351404090011,0.0,1.0
0.1203,2.1595375145346063,0.010442637884596742,0.0
0.12035000000000001,2.1027236249791854,0.020531043454115296,0.0
0.12040000000000001,2.045909735423781,0.03026791360942865,0.0
0.12045,1.989095845868376,0.03965592471891166,0.0
0.12050000000000001,1.9322819563129554,0.04869773277476252,0.0
0.12055,1.8754680667575505,0.057395973548134305,0.0
0.1206,1.8186541772021456,0.065753262743085,0.0
0.12065000000000001,1.761840287646725,0.07377219614935569,0.0
0.1207,1.70502639809132,0.08145534979398578,0.0
0.12075000000000001,1.6482125085358996,0.0888052800917734,0.0
0.1208,1.5913986189804947,0.09582452399459095,0.0
0.12085,1.5345847294250898,0.10251559913956325,0.0
0.12090000000000001,1.4777708398696694,0.10888100399611784,0.0
0.12095,1.4209569503142645,0.11492321801191593,0.0
0.12100000000000001,1.3641430607588438,0.12064470175767177,0.0
0.12105,1.3073291712034392,0.1260478970708701,0.0
0.1211,1.2505152816480343,0.13113522719838897,0.0
0.12115000000000001,1.1937013920926136,0.13590909693803668,0.0
0.1212,1.1368875025372087,0.1403718927790118,0.0
0.12125000000000001,1.080073612981788,0.14452598304129285,0.0
0.1213,1.0232597234263834,0.14837371801396765,0.0
0.12135,0.9664458338709785,0.15191743009250885,0.0
0.12140000000000001,0.9096319443155578,0.15515943391500464,0.0
0.12145,0.8528180547601529,0.15810202649735247,0.0
0.12150000000000001,0.7960041652047325,0.16074748736742292,0.0
0.12155,0.7391902756493276,0.16309807869820284,0.0
0.1216,0.6823763860939227,0.16515604543992418,0.0
0.12165000000000001,0.625562496538502,0.16692361545118722,0.0
0.1217,0.5687486069830974,0.16840299962908564,0.0
0.12175000000000001,0.5119347174276767,0.1695963920383404,0.0
0.1218,0.4551208278722718,0.17050597003945106,0.0
0.12185,0.3983069383168669,0.17113389441587099,0.0
0.12190000000000001,0.3414930487614465,0.17148230950021448,0.0
0.12195,0.2846791592060416,0.17155334329950328,0.0
0.12200000000000001,0.22786526965062093,0.171349107619459,0.0
0.12205,0.17105138009521603,0.17087169818784995,0.0
0.1221,0.11423749053981114,0.17012319477689813,0.0
0.12215000000000001,0.0574236009843907,0.16910566132475482,0.0
0.1222,0.0006097114289858041,0.16782114605605136,0.0
0.12225000000000001,-0.056204178126434634,0.1662716816015316,0.0
0.1223,-0.07560989221070105,0.1646401757138301,0.0
0.12235,-0.07501125920492474,0.1630239858241303,0.0
0.12240000000000001,-0.07441262619914828,0.16142299532610738,0.0
0.12245,-0.07381399319337198,0.1598370885012034,0.0
0.12250000000000001,-0.0732153601875955,0.15826615051186835,0.0
0.12255,-0.0726167271818192,0.1567100673948527,0.0
0.1226,-0.0720180941760429,0.15516872605455104,0.0
0.12265000000000001,-0.07141946117026643,0.15364201425639643,0.0
0.1227,-0.07082082816449012,0.1521298206203049,0.0
0.12275000000000001,-0.07022219515871365,0.15063203461417007,0.0
0.1228,-0.06962356215293736,0.1491485465474071,0.0
0.12285,-0.06902492914716105,0.14767924756454595,0.0
0.12290000000000001,-0.06842629614138458,0.14622402963887324,0.0
0.12295,-0.06782766313560827,0.1447827855661227,0.0
0.12300000000000001,-0.06722903012983181,0.14335540895821358,0.0
0.12305,-0.0666303971240555,0.1419417942370367,0.0
0.1231,-0.0660317641182792,0.14054183662828787,0.0
0.12315000000000001,-0.06543313111250272,0.13915543215534817,0.0
0.1232,-0.06483449810672642,0.13778247763321094,0.0
0.12325000000000001,-0.06423586510094995,0.1364228706624549,0.0
0.1233,-0.06363723209517365,0.13507650962326323,0.0
0.12335,-0.06303859908939735,0.13374329366948812,0.0
0.12340000000000001,-0.062439966083620874,0.1324231227227606,0.0
0.12345,-0.06184133307784457,0.13111589746664512,0.0
0.12350000000000001,-0.0612427000720681,0.12982151934083866,0.0
0.12355000000000001,-0.0606440670662918,0.12853989053541404,0.0
0.1236,-0.06004543406051549,0.127270913985107,0.0
0.12365000000000001,-0.059446801054739026,0.12601449336364687,0.0
0.1237,-0.05884816804896272,0.12477053307813024,0.0
0.12375000000000001,-0.05824953504318625,0.12353893826343769,0.0
0.12380000000000001,-0.05765090203740995,0.12231961477669279,0.0
0.12385,-0.05705226903163364,0.12111246919176347,0.0
0.12390000000000001,-0.05645363602585718,0.11991740879380516,0.0
0.12395,-0.05585500302008087,0.11873434157384549,0.0
0.124,-0.05525637001430457,0.11756317622341021,0.0
0.12405000000000001,-0.05465773700852809,0.1164038221291901,0.0
0.1241,-0.054059104002751796,0.11525618936774834,0.0
0.12415000000000001,-0.053460470996975325,0.11412018870026834,0.0
0.1242,-0.05286183799119902,0.11299573156734141,0.0
0.12425,-0.052263204985422716,0.11188273008379422,0.0
0.12430000000000001,-0.051664571979646245,0.11078109703355557,0.0
0.12435,-0.020518308960510656,0.10983846167700599,0.0
0.12440000000000001,0.013184695331352754,0.10906597685861946,0.0
0.12445,0.384610138248896,0.11009543438717814,0.0
0.1245,0.8754101382492057,0.11349036182054185,0.0
0.12455000000000001,1.3662101382492713,0.11923274996649412,0.0
0.1246,1.8570101382492008,0.1273047267434217,0.0
0.12465000000000001,2.1384970695530243,0.1366764039667308,0.0
0.1247,1.756316741684312,0.1441286638157262,0.0
0.12475,1.3741364138155998,0.1496761195206862,0.0
0.12480000000000001,0.9919560859467815,0.15333327305599295,0.0
0.12485,1.316213051880742,0.15853055705971272,0.0
0.12490000000000001,1.8070130518808707,0.16606157977268915,0.0
0.12495,2.297813051880536,0.17590857358396458,0.0
0.125,2.788613051880957,0.188053906153943,0.0
0.12505,3.279413051881087,0.20248007938450843,0.0
0.12510000000000002,3.770213051881003,0.21916972839700066,0.0
0.12515,4.261013051880835,0.23810562051796672,0.0
0.1252,4.455946372528635,0.2578399643337942,0.0
0.12525,4.490302372528619,0.27759019486149017,0.0
0.1253,4.523938428544565,0.29735270979578726,0.0
0.12535000000000002,4.52796784877309,0.31698425006075154,0.0
0.1254,4.531997269001613,0.3364858128147026,0.0
0.12545,4.536026689230136,0.355858387624227,0.0
0.1255,4.540056109458659,0.37510295652197717,0.0
0.12555,4.544085529687181,0.3942204940640297,0.0
0.12560000000000002,4.548114949915707,0.4132119673868075,0.0
0.12565,4.552144370144229,0.4320783362635682,0.0
0.1257,4.556173790372752,0.45082055316046266,0.0
0.12575,4.5602032106012755,0.4694395632921668,0.0
0.1258,4.564232630829798,0.48793630467708954,0.0
0.12585000000000002,4.568262051058324,0.5063117081921608,0.0
0.1259,4.572291471286846,0.524566697627202,0.0
0.12595,4.576320891515369,0.5427021897388831,0.0
0.126,4.580350311743892,0.5607190943042684,0.0
0.12605,4.584379731972414,0.5786183141739547,0.0
0.12610000000000002,4.58840915220094,0.5964007453248055,0.0
0.12615,4.5924385724294625,0.6140672769122827,0.0
0.1262,4.596467992657986,0.631618791322381,0.0
0.12625,4.600497412886509,0.6490561642231657,0.0
0.1263,4.604526833115031,0.0,1.0
0.12635000000000002,4.608556253343557,0.022285088265684514,0.0
0.1264,4.612585673572079,0.04441999658366429,0.0
0.12645,5.022925361362795,0.0683706181722494,0.0
0.1265,5.03292661535991,0.0921872568347996,0.0
0.12655,5.042927869357026,0.11587093263259893,0.0
0.12660000000000002,5.052929123354148,0.13942265786082986,0.0
0.12665,5.062930377351264,0.1628434371076993,0.0
0.1267,5.072931631348379,0.1861342673131148,0.0
0.12675,5.082932885345495,0.20929613782691375,0.0
0.1268,5.092934139342611,0.2323300304666495,0.0
0.12685000000000002,5.102935393339733,0.25523691957493727,0.0
0.1269,5.1129366473368485,0.27801777207636363,0.0
0.12695,5.122937901333964,0.3006735475339628,0.0
0.127,5.095159895531824,0.3230225131965623,0.0
0.12705,5.001096633587848,0.3447464766020509,0.0
0.12710000000000002,4.907033371643821,0.36585019612243735,0.0
0.12715,4.812970109699845,0.3863383939024952,0.0
0.1272,4.7189068477558695,0.40621575613557304,0.0
0.12725,4.6248435858118935,0.4254869333373063,0.0
0.1273,4.530780323867918,0.44415654061724485,0.0
0.12735000000000002,4.436717061923891,0.4622291579484122,0.0
0.1274,4.3426537999799155,0.47970933043481356,0.0
0.12745,4.2485905380359394,0.49660156857690585,0.0
0.1275,4.154527276091964,0.5129103485350474,0.0
0.12755,4.060464014147989,0.5286401123909416,0.0
0.12760000000000002,3.966400752203961,0.5437952684070902,0.0
0.12765,3.8723374902599854,0.5583801912842724,0.0
0.1277,3.7782742283160102,0.5723992224170609,0.0
0.12775,3.684210966372034,0.5858566701473954,0.0
0.1278,3.590147704428059,0.598756810016224,0.0
0.12785000000000002,3.4960844424840314,0.6111038850132294,0.0
0.1279,3.4020211805400558,0.6229021058246538,0.0
0.12795,3.30795791859608,0.6341556510792365,0.0
0.128,3.213894656652105,0.6448686675922798,0.0
0.12805,3.1198313947081293,0.0,1.0
0.12810000000000002,3.0257681327641013,0.014631373949536274,0.0
0.12815000000000001,2.931704870820126,0.028696502505584094,0.0
0.1282,2.8376416088761505,0.042199696702543706,0.0
0.12825,2.743578346932175,0.05514523475332521,0.0
0.1283,2.6495150849881997,0.06753736229923063,0.0
0.12835000000000002,2.5554518230441716,0.07938029265793332,0.0
0.12840000000000001,2.461388561100196,0.09067820706957036,0.0
0.12845,2.367325299156221,0.10143525494095988,0.0
0.1285,2.273262037212245,0.1116555540879601,0.0
0.12855,2.1791987752682696,0.1213431909759829,0.0
0.12860000000000002,2.085135513324242,0.13050222095867606,0.0
0.12865000000000001,1.9910722513802663,0.13913666851478929,0.0
0.1287,1.8970089894362911,0.14725052748323547,0.0
0.12875,1.8029457274923155,0.15484776129636324,0.0
0.1288,1.70888246554834,0.1619323032114533,0.0
0.12885,1.6148192036043643,0.1685080565404523,0.0
0.12890000000000001,1.5207559416603367,0.17457889487795758,0.0
0.12895,1.426692679716361,0.18014866232746682,0.0
0.129,1.3326294177723859,0.185221173725904,0.0
0.12905,1.2385661558284102,0.18980021486643678,0.0
0.1291,1.1445028938844346,0.19388954271959738,0.0
0.12915000000000001,1.0504396319404066,0.19749288565271955,0.0
0.1292,0.9563763699964314,0.20061394364770604,0.0
0.12925,0.8623131080524562,0.20325638851713657,0.0
0.1293,0.7682498461084801,0.2054238641187315,0.0
0.12935,0.6741865841645049,0.20711998656818245,0.0
0.12940000000000002,1.0570567563556104,0.21065459896745675,0.0
0.12945,1.5478567563551027,0.21653560860630644,0.0
0.1295,2.038656756355276,0.22474515149973334,0.0
0.12955,2.5294567563556676,0.2352654996678237,0.0
0.1296,3.020256756355814,0.2480790601002916,0.0
0.12965000000000002,3.511056756355415,0.2631683737289063,0.0
0.1297,4.001856756355561,0.28051611440774865,0.0
0.12975,4.492656756355371,0.30010508790121554,0.0
0.1298,4.9834567563555545,0.3219182308797454,0.0
0.12985,4.819768705843789,0.34277377408898035,0.0
0.12990000000000002,4.5097897584752324,0.3619716052986495,0.0
0.12995,4.199810811106847,0.37952434527977985,0.0
0.13,3.8898318637384626,0.39544451871682673,0.0
0.13005,3.579852916370078,0.40974455493921724,0.0
0.1301,3.269873969001693,0.42243678864732304,0.0
0.13015000000000002,2.959895021633136,0.43353346063290527,0.0
0.1302,2.6499160742647514,0.4430467184940779,0.0
0.13025,2.3399371268963667,0.4509886173448227,0.0
0.1303,2.029958179527982,0.4573711205191058,0.0
0.13035,1.7199792321595972,0.46220610026963266,0.0
0.13040000000000002,1.4100002847910407,0.4655053384612825,0.0
0.13045,1.100021337422656,0.46728052725926633,0.0
0.1305,0.7900423900542712,0.46754326981204125,0.0
0.13055,0.4800634426858865,0.46630508092902834,0.0
0.1306,0.4373163485837527,0.46486961141499944,0.0
0.13065000000000002,0.3429317331991013,0.4629886653614003,0.0
0.1307,0.2485471178145024,0.46066563434493757,0.0
0.13075,0.15416250242990343,0.45790388412099675,0.0
0.1308,0.059777887045304456,0.45470675482023015,0.0
0.13085,0.31627132451302,0.45277426352687883,0.0
0.13090000000000002,0.3261977443539786,0.45090448509630177,0.0
0.13095,0.28068083289783924,0.44882884085724417,0.0
0.131,0.23516392144169992,0.44654889814180687,0.0
0.13105,0.1896470099855606,0.44406621234941523,0.0
0.1311,0.1441300985294213,0.44138232703766667,0.0
0.13115000000000002,0.09861318707325673,0.438498774012487,0.0
0.1312,0.05309627561711738,0.43541707341760044,0.0
0.13125,0.0075793641609780416,0.4321387338233179,0.0
0.1313,-0.037937547295161245,0.4286652523146499,0.0
0.13135,-0.06869799173678807,0.4250694708022226,0.0
0.13140000000000002,-0.06867581870764869,0.421501172516366,0.0
0.13145,-0.06865364567850932,0.41796014821717004,0.0
0.1315,-0.06863147264936996,0.41444619025774515,0.0
0.13155,-0.06860929962023059,0.4109590925720938,0.0
0.1316,-0.06858712659109122,0.40749865066307467,0.0
0.13165000000000002,-0.06856495356195184,0.40406466159045845,0.0
0.1317,-0.06854278053281247,0.4006569239590743,0.0
0.13175,-0.0685206075036731,0.39727523790704705,0.0
0.1318,-0.06849843447453374,0.3939194050941233,0.0
0.13185,-0.06847626144539437,0.39058922869008705,0.0
0.13190000000000002,-0.06845408841625499,0.387284513363263,0.0
0.13195,-0.06843191538711563,0.38400506526910794,0.0
0.132,-0.06840974235797626,0.38075069203888817,0.0
0.13205,-0.06838756932883688,0.3775212027684441,0.0
0.1321,-0.06836539629969751,0.3743164080070395,0.0
0.13215000000000002,-0.06834322327055814,0.37113611974629657,0.0
0.1322,-0.06832105024141877,0.36798015140921414,0.0
0.13225,-0.0682988772122794,0.3648483178392705,0.0
0.1323,-0.06827670418314004,0.36174043528960864,0.0
0.13235,-0.06825453115400067,0.3586563214123038,0.0
0.13240000000000002,-0.06823235812486128,0.3555957952477132,0.0
0.13245,-0.06821018509572192,0.35255867721390616,0.0
0.1325,-0.06818801206658255,0.3495447890961755,0.0
0.13255,-0.06816583903744318,0.346553954036628,0.0
0.1326,-0.06814366600830381,0.34358599652385463,0.0
0.13265000000000002,-0.06812149297916444,0.34064074238267933,0.0
0.1327,-0.06809931995002506,0.3377180187639856,0.0
0.13275,-0.06807714692088569,0.3348176541346209,0.0
0.1328,-0.06805497389174633,0.3319394782673776,0.0
0.13285,-0.06803280086260696,0.32908332223105036,0.0
0.13290000000000002,-0.06801062783346758,0.32624901838056936,0.0
0.13295,-0.06798845480432822,0.3234364003472083,0.0
0.133,-0.06796628177518885,0.32064530302886707,0.0
0.13305,-0.06794410874604948,0.3178755625804287,0.0
0.1331,-0.06792193571691012,0.3151270164041893,0.0
0.13315000000000002,-0.06789976268777073,0.3123995031403609,0.0
0.1332,-0.06787758965863136,0.3096928626576473,0.0
0.13325,-0.06785541662949199,0.3070069360438904,0.0
0.1333,-0.06783324360035263,0.304341565596789,0.0
0.13335,-0.06781107057121326,0.3016965948146874,0.0
0.13340000000000002,-0.06778889754207387,0.29907186838743466,0.0
0.13345,-0.06776672451293451,0.296467232187313,0.0
0.1335,-0.06774455148379514,0.29388253326003577,0.0
0.13355,-0.06772237845465577,0.29131761981581344,0.0
0.1336,0.35709754719838943,0.2908264889604489,0.0
0.13365000000000002,0.4437942526071364,0.2907583269815614,0.0
0.1337,0.4833078119291596,0.29088175531491284,0.0
0.13375,0.5012165563630548,0.29109084328743334,0.0
0.1338,0.5091165336924595,0.29133654044724916,0.0
0.13385,0.517016511021864,0.29161856807515546,0.0
0.13390000000000002,0.5249164883512729,0.29193664957393933,0.0
0.13395,0.5328164656806774,0.292290510452224,0.0
0.134,0.5407164430100819,0.2926798783084365,0.0
0.13405,0.5486164203394864,0.2931044828148973,0.0
0.1341,0.556516397668891,0.29356405570203087,0.0
0.13415000000000002,0.5644163749983,0.29405833074269655,0.0
0.1342,0.5723163523277045,0.2945870437366388,0.0
0.13425,0.7479033744616709,0.2959607982823119,0.0
0.1343,1.2387033744609501,0.299697401472989,0.0
0.13435,1.7295033744613912,0.30577886407307514,0.0
0.13440000000000002,2.2203033744612704,0.31418733380563263,0.0
0.13445000000000001,2.7111033744614166,0.32490509430967673,0.0
0.1345,3.1963057468747844,0.3378874962737348,0.0
0.13455,3.205793971830848,0.35081693960291965,0.0
0.1346,3.215282196786912,0.36369382749079243,0.0
0.13465000000000002,3.224770421742981,0.37651856006125356,0.0
0.13470000000000001,3.2342586466990446,0.38929153439191305,0.0
0.13475,3.2437468716551083,0.402013144537283,0.0
0.1348,3.253235096611172,0.41468378155179364,0.0
0.13485,3.2627233215672358,0.42730383351263407,0.0
0.13490000000000002,3.272211546523305,0.439873685542419,0.0
0.13495000000000001,3.2816997714793685,0.4523937198316831,0.0
0.135,3.2911879964354323,0.4648643156612038,0.0
0.13505,3.300676221391496,0.4772858494241547,0.0
0.1351,3.310409524865091,0.489659879747304,0.0
0.13515000000000002,3.320199664119893,0.5019870431263389,0.0
0.13520000000000001,3.32998980337469,0.5142676963765388,0.0
0.13525,3.339779942629487,0.5265021935966172,0.0
0.1353,3.3495700818842837,0.5386908861894039,0.0
0.13535,3.359360221139081,0.5508341228823697,0.0
0.13540000000000002,3.369150360393883,0.5629322497479949,0.0
0.13545000000000001,3.3765008155338596,0.5749738129120158,0.0
0.1355,3.379125414464341,0.5869363907119383,0.0
0.13555,3.381750013394822,0.5988205844923838,0.0
0.1356,3.3843746123253036,0.6106269910197161,0.0
0.13565,3.3869992112557847,0.6223562025168967,0.0
0.13570000000000002,3.3896238101862677,0.6340088066980766,0.0
0.13575,3.392248409116749,0.6455853868029223,0.0
0.1358,3.39487300804723,0.0,1.0
0.13585,3.397497606977711,0.01642890525617849,0.0
0.1359,3.400122205908193,0.032745422699598695,0.0
0.13595000000000002,3.4027468048386753,0.04895040798000637,0.0
0.136,3.4053714037691565,0.0650447102327711,0.0
0.13605,3.442717942619765,0.08119707319192623,0.0
0.1361,3.9335179426197664,0.09959976981585075,0.0
0.13615,4.424317942619264,0.1202356674868602,0.0
0.13620000000000002,3.860123038408135,0.1379862412765574,0.0
0.13625,4.207999108071757,0.15728385944427553,0.0
0.1363,4.698799108071839,0.1788078652922882,0.0
0.13635,4.855470735742202,0.2009256007159332,0.0
0.1364,3.8835208562513284,0.218174994625302,0.0
0.13645000000000002,4.37432085625181,0.23766637009941854,0.0
0.1365,4.865120856251259,0.2593826581082046,0.0
0.13655,4.979805735191091,0.2814881810779696,0.0
0.1366,4.984065762600866,0.30344600631842356,0.0
0.13665,4.9883257900106415,0.32525725830669117,0.0
0.13670000000000002,4.992585817420419,0.34692305295883924,0.0
0.13675,4.996845844830196,0.3684444976950551,0.0
0.1368,5.001105872239971,0.38982269150432913,0.0
0.13685,5.005365899649746,0.41105872500864427,0.0
0.1369,5.009625927059522,0.43215368052667735,0.0
0.13695000000000002,5.0138859544693,0.45310863213701513,0.0
0.137,5.0181459818790755,0.47392464574088905,0.0
0.13705,5.022406009288851,0.4946027791244326,0.0
0.1371,5.026666036698627,0.5151440820204645,0.0
0.13715,5.030926064108402,0.5355495961698012,0.0
0.13720000000000002,5.03518609151818,0.5558203553821038,0.0
0.13725,5.039446118927955,0.5759573855962599,0.0
0.1373,5.0437061463377315,0.595961704940307,0.0
0.13735,5.047966173747507,0.6158343237908999,0.0
0.1374,5.052226201157282,0.6355762448323239,0.0
0.13745000000000002,5.05648622856706,0.0,1.0
0.1375,5.060746255976836,0.024471693694278707,0.0
0.13755,5.065006283386611,0.048777675131433,0.0
0.1376,5.069266310796387,0.07291920593981205,0.0
0.13765,5.073526338206163,0.09689753814252446,0.0
0.13770000000000002,5.077786365615941,0.12071391423056652,0.0
0.13775,5.082046393025716,0.14436956723539368,0.0
0.1378,5.086306420435491,0.1678657208009395,0.0
0.13785,5.0905664478452675,0.19120358925508635,0.0
0.1379,5.094826475255043,0.21438437768059185,0.0
0.13795000000000002,5.099086502664821,0.23740928198547548,0.0
0.138,5.103346530074596,0.2602794889728692,0.0
0.13805,5.107606557484372,0.2829961764103363,0.0
0.1381,5.111866584894147,0.30556051309866256,0.0
0.13815,5.116126612303923,0.3279736589401236,0.0
0.13820000000000002,5.120386639713701,0.3502367650062324,0.0
0.13825,5.124646667123477,0.3723509736049714,0.0
0.1383,5.128906694533252,0.3943174183475121,0.0
0.13835,5.133166721943027,0.41613722421442756,0.0
0.1384,5.137426749352803,0.4378115076213998,0.0
0.13845000000000002,5.141686776762581,0.45934137648442797,0.0
0.1385,5.145946804172357,0.4807279302845391,0.0
0.13855,5.150206831582132,0.501972260132007,0.0
0.1386,5.154466858991908,0.5230754488300817,0.0
0.13865,5.158726886401683,0.5440385709382339,0.0
0.13870000000000002,5.050080412721289,0.564316723293863,0.0
0.13875,4.889747745103622,0.5836651875840299,0.0
0.1388,4.729415077485957,0.6020910418658415,0.0
0.13885,4.56908240986829,0.6196013103085536,0.0
0.1389,4.408749742250625,0.636202963603838,0.0
0.13895000000000002,4.2484170746328696,0.0,1.0
0.139,4.088084407015203,0.01976829984049905,0.0
0.13905,3.927751739397537,0.03861079331021642,0.0
0.1391,3.7674190717798712,0.05653452891349016,0.0
0.13915,3.6070864041622053,0.07354650149180292,0.0
0.13920000000000002,3.44675373654445,0.08965365263233656,0.0
0.13925,3.286421068926784,0.10486287107341805,0.0
0.1393,3.126088401309118,0.11918099310687588,0.0
0.13935,2.965755733691452,0.13261480297733508,0.0
0.1394,3.3835499925672967,0.1479666180294073,0.0
0.13945000000000002,3.8743499925678075,0.1655748616118453,0.0
0.1395,4.365149992567228,0.18542235470450874,0.0
0.13955,4.855949992567645,0.20749204907746485,0.0
0.1396,4.326240564698709,0.2268322611701259,0.0
0.13965,2.889373596370986,0.23907712965634886,0.0
0.13970000000000002,2.7432217112662545,0.2505220428704934,0.0
0.13975,2.62905948462611,0.2613277800369237,0.0
0.1398,2.514897257985966,0.27149920743792866,0.0
0.13985,2.400735031345821,0.2810411543070007,0.0
0.1399,2.286572804705677,0.2899584131109019,0.0
0.13995000000000002,2.1724105780654694,0.2982557398295822,0.0
0.14,2.058248351425325,0.30593785423396797,0.0
0.14005,1.9440861247851808,0.3130094401616336,0.0
0.1401,1.8299238981450365,0.31947514579037584,0.0
0.14015,1.7157616715048922,0.32533958390970447,0.0
0.14020000000000002,1.6015994448646844,0.3306073321902663,0.0
0.14025,1.4874372182245401,0.3352829334512188,0.0
0.1403,1.3732749915843958,0.3393708959255664,0.0
0.14035,1.2591127649442515,0.34287569352347796,0.0
0.1404,1.1449505383041072,0.34580176609359903,0.0
0.14045000000000002,1.0307883116638996,0.34815351968237446,0.0
0.1405,0.9166260850237553,0.34993532679139794,0.0
0.14055,0.8024638583836108,0.35115152663280047,0.0
0.1406,0.6883016317434665,0.3518064253826954,0.0
0.14065,0.5741394051033222,0.35190429643269383,0.0
0.14070000000000002,0.4599771784631148,0.3514493806395049,0.0
0.14075000000000001,0.3458149518229705,0.35044588657263676,0.0
0.1408,0.2316527251828262,0.34889799076020994,0.0
0.14085,0.1174904985426819,0.34680983793290066,0.0
0.1409,0.13876747435741094,0.344840469711166,0.0
0.14095000000000002,0.6295674743575884,0.3452594025574002,0.0
0.14100000000000001,1.1203674743571586,0.3480484534573443,0.0
0.14105,1.6111674743573046,0.3531895778307191,0.0
0.1411,2.101967474357758,0.3606648684772689,0.0
0.14115,2.5927674743578697,0.3704565545308354,0.0
0.14120000000000002,2.552637640639287,0.3799796414575771,0.0
0.14125000000000001,2.158611276751228,0.3875248756996291,0.0
0.1413,1.7645849128631697,0.39310731537677546,0.0
0.14135,1.3705585489751109,0.3967419039657971,0.0
0.1414,0.9765321850870521,0.39844347117329126,0.0
0.14145000000000002,0.5825058211987746,0.3982267338018446,0.0
0.14150000000000001,0.18847945731071603,0.3961062966096161,0.0
0.14155,-0.06864554043299236,0.3927586520325394,0.0
0.1416,-0.06847382196544323,0.38943732466471753,0.0
0.14165,-0.0683021034978941,0.3861421141435591,0.0
0.14170000000000002,-0.0681303850303449,0.3828728216319067,0.0
0.14175000000000001,-0.06795866656279577,0.37962924980642354,0.0
0.1418,-0.06778694809524664,0.3764112028460677,0.0
0.14185,-0.06761522962769753,0.373218486420655,0.0
0.1419,-0.0674435111601484,0.37005090767950843,0.0
0.14195000000000002,-0.06727179269259918,0.366908275240194,0.0
0.14200000000000002,-0.06710007422505007,0.36379039917734257,0.0
0.14205,-0.06692835575750095,0.36069709101155684,0.0
0.1421,-0.06675663728995182,0.3576281636984022,0.0
0.14215,-0.0665849188224027,0.3545834316174824,0.0
0.1422,-0.06641320035485358,0.35156271056159727,0.0
0.14225000000000002,-0.06624148188730436,0.34856581772598394,0.0
0.1423,-0.06606976341975523,0.34559257169763935,0.0
0.14235,-0.06589804495220612,0.34264279244472434,0.0
0.1424,-0.065726326484657,0.3397163013060484,0.0
0.14245,-0.06555460801710787,0.3368129209806343,0.0
0.14250000000000002,-0.06538288954955866,0.33393247551736244,0.0
0.14255,-0.06521117108200954,0.33107479030469367,0.0
0.1426,-0.06503945261446041,0.32823969206047077,0.0
0.14265,-0.06486773414691129,0.3254270088217973,0.0
0.1427,-0.06469601567936217,0.32263656993499357,0.0
0.14275000000000002,-0.06452429721181295,0.3198682060456291,0.0
0.1428,-0.06435257874426382,0.31712174908863094,0.0
0.14285,-0.06418086027671471,0.31439703227846744,0.0
0.1429,-0.06400914180916559,0.3116938900994064,0.0
0.14295,-0.06383742334161646,0.3090121582958479,0.0
0.14300000000000002,-0.06366570487406725,0.3063516738627301,0.0
0.14305,-0.06349398640651813,0.3037122750360089,0.0
0.1431,-0.063322267938969,0.3010938012832091,0.0
0.14315,-0.06315054947141988,0.2984960932940484,0.0
0.1432,-0.06297883100387076,0.2959189929711323,0.0
0.14325000000000002,-0.06280711253632154,0.2933623434207197,0.0
0.1433,-0.06263539406877242,0.2908259889435595,0.0
0.14335,-0.0624636756012233,0.2883097750257961,0.0
0.1434,-0.06229195713367418,0.2858135483299447,0.0
0.14345,-0.06212023866612505,0.28333715668593523,0.0
0.14350000000000002,-0.061948520198575836,0.28088044908222426,0.0
0.14355,-0.06177680173102672,0.27844327565697474,0.0
0.1436,-0.06160508326347759,0.276025487689303,0.0
0.14365,-0.06143336479592847,0.2736269375905921,0.0
0.1437,-0.061261646328379354,0.2712474788958714,0.0
0.14375000000000002,-0.06108992786083013,0.26888696625526215,0.0
0.1438,-0.06091820939328101,0.2665452554254875,0.0
0.14385,-0.04743006950882844,0.26428659601491444,0.0
0.1439,-0.01569731088815772,0.2621985792174049,0.0
0.14395,0.12959661067402023,0.2608290410853157,0.0
0.14400000000000002,0.6203966106738182,0.2618432372941516,0.0
0.14405,0.9116806321540086,0.2642582421388367,0.0
0.1441,0.9270181321540091,0.2667290265243293,0.0
0.14415,0.9423556321540095,0.26925516578047387,0.0
0.1442,0.95769313215401,0.27183623847028515,0.0
0.14425000000000002,0.973030632154019,0.27447182636533257,0.0
0.1443,0.9883681321540194,0.27716151442131226,0.0
0.14435,1.0023481982951505,0.27989832676029053,0.0
0.1444,1.0064600033218065,0.28263418574358246,0.0
0.14445,1.0105718083484627,0.28536909862943544,0.0
0.14450000000000002,1.0146836133751211,0.28810307262083723,0.0
0.14455,1.0187954184017771,0.29083611486593647,0.0
0.1446,1.0229072234284333,0.2935682324584604,0.0
0.14465,1.0270190284550895,0.2962994324381291,0.0
0.1447,1.0311308334817455,0.2990297217910667,0.0
0.14475000000000002,1.035242638508404,0.3017591074502093,0.0
0.1448,1.0393544435350601,0.3044875962957101,0.0
0.14485,1.043466248561716,0.3072151951553411,0.0
0.1449,1.0475780535883723,0.30994191080489203,0.0
0.14495,1.0516898586150285,0.31266774996856594,0.0
0.14500000000000002,1.0558016636416867,0.3153927193193722,0.0
0.14505,1.059913468668343,0.318116825479516,0.0
0.1451,1.064025273694999,0.3208400750207852,0.0
0.14515,1.068137078721655,0.32356247446493436,0.0
0.1452,1.0722488837483113,0.3262840302840654,0.0
0.14525000000000002,1.0763606887749697,0.3290047489010058,0.0
0.1453,1.4020082651999837,0.33327945183184216,0.0
0.14535,1.8928082652004943,0.3398949174208961,0.0
0.1454,2.3836082651996766,0.3488333245812996,0.0
0.14545,2.874408265200153,0.36007698790468473,0.0
0.14550000000000002,3.3652082652007587,0.3736083566281951,0.0
0.14555,3.5546004478417776,0.387952528999329,0.0
0.1456,3.564933079420727,0.4022374582809033,0.0
0.14565,3.5752657109996755,0.4164635955123436,0.0
0.1457,3.5855983425786246,0.43063138829914654,0.0
0.14575000000000002,3.595930974157579,0.44474128083902364,0.0
0.1458,3.606263605736528,0.4587937139478458,0.0
0.14585,3.8060111788323128,0.47370505807144875,0.0
0.1459,4.296811178831547,0.4908761841925596,0.0
0.14595,4.527090832208375,0.5090301181920582,0.0
0.14600000000000002,4.561772630923568,0.5272135465734953,0.0
0.14605,4.596454429638741,0.5454262447852953,0.0
0.1461,4.62330635706161,0.5636301279386087,0.0
0.14615,4.649701124503473,0.5818230525075111,0.0
0.1462,4.676095891945336,0.6000051019237354,0.0
0.14625000000000002,4.737614092463553,0.6183462015035294,0.0
0.1463,5.047490311155405,0.6380460978742007,0.0
0.14635,5.052785372696204,0.0,1.0
0.1464,5.058080434237003,0.02445880287348648,0.0
0.14645,5.063375495777802,0.048756996633041026,0.0
0.14650000000000002,5.068670557318604,0.07289580405490716,0.0
0.14655,5.073965618859402,0.09687643860588319,0.0
0.1466,5.079260680400202,0.12070010451419849,0.0
0.14665,5.084555741941,0.14436799683985013,0.0
0.1467,5.0898508034817995,0.16788130154440392,0.0
0.14675000000000002,5.095145865022601,0.19124119556026423,0.0
0.1468,5.1004409265634,0.2144488468594162,0.0
0.14685,5.105735988104199,0.2375054145216448,0.0
0.1469,5.111031049644998,0.26041204880223434,0.0
0.14695,5.1163261111857965,0.28316989119915276,0.0
0.14700000000000002,5.121621172726599,0.3057800745197241,0.0
0.14705000000000001,5.126916234267397,0.32824372294679377,0.0
0.1471,5.1322112958081965,0.3505619521043898,0.0
0.14715,5.137506357348995,0.37273586912288414,0.0
0.1472,5.142801418889794,0.39476657270365834,0.0
0.14725000000000002,5.139684885997189,0.41661447816183794,0.0
0.14730000000000001,5.135282452690333,0.4382747591196392,0.0
0.14735,5.130880019383478,0.4597488440313768,0.0
0.1474,5.126477586076622,0.48103815047601733,0.0
0.14745,5.122075152769766,0.5021440852399776,0.0
0.14750000000000002,5.117672719462909,0.5230680443992918,0.0
0.14755000000000001,5.113270286156053,0.5438114134011542,0.0
0.1476,5.1088678528491975,0.5643755671448403,0.0
0.14765,5.104465419542342,0.5847618700620113,0.0
0.1477,5.100062986235486,0.6049716761964088,0.0
0.14775000000000002,5.095660552928628,0.6250063292829414,0.0
0.14780000000000001,5.091258119621772,0.6448671628261698,0.0
0.14785,5.086855686314917,0.0,1.0
0.1479,5.082453253008061,0.024576659830793334,0.0
0.14795,5.078050819701205,0.048944920150752774,0.0
0.14800000000000002,5.073648386394347,0.07310636758198691,0.0
0.14805000000000001,5.069245953087491,0.09706257666706679,0.0
0.1481,5.064843519780636,0.12081510996099189,0.0
0.14815,5.06044108647378,0.14436551812245588,0.0
0.1482,5.056038653166924,0.16771534000441757,0.0
0.14825000000000002,5.051636219860066,0.19086610274398236,0.0
0.14830000000000002,5.04723378655321,0.2138193218515993,0.0
0.14835,5.042831353246355,0.23657650129957913,0.0
0.1484,5.038428919939499,0.2591391336099383,0.0
0.14845,5.034026486632643,0.2815086999415743,0.0
0.14850000000000002,5.029624053325786,0.30368667017677736,0.0
0.14855000000000002,5.02522162001893,0.32567450300708334,0.0
0.1486,5.020819186712075,0.3474736460184729,0.0
0.14865,5.016416753405219,0.3690855357759225,0.0
0.1487,5.012014320098363,0.3905115979073111,0.0
0.14875,5.007611886791508,0.4117532471866884,0.0
0.14880000000000002,5.003209453484649,0.4328118876169089,0.0
0.14885,4.998807020177794,0.45368891251163734,0.0
0.1489,4.994404586870938,0.47438570457672896,0.0
0.14895,4.990002153564082,0.494903635990991,0.0
0.149,4.985599720257227,0.5152440684863289,0.0
0.14905000000000002,4.981197286950368,0.535408353427282,0.0
0.1491,4.976794853643513,0.5553978318899551,0.0
0.14915,4.972392420336657,0.5752138347403469,0.0
0.1492,4.967989987029801,0.5948576827120843,0.0
0.14925,4.963587553722946,0.614330686483563,0.0
0.14930000000000002,4.9591851204160875,0.6336341467545026,0.0
0.14935,4.954782687109232,0.0,1.0
0.1494,4.9503802538023765,0.02393800896422813,0.0
0.14945,4.9459778204955205,0.04767248070151406,0.0
0.1495,4.941575387188665,0.07120496481561117,0.0
0.14955000000000002,4.937172953881807,0.0945369991125696,0.0
0.1496,4.932770520574952,0.11767010969055663,0.0
0.14965,5.132302200966788,0.1415919527780195,0.0
0.1497,5.051526530125992,0.1649410720560495,0.0
0.14975,4.9707508592851966,0.18772182788160963,0.0
0.14980000000000002,4.889975188444356,0.20993854741466184,0.0
0.14985,4.80919951760356,0.2315955248709085,0.0
0.1499,4.728423846762764,0.25269702177260855,0.0
0.14995,4.83105506036041,0.274134147683164,0.0
0.15,4.791986403643989,0.2952191448678435,0.0
0.15005000000000002,4.752917746927546,0.3159546942121217,0.0
0.1501,4.713849090211124,0.33634345619090655,0.0
0.15015,4.674780433494702,0.3563880710239321,0.0
0.1502,4.6357117767782805,0.37609115882996874,0.0
0.15025,3.1106049846793713,0.3882694487190154,0.0
0.15030000000000002,1.4054544692152318,0.3921096121268107,0.0
0.15035,0.06125779693793666,0.389420555049981,0.0
0.1504,0.5520577969379906,0.38912527829701715,0.0
0.15045,1.0428577969379065,0.3912055571380726,0.0
0.1505,1.533657796938187,0.39564330559487315,0.0
0.15055000000000002,2.0244577969383295,0.40242057538434534,0.0
0.1506,2.5152577969380725,0.41151955487029335,0.0
0.15065,3.0060577969380917,0.4229225680230608,0.0
0.1507,3.49685779693833,0.4366120733871045,0.0
0.15075,3.987657796937751,0.4525706630564278,0.0
0.15080000000000002,4.466512027464385,0.47072329681511565,0.0
0.15085,4.491213121556287,0.4888571722600632,0.0
0.1509,4.515914215648189,0.5069724322052107,0.0
0.15095,4.54061530974009,0.5250692183772034,0.0
0.151,4.230422145698206,0.5415282601174135,0.0
0.15105000000000002,3.8432040088472323,0.5559895649926345,0.0
0.1511,3.455985871996474,0.568468342508228,0.0
0.15115,3.068767735145715,0.5789796863739973,0.0
0.1512,2.681549598294956,0.5875385753857828,0.0
0.15125,2.294331461444197,0.594159874300344,0.0
0.15130000000000002,1.9071133245932237,0.5988583347035802,0.0
0.15135,1.5198951877424647,0.6016485958721448,0.0
0.1514,1.1326770508917057,0.602545185628494,0.0
0.15145,0.7454589140409471,0.6015625211894293,0.0
0.1515,0.3582407771901881,0.5987149100081793,0.0
0.15155000000000002,-0.02897735966078585,0.594016550610069,0.0
0.1516,-0.07708338385413017,0.5891213405429984,0.0
0.15165,-0.07674435553269343,0.584265038912175,0.0
0.1517,-0.07640532721125667,0.5794473494933662,0.0
0.15175,-0.07606629888981992,0.5746679783176035,0.0
0.15180000000000002,-0.07572727056838298,0.5699266336540123,0.0
0.15185,-0.07538824224694622,0.5652230259927723,0.0
0.1519,-0.07504921392550948,0.5605568680282079,0.0
0.15195,-0.07471018560407272,0.5559278746420074,0.0
0.152,-0.07437115728263596,0.5513357628865696,0.0
0.15205000000000002,-0.07403212896119903,0.5467802519684772,0.0
0.1521,-0.07369310063976227,0.5422610632320969,0.0
0.15215,-0.07335407231832552,0.5377779201433027,0.0
0.1522,-0.07301504399688877,0.5333305482733249,0.0
0.15225,-0.07267601567545201,0.528918675282721,0.0
0.15230000000000002,-0.07233698735401507,0.5245420309054685,0.0
0.15235,-0.07199795903257832,0.5202003469331797,0.0
0.1524,-0.07165893071114157,0.5158933571994362,0.0
0.15245,-0.07131990238970481,0.5116207975642421,0.0
0.1525,-0.07098087406826806,0.5073824058985964,0.0
0.15255000000000002,-0.07064184574683112,0.5031779220691828,0.0
0.1526,-0.07030281742539436,0.49900708792317544,0.0
0.15265,-0.06996378910395762,0.4948696472731609,0.0
0.1527,-0.06962476078252086,0.4907653458821748,0.0
0.15275,-0.0692857324610841,0.4866939314488521,0.0
0.15280000000000002,-0.06894670413964717,0.48265515359269096,0.0
0.15285,-0.06860767581821041,0.4786487638394284,0.0
0.1529,-0.06826864749677367,0.47467451560652724,0.0
0.15295,-0.06792961917533691,0.4707321641887739,0.0
0.153,-0.06759059085390015,0.46682146674398556,0.0
0.15305000000000002,-0.06725156253246321,0.4629421822788263,0.0
0.1531,-0.06691253421102646,0.459094071634731,0.0
0.15315,-0.06657350588958971,0.4552768974739366,0.0
0.1532,-0.06623447756815296,0.4514904242656199,0.0
0.15325,-0.0658954492467162,0.4477344182721403,0.0
0.15330000000000002,-0.06555642092527926,0.44400864753538777,0.0
0.15335000000000001,-0.0652173926038425,0.44031288186323486,0.0
0.1534,-0.06487836428240575,0.43664689281609126,0.0
0.15345,-0.064539335960969,0.43301045369356134,0.0
0.1535,-0.06420030763953224,0.4294033395212029,0.0
0.15355000000000002,-0.06386127931809531,0.4258253270373869,0.0
0.15360000000000001,-0.06352225099665855,0.42227619468025723,0.0
0.15365,-0.06318322267522179,0.41875572257478966,0.0
0.1537,-0.06284419435378505,0.4152636925199493,0.0
0.15375,-0.06250516603234829,0.4117998879759461,0.0
0.15380000000000002,-0.062166137710911354,0.40836409405158686,0.0
0.15385000000000001,-0.0618271093894746,0.4049560974917243,0.0
0.1539,-0.06148808106803784,0.40157568666480076,0.0
0.15395,-0.061149052746601096,0.3982226515504876,0.0
0.154,-0.06073030470126459,0.39489716921931317,0.0
0.15405000000000002,-0.057360968316823475,0.39161329773710324,0.0
0.15410000000000001,-0.05399163193238424,0.3883707203051635,0.0
0.15415,-0.05062229554794499,0.3851691225367046,0.0
0.1542,-0.047252959163505755,0.38200819243847944,0.0
0.15425,-0.04388362277906652,0.37888762039256024,0.0
0.15430000000000002,-0.040514286394625405,0.37580709913825433,0.0
0.15435000000000001,-0.03714495001018617,0.37276632375415764,0.0
0.1544,-0.03377561362574692,0.369764991640345,0.0
0.15445,-0.030406277241307688,0.3668028025006956,0.0
0.1545,-0.027036940856868447,0.3638794583253535,0.0
0.15455000000000002,-0.023667604472427335,0.3609946633733214,0.0
0.15460000000000002,-0.020298268087988097,0.358148124155187,0.0
0.15465,-0.01692893170354886,0.3553395494159806,0.0
0.1547,-0.013559595319109614,0.3525686501181639,0.0
0.15475,-0.010190258934670376,0.3498351394247476,0.0
0.15480000000000002,-0.006820922550229265,0.34713873268253786,0.0
0.15485000000000002,-0.003451586165790027,0.34447914740551033,0.0
0.1549,-8.224978135078914e-05,0.34185610325831056,0.0
0.15495,0.2929015014124875,0.34066977859118297,0.0
0.155,0.7837015014126337,0.34186579339350226,0.0
0.15505000000000002,1.2745015014126038,0.34542601003885337,0.0
0.15510000000000002,1.7653015014129958,0.35133242898924366,0.0
0.15515,2.2561015014124473,0.3595671877437754,0.0
0.1552,2.7469015014127165,0.370112559795347,0.0
0.15525,3.2377015014122748,0.38295095359526665,0.0
0.1553,3.7285015014124325,0.3980649115257776,0.0
0.15535000000000002,4.2193015014122635,0.4154371088803822,0.0
0.1554,4.558724024508239,0.4343183534471881,0.0
0.15545,4.568695130603045,0.45310406433644274,0.0
0.1555,4.578666236697851,0.47179496888116296,0.0
0.15555,4.588637342792657,0.49039178887691187,0.0
0.15560000000000002,4.598608448887469,0.5088952406239575,0.0
0.15565,4.608579554982275,0.5273060349691107,0.0
0.1557,4.660104415044055,0.5458258142619777,0.0
0.15575,4.711259754005168,0.5644519619075582,0.0
0.1558,4.746266886672807,0.5831055819805354,0.0
0.15585000000000002,4.507015537170387,0.6004602637653351,0.0
0.1559,4.61052971898861,0.6181833701124997,0.0
0.15595,4.714043900806832,0.6362720960703588,0.0
0.156,4.817558082625055,0.0,1.0
0.15605,5.013872540944492,0.0242450316293254,0.0
0.15610000000000002,5.029475218022027,0.048380925065823734,0.0
0.15615,5.045077895099554,0.07240851121868923,0.0
0.1562,5.06068057217708,0.0963286146710989,0.0
0.15625,5.076283249254606,0.12014205372837485,0.0
0.1563,5.091885926332132,0.1438496404657798,0.0
0.15635000000000002,5.107488603409667,0.167452180775949,0.0
0.1564,5.110135617244559,0.1908878261410929,0.0
0.15645,5.1110316110347185,0.21414937997888206,0.0
0.1565,5.111927604824877,0.2372381677121311,0.0
0.15655,5.112823598615036,0.2601555046727234,0.0
0.15660000000000002,5.113719592405196,0.2829026961784371,0.0
0.15665,5.114615586195354,0.30548103760918593,0.0
0.1567,5.1155115799855135,0.3278918144826802,0.0
0.15675,5.116407573775673,0.350136302529511,0.0
0.1568,5.117303567565831,0.3722157677676634,0.0
0.15685000000000002,5.118199561355991,0.3941314665764621,0.0
0.1569,5.11909555514615,0.4158846457699539,0.0
0.15695,5.119991548936309,0.43747654266973174,0.0
0.157,5.120887542726468,0.4589083851772044,0.0
0.15705,5.121783536516627,0.48018139184531566,0.0
0.15710000000000002,5.122679530306787,0.5012967719497177,0.0
0.15715,5.123575524096945,0.5222557255594023,0.0
0.1572,5.1244715178871045,0.5430594436067949,0.0
0.15725,5.125367511677263,0.5637091079573145,0.0
0.1573,5.126263505467422,0.584205891478404,0.0
0.15735000000000002,5.127159499257582,0.6045509581080349,0.0
0.1574,5.128055493047741,0.6247454629226915,0.0
0.15745,5.1289514868379,0.6447905522048356,0.0
0.1575,5.129847480628059,0.0,1.0
0.15755,5.130743474418217,0.02481017153973993,0.0
0.15760000000000002,5.131639468208378,0.049435786778917495,0.0
0.15765,5.132535461998536,0.07387825081251387,0.0
0.1577,5.1334314557886955,0.09813895803800546,0.0
0.15775,5.134327449578854,0.12221929223680793,0.0
0.1578,5.135223443369013,0.14612062665510017,0.0
0.15785000000000002,5.136119437159173,0.169844324084033,0.0
0.1579,5.137015430949332,0.193391736939327,0.0
0.15795,5.137911424739491,0.21676420734026466,0.0
0.158,5.13880741852965,0.23996306718808075,0.0
0.15805,5.139703412319808,0.2629896382437562,0.0
0.15810000000000002,5.140599406109968,0.2858452322052196,0.0
0.15815,5.141495399900127,0.3085311507839609,0.0
0.1582,5.1423913936902865,0.3310486857810616,0.0
0.15825,5.143287387480445,0.3533991191626468,0.0
0.1583,5.144183381270604,0.37558372313476196,0.0
0.15835000000000002,5.145079375060764,0.3976037602176801,0.0
0.1584,5.145975368850922,0.41946048331964325,0.0
0.15845,5.146871362641082,0.4411551358100421,0.0
0.1585,5.147767356431241,0.46268895159203915,0.0
0.15855,5.148663350221399,0.4840631551746382,0.0
0.15860000000000002,5.149559344011559,0.505278961744206,0.0
0.15865,5.150455337801718,0.5263375772354482,0.0
0.1587,5.151351331591877,0.5472401984018465,0.0
0.15875,5.152247325382036,0.5679880128855581,0.0
0.1588,5.153143319172195,0.5885821992867839,0.0
0.15885000000000002,4.8722891736901754,0.6076614990929938,0.0
0.1589,4.584716653331014,0.6252049583869072,0.0
0.15895,4.297144132971853,0.6412242700871028,0.0
0.159,4.009571612612692,0.0,1.0
0.15905,3.721999092253531,0.017998061374533515,0.0
0.15910000000000002,3.43442657189421,0.03446851410254273,0.0
0.15915,3.146854051535049,0.04942298843038628,0.0
0.1592,2.859281531175888,0.06287302605907982,0.0
0.15925,2.571709010816727,0.07483008081842507,0.0
0.1593,2.2841364904575654,0.08530551933600566,0.0
0.15935000000000002,1.996563970098245,0.09431062170108895,0.0
0.15940000000000001,1.708991449739084,0.1018565821234763,0.0
0.15945,1.4214189293799229,0.10795450958733276,0.0
0.1595,1.1338464090207614,0.11261542850004194,0.0
0.15955,0.8462738886616004,0.11585027933612017,0.0
0.15960000000000002,0.5587013683022795,0.11766991927622747,0.0
0.15965000000000001,0.2711288479431184,0.11808512284131661,0.0
0.1597,-0.00935985416716991,0.11714083696222463,0.0
0.15975,0.030153705154853237,0.11639481164879188,0.0
0.1598,0.06966726447687638,0.11584553747042765,0.0
0.15985000000000002,0.4745481195191381,0.11725828290870204,0.0
0.15990000000000001,0.9653481195187871,0.12103358013997904,0.0
0.15995,1.4561481195190606,0.1271534421887046,0.0
0.16,1.9469481195184812,0.1356000190207766,0.0
0.16005,2.4377481195187762,0.14635559650097463,0.0
0.16010000000000002,2.9285481195187626,0.1594025953582979,0.0
0.16015000000000001,3.419348119518769,0.17472357015920154,0.0
0.1602,3.9101481195185657,0.19230120828864017,0.0
0.16025,4.400948119518861,0.21211832893887642,0.0
0.1603,4.89174811951819,0.23415788210597283,0.0
0.16035000000000002,5.0531078911526395,0.2568099097391837,0.0
0.16040000000000001,5.064161945206695,0.2793429320290268,0.0
0.16045,5.075215999260751,0.30175785500694186,0.0
0.1605,5.086270053314806,0.3240555778064179,0.0
0.16055,5.097324107368862,0.34623699271551034,0.0
0.16060000000000002,5.108378161422923,0.3683029852289573,0.0
0.16065000000000002,4.948053857014426,0.38942571863344666,0.0
0.1607,4.57332277208965,0.4085755910360745,0.0
0.16075,4.198591687164873,0.42576762255310796,0.0
0.1608,3.8238606022400967,0.44101671894714584,0.0
0.16085000000000002,3.4491295173151117,0.45433767249773416,0.0
0.16090000000000002,3.0743984323903355,0.4657451628653573,0.0
0.16095,2.699667347465559,0.4752537579488453,0.0
0.161,2.324936262540782,0.48287791473625763,0.0
0.16105,1.9502051776160059,0.48863198014928755,0.0
0.16110000000000002,1.5754740926910213,0.4925301918812367,0.0
0.16115000000000002,1.2007430077662447,0.49458667922861427,0.0
0.1612,0.8260119228414684,0.49481546391639836,0.0
0.16125,0.45128083791669127,0.49323046091701883,0.0
0.1613,0.07654975299191502,0.4898454792631037,0.0
0.16135000000000002,-0.07192229162203426,0.485768318793645,0.0
0.16140000000000002,-0.07202597711628225,0.48172169786555963,0.0
0.16145,-0.07212966261053023,0.4777053839700891,0.0
0.1615,-0.07223334810477823,0.47371914636864965,0.0
0.16155,-0.07233703359902623,0.4697627560793551,0.0
0.16160000000000002,-0.07244071909327428,0.46583598586364267,0.0
0.16165000000000002,-0.07254440458752227,0.4619386102130003,0.0
0.1617,-0.07264809008177027,0.4580704053357952,0.0
0.16175,-0.07275177557601827,0.4542311491442025,0.0
0.1618,-0.07285546107026626,0.45042062124123355,0.0
0.16185000000000002,-0.07295914656451431,0.4466386029078632,0.0
0.16190000000000002,-0.07306283205876231,0.44288487709025454,0.0
0.16195,-0.0731665175530103,0.4391592283870813,0.0
0.162,-0.0732702030472583,0.43546144303694684,0.0
0.16205,-0.07337388854150628,0.43179130890589856,0.0
0.1621,-0.07347757403575428,0.42814861547503763,0.0
0.16215000000000002,-0.07358125953000233,0.42453315382822304,0.0
0.1622,-0.07368494502425033,0.4209447166398692,0.0
0.16225,-0.07378863051849832,0.4173830981628364,0.0
0.1623,-0.07389231601274632,0.4138480942164136,0.0
0.16235,-0.07399600150699431,0.4103395021743926,0.0
0.16240000000000002,-0.07409968700124236,0.40685712095323295,0.0
0.16245,-0.07420337249549036,0.40340075100031725,0.0
0.1625,-0.07430705798973836,0.39997019428229547,0.0
0.16255,-0.07441074348398635,0.39656525427351835,0.0
0.1626,-0.07451442897823435,0.39318573594455863,0.0
0.16265000000000002,-0.0746181144724824,0.3898314457508198,0.0
0.1627,-0.07472179996673038,0.3865021916212315,0.0
0.16275,-0.07482548546097838,0.38319778294703116,0.0
0.1628,-0.07492917095522637,0.3799180305706307,0.0
0.16285,-0.07503285644947437,0.37666274677456846,0.0
0.16290000000000002,-0.07513654194372242,0.3734317452705446,0.0
0.16295,-0.07524022743797042,0.3702248411885409,0.0
0.163,-0.07534391293221841,0.3670418510660223,0.0
0.16305,-0.07544759842646641,0.36388259283722163,0.0
0.1631,-0.0755512839207144,0.3607468858225054,0.0
0.16315000000000002,-0.07565496941496246,0.3576345507178205,0.0
0.1632,-0.07575865490921045,0.35454540958422154,0.0
0.16325,-0.07586234040345843,0.35147928583747773,0.0
0.1633,-0.07596602589770643,0.34843600423775906,0.0
0.16335,-0.07606971139195443,0.34541539087940065,0.0
0.16340000000000002,-0.07617339688620248,0.3424172731807455,0.0
0.16345,-0.07627708238045047,0.3394414798740642,0.0
0.1635,-0.07638076787469847,0.3364878409955515,0.0
0.16355,-0.07648445336894646,0.3335561878753992,0.0
0.1636,-0.07658813886319446,0.33064635312794427,0.0
0.16365000000000002,-0.07669182435744251,0.3277581706418923,0.0
0.1637,-0.07679550985169051,0.32489147557061526,0.0
0.16375,-0.0768991953459385,0.3220461043225231,0.0
0.1638,-0.06952915900101644,0.3192580344056634,0.0
0.16385,-0.06028273850365484,0.31653590298826545,0.0
0.16390000000000002,-0.051036318006288106,0.3138792080562859,0.0
0.16395,-0.04178989750892651,0.311287451417699,0.0
0.164,-0.03254347701156491,0.3087601386733981,0.0
0.16405,-0.02329705651420331,0.3062967791883186,0.0
0.1641,0.05429021355232795,0.30422735438758386,0.0
0.16415000000000002,0.0649838273765239,0.3022253948102771,0.0
0.1642,0.0756774412007139,0.30029038681884407,0.0
0.16425,0.08637105502490391,0.29842182068624207,0.0
0.1643,0.09706466884909393,0.2966191905661678,0.0
0.16435,0.10775828267328393,0.294881994463512,0.0
0.16440000000000002,0.21539182399342227,0.29367849594341355,0.0
0.16445,0.4456024812083597,0.29359736443866236,0.0
0.1645,0.40915693665390623,0.29334061490921326,0.0
0.16455,0.30711899204057574,0.2925924064496719,0.0
0.1646,0.32210636373436624,0.29192236716008313,0.0
0.16465000000000002,0.3944246348542308,0.2916071306304408,0.0
0.1647,0.4667429059740552,0.2916439956168652,0.0
0.16475,0.6561947376250653,0.292596691308212,0.0
0.1648,1.1469947376252214,0.29591544132045655,0.0
0.16485,1.6377947376247268,0.3015822320120059,0.0
0.16490000000000002,2.1285947376249683,0.3095791868857511,0.0
0.16495,2.619394737624658,0.31988856554492306,0.0
0.165,3.110194737624896,0.33249276265692207,0.0
0.16505,3.600994737625043,0.3473743069250162,0.0
0.1651,4.091794737624768,0.36451586006787856,0.0
0.16515000000000002,4.582594737625339,0.3839002158068997,0.0
0.1652,4.93818085631121,0.40485645997669184,0.0
0.16525,4.949080502271945,0.42570586277197325,0.0
0.1653,4.959980148232679,0.4464492376154158,0.0
0.16535,4.970879794193414,0.46708739173680536,0.0
0.16540000000000002,4.981779440154154,0.4876211262201907,0.0
0.16545,4.992679086114889,0.5080512360506731,0.0
0.1655,5.003578732075623,0.52837851016084,0.0
0.16555,5.014478378036358,0.5486037314768448,0.0
0.1656,5.025378023997093,0.5687276769641363,0.0
0.16565000000000002,5.032368073399601,0.5887322124670454,0.0
0.16570000000000001,5.036095668336309,0.6086024712056919,0.0
0.16575,5.039823263273018,0.6283394754784581,0.0
0.1658,5.043550858209726,0.6479442398005932,0.0
0.16585,5.0472784531464345,0.0,1.0
0.16590000000000002,5.051006048083146,0.02442459404295525,0.0
0.16595000000000001,5.054733643019854,0.04868125979063955,0.0
0.166,5.058461237956562,0.07277127574291534,0.0
0.16605,5.062188832893271,0.09669591066595548,0.0
0.1661,5.065916427829979,0.12045642366634944,0.0
0.16615000000000002,5.069644022766689,0.14405406426464518,0.0
0.16620000000000001,5.073371617703398,0.16749007246833128,0.0
0.16625,5.077099212640106,0.19076567884426332,0.0
0.1663,5.080826807576814,0.2138821045905389,0.0
0.16635,5.084554402513523,0.2368405616078255,0.0
0.16640000000000002,5.088281997450233,0.25964225257014506,0.0
0.16645000000000001,5.092009592386941,0.2822883709951201,0.0
0.1665,5.09573718732365,0.3047801013136845,0.0
0.16655,5.099464782260358,0.32711861893926386,0.0
0.1666,5.103192377197066,0.34930509033642926,0.0
0.16665000000000002,5.106919972133777,0.371340673089028,0.0
0.16670000000000001,5.110647567070485,0.3932265159677959,0.0
0.16675,5.114375162007193,0.41496375899745475,0.0
0.1668,5.118102756943902,0.4365535335232989,0.0
0.16685,5.12183035188061,0.45799696227727504,0.0
0.16690000000000002,5.125557946817321,0.4792951594435586,0.0
0.16695000000000002,5.1292855417540295,0.5004492307236311,0.0
0.167,5.133013136690738,0.5214602734008623,0.0
0.16705,5.136740731627446,0.5423293764046001,0.0
0.1671,5.140468326564155,0.5630576203737728,0.0
0.16715000000000002,5.144195921500865,0.5836460777200072,0.0
0.16720000000000002,5.147923516437573,0.604095812690266,0.0
0.16725,5.1516511113742816,0.6244078814290085,0.0
0.1673,5.15537870631099,0.6445833320398777,0.0
0.16735,5.144260589296553,0.0,1.0
0.16740000000000002,5.016776246165125,0.024259072757084745,0.0
0.16745000000000002,4.889291903033768,0.04771699026532461,0.0
0.1675,4.761807559902411,0.07037985201422964,0.0
0.16755,4.634323216771054,0.09225371105565337,0.0
0.1676,4.506838873639697,0.11334457435733974,0.0
0.16765000000000002,4.3793545305082695,0.13365840315377803,0.0
0.16770000000000002,4.2518701873769125,0.15320111329438796,0.0
0.16775,4.124385844245555,0.17197857558905189,0.0
0.1678,3.9969015011141984,0.1899966161510178,0.0
0.16785,3.8694171579828414,0.20726101673719105,0.0
0.16790000000000002,3.7419328148514133,0.22377751508583532,0.0
0.16795000000000002,3.6144484717200562,0.2395518052517037,0.0
0.168,3.486964128588699,0.2545895379386163,0.0
0.16805,3.359479785457342,0.26889632082950704,0.0
0.1681,3.231995442325985,0.2824777189139578,0.0
0.16815000000000002,3.1045110991945575,0.295339254813238,0.0
0.16820000000000002,2.9770267560632004,0.3074864091028711,0.0
0.16825,2.8495424129318434,0.31892462063274374,0.0
0.1683,2.7220580698004864,0.32965928684477813,0.0
0.16835,2.5945737266691293,0.3396957640881865,0.0
0.16840000000000002,2.4670893835377017,0.34903936793232454,0.0
0.16845000000000002,2.3396050404063446,0.35769537347716446,0.0
0.1685,2.2121206972749876,0.3656690156614023,0.0
0.16855,2.0846363541436306,0.37296548956822084,0.0
0.1686,1.9571520110122735,0.37958995072872415,0.0
0.16865,1.8296676678809165,0.3855475154230623,0.0
0.16870000000000002,1.7021833247494889,0.3908432609792629,0.0
0.16875,1.5746989816181318,0.39548222606978894,0.0
0.1688,1.4472146384867748,0.3994694110058367,0.0
0.16885,1.3197302953554177,0.40280977802939466,0.0
0.1689,1.1922459522240607,0.4055082516030783,0.0
0.16895000000000002,1.064761609092633,0.4075697186977581,0.0
0.169,0.937277265961276,0.40899902907799895,0.0
0.16905,0.809792922829919,0.40980099558532435,0.0
0.1691,0.682308579698562,0.40998039441932554,0.0
0.16915,0.5548242365672049,0.40954196541662996,0.0
0.16920000000000002,1.5319371263176205,0.4138317915970001,0.0
0.16925,2.8111659973858103,0.424274784015624,0.0
0.1693,1.3404502202869142,0.42752649167363005,0.0
0.16935,0.8878384420993649,0.4285647979232964,0.0
0.1694,1.3786384420995499,0.43196850670919945,0.0
0.16945000000000002,1.8694384420995105,0.43771960935202464,0.0
0.1695,2.360238442099297,0.44580023427915527,0.0
0.16955,2.812508670288744,0.45600633180379696,0.0
0.1696,2.8910366702887353,0.4665144557619631,0.0
0.16965,2.969564670288727,0.4773223067153542,0.0
0.16970000000000002,2.9436836185250077,0.48792272337158055,0.0
0.16975,4.814238442099208,0.5074876712486048,0.0
0.1698,4.294965553737195,0.524392673226921,0.0
0.16985,4.597919607551975,0.5426339327843798,0.0
0.1699,3.2918413557307376,0.5544206560672199,0.0
0.16995000000000002,3.7826413557308283,0.5684909502350175,0.0
0.17,4.273441355731042,0.584827429622912,0.0
0.17005,4.19782328912909,0.6006738754236884,0.0
0.1701,3.576894687876587,0.6133971203066326,0.0
0.17015,2.955966086624084,0.6230209423487946,0.0
0.17020000000000002,2.335037485371236,0.6295689385959785,0.0
0.17025,1.7141088841187329,0.6330645264410052,0.0
0.1703,1.0931802828662294,0.633530944991471,0.0
0.17035,0.4722516816137263,0.630991256427101,0.0
0.1704,0.3458489672025356,0.6278596717512203,0.0
0.17045000000000002,0.36306576562151627,0.6248351823582904,0.0
0.1705,0.3802825640404873,0.6219169728925411,0.0
0.17055,0.3974993624594584,0.6191042342058056,0.0
0.1706,0.4147161608784295,0.6163961633102595,0.0
0.17065,0.37367172016352845,0.6135102358695574,0.0
0.17070000000000002,-0.018132680180489982,0.6087516746381497,0.0
0.17075,0.01946051130884445,0.6042111273418661,0.0
0.1708,0.147053010257995,0.6003221339063878,0.0
0.17085,0.24801472471698785,0.5969509582589557,0.0
0.1709,0.23696004561040174,0.5935519927162759,0.0
0.17095000000000002,0.2259053665038095,0.5901254488530396,0.0
0.171,0.21485068739722338,0.5866715366331425,0.0
0.17105,0.20379600829063726,0.5831904644219477,0.0
0.1711,0.19274132918405112,0.5796824389984561,0.0
0.17115,0.18168665007746504,0.5761476655673842,0.0
0.17120000000000002,0.1706319709708728,0.5725863477711495,0.0
0.17125,0.15957729186428665,0.5689986877017649,0.0
0.1713,0.14852261275770057,0.5653848859126425,0.0
0.17135,0.13746793365111443,0.5617451414303074,0.0
0.1714,0.12641325454452831,0.5580796517660227,0.0
0.17145000000000002,0.11535857543793607,0.5543886129273256,0.0
0.1715,0.10430389633134995,0.5506722194294758,0.0
0.17155,0.09324921722476384,0.5469306643068168,0.0
0.1716,0.08219453811817773,0.5431641391240508,0.0
0.17165,0.07113985901159162,0.5393728339874274,0.0
0.17170000000000002,0.06008517990499937,0.5355569375558473,0.0
0.17175,0.04903050079841323,0.5317166370518818,0.0
0.1718,0.037975821691827116,0.5278521182727077,0.0
0.17185,0.026921142585241004,0.5239635656009599,0.0
0.1719,0.01586646347865489,0.5200511620155002,0.0
0.17195000000000002,0.004811784372062644,0.516115089102105,0.0
0.17200000000000001,-0.006242894734523441,0.5121555270640717,0.0
0.17205,-0.01729757384110958,0.5081726547327436,0.0
0.1721,-0.028352252947695722,0.5041666495779552,0.0
0.17215,-0.03940693205428181,0.5001376877183978,0.0
0.17220000000000002,-0.050461611160874054,0.4960859439319066,0.0
0.17225000000000001,-0.061516290267460194,0.49201159166566855,0.0
0.1723,-0.07257096937404628,0.4879148030463536,0.0
0.17235,-0.07116670276578718,0.48385599524275436,0.0
0.1724,-0.06896015170605707,0.4798387586115786,0.0
0.17245000000000002,-0.06675360064632574,0.47586277665620413,0.0
0.17250000000000001,-0.06454704958659564,0.4719277352896139,0.0
0.17255,-0.06234049852686554,0.4680333228160508,0.0
0.1726,-0.060133947467135435,0.46417922991281224,0.0
0.17265,-0.05792739640740533,0.46036514961218294,0.0
0.17270000000000002,-0.055720845347674006,0.4565907772835059,0.0
0.17275000000000001,-0.053514294287943895,0.4528558106153892,0.0
0.1728,-0.0513077432282138,0.4491599495980488,0.0
0.17285,-0.04910119216848369,0.44550289650578534,0.0
0.1729,-0.04689464110875359,0.44188435587959485,0.0
0.17295000000000002,-0.04468809004902226,0.4383040345099113,0.0
0.17300000000000001,-0.04248153898929216,0.43476164141948087,0.0
0.17305,-0.04027498792956205,0.4312568878463667,0.0
0.1731,-0.03806843686983195,0.4277894872270826,0.0
0.17315,-0.03586188581010184,0.42435915517985573,0.0
0.17320000000000002,-0.03365533475037052,0.4209656094880161,0.0
0.17325000000000002,-0.031448783690640414,0.4176085700835131,0.0
0.1733,-0.02924223263091031,0.41428775903055715,0.0
0.17335,-0.027035681571180206,0.41100290050938604,0.0
0.1734,-0.024829130511450102,0.4077537208001549,0.0
0.17345000000000002,-0.022622579451718777,0.4045399482669485,0.0
0.17350000000000002,-0.020416028391988673,0.40136131334191594,0.0
0.17355,-0.01820947733225857,0.3982175485095254,0.0
0.1736,-0.016002926272528466,0.39510838829093914,0.0
0.17365,-0.013796375212798362,0.39203356922850746,0.0
0.17370000000000002,-0.01158982415306703,0.3889928298703807,0.0
0.17375000000000002,-0.009383273093336933,0.38598591075523814,0.0
0.1738,-0.007176722033606822,0.3830125543971336,0.0
0.17385,0.13788214657375444,0.3807632805003769,0.0
0.1739,0.366052280705769,0.379634468358566,0.0
0.17395000000000002,0.2716676653211075,0.3780578449818462,0.0
0.17400000000000002,0.17728304993649832,0.3760368197218181,0.0
0.17405,0.08289843455188917,0.37357477597343475,0.0
0.1741,-0.011486180832720017,0.3706750713726191,0.0
0.17415,0.08788506020554852,0.3682779618628942,0.0
0.17420000000000002,0.5786850602055884,0.36827240997285177,0.0
0.17425000000000002,1.0694850602058574,0.3706402078949114,0.0
0.1743,1.5602850602053089,0.375363286444222,0.0
0.17435,2.0510850602056125,0.38242371400328923,0.0
0.1744,2.5418850602058503,0.3918036954746121,0.0
0.17445000000000002,3.0326850602055435,0.4034855712413081,0.0
0.17450000000000002,3.317946590907538,0.41645791638083024,0.0
0.17455,3.3532785937585774,0.42950234936423387,0.0
0.1746,3.3886105966096167,0.4426183213602555,0.0
0.17465,3.401498790780854,0.455696758660574,0.0
0.17470000000000002,3.4094998020266076,0.4687143146180311,0.0
0.17475000000000002,3.4175008132723566,0.4816714527446772,0.0
0.1748,3.425501824518106,0.4945686330236751,0.0
0.17485,3.433502835763855,0.5074063119361666,0.0
0.1749,3.4415038470096038,0.5201849424879348,0.0
0.17495000000000002,3.4495048582553576,0.5329049742358631,0.0
0.17500000000000002,3.4575058695011065,0.5455668533141931,0.0
0.17505,3.465506880746856,0.5581710224605823,0.0
0.1751,3.473507891992605,0.5707179210419636,0.0
0.17515,3.4815089032383537,0.5832079850802081,0.0
0.1752,3.489509914484103,0.5956416472775917,0.0
0.17525000000000002,3.4975109257298564,0.6080193370420691,0.0
0.1753,3.505511936975606,0.620341480512354,0.0
0.17535,3.5135129482213547,0.6326085005828097,0.0
0.1754,3.5215139594671037,0.644820816928149,0.0
0.17545,3.5305043214501994,0.0,1.0
0.17550000000000002,3.539932118060373,0.017117660145359637,0.0
0.17555,3.5493599146705415,0.03415058620799403,0.0
0.1756,3.55878771128071,0.05109942329963336,0.0
0.17565,3.5682155078908786,0.06796481162053498,0.0
0.1757,3.577643304501047,0.0847473864968763,0.0
0.17575000000000002,3.5857800464883764,0.10144153540711413,0.0
0.1758,3.592472773761105,0.11804094890761443,0.0
0.17585,3.599165501033833,0.1345463482538876,0.0
0.1759,3.605858228306561,0.1509584492102606,0.0
0.17595,3.6125509555792896,0.16727796209168347,0.0
0.17600000000000002,3.6192436828520216,0.18350559180521722,0.0
0.17605,3.764299628363705,0.20031110567766158,0.0
0.1761,4.255099628363824,0.2193619805367965,0.0
0.17615,4.745899628363364,0.240641121623764,0.0
0.1762,5.008553473475907,0.2630283430765227,0.0
0.17625000000000002,5.017920826564811,0.2852904190585176,0.0
0.1763,5.027288179653709,0.30742830234823615,0.0
0.17635,5.036655532742608,0.32944293847031275,0.0
0.1764,5.046022885831506,0.3513352657507551,0.0
0.17645,5.055390238920404,0.3731062153717498,0.0
0.17650000000000002,5.0647575920093075,0.3947567114260514,0.0
0.17655,5.074124945098206,0.41628767097095615,0.0
0.1766,5.083492298187104,0.43770000408186605,0.0
0.17665,5.092859651276003,0.4589946139054444,0.0
0.1767,5.102227004364901,0.4801723967123668,0.0
0.17675000000000002,5.090170941119464,0.5011306470931216,0.0
0.1768,5.022147342450414,0.5216004003774243,0.0
0.17685,4.954123743781365,0.5415853756733001,0.0
0.1769,4.886100145112316,0.5610892637738375,0.0
0.17695,4.818076546443267,0.5801157273727597,0.0
0.17700000000000002,4.750052947774179,0.598668401278356,0.0
0.17705,4.682029349105131,0.6167508926257834,0.0
0.1771,4.614005750436081,0.6343667810877528,0.0
0.17715,4.545982151767032,0.0,1.0
0.1772,4.477958553097983,0.02165357133993222,0.0
0.17725000000000002,4.409934954428896,0.04281335184926664,0.0
0.1773,4.341911355759846,0.06348310093917342,0.0
0.17735,4.273887757090797,0.08366654939904292,0.0
0.1774,4.205864158421748,0.10336739961439392,0.0
0.17745,4.137840559752698,0.12258932578312287,0.0
0.17750000000000002,4.069816961083612,0.14133597413010635,0.0
0.17755,4.0017933624145625,0.15961096312017053,0.0
0.1776,3.933769763745513,0.17741788366943811,0.0
0.17765,3.8657461650764637,0.19476029935506686,0.0
0.1777,3.7977225664074146,0.2116417466233913,0.0
0.17775000000000002,3.7296989677383277,0.22806573499647936,0.0
0.1778,3.661675369069278,0.24403574727711733,0.0
0.17785,3.5936517704002293,0.259555239752233,0.0
0.1779,3.5256281717311797,0.27462764239477083,0.0
0.17795,3.4576045730621305,0.2892563590640301,0.0
0.17800000000000002,3.389580974393043,0.30344476770447715,0.0
0.17805,3.3215573757239945,0.3171962205430455,0.0
0.1781,3.253533777054945,0.33051404428493225,0.0
0.17815,3.1855101783858957,0.3434015403079043,0.0
0.1782,3.1174865797168465,0.35586198485512577,0.0
0.17825000000000002,3.0494629810477596,0.36789862922651667,0.0
0.17830000000000001,2.98143938237871,0.37951469996865544,0.0
0.17835,2.913415783709661,0.3907133990632348,0.0
0.1784,2.8453921850406116,0.4014979041140834,0.0
0.17845,2.7773685863715625,0.41187136853276357,0.0
0.17850000000000002,2.7093449877024756,0.4218369217227555,0.0
0.17855000000000001,2.641321389033426,0.43139766926224044,0.0
0.1786,2.573297790364377,0.4405566930854907,0.0
0.17865,2.5052741916953276,0.4493170516628798,0.0
0.1787,2.4372505930262784,0.45768178017952144,0.0
0.17875000000000002,2.369226994357191,0.465653890712549,0.0
0.17880000000000001,2.301203395688142,0.47323637240704525,0.0
0.17885,2.2331797970190927,0.48043219165063217,0.0
0.1789,2.1651561983500436,0.48724429224673194,0.0
0.17895,2.2827287646798946,0.49457306253524624,0.0
0.17900000000000002,2.278867761048155,0.501827365970293,0.0
0.17905000000000001,2.2262820467624476,0.5087721567746466,0.0
0.1791,2.17369633247674,0.5154097913817786,0.0
0.17915,2.121110618191032,0.5217426082847656,0.0
0.1792,2.0685249039053244,0.5277729281728769,0.0
0.17925000000000002,4.274151987433424,0.5444228451590638,0.0
0.17930000000000001,2.7235316783117893,0.5534478362341241,0.0
0.17935,3.214331678311213,0.56477742427698,0.0
0.1794,3.7051316783114485,0.5783940635434738,0.0
0.17945,4.195931678311746,0.5942803418716462,0.0
0.17950000000000002,4.686731678312197,0.6124189796647306,0.0
0.17955000000000002,5.027050183959189,0.6320651620813347,0.0
0.1796,4.7778992807632985,0.0,1.0
0.17965,4.528748377567409,0.021899170104291144,0.0
0.1797,4.279597474371517,0.042426822172293426,0.0
0.17975000000000002,4.030446571175489,0.061593398075150727,0.0
0.17980000000000002,3.781295667979598,0.07940926018620355,0.0
0.17985,3.532144764783707,0.09588469198623303,0.0
0.1799,3.2829938615878165,0.1110298986640997,0.0
0.17995,3.0338429583919253,0.12485500771280861,0.0
0.18000000000000002,2.7846920551958965,0.13737006952103586,0.0
0.18005000000000002,2.5355411520000057,0.14858505796015417,0.0
0.1801,2.286390248804115,0.1585098709667852,0.0
0.18015,2.0372393456082243,0.16715433112091946,0.0
0.1802,1.7880884424123336,0.17452818621963404,0.0
0.18025000000000002,1.5389375392163043,0.18064110984644174,0.0
0.18030000000000002,1.2897866360204135,0.1855027019363083,0.0
0.18035,1.0406357328245228,0.18912248933636375,0.0
0.1804,0.7914848296286321,0.19150992636234773,0.0
0.18045,0.5423339264327414,0.19267439535081765,0.0
0.18050000000000002,0.2931830232367121,0.1926252072071519,0.0
0.18055000000000002,0.044032120040821354,0.19137160194938382,0.0
0.1806,0.5103462464696649,0.19238244474897775,0.0
0.18065,1.0011462464690941,0.19575889917414907,0.0
0.1807,1.491946246469352,0.20148295495371413,0.0
0.18075000000000002,1.9610389094251586,0.2094317711546234,0.0
0.18080000000000002,1.7335142691374072,0.21621985423273193,0.0
0.18085,1.505989628849656,0.22185604127612818,0.0
0.1809,1.2784649885619048,0.2263491020928993,0.0
0.18095,1.0509403482741535,0.22970773972335867,0.0
0.18100000000000002,0.8234157079862761,0.2319405909483729,0.0
0.18105000000000002,0.5958910676985247,0.23305622679382115,0.0
0.1811,0.3683664274107734,0.23306315303121022,0.0
0.18115,0.1408417871230223,0.23196981067448066,0.0
0.1812,-0.06472642927786185,0.22989074873553905,0.0
0.18125000000000002,-0.06435660342387642,0.22782930378583055,0.0
0.18130000000000002,-0.06398677756989121,0.225785341700738,0.0
0.18135,-0.06361695171590599,0.22375872937678432,0.0
0.1814,-0.06324712586192079,0.22174933472385808,0.0
0.18145,-0.06287730000793557,0.21975702665749847,0.0
0.18150000000000002,-0.06250747415395015,0.2177816750912389,0.0
0.18155000000000002,-0.06213764829996493,0.2158231509290089,0.0
0.1816,-0.06176782244597972,0.21388132605759375,0.0
0.18165,-0.061397996591994505,0.21195607333915184,0.0
0.1817,-0.06102817073800929,0.2100472666037887,0.0
0.18175,-0.06065834488402407,0.20815478064218762,0.0
0.18180000000000002,-0.06028851903003865,0.2062784911982965,0.0
0.18185,-0.05991869317605344,0.2044182749620702,0.0
0.1819,-0.059548867322068225,0.2025740095622684,0.0
0.18195,-0.05917904146808301,0.2007455735593079,0.0
0.182,-0.0588092156140978,0.19893284643816977,0.0
0.18205000000000002,-0.05843938976011238,0.19713570860136026,0.0
0.1821,-0.058069563906127164,0.19535404136192527,0.0
0.18215,-0.057699738052141944,0.19358772693651813,0.0
0.1822,-0.05732991219815673,0.19183664843852014,0.0
0.18225,-0.05696008634417152,0.19010068987121337,0.0
0.18230000000000002,-0.056590260490186096,0.18837973612100556,0.0
0.18235,-0.05622043463620088,0.18667367295070658,0.0
0.1824,-0.05585060878221567,0.18498238699285602,0.0
0.18245,-0.05548078292823046,0.18330576574310165,0.0
0.1825,-0.05511095707424524,0.18164369755362822,0.0
0.18255000000000002,-0.05474113122025982,0.17999607162663636,0.0
0.1826,-0.0543713053662746,0.1783627780078711,0.0
0.18265,-0.05400147951228939,0.1767437075801996,0.0
0.1827,-0.053631653658304176,0.175138752057238,0.0
0.18275,-0.05326182780431896,0.17354780397702635,0.0
0.18280000000000002,-0.05289200195033354,0.17197075669575218,0.0
0.18285,-0.05252217609634833,0.1704075043815216,0.0
0.1829,-0.052152350242363116,0.16885794200817783,0.0
0.18295,-0.051782524388377896,0.16732196534916682,0.0
0.183,-0.05141269853439268,0.16579947097144965,0.0
0.18305000000000002,-0.05104287268040726,0.1642903562294611,0.0
0.1831,-0.05067304682642205,0.1627945192591144,0.0
0.18315,-0.050303220972436835,0.16131185897185157,0.0
0.1832,-0.04993339511845162,0.15984227504873896,0.0
0.18325,-0.04956356926446641,0.15838566793460784,0.0
0.18330000000000002,-0.04919374341048099,0.15694193883223964,0.0
0.18335,-0.048823917556495774,0.15551098969659527,0.0
0.1834,-0.048454091702510554,0.15409272322908862,0.0
0.18345,-0.04808426584852535,0.15268704287190352,0.0
0.1835,-0.04771443999454013,0.1512938528023539,0.0
0.18355000000000002,-0.047344614140554714,0.1499130579272871,0.0
0.1836,0.010375382785982469,0.1488218857879384,0.0
0.18365,0.5011753827861987,0.15011232868685345,0.0
0.1837,0.9919753827863355,0.1537662545129787,0.0
0.18375,1.4827753827858579,0.15976566920168697,0.0
0.18380000000000002,1.8456227341425098,0.16747398914295855,0.0
0.18385,1.8528649588871176,0.1751586432391483,0.0
0.1839,1.8601071836317251,0.18281981166703717,0.0
0.18395,1.867349408376333,0.19045767323165413,0.0
0.184,1.8745916331209405,0.19807240537671963,0.0
0.18405000000000002,1.8818338578655522,0.2056641841950099,0.0
0.1841,1.8890760826101598,0.21323318443864203,0.0
0.18415,1.8963183073547676,0.22077957952928107,0.0
0.1842,1.9035605320993751,0.22830354156826907,0.0
0.18425,1.910802756843983,0.23580524134667735,0.0
0.18430000000000002,1.9180449815885945,0.24328484835528197,0.0
0.18435,1.9252872063332023,0.2507425307944634,0.0
0.1844,1.93252943107781,0.25817845558403074,0.0
0.18445,1.9363708928022927,0.2655763436775161,0.0
0.1845,1.9397402291867316,0.27293420165772786,0.0
0.18455000000000002,1.9431095655711723,0.2802523342886383,0.0
0.18460000000000001,1.9464789019556112,0.2875310440139395,0.0
0.18465,1.9498482383400502,0.2947706309747083,0.0
0.1847,1.953217574724489,0.3019713930269374,0.0
0.18475,1.956586911108928,0.30913362575893216,0.0
0.18480000000000002,1.9599562474933687,0.31625762250857553,0.0
0.18485000000000001,1.9633255838778076,0.3233436743804613,0.0
0.1849,1.9666949202622466,0.33039207026289685,0.0
0.18495,1.9700642566466855,0.33740309684477676,0.0
0.185,1.9734335930311244,0.3443770386323276,0.0
0.18505000000000002,1.9768029294155653,0.3513141779657254,0.0
0.18510000000000001,1.9801722658000043,0.3582147950355866,0.0
0.18515,1.9835416021844432,0.36507916789933353,0.0
0.1852,1.9869109385688821,0.37190757249743495,0.0
0.18525,1.9902802749533208,0.3787002826695235,0.0
0.18530000000000002,1.9936496113377618,0.38545757017039,0.0
0.18535000000000001,1.998501022744169,0.3921868713929255,0.0
0.1854,2.0051937500168973,0.39889730325544126,0.0
0.18545,2.011886477289625,0.40558900941731374,0.0
0.1855,2.0185792045623536,0.4122621324441877,0.0
0.18555000000000002,2.025271931835085,0.4189168138163033,0.0
0.18560000000000001,2.0319646591078135,0.4255531939367596,0.0
0.18565,2.164392864575953,0.4327794173534261,0.0
0.1857,2.6551928645760663,0.44232393241751733,0.0
0.18575,3.1459928645755664,0.4541690891222368,0.0
0.18580000000000002,3.6367928645760483,0.4682973718367878,0.0
0.18585000000000002,4.127592864576509,0.4846913982833069,0.0
0.1859,4.618392864575769,0.503333918521598,0.0
0.18595,4.736958925966078,0.5224078432520105,0.0
0.186,4.748372879454447,0.541391744378278,0.0
0.18605000000000002,4.759786832942822,0.5602863072832023,0.0
0.18610000000000002,4.7712007864311925,0.579092212131514,0.0
0.18615,4.782614739919562,0.5978101339095994,0.0
0.1862,4.794028693407931,0.6164407424649252,0.0
0.18625,5.0014650371051275,0.6359325864436584,0.0
0.18630000000000002,5.017509019274527,0.0,1.0
0.18635000000000002,5.033553001443918,0.024340198266169816,0.0
0.1864,5.049596983613309,0.048572667771375144,0.0
0.18645,5.0656409657827,0.0726982286942872,0.0
0.1865,5.081684947952091,0.09671769496925538,0.0
0.18655000000000002,5.097728930121492,0.12063187433384762,0.0
0.18660000000000002,5.101769397146241,0.1443835242989269,0.0
0.18665,5.103058431945978,0.1679605774625837,0.0
0.1867,5.104347466745716,0.1913643630944699,0.0
0.18675,5.105636501545453,0.21459620034401883,0.0
0.18680000000000002,5.106925536345191,0.237657398317494,0.0
0.18685000000000002,5.108214571144928,0.26054925615445157,0.0
0.1869,5.109503605944665,0.2832730631036206,0.0
0.18695,5.110792640744402,0.3058300985982054,0.0
0.187,5.11208167554414,0.328221632330615,0.0
0.18705000000000002,5.113370710343878,0.350448924326623,0.0
0.18710000000000002,5.114659745143615,0.37251322501896356,0.0
0.18715,5.115948779943352,0.39441577532036665,0.0
0.1872,5.117237814743089,0.4161578066960373,0.0
0.18725,5.118526849542826,0.4377405412355831,0.0
0.18730000000000002,5.1198158843425645,0.459165191724394,0.0
0.18735000000000002,5.121104919142302,0.4804329617144789,0.0
0.1874,5.122393953942039,0.5015450455947627,0.0
0.18745,5.123682988741777,0.5225026286608481,0.0
0.1875,5.124972023541514,0.5433068871842466,0.0
0.18755000000000002,5.126261058341251,0.5639589884810822,0.0
0.18760000000000002,5.127550093140989,0.584460090980272,0.0
0.18765,5.128839127940727,0.6048113442911875,0.0
0.1877,5.130128162740464,0.6250138892708018,0.0
0.18775,5.131417197540201,0.6450688580903239,0.0
0.18780000000000002,5.132706232339939,0.0,1.0
0.18785000000000002,5.133995267139676,0.024825895875917197,0.0
0.1879,5.135284301939413,0.04946901632127125,0.0
0.18795,5.136573336739151,0.07393075287262518,0.0
0.188,5.137862371538888,0.09821248647226245,0.0
0.18805000000000002,5.139151406338626,0.12231558754884513,0.0
0.18810000000000002,5.140440441138363,0.14624141609745792,0.0
0.18815,5.1417294759381,0.16999132175904288,0.0
0.1882,5.1430185107378374,0.19356664389922928,0.0
0.18825,5.144307545537575,0.21696871168656331,0.0
0.1883,5.145596580337312,0.24019884417014228,0.0
0.18835000000000002,5.14688561513705,0.26325835035665773,0.0
0.1884,5.148174649936787,0.2861485292868518,0.0
0.18845,5.149463684736524,0.3088706701113919,0.0
0.1885,5.1507527195362615,0.3314260521661673,0.0
0.18855,5.152041754335999,0.35381594504701264,0.0
0.18860000000000002,5.153330789135737,0.37604160868386277,0.0
0.18865,5.154619823935474,0.39810429341434256,0.0
0.1887,5.155908858735211,0.42000524005679674,0.0
0.18875,4.9225791281732025,0.44061115984078236,0.0
0.1888,4.686392097456611,0.4599180955500912,0.0
0.18885000000000002,4.45020506673989,0.4779359368281453,0.0
0.1889,4.214018036023299,0.49467449802487584,0.0
0.18895,4.6092220008917275,0.5131966667176617,0.0
0.189,5.070494312188971,0.5338083430782418,0.0
0.18905,4.836780026474762,0.5531329487180732,0.0
0.18910000000000002,4.603065740760424,0.5711802825798337,0.0
0.18915,4.369351455046215,0.5879600690032485,0.0
0.1892,4.135637169332006,0.6034819582930679,0.0
0.18925,3.879120550720566,0.6176452645511123,0.0
0.1893,3.6202722852605476,0.6304490562815313,0.0
0.18935000000000002,3.3614240198003853,0.6419036839683431,0.0
0.1894,3.102575754340367,0.0,1.0
0.18945,2.843727488880348,0.013751100042941724,0.0
0.1895,2.58487922342033,0.026145823835749853,0.0
0.18955,2.3260309579603113,0.03719449796958299,0.0
0.18960000000000002,2.067182692500149,0.04690737041546326,0.0
0.18965,1.8083344270401307,0.0552946111228424,0.0
0.1897,1.5494861615801123,0.0623663126136066,0.0
0.18975,1.290637896120094,0.0681324905715617,0.0
0.1898,1.0317896306600756,0.07260308442742977,0.0
0.18985000000000002,0.7729413651999133,0.07578795793939117,0.0
0.1899,0.5140930997398949,0.0776968997692095,0.0
0.18995,0.5175149925558853,0.07960785499340532,0.0
0.19,0.542216086647787,0.08162370577492989,0.0
0.19005,0.5669171807396887,0.0837436535053331,0.0
0.19010000000000002,0.9236365690501872,0.08757240998033906,0.0
0.19015,1.414436569050261,0.0937453242679121,0.0
0.1902,1.9052365690499076,0.10224454943262995,0.0
0.19025,2.3960365690500747,0.11305237441435696,0.0
0.1903,2.8868365690501423,0.12615122299376802,0.0
0.19035000000000002,0.462708036005435,0.12742825366979812,0.0
0.1904,1.638418646938343,0.13438081624660023,0.0
0.19045,2.814129257871251,0.14696570081280855,0.0
0.1905,1.4825559684862144,0.15301582961995364,0.0
0.19055,2.346039482681702,0.1631953487680412,0.0
0.19060000000000002,2.8368394826822514,0.1756706750371671,0.0
0.19065000000000001,3.327639482681862,0.1904243296035007,0.0
0.1907,3.818439482681956,0.2074389667159314,0.0
0.19075,3.9539847649475566,0.22497950654301246,0.0
0.1908,3.7673671336029635,0.2414840974492623,0.0
0.19085000000000002,3.5807495022582674,0.2569606264947536,0.0
0.19090000000000001,3.3941318709136743,0.2714169206924714,0.0
0.19095,3.2075142395690817,0.2848607474654724,0.0
0.191,3.020896608224489,0.2972998151005652,0.0
0.19105,2.8342789768798964,0.3087417731985364,0.0
0.19110000000000002,2.6476613455352,0.3191942131209486,0.0
0.19115000000000001,2.461043714190607,0.32866466843353814,0.0
0.1912,2.274426082846014,0.33716061534623476,0.0
0.19125,2.087808451501421,0.3446894731498328,0.0
0.1913,1.9011908201568284,0.35125860464933756,0.0
0.19135000000000002,1.7145731888121323,0.356875316594012,0.0
0.19140000000000001,1.5279555574675392,0.361546860104151,0.0
0.19145,1.3413379261229466,0.3652804310946038,0.0
0.1915,1.154720294778354,0.36808317069507374,0.0
0.19155,0.9681026634337608,0.36996216566721785,0.0
0.19160000000000002,0.7814850320890647,0.37092444881857023,0.0
0.19165000000000001,0.5948674007444716,0.37097699941331613,0.0
0.1917,0.408249769399879,0.37012674357993564,0.0
0.19175,0.22163213805528637,0.3683805547157458,0.0
0.1918,0.03501450671069328,0.3657452538883625,0.0
0.19185000000000002,-0.0729404341539506,0.3626079907489988,0.0
0.19190000000000002,-0.07222760575056276,0.3594980596934065,0.0
0.19195,-0.07151477734717492,0.3564152526323813,0.0
0.192,-0.07080194894378708,0.3533593630609785,0.0
0.19205,-0.07008912054039924,0.3503301860464515,0.0
0.19210000000000002,-0.069376292137011,0.3473275182162821,0.0
0.19215000000000002,-0.06866346373362317,0.3443511577463018,0.0
0.1922,-0.06795063533023532,0.3414009043489038,0.0
0.19225,-0.06723780692684748,0.3384765592613444,0.0
0.1923,-0.06652497852345965,0.33557792523413377,0.0
0.19235000000000002,-0.06581215012007141,0.33270480651951506,0.0
0.19240000000000002,-0.06509932171668358,0.32985700886003105,0.0
0.19245,-0.06438649331329573,0.3270343394771779,0.0
0.1925,-0.06367366490990789,0.32423660706014545,0.0
0.19255,-0.06296083650652005,0.3214636217546431,0.0
0.19260000000000002,-0.062248008103131816,0.3187151951518108,0.0
0.19265000000000002,-0.06153517969974398,0.31599114027721437,0.0
0.1927,-0.06082235129635614,0.3132912715799248,0.0
0.19275,-0.060109522892968295,0.31061540492168055,0.0
0.1928,-0.05939669448958046,0.3079633575661323,0.0
0.19285000000000002,-0.05868386608619222,0.3053349481681698,0.0
0.19290000000000002,-0.057971037682804386,0.3027299967633298,0.0
0.19295,-0.05725820927941654,0.3001483247572847,0.0
0.193,-0.0565453808760287,0.2975897549154112,0.0
0.19305,-0.055832552472640865,0.2950541113524383,0.0
0.19310000000000002,-0.055119724069252626,0.2925412195221743,0.0
0.19315000000000002,-0.05440689566586479,0.2900509062073119,0.0
0.1932,-0.05369406726247695,0.28758299950931066,0.0
0.19325,-0.052981238859089105,0.28513732883835713,0.0
0.1933,-0.05226841045570127,0.28271372490340074,0.0
0.19335000000000002,-0.05155558205231303,0.280312019702266,0.0
0.19340000000000002,-0.050842753648925196,0.27793204651183967,0.0
0.19345,-0.05012992524553735,0.275573639878333,0.0
0.1935,-0.04941709684214951,0.2732366356076177,0.0
0.19355,-0.048704268438761675,0.27092087075563576,0.0
0.19360000000000002,-0.04799144003537344,0.2686261836188822,0.0
0.19365000000000002,-0.0472786116319856,0.26635241372496027,0.0
0.1937,-0.04656578322859776,0.2640994018232087,0.0
0.19375,-0.045852954825209916,0.26186698987539986,0.0
0.1938,-0.04514012642182208,0.25965502104650945,0.0
0.19385000000000002,-0.04442729801843384,0.2574633396955558,0.0
0.19390000000000002,-0.043714469615046006,0.25529179136650926,0.0
0.19395,-0.04300164121165817,0.25314022277927073,0.0
0.194,-0.04228881280827033,0.2510084818207189,0.0
0.19405,-0.041575984404882485,0.24889641753582553,0.0
0.19410000000000002,-0.040863156001494254,0.24680388011883858,0.0
0.19415000000000002,-0.04015032759810641,0.24473072090453227,0.0
0.1942,-0.03943749919471857,0.24267679235952383,0.0
0.19425,-0.03872467079133073,0.2406419480736564,0.0
0.1943,0.05196226387555894,0.2390611206347333,0.0
0.19435000000000002,0.058654991148290966,0.2375246919010886,0.0
0.19440000000000002,0.06534771842101929,0.23603232384905268,0.0
0.19445,0.07204044569374761,0.23458368102845448,0.0
0.1945,0.07873317296647592,0.23317843054302845,0.0
0.19455,0.08542590023920424,0.2318162420309707,0.0
0.19460000000000002,0.17368027352524065,0.23089118632075595,0.0
0.19465000000000002,0.30679568959388576,0.2306168649668874,0.0
0.1947,0.31856900293721446,0.23040156303794593,0.0
0.19475,0.33034231628054317,0.23024483119734696,0.0
0.1948,0.3421156296238719,0.23014622352947056,0.0
0.19485000000000002,0.35388894296720713,0.2301052975136164,0.0
0.19490000000000002,0.36566225631053584,0.23012161399815698,0.0
0.19495,0.6144831871567962,0.23134100224985335,0.0
0.195,1.1052831871564088,0.23492441439391484,0.0
0.19505,1.5960831871564554,0.24085385224715272,0.0
0.1951,2.086883187155884,0.24911145465316004,0.0
0.19515000000000002,2.5776831871564148,0.2596794964390898,0.0
0.1952,3.0684831871568976,0.2725403873803482,0.0
0.19525,3.559283187156867,0.28767667117318735,0.0
0.1953,4.050083187156557,0.30507102441511996,0.0
0.19535,4.540883187156783,0.3247062555930959,0.0
0.19540000000000002,4.507629509736838,0.3440311953877861,0.0
0.19545,4.465911509736867,0.3630072761684582,0.0
0.1955,4.480075058718593,0.381907374183266,0.0
0.19555,4.51443105871858,0.4008297103299941,0.0
0.1956,4.548787058718568,0.4197741153015668,0.0
0.19565000000000002,4.583143058718575,0.43874042107990546,0.0
0.1957,4.981686100787555,0.4594895201237405,0.0
0.19575,5.019004053306419,0.48026110296255653,0.0
0.1958,5.034606730383945,0.5009499922514433,0.0
0.19585,5.0502094074614705,0.5215568175668045,0.0
0.19590000000000002,5.065812084539006,0.5420822036918472,0.0
0.19595,5.081414761616532,0.562526770653074,0.0
0.196,5.097017438694058,0.5828911337564978,0.0
0.19605,5.103103569540293,0.6031298855083423,0.0
0.1961,5.104112212455948,0.6232194295844493,0.0
0.19615000000000002,5.105120855371603,0.6431609019577207,0.0
0.1962,5.106129498287258,0.0,1.0
0.19625,5.107138141202912,0.024696025827867084,0.0
0.1963,5.108146784118567,0.04920890911342814,0.0
0.19635,5.109155427034221,0.07354004418820285,0.0
0.19640000000000002,5.110164069949876,0.09769081476815239,0.0
0.19645,5.111172712865531,0.1216625940344994,0.0
0.1965,5.1121813557811855,0.145456744713933,0.0
0.19655,5.11318999869684,0.16907461915820288,0.0
0.1966,5.114198641612495,0.1925175594231076,0.0
0.19665000000000002,5.115207284528149,0.21578689734688147,0.0
0.1967,5.116215927443804,0.23888395462798448,0.0
0.19675,5.1172245703594585,0.2618100429023003,0.0
0.1968,5.118233213275113,0.28456646381974626,0.0
0.19685,5.119241856190768,0.3071545091203003,0.0
0.19690000000000002,5.120250499106423,0.32957546070944876,0.0
0.19695000000000001,5.121259142022078,0.35183059073306033,0.0
0.197,5.1222677849377325,0.37392116165168926,0.0
0.19705,5.123276427853387,0.3958484263143134,0.0
0.1971,5.124285070769041,0.41761362803151064,0.0
0.19715000000000002,5.125293713684696,0.4392180006480783,0.0
0.19720000000000001,5.126302356600351,0.4606627686150995,0.0
0.19725,5.1273109995160056,0.4819491470614611,0.0
0.1973,5.12831964243166,0.5030783418648267,0.0
0.19735,5.129328285347315,0.52405154972207,0.0
0.19740000000000002,5.130336928262969,0.5448699582191714,0.0
0.19745000000000001,5.131345571178624,0.5655347459005823,0.0
0.1975,5.132354214094279,0.586047082338062,0.0
0.19755,5.133362857009933,0.6064081281989899,0.0
0.1976,5.134371499925588,0.6266190353141579,0.0
0.19765000000000002,5.135380142841243,0.6466809467450463,0.0
0.19770000000000001,5.136388785756898,0.0,1.0
0.19775,5.137397428672553,0.024842347334006542,0.0
0.1978,5.138406071588206,0.0495004381262755,0.0
0.19785,5.139414714503861,0.0739756751896139,0.0
0.19790000000000002,5.140423357419516,0.09826945065669901,0.0
0.19795000000000001,5.141432000335171,0.12238314606139014,0.0
0.198,5.142440643250826,0.14631813241942127,0.0
0.19805,5.14344928616648,0.17007577030847948,0.0
0.1981,5.144457929082135,0.19365740994767358,0.0
0.19815000000000002,5.1454665719977895,0.21706439127639782,0.0
0.19820000000000002,5.146475214913444,0.24029804403259514,0.0
0.19825,5.147483857829099,0.2633596878304245,0.0
0.1983,5.148492500744753,0.2862506322373371,0.0
0.19835,5.149501143660408,0.30897217685056544,0.0
0.19840000000000002,5.150509786576063,0.33152561137303055,0.0
0.19845000000000002,5.151518429491718,0.3539122156886708,0.0
0.1985,4.966077213328689,0.3752316648739544,0.0
0.19855,4.713967057078706,0.39516969991717615,0.0
0.1986,4.461856900828721,0.413736838032173,0.0
0.19865000000000002,4.209746744578597,0.43094351636136463,0.0
0.19870000000000002,3.9576365883286133,0.446800092585369,0.0
0.19875,3.705526432078629,0.46131684552797214,0.0
0.1988,3.453416275828645,0.47450397575649483,0.0
0.19885,3.2013061195786614,0.4863716061775879,0.0
0.19890000000000002,2.949195963328537,0.49692978262849075,0.0
0.19895000000000002,2.697085807078553,0.5061884744637912,0.0
0.199,2.444975650828569,0.5141575751377141,0.0
0.19905,2.192865494578585,0.520846902781979,0.0
0.1991,1.940755338328601,0.5262662007792586,0.0
0.19915000000000002,1.688645182078477,0.5304251383322697,0.0
0.19920000000000002,1.4365350258284928,0.5333333110285345,0.0
0.19925,1.1844248695785087,0.5350002414008386,0.0
0.1993,0.932314713328525,0.5354353794834233,0.0
0.19935,0.6802045570785404,0.534648103363945,0.0
0.19940000000000002,0.42809440082841643,0.5326477197312288,0.0
0.19945000000000002,0.17598424457843276,0.5294434644188575,0.0
0.1995,0.3553268916310962,0.5271308317807017,0.0
0.19955,0.8461268916305171,0.5272091136087386,0.0
0.1996,1.3369268916307553,0.5296601069919542,0.0
0.19965000000000002,1.827726891630883,0.5344657476047857,0.0
0.19970000000000002,2.318526891630687,0.5416081086520221,0.0
0.19975,2.8093268916311143,0.5510693998217411,0.0
0.1998,3.3001268916305655,0.5628319662461989,0.0
0.19985,3.7909268916308343,0.576878287470661,0.0
0.19990000000000002,4.28172689163055,0.5931909764300505,0.0
0.19995000000000002,4.772526891630788,0.6117527784334157,0.0
0.2,4.993829605285683,0.631243391788869,0.0
0.20005,5.034297258562657,0.0,1.0
0.2001,4.966385957966553,0.024015405986298612,0.0
0.20015000000000002,4.722923398197735,0.046670688750619346,0.0
0.20020000000000002,4.479460838429053,0.06797620341119595,0.0
0.20025,4.23599827866037,0.08794222624893863,0.0
0.2003,3.9925357188916877,0.10657895530765221,0.0
0.20035,3.7490731591230055,0.12389651098968403,0.0
0.20040000000000002,3.505610599354188,0.1399049366470362,0.0
0.20045000000000002,3.2621480395855054,0.15461419916798025,0.0
0.2005,3.0186854798168232,0.16803418955920157,0.0
0.20055,2.7752229200481406,0.1801747235235146,0.0
0.2006,2.5317603602794585,0.19104554203317875,0.0
0.20065000000000002,2.288297800510641,0.20065631189884908,0.0
0.20070000000000002,2.0448352407419583,0.20901662633419774,0.0
0.20075,1.8013726809732762,0.21613600551623294,0.0
0.2008,1.5579101212045936,0.22202389714135454,0.0
0.20085,1.3144475614359115,0.22668967697717562,0.0
0.20090000000000002,1.0709850016670939,0.23014264941014215,0.0
0.20095000000000002,0.8275224418984113,0.23239204798898588,0.0
0.201,0.5840598821297291,0.23344703596403618,0.0
0.20105,0.340597322361047,0.23331670682242808,0.0
0.2011,0.09713476259236398,0.23201008481923524,0.0
0.20115000000000002,-0.07112520577080007,0.2298997743991698,0.0
0.20120000000000002,-0.070981318347757,0.22780622632891082,0.0
0.20125,-0.07083743092471392,0.22572931299052532,0.0
0.2013,-0.07069354350167086,0.22366890773768264,0.0
0.20135,-0.07054965607862777,0.2216248848882572,0.0
0.20140000000000002,-0.07040576865558462,0.21959711971698767,0.0
0.20145000000000002,-0.07026188123254155,0.21758548844819195,0.0
0.2015,-0.07011799380949847,0.21558986824853776,0.0
0.20155,-0.0699741063864554,0.21361013721986816,0.0
0.2016,-0.06983021896341232,0.21164617439208167,0.0
0.20165,-0.06968633154036925,0.20969785971606666,0.0
0.20170000000000002,-0.0695424441173261,0.2077650740566896,0.0
0.20175,-0.06939855669428302,0.20584769918583645,0.0
0.2018,-0.06925466927123995,0.20394561777550738,0.0
0.20185,-0.06911078184819687,0.20205871339096368,0.0
0.2019,-0.0689668944251538,0.20018687048392717,0.0
0.20195000000000002,-0.06882300700211064,0.1983299743858312,0.0
0.202,-0.06867911957906757,0.19648791130112303,0.0
0.20205,-0.06853523215602449,0.19466056830061737,0.0
0.2021,-0.06839134473298142,0.19284783331490032,0.0
0.20215,-0.06824745730993835,0.19104959512778363,0.0
0.20220000000000002,-0.06810356988689518,0.1892657433698088,0.0
0.20225,-0.06795968246385212,0.18749616851180062,0.0
0.2023,-0.06781579504080903,0.18574076185846972,0.0
0.20235,-0.06767190761776597,0.18399941554206395,0.0
0.2024,-0.06752802019472288,0.18227202251606806,0.0
0.20245000000000002,-0.06738413277167973,0.18055847654895124,0.0
0.2025,-0.06724024534863667,0.17885867221796242,0.0
0.20255,-0.06709635792559358,0.1771725049029727,0.0
0.2026,-0.06695247050255052,0.17549987078036466,0.0
0.20265,-0.06680858307950743,0.17384066681696828,0.0
0.20270000000000002,-0.06666469565646428,0.17219479076404295,0.0
0.20275,-0.06652080823342121,0.17056214115130533,0.0
0.2028,-0.06637692081037813,0.16894261728100263,0.0
0.20285,-0.06623303338733506,0.1673361192220311,0.0
0.2029,-0.06608914596429198,0.16574254780409922,0.0
0.20295000000000002,-0.06594525854124883,0.16416180461193539,0.0
0.203,-0.06580137111820575,0.16259379197953963,0.0
0.20305,-0.06565748369516268,0.16103841298447916,0.0
0.2031,-0.06551359627211961,0.1594955714422273,0.0
0.20315,-0.06536970884907653,0.15796517190054557,0.0
0.20320000000000002,-0.06522582142603338,0.15644711963390845,0.0
0.20325000000000001,-0.0650819340029903,0.15494132063797067,0.0
0.2033,-0.06493804657994723,0.15344768162407663,0.0
0.20335,-0.06479415915690415,0.15196611001381158,0.0
0.2034,-0.06465027173386108,0.15049651393359426,0.0
0.20345000000000002,-0.06450638431081793,0.1490388022093108,0.0
0.20350000000000001,-0.06436249688777484,0.14759288436098933,0.0
0.20355,-0.06421860946473178,0.14615867059751533,0.0
0.2036,-0.0640747220416887,0.14473607181138703,0.0
0.20365,-0.06393083461864563,0.14332499957351086,0.0
0.20370000000000002,-0.06378694719560248,0.14192536612803638,0.0
0.20375000000000001,-0.0636430597725594,0.1405370843872308,0.0
0.2038,-0.06349917234951633,0.13916006792639227,0.0
0.20385,-0.06335528492647324,0.13779423097880186,0.0
0.2039,-0.06321139750343018,0.13643948843071435,0.0
0.20395000000000002,-0.05886609780139721,0.13511607212334503,0.0
0.20400000000000001,-0.0470030286614327,0.13386009640878416,0.0
0.20405,-0.035139959521468186,0.13267104783699946,0.0
0.2041,-0.023276890381503684,0.13154841686704255,0.0
0.20415,-0.011413821241539175,0.13049169783728765,0.0
0.20420000000000002,0.0004492478984319259,0.12950038893589688,0.0
0.20425000000000001,0.012312317038396428,0.12857399217151042,0.0
0.2043,0.024175386178360944,0.12771201334415974,0.0
0.20435,0.0461735097369872,0.1269629709836107,0.0
0.2044,0.5369735097372971,0.128592938901512,0.0
0.20445000000000002,1.0277735097369187,0.1325838048178014,0.0
0.20450000000000002,1.51857350973729,0.138917594347872,0.0
0.20455,2.0093735097370127,0.1475764699527096,0.0
0.2046,2.5001735097373228,0.15854272989704982,0.0
0.20465,2.990973509736652,0.17179880721544047,0.0
0.20470000000000002,3.4817735097370037,0.18732726868620678,0.0
0.20475000000000002,3.9725735097372725,0.20511081381319576,0.0
0.2048,4.463373509737591,0.22513227381529405,0.0
0.20485,4.8679593631320754,0.246957714363449,0.0
0.2049,4.878291994711024,0.2686669541764025,0.0
0.20495000000000002,4.888624626289979,0.2902608779330811,0.0
0.20500000000000002,4.898957257868927,0.3117403635770251,0.0
0.20505,4.9092898894478765,0.3331062823676679,0.0
0.2051,4.919622521026826,0.35435949893122454,0.0
0.20515,4.929955152605775,0.3755008713111926,0.0
0.20520000000000002,4.953240930224305,0.39659388712117494,0.0
0.20525000000000002,4.977261090925528,0.4176424656929688,0.0
0.2053,5.001281251626751,0.43864694534360893,0.0
0.20535,5.014213554100901,0.45955404547867723,0.0
0.2054,5.02321792705893,0.4803455136277732,0.0
0.20545000000000002,5.032222300016963,0.5010222301397264,0.0
0.20550000000000002,5.041226672974992,0.5215850686609466,0.0
0.20555,5.050231045933021,0.5420348961864525,0.0
0.2056,5.05923541889105,0.5623725731105109,0.0
0.20565,5.068239791849079,0.5825989532768906,0.0
0.20570000000000002,5.077244164807113,0.6027148840287337,0.0
0.20575000000000002,5.086248537765141,0.6227212062580477,0.0
0.2058,5.092169173307204,0.6426038427651873,0.0
0.20585,5.0937348234284245,0.0,1.0
0.2059,5.095300473549644,0.02463878372122652,0.0
0.20595000000000002,5.096866123670864,0.04909755416379476,0.0
0.20600000000000002,5.098431773792084,0.07337768183498958,0.0
0.20605,5.099997423913304,0.09748052680791991,0.0
0.2061,5.101563074034524,0.121407438800958,0.0
0.20615,5.103128724155743,0.1451597572565738,0.0
0.20620000000000002,5.1046943742769635,0.16873881141956917,0.0
0.20625000000000002,5.106260024398184,0.1921459204147166,0.0
0.2063,5.107825674519403,0.2153823933238065,0.0
0.20635,5.109391324640622,0.23844952926210827,0.0
0.2064,5.110956974761843,0.2613486174542491,0.0
0.20645000000000002,5.112522624883063,0.28408093730951495,0.0
0.20650000000000002,5.114088275004283,0.30664775849657855,0.0
0.20655,5.115653925125502,0.32905034101765795,0.0
0.2066,5.117219575246722,0.35128993528211117,0.0
0.20665,5.118785225367942,0.37336778217946986,0.0
0.20670000000000002,5.120350875489162,0.3952851131519174,0.0
0.20675000000000002,5.1219165256103825,0.417043150266215,0.0
0.2068,5.123482175731602,0.43864310628508035,0.0
0.20685,5.125047825852821,0.46008618473802243,0.0
0.2069,5.126613475974041,0.4813735799916376,0.0
0.20695000000000002,5.128179126095262,0.5025064773193701,0.0
0.20700000000000002,5.129744776216481,0.5234860529707418,0.0
0.20705,5.131310426337701,0.544313474240054,0.0
0.2071,5.1328760764589205,0.5649898995345677,0.0
0.20715,5.134441726580141,0.585516478442163,0.0
0.20720000000000002,5.136007376701361,0.6058943517984852,0.0
0.20725000000000002,5.13757302682258,0.6261246517535779,0.0
0.2073,5.1391386769438006,0.6462085018380105,0.0
0.20735,5.14070432706502,0.0,1.0
0.2074,5.14226997718624,0.0248659089805911,0.0
0.20745000000000002,5.14383562730746,0.04955007549440593,0.0
0.20750000000000002,5.14540127742868,0.07405388321367436,0.0
0.20755,5.1469669275499,0.09837870527622075,0.0
0.2076,5.148532577671119,0.1225259043656663,0.0
0.20765,5.138707105732309,0.1464417499957594,0.0
0.20770000000000002,5.123671912191576,0.17010281146808062,0.0
0.20775000000000002,5.1086367186508514,0.1935110285481123,0.0
0.2078,5.0936015251101265,0.21666832623318882,0.0
0.20785,5.078566331569402,0.23957661486493198,0.0
0.2079,5.063531138028677,0.2622377902408303,0.0
0.20795000000000002,5.048495944487944,0.284653733724969,0.0
0.20800000000000002,5.033460750947219,0.30682631235791663,0.0
0.20805,5.018425557406494,0.3287573789657754,0.0
0.2081,5.003390363865769,0.35044877226840104,0.0
0.20815,4.988355170325044,0.37190231698679893,0.0
0.2082,4.973319976784319,0.3931198239497024,0.0
0.20825000000000002,4.9582847832435855,0.4141030901993397,0.0
0.2083,4.9432495897028605,0.434853899096396,0.0
0.20835,4.928214396162136,0.4553740204241755,0.0
0.2084,4.913179202621411,0.47566521049197164,0.0
0.20845,4.898144009080686,0.4957292122376491,0.0
0.20850000000000002,4.883108815539953,0.5155677553294459,0.0
0.20855,4.868073621999228,0.5351825562669995,0.0
0.2086,4.853038428458503,0.5545753184816047,0.0
0.20865,4.838003234917778,0.5737477324357072,0.0
0.2087,4.822968041377053,0.5927014757216408,0.0
0.20875000000000002,4.8079328478363195,0.6114382131596116,0.0
0.2088,4.792897654295595,0.6299595968949375,0.0
0.20885,4.77786246075487,0.6482672664945467,0.0
0.2089,4.762827267214145,0.0,1.0
0.20895,4.74779207367342,0.022958375598033945,0.0
0.20900000000000002,4.732756880132687,0.045669256609730716,0.0
0.20905,4.717721686591962,0.0681345273023848,0.0
0.2091,3.959805501009887,0.0867637897444728,0.0
0.20915,-0.007180736263995572,0.08606850201233486,0.0
0.2092,0.02750106245118473,0.08554621471840937,0.0
0.20925000000000002,0.2278201278428859,0.08599656464750141,0.0
0.2093,0.7186201278430322,0.08881679344050174,0.0
0.20935,1.2094201278430217,0.09398885833816738,0.0
0.2094,1.7002201278435107,0.10149485394741935,0.0
0.20945,2.1910201278426897,0.11131701119551159,0.0
0.20950000000000002,2.6818201278433444,0.12343769629219636,0.0
0.20955000000000001,3.1726201278428845,0.13783940969974287,0.0
0.2096,3.6634201278431227,0.1545047851108447,0.0
0.20965,4.154220127843071,0.17341658843427418,0.0
0.2097,4.5433194950801425,0.1940659342313984,0.0
0.20975000000000002,4.580912686569555,0.2147398542244497,0.0
0.20980000000000001,4.614414721087001,0.23541837816353336,0.0
0.20985,4.463742697958671,0.2552108807763911,0.0
0.2099,4.313070674830342,0.27412410766918693,0.0
0.20995,4.162398651702012,0.2921647530913048,0.0
0.21000000000000002,4.011726628573599,0.30933946032634596,0.0
0.21005000000000001,3.86105460544527,0.3256548220801516,0.0
0.2101,3.7103825823169405,0.34111738086586874,0.0
0.21015,3.559710559188611,0.3557336293860859,0.0
0.2102,3.4090385360602817,0.36951001091205926,0.0
0.21025000000000002,3.2583665129318686,0.3824529196600514,0.0
0.21030000000000001,3.1076944898035395,0.3945687011648058,0.0
0.21035,2.95702246667521,0.4058636526501763,0.0
0.2104,2.8063504435468802,0.4163440233969359,0.0
0.21045,2.6556784204185515,0.42601601510778503,0.0
0.21050000000000002,2.505006397290138,0.43488578226958063,0.0
0.21055000000000001,2.354334374161809,0.44295943251280884,0.0
0.2106,2.2036623510334796,0.45024302696831864,0.0
0.21065,2.05299032790515,0.45674258062134104,0.0
0.2107,1.9023183047768208,0.46246406266281265,0.0
0.21075000000000002,1.7516462816484077,0.46741339683802413,0.0
0.21080000000000002,1.6009742585200781,0.4715964617926157,0.0
0.21085,1.450302235391749,0.47501909141593635,0.0
0.2109,1.2996302122634193,0.4776870751817901,0.0
0.21095,1.1489581891350902,0.479606158486588,0.0
0.21100000000000002,0.9982861660066771,0.48078204298492516,0.0
0.21105000000000002,0.8476141428783479,0.4812203869226045,0.0
0.2111,0.6969421197500183,0.48092680546712246,0.0
0.21115,0.5462700966216891,0.47990687103564067,0.0
0.2112,0.3955980734933595,0.4781661136204597,0.0
0.21125000000000002,0.2449260503649464,0.47571002111201494,0.0
0.21130000000000002,0.0942540272366168,0.4725440396194146,0.0
0.21135,-0.056417995891711925,0.4686735737885353,0.0
0.2114,-0.07191767633284905,0.4647576251384283,0.0
0.21145,-0.07198230630387879,0.46087117752132833,0.0
0.21150000000000002,-0.07204693627490856,0.45701400633502304,0.0
0.21155000000000002,-0.0721115662459383,0.45318588868727927,0.0
0.2116,-0.07217619621696804,0.4493866033828244,0.0
0.21165,-0.07224082618799778,0.44561593091042667,0.0
0.2117,-0.07230545615902752,0.44187365343007423,0.0
0.21175000000000002,-0.07237008613005728,0.4381595547602512,0.0
0.21180000000000002,-0.07243471610108702,0.4344734203653111,0.0
0.21185,-0.07249934607211676,0.43081503734294624,0.0
0.2119,-0.0725639760431465,0.4271841944117525,0.0
0.21195,-0.07262860601417624,0.4235806818988887,0.0
0.21200000000000002,-0.07269323598520601,0.42000429172783016,0.0
0.21205000000000002,-0.07275786595623575,0.41645481740621537,0.0
0.2121,-0.07282249592726549,0.41293205401378497,0.0
0.21215,-0.07288712589829523,0.409435798190413,0.0
0.2122,-0.07295175586932497,0.40596584812422876,0.0
0.21225000000000002,-0.07301638584035473,0.4025220035398297,0.0
0.21230000000000002,-0.07308101581138447,0.39910406568658346,0.0
0.21235,-0.07314564578241421,0.3957118373270194,0.0
0.2124,-0.07321027575344395,0.39234512272530825,0.0
0.21245,-0.07327490572447369,0.38900372763582947,0.0
0.21250000000000002,-0.07333953569550346,0.385687459291826,0.0
0.21255000000000002,-0.0734041656665332,0.38239612639414494,0.0
0.2126,-0.07346879563756294,0.3791295391000642,0.0
0.21265,-0.07353342560859268,0.3758875090122041,0.0
0.2127,-0.07359805557962242,0.3726698491675235,0.0
0.21275000000000002,-0.07366268555065218,0.36947637402639966,0.0
0.21280000000000002,-0.07372731552168192,0.36630689946179124,0.0
0.21285,-0.07379194549271166,0.3631612427484837,0.0
0.2129,-0.0738565754637414,0.3600392225524168,0.0
0.21295,-0.07392120543477114,0.35694065892009325,0.0
0.21300000000000002,-0.0739858354058009,0.3538653732680677,0.0
0.21305000000000002,-0.07405046537683065,0.35081318837251646,0.0
0.2131,-0.07411509534786039,0.34778392835888583,0.0
0.21315,-0.07417972531889012,0.3447774186916199,0.0
0.2132,-0.07424435528991986,0.34179348616396593,0.0
0.21325000000000002,-0.07430898526094963,0.33883195888785805,0.0
0.21330000000000002,-0.07437361523197937,0.33589266628387743,0.0
0.21335,-0.07443824520300911,0.33297543907128896,0.0
0.2134,-0.07450287517403885,0.3300801092581541,0.0
0.21345,-0.07456750514506859,0.3272065101315188,0.0
0.21350000000000002,0.01866091868609796,0.32480560320029767,0.0
0.21355000000000002,0.33396350671583486,0.32394764927975944,0.0
0.2136,0.35627259762492874,0.3232041048935195,0.0
0.21365,0.3785816885340226,0.3225740989997225,0.0
0.2137,0.40089077944311646,0.3220567671880752,0.0
0.21375000000000002,0.4231998703522227,0.3216512516293577,0.0
0.21380000000000002,0.4455089612613165,0.3213567010253194,0.0
0.21385,0.4678180521704104,0.32117227055895625,0.0
0.2139,0.9502638323178528,0.3233221541915805,0.0
0.21395,1.3338283044548584,0.32731043047311875,0.0
0.21400000000000002,0.45111875912384075,0.32699992114167153,0.0
0.21405000000000002,1.1234332030954077,0.3299428127950571,0.0
0.2141,1.510495305070828,0.33473497273935726,0.0
0.21415,1.5372273312146252,0.33961991332457914,0.0
0.2142,1.5639593573584223,0.3445969281775861,0.0
0.21425000000000002,1.590691383502234,0.34966531630312,0.0
0.21430000000000002,1.8818667459499336,0.3561031215801102,0.0
0.21435,2.3726667459493553,0.3648652210217361,0.0
0.2144,2.8634667459496685,0.37593391892183764,0.0
0.21445,3.354266745949512,0.3892916542981664,0.0
0.21450000000000002,3.8450667459496617,0.40492099986669317,0.0
0.21455000000000002,4.335866745950035,0.4228046610237098,0.0
0.2146,4.443301637676239,0.4410716783740108,0.0
0.21465,4.458107894659476,0.45927121919142727,0.0
0.2147,4.472914151642713,0.47740379719961656,0.0
0.21475,4.48772040862595,0.49546992221106884,0.0
0.21480000000000002,4.502526665609195,0.5134701001568844,0.0
0.21485,4.517332922592432,0.5314048331163239,0.0
0.2149,4.5266451588901075,0.549248052514966,0.0
0.21495,4.530756963916764,0.5669753079260523,0.0
0.215,4.53486876894342,0.5845874822260624,0.0
0.21505000000000002,4.538980573970079,0.6020854515698123,0.0
0.2151,4.543092378996735,0.6194700854416296,0.0
0.21515,4.547204184023391,0.6367422467061378,0.0
0.2152,4.551315989050047,0.0,1.0
0.21525,4.555427794076703,0.022028180822421195,0.0
0.21530000000000002,4.559539599103362,0.0439085360070744,0.0
0.21535,4.563651404130018,0.06564219100489833,0.0
0.2154,4.5677632091566736,0.08723026269835989,0.0
0.21545,4.5718750141833295,0.10867385946668903,0.0
0.2155,4.575986819209986,0.1299740812506171,0.0
0.21555000000000002,4.580098624236644,0.15113201961662212,0.0
0.2156,4.5842104292633,0.17214875782068517,0.0
0.21565,4.588322234289957,0.1930253708715612,0.0
0.2157,4.592434039316613,0.21376292559356824,0.0
0.21575,4.596545844343269,0.23436248068889845,0.0
0.21580000000000002,4.626678400475849,0.25495091248178525,0.0
0.21585000000000001,5.006333854132162,0.27721845506577547,0.0
0.2159,5.015942890276739,0.2993629320183913,0.0
0.21595,5.0255519264213175,0.32138528028353813,0.0
0.216,5.035160962565895,0.34328642967182277,0.0
0.21605000000000002,5.044769998710478,0.365067302914862,0.0
0.21610000000000001,5.054379034855057,0.38672881571917744,0.0
0.21615,5.063988070999634,0.4082718768196803,0.0
0.2162,5.073597107144212,0.42969738803274876,0.0
0.21625,5.083206143288789,0.4510062443089013,0.0
0.21630000000000002,5.092815179433373,0.47219933378506895,0.0
0.21635000000000001,5.10242421557795,0.4932775378364697,0.0
0.2164,5.109578316714201,0.5142298600690536,0.0
0.21645,5.032393935680097,0.5346494325512922,0.0
0.2165,4.955209554645992,0.5545403113029373,0.0
0.21655000000000002,4.878025173611844,0.5739065214637712,0.0
0.21660000000000001,4.800840792577739,0.5927520575287067,0.0
0.21665,4.723656411543635,0.6110808835810981,0.0
0.2167,4.64647203050953,0.6288969335242754,0.0
0.21675,4.5692876494754255,0.6462041113113159,0.0
0.21680000000000002,4.492103268441278,0.0,1.0
0.21685000000000001,4.414918887407174,0.021348737366572407,0.0
0.2169,4.337734506373069,0.0421617069286148,0.0
0.21695,4.260550125338964,0.062442987683435466,0.0
0.217,4.18336574430486,0.08219662757343625,0.0
0.21705000000000002,4.1061813632707125,0.1014266437225448,0.0
0.21710000000000002,4.028996982236608,0.12013702267084751,0.0
0.21715,3.9518126012025037,0.13833172060743498,0.0
0.2172,3.874628220168399,0.1560146636014755,0.0
0.21725,3.7974438391342944,0.1731897478315291,0.0
0.21730000000000002,3.7202594581001467,0.18986083981311547,0.0
0.21735000000000002,3.643075077066042,0.2060317766245503,0.0
0.2174,3.5658906960319374,0.22170636613106093,0.0
0.21745,3.4887063149978332,0.2368883872071964,0.0
0.2175,3.4115219339637286,0.25158158995754437,0.0
0.21755000000000002,3.334337552929581,0.26578969593576696,0.0
0.21760000000000002,3.2571531718954763,0.2795163983619702,0.0
0.21765,3.1799687908613716,0.2927653623384172,0.0
0.2177,3.1027844098272674,0.3055402250635999,0.0
0.21775,3.025600028793163,0.3178445960446805,0.0
0.21780000000000002,2.948415647759015,0.3296820573083158,0.0
0.21785000000000002,2.8712312667249105,0.3410561636098768,0.0
0.2179,2.7940468856908063,0.3519704426410746,0.0
0.21795,2.7168625046567016,0.36242839523600595,0.0
0.218,2.639678123622597,0.3724334955756305,0.0
0.21805000000000002,2.5624937425884493,0.3819891913906903,0.0
0.21810000000000002,2.4853093615543447,0.3910989041630861,0.0
0.21815,2.40812498052024,0.3997660293257184,0.0
0.2182,2.330940599486136,0.40799393646080856,0.0
0.21825,2.2537562184520312,0.4157859694967094,0.0
0.21830000000000002,2.1765718374178835,0.4231454469032173,0.0
0.21835000000000002,2.099387456383779,0.4300756618853984,0.0
0.2184,2.0222030753496743,0.43657988257593733,0.0
0.21845,1.94501869431557,0.4426613522260228,0.0
0.2185,1.8678343132814654,0.4483232893947798,0.0
0.21855000000000002,1.7906499322473177,0.4535688881372587,0.0
0.21860000000000002,1.713465551213213,0.458401318190995,0.0
0.21865,1.6362811701791085,0.4628237251611463,0.0
0.2187,1.5747793365434546,0.466915065072686,0.0
0.21875,1.5981165713642167,0.47108810540698537,0.0
0.21880000000000002,1.6214538061849915,0.47534222414868316,0.0
0.21885000000000002,1.6447910410057536,0.4796768040180497,0.0
0.2189,4.64564250192616,0.4984892702787415,0.0
0.21895,3.702782937123077,0.5125992280878205,0.0
0.219,2.09351195120752,0.5188199870061868,0.0
0.21905000000000002,2.7526652869723964,0.5281807802400541,0.0
0.21910000000000002,3.6457451736581223,0.5417888744303193,0.0
0.21915,4.538825060343848,0.5596119333129848,0.0
0.2192,3.4130570630748167,0.5718555462898967,0.0
0.21925,2.5543133640555133,0.5798534117452866,0.0
0.21930000000000002,3.045113364055532,0.590163694053512,0.0
0.21935000000000002,3.535913364055261,0.6027687879347494,0.0
0.2194,4.026713364055191,0.617651222144647,0.0
0.21945,3.5438331500163742,0.6300853402041557,0.0
0.2195,4.237653996214063,0.6457798258560113,0.0
0.21955000000000002,3.9409966949200315,0.0,1.0
0.21960000000000002,3.6443393936261645,0.017622530916954374,0.0
0.21965,3.347682092332298,0.033676381963535854,0.0
0.2197,3.051024791038431,0.04817349607643215,0.0
0.21975,2.7543674897445642,0.06112572526636232,0.0
0.21980000000000002,2.4577101884505326,0.07254483131032882,0.0
0.21985000000000002,2.161052887156666,0.08244248643860232,0.0
0.2199,1.8643955858627992,0.09083027401647153,0.0
0.21995,1.5677382845689323,0.09771968922080583,0.0
0.22,1.2710809832750658,0.10312213971146604,0.0
0.22005000000000002,0.9744236819810341,0.10704894629760285,0.0
0.22010000000000002,0.6777663806871677,0.10951134359888562,0.0
0.22015,0.3811090793933003,0.11052048070169214,0.0
0.2202,0.08445177809943427,0.1100874218103059,0.0
0.22025,0.39112501858191884,0.11114060599265344,0.0
0.22030000000000002,0.88192501858212,0.11455907944006542,0.0
0.22035000000000002,1.3300107159592451,0.1201182854834608,0.0
0.2204,1.370478369236199,0.12583085222417925,0.0
0.22045,1.410946022513153,0.13169561207083827,0.0
0.2205,1.3176591782969824,0.13706462441858652,0.0
0.22055000000000002,1.2058076009875505,0.1418518921388082,0.0
0.22060000000000002,1.0939560236781805,0.14606184426727192,0.0
0.22065,0.9821044463688106,0.14969887611986812,0.0
0.2207,0.8702528690594407,0.15276734954933108,0.0
0.22075,0.7584012917500706,0.15527159320000625,0.0
0.22080000000000002,0.6465497144406387,0.15721590276067768,0.0
0.22085000000000002,0.5346981371312687,0.15860454121547168,0.0
0.2209,0.4228465598218988,0.15944173909284856,0.0
0.22095,0.3109949825125289,0.1597316947126998,0.0
0.221,0.19914340520315887,0.15947857443156369,0.0
0.22105000000000002,0.08729182789372691,0.1586865128859739,0.0
0.22110000000000002,-0.024559749415643095,0.15735961323395636,0.0
0.22115,-0.06641016935018805,0.15584044428721402,0.0
0.2212,-0.06652328297083797,0.15433229436120535,0.0
0.22125,-0.06663639659148789,0.15283507956407358,0.0
0.22130000000000002,-0.06674951021213786,0.1513487166426615,0.0
0.22135000000000002,-0.06686262383278778,0.14987312297764882,0.0
0.2214,-0.0669757374534377,0.1484082165787265,0.0
0.22145,-0.06708885107408762,0.14695391607980787,0.0
0.2215,-0.06720196469473753,0.1455101407342762,0.0
0.22155,-0.06731507831538744,0.14407681041026849,0.0
0.22160000000000002,-0.06742819193603743,0.14265384558599498,0.0
0.22165,-0.06754130555668733,0.14124116734509462,0.0
0.2217,-0.06765441917733725,0.13983869737202562,0.0
0.22175,-0.06776753279798717,0.1384463579474912,0.0
0.2218,-0.06788064641863709,0.13706407194390013,0.0
0.22185000000000002,-0.06799376003928706,0.13569176282086196,0.0
0.22190000000000001,-0.06810687365993698,0.13432935462071632,0.0
0.22195,-0.0682199872805869,0.1329767719640965,0.0
0.222,-0.06833310090123682,0.13163394004552656,0.0
0.22205,-0.06844621452188672,0.1303007846290522,0.0
0.22210000000000002,-0.06855932814253671,0.1289772320439047,0.0
0.22215000000000001,-0.06867244176318663,0.12766320918019808,0.0
0.2222,-0.06878555538383653,0.12635864348465867,0.0
0.22225,-0.06889866900448645,0.12506346295638765,0.0
0.2223,-0.06901178262513637,0.12377759614265552,0.0
0.22235000000000002,-0.06912489624578634,0.12250097213472863,0.0
0.22240000000000001,-0.06923800986643626,0.12123352056372765,0.0
0.22245,-0.06935112348708618,0.11997517159651735,0.0
0.2225,-0.0694642371077361,0.11872585593162789,0.0
0.22255,-0.06957735072838601,0.11748550479520696,0.0
0.22260000000000002,-0.06969046434903599,0.11625404993700289,0.0
0.22265000000000001,-0.0698035779696859,0.11503142362637829,0.0
0.2227,-0.06991669159033582,0.11381755864835401,0.0
0.22275,-0.07002980521098573,0.11261238829968323,0.0
0.2228,-0.07014291883163565,0.11141584638495551,0.0
0.22285000000000002,-0.07025603245228562,0.1102278672127304,0.0
0.22290000000000001,-0.07036914607293554,0.10904838559170052,0.0
0.22295,-0.07048225969358546,0.10787733682688391,0.0
0.223,-0.07059537331423538,0.1067146567158453,0.0
0.22305,-0.0707084869348853,0.10556028154494615,0.0
0.22310000000000002,-0.07082160055553527,0.10441414808562328,0.0
0.22315000000000002,-0.07093471417618519,0.10327619359069584,0.0
0.2232,-0.0710478277968351,0.10214635579070032,0.0
0.22325,-0.07116094141748502,0.10102457289025352,0.0
0.2233,0.38195415489827517,0.10210240933783013,0.0
0.22335000000000002,0.8727541548988721,0.10554534736371278,0.0
0.22340000000000002,1.2999385940397294,0.11102776181364495,0.0
0.22345,1.3102712256186784,0.11651840099571499,0.0
0.2235,1.3206038571976273,0.12201720229201274,0.0
0.22355,1.3309364887765762,0.1275241035613612,0.0
0.22360000000000002,1.341269120355531,0.13303904313568707,0.0
0.22365000000000002,1.35160175193448,0.13856195981641867,0.0
0.2237,1.361934383513429,0.1440927928709116,0.0
0.22375,1.8043570685297452,0.15172089234532965,0.0
0.2238,2.2951570685301386,0.16166422383696835,0.0
0.22385000000000002,2.359188337706521,0.1718414820508029,0.0
0.22390000000000002,2.3938701364217017,0.18210896401251334,0.0
0.22395,2.4189202662972784,0.1924194080145648,0.0
0.224,2.422463821948147,0.20266848999713893,0.0
0.22405,2.4260073775990154,0.212856677131854,0.0
0.22410000000000002,2.4295509332498857,0.222984433033579,0.0
0.22415000000000002,2.4330944889007537,0.23305221778751248,0.0
0.2242,2.4366380445516223,0.24306048797605512,0.0
0.22425,2.4401816002024903,0.2530096967054779,0.0
0.2243,2.443725155853359,0.2629002936323872,0.0
0.22435000000000002,2.447268711504229,0.2727327249899883,0.0
0.22440000000000002,2.4508122671550976,0.28250743361414893,0.0
0.22445,2.4543558228059656,0.29222485896926453,0.0
0.2245,2.457899378456834,0.3018854371739266,0.0
0.22455,2.4614429341077027,0.3114896010263953,0.0
0.22460000000000002,2.464986489758573,0.3210377800298786,0.0
0.22465000000000002,2.468530045409441,0.33053040041761855,0.0
0.2247,2.4720736010603095,0.3399678851777868,0.0
0.22475,2.475617156711178,0.3493506540781905,0.0
0.2248,2.479160712362046,0.35867912369079014,0.0
0.22485000000000002,2.4827042680129163,0.36795370741603073,0.0
0.22490000000000002,2.486247823663785,0.3771748155069876,0.0
0.22495,2.4897913793146533,0.3863428550933286,0.0
0.225,2.4933349349655214,0.39545823020509374,0.0
0.22505,2.49687849061639,0.4045213417962937,0.0
0.22510000000000002,2.50042204626726,0.41353258776832885,0.0
0.22515000000000002,2.5039656019181287,0.42249236299322995,0.0
0.2252,2.5075091575689967,0.43140105933672174,0.0
0.22525,2.5135427599578963,0.44027110652607254,0.0
0.2253,2.5462627599578767,0.44923184328738053,0.0
0.22535000000000002,2.5789827599578747,0.45828257916758613,0.0
0.22540000000000002,3.026771636688393,0.46942973185584685,0.0
0.22545,3.5175716366885545,0.48286532471518473,0.0
0.2255,4.008371636688114,0.49857193500906977,0.0
0.22555,4.499171636688122,0.516532272646677,0.0
0.22560000000000002,4.365403219355436,0.5337090224160707,0.0
0.22565000000000002,4.102640011808315,0.5494843841497044,0.0
0.2257,3.8398768042611953,0.5638690271300124,0.0
0.22575,3.5771135967140752,0.5768735394102587,0.0
0.2258,3.95837455031944,0.5916226651890205,0.0
0.22585000000000002,4.449174550319935,0.6086328079932065,0.0
0.22590000000000002,4.939974550319318,0.6278867538687761,0.0
0.22595,4.780570097758104,0.6462232978068281,0.0
0.226,4.546855812043644,0.0,1.0
0.22605,5.081841724949789,0.02457370273186552,0.0
0.22610000000000002,5.0834730780651585,0.04896820538331399,0.0
0.22615000000000002,5.085104431180526,0.07318487227045303,0.0
0.2262,5.086735784295894,0.09722505732235005,0.0
0.22625,5.088367137411263,0.12109010416011261,0.0
0.2263,5.0899984905266304,0.14478134617536667,0.0
0.22635000000000002,5.091629843642,0.1683001066081375,0.0
0.22640000000000002,5.093261196757368,0.19164769862413739,0.0
0.22645,5.094892549872736,0.21482542539146524,0.0
0.2265,5.096523902988104,0.237834580156722,0.0
0.22655,5.098155256103473,0.26067644632054665,0.0
0.22660000000000002,5.0997866092188415,0.2833522975125773,0.0
0.22665000000000002,5.10141796233421,0.30586339766584114,0.0
0.2267,5.103049315449578,0.32821100109057855,0.0
0.22675,5.104680668564947,0.35039635254750473,0.0
0.2268,5.106312021680314,0.3724206873205139,0.0
0.22685000000000002,5.107943374795684,0.39428523128882975,0.0
0.22690000000000002,5.109574727911052,0.41599120099860665,0.0
0.22695,5.11120608102642,0.4375398037339857,0.0
0.227,5.112837434141788,0.45893223758761,0.0
0.22705,5.114468787257157,0.4801696915306027,0.0
0.22710000000000002,5.1161001403725255,0.5012533454820126,0.0
0.22715000000000002,5.117731493487894,0.5221843703777309,0.0
0.2272,5.119362846603262,0.5429639282388834,0.0
0.22725,5.120994199718631,0.5635931722397015,0.0
0.2273,5.122625552833998,0.5840732467748775,0.0
0.22735000000000002,5.124256905949368,0.6044052875264057,0.0
0.22740000000000002,5.125888259064736,0.624590421529916,0.0
0.22745,5.127519612180104,0.6446297672405016,0.0
0.2275,5.129150965295472,0.0,1.0
0.22755,5.130782318410841,0.024810359373359965,0.0
0.22760000000000002,5.132413671526209,0.04943971691226786,0.0
0.22765000000000002,5.134045024641578,0.07388945065024732,0.0
0.2277,5.135676377756946,0.09816092812934603,0.0
0.22775,5.1373077308723145,0.12225550648001118,0.0
0.2278,5.138939083987682,0.14617453250035686,0.0
0.22785000000000002,5.140570437103052,0.16991934273482787,0.0
0.22790000000000002,5.14220179021842,0.19349126355226462,0.0
0.22795,5.143833143333788,0.21689161122337386,0.0
0.228,5.145464496449156,0.2401216919976094,0.0
0.22805,5.147095849564525,0.26318280217946766,0.0
0.2281,5.1487272026798925,0.2860762282042022,0.0
0.22815000000000002,5.150358555795262,0.30880324671296205,0.0
0.22820000000000001,5.15198990891063,0.3313651246273576,0.0
0.22825,5.1536212620259985,0.35376311922345927,0.0
0.2283,5.155252615141366,0.37599847820523224,0.0
0.22835,5.156883968256735,0.3980724397774128,0.0
0.22840000000000002,5.060554378459827,0.4195125337675764,0.0
0.22845000000000001,4.930206314014278,0.44015908664885833,0.0
0.2285,4.799858249568729,0.46001813994152124,0.0
0.22855,4.66951018512318,0.47909568916951245,0.0
0.2286,4.539162120677631,0.4973976842106508,0.0
0.22865000000000002,4.40881405623201,0.514930029644147,0.0
0.22870000000000001,4.278465991786461,0.5316985850954798,0.0
0.22875,4.148117927340912,0.5477091655786441,0.0
0.2288,4.017769862895363,0.5629675418357948,0.0
0.22885,3.8874217984498136,0.5774794406743049,0.0
0.22890000000000002,3.757073734004192,0.5912505453012568,0.0
0.22895000000000001,3.626725669558643,0.604286495655388,0.0
0.229,3.4963776051130946,0.6165928887365082,0.0
0.22905,3.513836417732934,0.6288900123805014,0.0
0.2291,3.550463283404578,0.6412706260035453,0.0
0.22915000000000002,3.8992066002676067,0.0,1.0
0.22920000000000001,4.390006600267994,0.02122827176145065,0.0
0.22925,4.880806600267416,0.04466823242744408,0.0
0.2293,4.882528893570962,0.06793806435772658,0.0
0.22935,4.550112661686946,0.08942330591330015,0.0
0.22940000000000002,4.217696429802744,0.10913754383691568,0.0
0.22945000000000002,3.8852801979187266,0.12709426143045718,0.0
0.2295,3.5528639660347094,0.14330683934247246,0.0
0.22955,3.2204477341506923,0.15778855634971156,0.0
0.2296,2.8880315022666756,0.1705525901327143,0.0
0.22965000000000002,2.555615270382474,0.1816120180454919,0.0
0.22970000000000002,2.223199038498457,0.1909798178793526,0.0
0.22975,1.8907828066144399,0.19866886862090619,0.0
0.2298,1.5583665747304227,0.20469195120430161,0.0
0.22985,1.2259503428464056,0.20906174925773632,0.0
0.22990000000000002,0.8935341109622046,0.2117908498442814,0.0
0.22995000000000002,0.5611178790781874,0.21289174419707005,0.0
0.23,0.2636182547943729,0.21254567084540277,0.0
0.23005,0.754418254794289,0.21457553982093966,0.0
0.2301,1.245218254794192,0.2189632622010627,0.0
0.23015000000000002,1.7360182547948315,0.22569088678077712,0.0
0.23020000000000002,2.2268182547941846,0.23474059902420288,0.0
0.23025,2.7176182547944907,0.2460947200240833,0.0
0.2303,3.12280888953901,0.25932173368360933,0.0
0.23035,0.646979417479747,0.26047594913118133,0.0
0.23040000000000002,0.5153305193912567,0.2609847770246546,0.0
0.23045000000000002,0.3836816213028395,0.2608531309368006,0.0
0.2305,0.2520327232144223,0.26008588703155416,0.0
0.23055,0.1203838251260051,0.25868788434882095,0.0
0.2306,-0.011265072962412082,0.2566639250871164,0.0
0.23065000000000002,-0.06407404774018408,0.2544000124242397,0.0
0.23070000000000002,-0.06291507338120986,0.25215894008570416,0.0
0.23075,-0.061756099022235625,0.2499405341797217,0.0
0.2308,-0.06059712466326139,0.24774462213840642,0.0
0.23085,-0.05943815030428717,0.24557103270769515,0.0
0.23090000000000002,-0.05827917594531229,0.2434195959373449,0.0
0.23095000000000002,-0.057120201586338064,0.24129014317100642,0.0
0.231,-0.05596122722736383,0.23918250703637314,0.0
0.23105,-0.054802252868389606,0.23709652143540552,0.0
0.2311,-0.053643278509415374,0.23503202153462943,0.0
0.23115000000000002,-0.0524843041504405,0.2329888437555086,0.0
0.23120000000000002,-0.05132532979146627,0.2309668257648903,0.0
0.23125,-0.050166355432492045,0.2289658064655238,0.0
0.2313,-0.04900738107351781,0.22698562598665098,0.0
0.23135,-0.04784840671454359,0.22502612567466854,0.0
0.23140000000000002,-0.046689432355568716,0.22308714808386143,0.0
0.23145000000000002,-0.045530457996594484,0.22116853696720676,0.0
0.2315,-0.04437148363762025,0.21927013726724764,0.0
0.23155,-0.04321250927864602,0.21739179510703666,0.0
0.2316,-0.042053534919671794,0.21553335778114813,0.0
0.23165000000000002,-0.04089456056069692,0.21369467374675893,0.0
0.23170000000000002,-0.0397355862017227,0.21187559261479724,0.0
0.23175,-0.038576611842748465,0.2100759651411585,0.0
0.2318,-0.03741763748377423,0.2082956432179884,0.0
0.23185,-0.0362586631248,0.2065344798650322,0.0
0.23190000000000002,-0.03509968876582513,0.20479232922104987,0.0
0.23195000000000002,-0.033940714406850904,0.20306904653529662,0.0
0.232,-0.03278174004787667,0.20136448815906835,0.0
0.23205,-0.031622765688902446,0.19967851153731137,0.0
0.2321,-0.030463791329928214,0.19801097520029598,0.0
0.23215000000000002,-0.029304816970953343,0.1963617387553536,0.0
0.23220000000000002,-0.02814584261197911,0.19473066287867663,0.0
0.23225,-0.026986868253004885,0.1931176093071809,0.0
0.2323,-0.025827893894030653,0.19152244083042985,0.0
0.23235,-0.024668919535056427,0.18994502128262053,0.0
0.23240000000000002,-0.02350994517608155,0.18838521553463028,0.0
0.23245000000000002,-0.022350970817107324,0.18684288948612413,0.0
0.2325,-0.02119199645813309,0.18531791005772225,0.0
0.23255,-0.020033022099158866,0.1838101451832271,0.0
0.2326,-0.018874047740184634,0.1823194638019097,0.0
0.23265000000000002,-0.017715073381209763,0.18084573585085448,0.0
0.23270000000000002,-0.01655609902223553,0.1793888322573628,0.0
0.23275,-0.015397124663261305,0.17794862493141383,0.0
0.2328,-0.014238150304287073,0.1765249867581833,0.0
0.23285,-0.013079175945312847,0.17511779159061866,0.0
0.23290000000000002,-0.01192020158633797,0.17372691424207143,0.0
0.23295000000000002,-0.010761227227363744,0.172352230478985,0.0
0.233,-0.009602252868389512,0.1709936170136386,0.0
0.23305,-0.014329603085036429,0.1696224876450331,0.0
0.2331,-0.024134068419935234,0.16821438681454226,0.0
0.23315000000000002,-0.03393853375483948,0.16676959599950056,0.0
0.23320000000000002,-0.04374299908973829,0.16528839453425204,0.0
0.23325,-0.0535474644246371,0.16377105962646563,0.0
0.2333,-0.06335192975953591,0.16221786637332633,0.0
0.23335,0.20445030474263384,0.1619714799431596,0.0
0.23340000000000002,0.20311250550931675,0.16172050029496987,0.0
0.23345000000000002,0.16005987393039778,0.1612632465748935,0.0
0.2335,0.16992768936134892,0.16085719080457644,0.0
0.23355,0.2049348220289679,0.1606235066247784,0.0
0.2336,0.23994195469658686,0.1605608817071963,0.0
0.23365000000000002,0.2749490873642253,0.1606680137147651,0.0
0.23370000000000002,0.36265011240247547,0.1611984162815414,0.0
0.23375,0.378517670930904,0.16180150970496107,0.0
0.2338,0.3943852294593325,0.16247674056280262,0.0
0.23385,0.41025278798776105,0.16322355964625143,0.0
0.23390000000000002,0.4261203465161984,0.1640414219278216,0.0
0.23395000000000002,0.4419879050446269,0.16492978652952178,0.0
0.234,0.4544544569286938,0.1658716708177417,0.0
0.23405,0.4585662619553499,0.1668262671975562,0.0
0.2341,0.462678066982006,0.16779347888713747,0.0
0.23415000000000002,0.46678987200866434,0.16877320984149338,0.0
0.23420000000000002,0.47090167703532043,0.16976536474685763,0.0
0.23425,0.4750134820619765,0.17076984901512263,0.0
0.2343,0.47912528708863256,0.17178656877831486,0.0
0.23435,0.48323709211528865,0.17281543088311224,0.0
0.23440000000000003,0.487348897141947,0.17385634288540314,0.0
0.23445000000000002,0.4914607021686031,0.17490921304488694,0.0
0.23450000000000001,0.4955725071952592,0.1759739503197157,0.0
0.23455,0.4996843122219153,0.1770504643611765,0.0
0.2346,0.5037961172485713,0.17813866550841445,0.0
0.23465,0.5079079222752274,0.17923846478319566,0.0
0.23470000000000002,0.5120197273018858,0.18034977388471032,0.0
0.23475000000000001,0.5161315323285418,0.1814725051844151,0.0
0.2348,0.5202433373551979,0.182606571720915,0.0
0.23485,0.524355142381854,0.1837518871948841,0.0
0.2349,0.5284669474085101,0.18490836596402505,0.0
0.23495000000000002,0.9360648729008549,0.18802701646391623,0.0
0.23500000000000001,1.4268648729000848,0.19349523107427893,0.0
0.23505,1.9176648729003298,0.20129512169956393,0.0
0.2351,2.4084648728999736,0.21140893643286338,0.0
0.23515,2.8992648729002113,0.22381905851907025,0.0
0.23520000000000002,3.3900648728999045,0.23850800532590666,0.0
0.23525000000000001,3.8808648729001427,0.2554584273228082,0.0
0.2353,4.371664872899698,0.2746531070675606,0.0
0.23535,4.528771379823402,0.294461353301852,0.0
0.2354,4.5398254338774535,0.31417224494628027,0.0
0.23545000000000002,4.550879487931511,0.33378652319713714,0.0
0.23550000000000001,4.561933541985563,0.35330492360771454,0.0
0.23555,4.5729875960396145,0.3727281761312667,0.0
0.2356,4.584041650093666,0.3920570051636452,0.0
0.23565,4.812467786531874,0.4123432518408524,0.0
0.23570000000000002,4.876004755174598,0.43278229058896467,0.0
0.23575000000000002,4.8369360984581995,0.45287679941578507,0.0
0.2358,4.838103626250949,0.47282396704341073,0.0
0.23585,4.872785424966149,0.4927869765059565,0.0
0.2359,4.907467223681349,0.5127657071937078,0.0
0.23595000000000002,4.942149022396568,0.5327600394151962,0.0
0.23600000000000002,5.0279950338108135,0.5530172635425248,0.0
0.23605,5.034825252498686,0.5731532901103792,0.0
0.2361,5.041655471186558,0.5931690418403464,0.0
0.23615,5.04848568987443,0.6130654344289946,0.0
0.23620000000000002,5.055315908562306,0.6328433766013576,0.0
0.23625000000000002,5.062146127250178,0.0,1.0
0.2363,5.06897634593805,0.024511491034516684,0.0
0.23635,5.075806564625921,0.04886939521121676,0.0
0.2364,5.082636783313793,0.07307488184332572,0.0
0.23645000000000002,5.089467002001669,0.0971291113416575,0.0
0.23650000000000002,5.096297220689541,0.12103323528239175,0.0
0.23655,5.103127439377413,0.14478839647433525,0.0
0.2366,5.1099576580652855,0.16839572902567107,0.0
0.23665,5.116787876753158,0.19185635841019968,0.0
0.23670000000000002,5.123618095441033,0.21517140153307565,0.0
0.23675000000000002,5.1304483141289055,0.23834196679604389,0.0
0.2368,5.137278532816778,0.2613691541621792,0.0
0.23685,5.049880755065361,0.283798407268299,0.0
0.2369,4.9589828404675576,0.30561735318126715,0.0
0.23695000000000002,4.868084925869703,0.32683063839416676,0.0
0.23700000000000002,4.7771870112719,0.3474428740246212,0.0
0.23705,4.686289096674097,0.3674586360841194,0.0
0.2371,4.595391182076293,0.3868824657452921,0.0
0.23715,4.504493267478489,0.4057188696071531,0.0
0.23720000000000002,4.413595352880636,0.4239723199583203,0.0
0.23725000000000002,4.322697438282832,0.4416472550382344,0.0
0.2373,4.231799523685028,0.4587480792963869,0.0
0.23735,4.1409016090872255,0.47527916364957584,0.0
0.2374,4.050003694489422,0.4912448457372023,0.0
0.23745000000000002,3.959105779891568,0.5066494301746233,0.0
0.23750000000000002,3.8682078652937646,0.5214971888045767,0.0
0.23755,3.777309950695961,0.5357923609466908,0.0
0.2376,3.686412036098157,0.5495391536450944,0.0
0.23765,3.595514121500354,0.5627417419141425,0.0
0.23770000000000002,3.5046162069025,0.5754042689822702,0.0
0.23775000000000002,3.4137182923046963,0.5875308465339913,0.0
0.2378,3.322820377706893,0.5991255549500538,0.0
0.23785,3.2319224631090897,0.610192443545766,0.0
0.2379,3.141024548511286,0.62073553080751,0.0
0.23795000000000002,3.050126633913432,0.6307588046274533,0.0
0.23800000000000002,2.959228719315629,0.6402662225364741,0.0
0.23805,2.868330804717825,0.6492617119353128,0.0
0.2381,2.777432890120022,0.0,1.0
0.23815,2.686534975522218,0.012990981506393703,0.0
0.23820000000000002,2.595637060924364,0.025443512851963057,0.0
0.23825000000000002,2.504739146326561,0.03736169345578142,0.0
0.2383,2.413841231728757,0.04874959152653706,0.0
0.23835,2.322943317130954,0.059611244300149545,0.0
0.2384,2.2320454025331506,0.06995065827557681,0.0
0.23845000000000002,2.1411474879352967,0.07977180944882672,0.0
0.23850000000000002,2.050249573337493,0.08907864354518798,0.0
0.23855,1.9593516587396897,0.09787507624969147,0.0
0.2386,1.868453744141886,0.10616499343581808,0.0
0.23865,1.7775558295440828,0.11395225139246497,0.0
0.23870000000000002,1.6866579149462289,0.12124067704918366,0.0
0.23875000000000002,1.5957600003484251,0.12803406819970423,0.0
0.2388,1.5048620857506219,0.13433619372375633,0.0
0.23885,1.4139641711528181,0.14015079380720236,0.0
0.2389,1.3230662565550149,0.14548158016049437,0.0
0.23895000000000002,1.232168341957161,0.15033223623546763,0.0
0.23900000000000002,1.1412704273593572,0.15470641744048463,0.0
0.23905,1.0503725127615535,0.15860775135393956,0.0
0.2391,0.9594745981637507,0.16203983793613838,0.0
0.23915,0.868576683565947,0.16500624973956543,0.0
0.23920000000000002,0.7776787689680926,0.1675105321175491,0.0
0.23925000000000002,0.6867808543702898,0.16955620343133962,0.0
0.2393,0.5958829397724861,0.17114675525560907,0.0
0.23935,0.5049850251746824,0.1722856525823876,0.0
0.2394,0.4140871105768795,0.17297633402344684,0.0
0.23945000000000002,0.3231891959790252,0.1732222120111424,0.0
0.23950000000000002,0.23229128138122146,0.173026672997728,0.0
0.23955,0.14139336678341863,0.17239307765315082,0.0
0.2396,0.05049545218561491,0.17132476106134198,0.0
0.23965,5.042626100019544,0.1944044747062682,0.0
0.23970000000000002,2.3777638777926797,0.20442229304580523,0.0
0.23975000000000002,0.13611149100632453,0.20352413031563,0.0
0.2398,0.6269114910067849,0.20500611317211428,0.0
0.23985,1.1177114910068768,0.20885012069167858,0.0
0.2399,1.608511491006444,0.21503816991199715,0.0
0.23995000000000002,2.099311491006624,0.2235524147816547,0.0
0.24000000000000002,2.590111491006902,0.23437514511778518,0.0
0.24005,3.0809114910067845,0.24748878557165474,0.0
0.2401,3.571711491006843,0.262875894602125,0.0
0.24015,4.062511491006505,0.2805191634569211,0.0
0.24020000000000002,4.553311491007055,0.3004014151616701,0.0
0.24025000000000002,5.035769663293482,0.32246526585842517,0.0
0.2403,4.781476617260203,0.34313147945079997,0.0
0.24035,4.527183571226924,0.36241069666400894,0.0
0.2404,4.272890525193645,0.3803134772115126,0.0
0.24045000000000002,4.018597479160226,0.39685030041178926,0.0
0.24050000000000002,3.764304433126947,0.4120315658004135,0.0
0.24055,3.5100113870936687,0.42586759373747085,0.0
0.2406,3.25571834106039,0.4383686260103505,0.0
0.24065,3.0014252950271114,0.44954482643194804,0.0
0.24070000000000003,2.7471322489936916,0.45940628143431345,0.0
0.24075000000000002,2.492839202960413,0.4679630006577819,0.0
0.24080000000000001,2.2385461569271343,0.47522491753561524,0.0
0.24085,1.9842531108938557,0.4812018898741952,0.0
0.2409,1.729960064860577,0.4859037004287986,0.0
0.24095000000000003,1.4756670188271572,0.4893400574749883,0.0
0.24100000000000002,1.2213739727938786,0.4915205953756569,0.0
0.24105000000000001,0.9670809267606,0.49245487514374864,0.0
0.2411,0.7127878807273218,0.4921523850007006,0.0
0.24115,0.45849483469404273,0.49062254093063096,0.0
0.2412,0.20420178866076455,0.4878746872303085,0.0
0.24125000000000002,-0.05009125737265574,0.4839180970549338,0.0
0.24130000000000001,-0.07181945981467004,0.47988656117829487,0.0
0.24135,-0.07177548526041863,0.47588593150967234,0.0
0.2414,-0.07173151070616722,0.47191597274873986,0.0
0.24145,-0.07168753615191581,0.4679764513865988,0.0
0.24150000000000002,-0.07164356159766437,0.4640671356921398,0.0
0.24155000000000001,-0.07159958704341296,0.46018779569850754,0.0
0.2416,-0.07155561248916155,0.456338203189669,0.0
0.24165,-0.07151163793491015,0.45251813168708366,0.0
0.2417,-0.07146766338065874,0.4487273564364755,0.0
0.24175000000000002,-0.0714236888264073,0.44496565439470537,0.0
0.24180000000000001,-0.07137971427215589,0.44123280421674366,0.0
0.24185,-0.07133573971790448,0.4375285862427417,0.0
0.2419,-0.07129176516365307,0.4338527824852022,0.0
0.24195,-0.07124779060940166,0.43020517661624674,0.0
0.24200000000000002,-0.07120381605515023,0.4265855539549806,0.0
0.24205000000000002,-0.07115984150089882,0.42299370145495363,0.0
0.2421,-0.07111586694664741,0.4194294076917167,0.0
0.24215,-0.071071892392396,0.41589246285047277,0.0
0.2422,-0.07102791783814459,0.41238265871382196,0.0
0.24225000000000002,-0.07098394328389317,0.4088997886496,0.0
0.24230000000000002,-0.07093996872964176,0.40544364759880935,0.0
0.24235,-0.07089599417539034,0.4020140320636419,0.0
0.2424,-0.07085201962113893,0.3986107400955933,0.0
0.24245,-0.07080804506688752,0.3952335712836673,0.0
0.24250000000000002,-0.07076407051263608,0.3918823267426705,0.0
0.24255000000000002,-0.07072009595838467,0.3885568091015953,0.0
0.2426,-0.07067612140413328,0.38525682249209237,0.0
0.24265,-0.07063214684988187,0.3819821725370301,0.0
0.2427,-0.07058817229563046,0.37873266633914143,0.0
0.24275000000000002,-0.07054419774137902,0.3755081124697571,0.0
0.24280000000000002,-0.0705002231871276,0.37230832095762484,0.0
0.24285,-0.0704562486328762,0.3691331032778132,0.0
0.2429,-0.07041227407862478,0.3659822723407004,0.0
0.24295,-0.07036829952437339,0.3628556424810469,0.0
0.24300000000000002,-0.07032432497012195,0.35975302944715076,0.0
0.24305000000000002,-0.07028035041587054,0.356674250390086,0.0
0.2431,-0.07023637586161913,0.35361912385302274,0.0
0.24315,-0.07019240130736772,0.35058746976062877,0.0
0.2432,-0.0701484267531163,0.3475791094085515,0.0
0.24325000000000002,-0.07010445219886488,0.34459386545298043,0.0
0.24330000000000002,-0.07006047764461347,0.3416315619002885,0.0
0.24335,-0.07001650309036206,0.3386920240967529,0.0
0.2434,-0.06997252853611065,0.33577507871835405,0.0
0.24345,-0.06992855398185924,0.33288055376065157,0.0
0.24350000000000002,-0.0698845794276078,0.3300082785287383,0.0
0.24355000000000002,-0.0698406048733564,0.3271580836272702,0.0
0.2436,-0.06979663031910499,0.3243298009505722,0.0
0.24365,-0.06975265576485358,0.32152326367281947,0.0
0.2437,-0.06970868121060217,0.31873830623829374,0.0
0.24375000000000002,-0.06966470665635073,0.3159747643517132,0.0
0.24380000000000002,-0.06962073210209932,0.3132324749686363,0.0
0.24385,-0.06957675754784791,0.310511276285939,0.0
0.2439,-0.06953278299359651,0.3078110077323638,0.0
0.24395,-0.0694888084393451,0.3051315099591413,0.0
0.24400000000000002,-0.06944483388509366,0.3024726248306828,0.0
0.24405000000000002,-0.06375846820264285,0.2998614797051323,0.0
0.2441,-0.05803037255789602,0.2972979129092787,0.0
0.24415,-0.05230227691314919,0.29478156221180246,0.0
0.2442,-0.04657418126840236,0.2923120681391843,0.0
0.24425000000000002,-0.040846085623652356,0.2898890739547092,0.0
0.24430000000000002,-0.03511798997890552,0.2875122256376297,0.0
0.24435,-0.029389894334158694,0.2851811718624886,0.0
0.2444,-0.023661798689411866,0.28289556397859855,0.0
0.24445,-0.017933703044665038,0.2806550559896781,0.0
0.24450000000000002,-0.012205607399915032,0.27845930453364276,0.0
0.24455000000000002,-0.006477511755168211,0.27630796886254977,0.0
0.2446,-0.0007494161104213831,0.27420071082269587,0.0
0.24465,0.3177581091126054,0.2736496678985909,0.0
0.2447,0.8085581091125055,0.27547612781041636,0.0
0.24475000000000002,1.299358109112353,0.27966198975482726,0.0
0.24480000000000002,1.7901581091124372,0.28618929073655197,0.0
0.24485,2.280958109112645,0.29504020451920665,0.0
0.2449,2.771758109113064,0.30619704058410047,0.0
0.24495,3.262558109112607,0.3196422430969614,0.0
0.24500000000000002,3.753358109112811,0.3353583898825467,0.0
0.24505000000000002,4.244158109112538,0.35332819140703475,0.0
0.2451,4.734958109112776,0.37353448976818737,0.0
0.24515,4.974207582589781,0.39474386249722926,0.0
0.2452,4.98301294867997,0.41583433961228083,0.0
0.24525000000000002,4.991818314770162,0.4368068263093717,0.0
0.24530000000000002,5.000623680860351,0.45766222089294106,0.0
0.24535,5.009429046950539,0.47840141482830634,0.0
0.2454,5.0182344130407275,0.4990252927937316,0.0
0.24545,5.027039779130916,0.5195347327320998,0.0
0.24550000000000002,5.035845145221109,0.5399306059021923,0.0
0.24555000000000002,5.044650511311297,0.5602137769295766,0.0
0.2456,5.0487675727357235,0.5803624331382213,0.0
0.24565,5.051877838895419,0.6003727301898494,0.0
0.2457,5.054988105055115,0.6202457214636007,0.0
0.24575000000000002,5.058098371214812,0.6399824523188522,0.0
0.24580000000000002,5.0612086373745075,0.0,1.0
0.24585,5.064318903534203,0.024488969552873323,0.0
0.2459,5.067429169693899,0.04880653554722152,0.0
0.24595,5.070539435853594,0.07295400294136413,0.0
0.24600000000000002,5.073649702013292,0.09693266675849313,0.0
0.24605000000000002,5.076759968172987,0.12074381216231272,0.0
0.2461,5.079870234332683,0.14438871453210328,0.0
0.24615,5.082980500492378,0.1678686395372137,0.0
0.2462,5.086090766652074,0.19118484321098672,0.0
0.24625000000000002,5.089201032811771,0.2143385720241214,0.0
0.24630000000000002,5.092311298971467,0.23733106295747697,0.0
0.24635,5.095421565131162,0.2601635435743226,0.0
0.2464,5.098531831290858,0.2828372320920367,0.0
0.24645,5.101642097450553,0.3053533374532611,0.0
0.24650000000000002,5.104752363610251,0.3277130593965125,0.0
0.24655000000000002,5.107862629769946,0.34991758852625726,0.0
0.2466,5.110972895929642,0.37196810638245204,0.0
0.24665,5.114083162089337,0.39386578550955537,0.0
0.2467,5.117193428249033,0.4156117895250136,0.0
0.24675000000000002,5.1203036944087295,0.4372072731872257,0.0
0.24680000000000002,5.123413960568425,0.45865338246299014,0.0
0.24685,5.126524226728121,0.47995125459443894,0.0
0.2469,5.129634492887816,0.5011020181654615,0.0
0.24695,5.132744759047512,0.522106793167623,0.0
0.24700000000000003,5.135855025207209,0.5429666910655812,0.0
0.24705000000000002,5.138965291366905,0.5636828148620043,0.0
0.24710000000000001,5.1420755575266,0.5842562591619962,0.0
0.24715,5.145185823686296,0.6046881102370291,0.0
0.2472,5.148296089845991,0.6249794460883912,0.0
0.24725000000000003,5.151406356005689,0.6451313365101506,0.0
0.24730000000000002,5.100105795891879,0.0,1.0
0.24735000000000001,4.978084656600963,0.02407197609574934,0.0
0.2474,4.856063517310047,0.047370639191877464,0.0
0.24745,4.734042378019131,0.06990187680461295,0.0
0.24750000000000003,4.612021238728148,0.09167153162635804,0.0
0.24755000000000002,4.490000099437232,0.11268540186694992,0.0
0.24760000000000001,4.367978960146316,0.1329492415923218,0.0
0.24765,4.2459578208554,0.1524687610605871,0.0
0.2477,4.123936681564484,0.17124962705556446,0.0
0.24775,4.001915542273569,0.18929746321776345,0.0
0.24780000000000002,3.8798944029825844,0.20661785037285024,0.0
0.24785000000000001,3.7578732636916685,0.2232163268576137,0.0
0.2479,3.6358521244007527,0.23909838884344778,0.0
0.24795,3.513830985109837,0.2542694906573726,0.0
0.248,3.391809845818921,0.26873504510061097,0.0
0.24805000000000002,3.2697887065279376,0.2825004237647394,0.0
0.24810000000000001,3.1477675672370213,0.2955709573454329,0.0
0.24815,3.0257464279461055,0.3079519359538201,0.0
0.2482,2.9037252886551896,0.319648609425468,0.0
0.24825,2.781704149364274,0.33066618762701516,0.0
0.24830000000000002,2.65968301007329,0.34100984076046925,0.0
0.24835000000000002,2.537661870782374,0.3506846996651896,0.0
0.2484,2.4156407314914583,0.3596958561175684,0.0
0.24845,2.2936195922005425,0.36804836312843175,0.0
0.2485,2.1715984529096266,0.37574723523817644,0.0
0.24855000000000002,2.049577313618643,0.3827974488096587,0.0
0.24860000000000002,1.927556174327727,0.3892039423188553,0.0
0.24865,1.8055350350368111,0.39497161664330893,0.0
0.2487,1.6835138957458953,0.4001053353483795,0.0
0.24875,1.5614927564549794,0.40460992497131537,0.0
0.24880000000000002,1.4394716171639956,0.40849017530316173,0.0
0.24885000000000002,1.3174504778730798,0.4117508396685238,0.0
0.2489,1.195429338582164,0.41439663520319847,0.0
0.24895,1.073408199291248,0.4164322431296932,0.0
0.249,0.9513870600003322,0.417862309030647,0.0
0.24905000000000002,0.829365920709348,0.4186914431201698,0.0
0.24910000000000002,0.7073447814184322,0.4189242205131169,0.0
0.24915,0.5853236421275163,0.41856518149231137,0.0
0.2492,0.46330250283660046,0.41761883177373377,0.0
0.24925,0.3412813635456846,0.41608964276969196,0.0
0.24930000000000002,0.21926022425470126,0.4139820518499873,0.0
0.24935000000000002,0.09723908496378542,0.411300462601094,0.0
0.2494,-0.011666882989186382,0.4081126646739716,0.0
0.24945,0.02688853102354321,0.4051355747968932,0.0
0.2495,0.0654439450362728,0.40236758877199236,0.0
0.24955000000000002,0.4994047272190776,0.4017191328360761,0.0
0.24960000000000002,0.9902047272188594,0.4034489213771692,0.0
0.24965,1.4810047272188576,0.4075388479455419,0.0
0.2497,1.9718047272192474,0.413970943942525,0.0
0.24975,2.462604727218939,0.4227273775709931,0.0
0.24980000000000002,2.953404727219179,0.4337904527938556,0.0
0.24985000000000002,3.4442047272186866,0.44714260830045305,0.0
0.2499,3.9350047272188395,0.4627664164808486,0.0
0.24995,4.425804727218979,0.4806445824079049,0.0
0.25,4.892650932193205,0.5006441120968255,0.0
0.25005,4.648537876714371,0.5193109473762244,0.0
0.2501,4.404424821235536,0.5366552345386996,0.0
0.25015000000000004,4.16031176575643,0.5526870426293908,0.0
0.25020000000000003,3.916198710277596,0.5674163640340975,0.0
0.25025000000000003,3.672085654798761,0.5808531150629099,0.0
0.2503,3.4279725993199266,0.5930071365294035,0.0
0.25035,3.183859543841092,0.6038881943254212,0.0
0.2504,2.9397464883622577,0.6135059799914803,0.0
0.25045,2.6956334328834233,0.6218701112828361,0.0
0.2505,2.451520377404589,0.6289901327312368,0.0
0.25055,2.207407321925754,0.6348755162024007,0.0
0.2506,1.9632942664469195,0.6395356614492491,0.0
0.25065000000000004,1.7191812109678142,0.6429798966609268,0.0
0.25070000000000003,1.4750681554889797,0.6452174790076469,0.0
0.25075000000000003,1.2309551000101449,0.6462575951813805,0.0
0.2508,0.9868420445313104,0.6461093619324344,0.0
0.25085,0.742728989052476,0.6447818266019432,0.0
0.2509,0.49861593357364153,0.6422839676503062,0.0
0.25095,0.2545028780948071,0.6386246951816024,0.0
0.251,0.010389822615972655,0.6338128514640118,0.0
0.25105,-0.0730805278490556,0.6286340136948916,0.0
0.2511,-0.07283831695910663,0.6234957755546119,0.0
0.25115,-0.07259610606915765,0.618397827943269,0.0
0.25120000000000003,-0.0723538951792084,0.6133398641142507,0.0
0.25125000000000003,-0.07211168428925942,0.6083215796563191,0.0
0.2513,-0.07186947339931044,0.6033426724758313,0.0
0.25135,-0.07162726250936145,0.5984028427790944,0.0
0.2514,-0.07138505161941248,0.593501793054855,0.0
0.25145,-0.0711428407294635,0.5886392280569221,0.0
0.2515,-0.07090062983951452,0.5838148547869231,0.0
0.25155,-0.07065841894956554,0.5790283824771891,0.0
0.2516,-0.07041620805961657,0.5742795225737729,0.0
0.25165,-0.07017399716966759,0.5695679887195942,0.0
0.25170000000000003,-0.06993178627971834,0.5648934967377147,0.0
0.25175000000000003,-0.06968957538976936,0.5602557646147396,0.0
0.2518,-0.06944736449982038,0.5556545124843456,0.0
0.25185,-0.0692051536098714,0.5510894626109349,0.0
0.2519,-0.06896294271992243,0.5465603393734128,0.0
0.25195,-0.06872073182997344,0.5420668692490892,0.0
0.252,-0.06847852094002446,0.5376087807977031,0.0
0.25205,-0.06823631005007548,0.5331858046455679,0.0
0.2521,-0.06799409916012651,0.5287976734698377,0.0
0.25215,-0.06775188827017753,0.5244441219828943,0.0
0.25220000000000004,-0.06750967738022828,0.520124886916851,0.0
0.25225000000000003,-0.0672674664902793,0.5158397070081768,0.0
0.2523,-0.06702525560033032,0.511588322982436,0.0
0.25235,-0.06678304471038134,0.5073704775391442,0.0
0.2524,-0.06654083382043237,0.5031859153367406,0.0
0.25245,-0.06629862293048339,0.4990343829776734,0.0
0.2525,-0.0660564120405344,0.4949156289935994,0.0
0.25255,-0.06581420115058542,0.4908294038306967,0.0
0.2526,-0.06557199026063645,0.4867754598350881,0.0
0.25265,-0.06532977937068747,0.4827535512383766,0.0
0.25270000000000004,-0.06508756848073823,0.4787634341432904,0.0
0.25275000000000003,-0.06484535759078924,0.47480486650943726,0.0
0.2528,-0.06460314670084026,0.4708776081391674,0.0
0.25285,-0.06436093581089128,0.46698142066354414,0.0
0.2529,-0.06411872492094231,0.46311606752842116,0.0
0.25295,-0.06387651403099333,0.4592813139806258,0.0
0.253,-0.06363430314104435,0.45547692705424775,0.0
0.25305,-0.06339209225109536,0.4517026755570317,0.0
0.2531,-0.06314988136114638,0.447958330056874,0.0
0.25315,-0.06290767047119741,0.4442436628684221,0.0
0.25320000000000004,-0.06266545958124817,0.4405584480397756,0.0
0.25325000000000003,-0.062423248691299185,0.4369024613392892,0.0
0.2533,-0.0621810378013502,0.4332754802424754,0.0
0.25335,-0.06193882691140123,0.4296772839190075,0.0
0.2534,-0.061696616021452245,0.42610765321982125,0.0
0.25345,-0.06145440513150327,0.4225663706643149,0.0
0.2535,-0.06121219424155429,0.4190532204276464,0.0
0.25355,-0.060969983351605306,0.41556798832812775,0.0
0.2536,-0.05139329476402489,0.41215559952118286,0.0
0.25365,-0.026352478437498418,0.40889027760459534,0.0
0.25370000000000004,-0.001311662110944141,0.40577090290404966,0.0
0.25375000000000003,0.023729154215582332,0.40279636426972226,0.0
0.2538,0.10896883742670294,0.40025665604660726,0.0
0.25385,0.12002289148075367,0.3977897364286975,0.0
0.2539,0.1310769455348044,0.3953950512495758,0.0
0.25395,0.14213099958885514,0.39307205056189753,0.0
0.254,0.15318505364290588,0.39082018860526957,0.0
0.25405,0.1642391076969566,0.38863892377437337,0.0
0.2541,0.1749253516154376,0.38652594000833856,0.0
0.25415,0.18326283745915226,0.38446935982738767,0.0
0.25420000000000004,0.19160032330287619,0.3824687538102868,0.0
0.25425000000000003,0.19993780914659084,0.3805236958051436,0.0
0.2543,0.2082752949903055,0.37863376290451706,0.0
0.25435,0.2166127808340202,0.37679853542071584,0.0
0.2544,0.22495026667773485,0.3750175968612854,0.0
0.25445,0.6810513453245123,0.3754557350304215,0.0
0.2545,1.17185134532472,0.3782638450360853,0.0
0.25455,1.6626513453243954,0.38342388341119715,0.0
0.2546,2.153451345324638,0.3909179440602328,0.0
0.25465,2.6442513453246876,0.4007282572133537,0.0
0.25470000000000004,3.135051345325005,0.41283718838851585,0.0
0.25475000000000003,3.6258513453249797,0.42722723736146856,0.0
0.2548,4.116651345324624,0.44388103714360355,0.0
0.25485,4.607451345324893,0.46278135296758766,0.0
0.2549,4.922118147193425,0.4830593733593726,0.0
0.25495,4.959711338682778,0.5033647949839388,0.0
0.255,4.991673035296699,0.5236701776256474,0.0
0.25505,4.998983859527086,0.5438563200707303,0.0
0.2551,5.006294683757472,0.5639241301386515,0.0
0.25515,5.013605507987859,0.5838745087373115,0.0
0.25520000000000004,5.0209163322182535,0.6037083499156677,0.0
0.25525000000000003,5.02822715644864,0.623426540915954,0.0
0.2553,5.035537980679027,0.6430299622255027,0.0
0.25535,5.042848804909413,0.0,1.0
0.2554,5.0501596291398,0.02442050110802611,0.0
0.25545,5.057470453370186,0.04869043210933223,0.0
0.2555,5.064781277600573,0.07281093934950841,0.0
0.25555,5.072092101830959,0.09678316044659421,0.0
0.2556,5.079402926061346,0.12060822435752473,0.0
0.25565,5.086713750291732,0.14428725144407076,0.0
0.25570000000000004,5.094024574522128,0.167821353538277,0.0
0.25575000000000003,5.101335398752514,0.1912116340074019,0.0
0.2558,5.108646222982901,0.21445918781836323,0.0
0.25585,5.111759577215559,0.23754480435799027,0.0
0.2559,5.1127893360750996,0.2604596411014478,0.0
0.25595,5.113819094934641,0.28320499825812323,0.0
0.256,5.114848853794181,0.3057821661384317,0.0
0.25605,5.115878612653722,0.32819242522918063,0.0
0.2561,5.116908371513262,0.35043704626836064,0.0
0.25615,5.117938130372803,0.37251729031936676,0.0
0.25620000000000004,5.118967889232345,0.3944344088446546,0.0
0.25625000000000003,5.119997648091886,0.4161896437788359,0.0
0.25630000000000003,5.121027406951426,0.43778422760121755,0.0
0.25635,5.122057165810967,0.4592193834077883,0.0
0.2564,5.123086924670507,0.4804963249826573,0.0
0.25645,5.1241166835300485,0.5016162568689491,0.0
0.2565,5.125146442389589,0.5225803744391583,0.0
0.25655,5.126176201249129,0.5433898639649692,0.0
0.2566,5.12720596010867,0.5640459026865438,0.0
0.25665,5.12823571896821,0.5845496588812813,0.0
0.25670000000000004,5.129265477827753,0.604902291932056,0.0
0.25675000000000003,5.130295236687293,0.6251049523949339,0.0
0.25680000000000003,5.131324995546834,0.6451587820663746,0.0
0.25685,5.132354754406374,0.0,1.0
0.2569,5.133384513265915,0.024822942520628215,0.0
0.25695,5.134414272125456,0.04946187834354451,0.0
0.257,5.1354440309849965,0.07391820837940147,0.0
0.25705,5.136473789844537,0.0981933228732037,0.0
0.2571,5.137503548704077,0.12228860148550942,0.0
0.25715,5.138533307563618,0.14620541337301365,0.0
0.25720000000000004,5.13956306642316,0.16994511726851808,0.0
0.25725000000000003,5.140592825282701,0.19350906156029188,0.0
0.25730000000000003,5.141622584142241,0.21689858437082854,0.0
0.25735,5.142652343001782,0.24011501363500296,0.0
0.2574,5.143682101861322,0.26315966717763345,0.0
0.25745,5.1447118607208635,0.2860338527904535,0.0
0.2575,5.145741619580404,0.3087388683084972,0.0
0.25755,5.1467713784399445,0.33127600168590327,0.0
0.2576,5.147801137299485,0.35364653107114186,0.0
0.25765,5.1488308961590254,0.375851724881669,0.0
0.2577,5.149860655018566,0.39789284187801216,0.0
0.25775000000000003,5.150890413878108,0.41977113123729193,0.0
0.25780000000000003,5.151920172737649,0.44148783262618424,0.0
0.25785,5.152949931597189,0.4630441762733268,0.0
0.2579,5.15397969045673,0.4844413830411742,0.0
0.25795,5.15500944931627,0.5056806644973062,0.0
0.258,5.1560392081758115,0.5267632229851933,0.0
0.25805,5.157068967035352,0.5476902516944229,0.0
0.2581,5.1580987258948925,0.5684629347303911,0.0
0.25815,5.159128484754433,0.5890824471834646,0.0
0.2582,5.1601582436139735,0.6095499551976147,0.0
0.25825000000000004,5.161188002473516,0.6298666160385299,0.0
0.25830000000000003,4.971044695292811,0.6491091436058893,0.0
0.25835,4.717411330893976,0.0,1.0
0.2584,4.463777966495139,0.021584999837984235,0.0
0.25845,4.210144602096303,0.04177919818913537,0.0
0.2585,3.956511237697467,0.06059318373659785,0.0
0.25855,3.7028778732986307,0.07803746454797765,0.0
0.2586,3.4492445088997945,0.09412246868909806,0.0
0.25865,3.1956111445009583,0.10885854483308263,0.0
0.2587,2.941977780102122,0.12225596286480105,0.0
0.25875000000000004,2.6883444157030043,0.13432491448071165,0.0
0.25880000000000003,2.434711051304168,0.14507551378414268,0.0
0.25885,2.1810776869053323,0.15451779787603323,0.0
0.2589,1.927444322506496,0.1626617274411821,0.0
0.25895,1.67381095810766,0.16951718733003196,0.0
0.259,1.4201775937088237,0.17509398713602425,0.0
0.25905,1.1665442293099875,0.17940186176855832,0.0
0.2591,1.403495049799327,0.18482273597172483,0.0
0.25915,1.8942950497995958,0.19257564660974172,0.0
0.2592,2.385095049798822,0.2026428390316896,0.0
0.25925000000000004,2.875895049799588,0.2150066937593477,0.0
0.25930000000000003,3.366695049799312,0.22964972545804951,0.0
0.25935,3.857495049799581,0.2465545819154188,0.0
0.2594,4.34829504979985,0.2657040430278501,0.0
0.25945,4.839095049799315,0.2870810197947152,0.0
0.2595,4.9763000782508335,0.3089587130322858,0.0
0.25955,4.724742271559416,0.3294534129465171,0.0
0.2596,4.473184464867998,0.3485756487741336,0.0
0.25965,4.2216266581765804,0.3663358695889089,0.0
0.2597,3.970068851485162,0.3827444449119755,0.0
0.25975000000000004,3.7185110447934644,0.3978116653174873,0.0
0.25980000000000003,3.4669532381020467,0.4115477430336756,0.0
0.25985,3.215395431410629,0.42396281253932167,0.0
0.2599,2.963837624719211,0.4350669311556932,0.0
0.25995,2.7122798180277927,0.4448700796339728,0.0
0.26,2.4607220113363746,0.45338216273821413,0.0
0.26005,2.209164204644957,0.46061300982386,0.0
0.2601,1.9576063979535387,0.46657237541185576,0.0
0.26015,1.7060485912621206,0.47126993975839193,0.0
0.2602,1.454490784570703,0.47471530942030893,0.0
0.26025000000000004,1.2029329778790054,0.47691801781619614,0.0
0.26030000000000003,0.9513751711875873,0.4778875257832243,0.0
0.26035,0.6998173644961696,0.4776332221297304,0.0
0.2604,0.4482595578047519,0.4761644241836013,0.0
0.26045,0.19670175111333332,0.4734903783364803,0.0
0.2605,0.1719096179577567,0.47071680639396574,0.0
0.26055,0.6627096179573253,0.47033765821806495,0.0
0.2606,0.8859469967835158,0.4710408810603719,0.0
0.26065,0.8166623295690556,0.47140371776867623,0.0
0.2607,0.7473776623545952,0.4714287598277828,0.0
0.26075000000000004,0.678092995140058,0.4711185789925694,0.0
0.26080000000000003,0.6088083279255978,0.47047572743819893,0.0
0.26085,0.5395236607111374,0.4695027379091859,0.0
0.2609,0.47023899349667714,0.4682021238673295,0.0
0.26095,0.40095432628221683,0.46657637963852006,0.0
0.261,0.3316696590677566,0.46462798055842763,0.0
0.26105,0.2623849918532962,0.4623593831170816,0.0
0.2611,0.19310032463883597,0.4597730251023494,0.0
0.26115,0.12381565742437572,0.45687132574232314,0.0
0.2612,0.054530990209915364,0.4536566858466217,0.0
0.26125000000000004,-0.014753677004621824,0.4501314879466173,0.0
0.26130000000000003,-0.06884000643189095,0.44637158936393373,0.0
0.26135,-0.06870541530591064,0.4426409670992442,0.0
0.2614,-0.06857082417993032,0.43893939826117434,0.0
0.26145,-0.06843623305395001,0.4352666616553037,0.0
0.2615,-0.0683016419279697,0.43162253777124643,0.0
0.26155,-0.06816705080198938,0.4280068087698299,0.0
0.2616,-0.06803245967600907,0.42441925847037115,0.0
0.26165,-0.06789786855002876,0.4208596723380504,0.0
0.2617,-0.06776327742404843,0.4173278374713802,0.0
0.26175000000000004,-0.06762868629806798,0.41382354258977044,0.0
0.26180000000000003,-0.06749409517208765,0.4103465780211879,0.0
0.26185,-0.06735950404610734,0.4068967356899096,0.0
0.2619,-0.06722491292012703,0.40347380910436953,0.0
0.26195,-0.06709032179414672,0.40007759334509796,0.0
0.262,-0.0669557306681664,0.3967078850527524,0.0
0.26205,-0.06682113954218609,0.39336448241623984,0.0
0.2621,-0.06668654841620578,0.3900471851609293,0.0
0.26215,-0.06655195729022546,0.38675579453695424,0.0
0.2622,-0.06641736616424515,0.3834901133076039,0.0
0.26225000000000004,-0.06628277503826469,0.3802499457378032,0.0
0.26230000000000003,-0.06614818391228437,0.37703509758268,0.0
0.26235,-0.06601359278630406,0.37384537607622004,0.0
0.2624,-0.06587900166032373,0.3706805899200074,0.0
0.26245,-0.06574441053434342,0.3675405492720515,0.0
0.2625,-0.06560981940836311,0.3644250657356985,0.0
0.26255,-0.0654752282823828,0.36133395234862764,0.0
0.2626,-0.06534063715640248,0.3582670235719311,0.0
0.26265,-0.06520604603042217,0.35522409527927684,0.0
0.2627,-0.06507145490444186,0.35220498474615447,0.0
0.26275000000000004,-0.06493686377846139,0.3492095106392024,0.0
0.26280000000000003,-0.06480227265248108,0.3462374930056166,0.0
0.26285000000000003,-0.06466768152650076,0.34328875326264,0.0
0.2629,-0.06453309040052045,0.3403631141871316,0.0
0.26295,-0.06439849927454012,0.33746039990521537,0.0
0.263,-0.06426390814855981,0.3345804358820078,0.0
0.26305,-0.0641293170225795,0.3317230489114236,0.0
0.2631,-0.06399472589659919,0.3288880671060592,0.0
0.26315,-0.06386013477061887,0.32607531988715294,0.0
0.2632,-0.06372554364463856,0.3232846379746219,0.0
0.26325000000000004,-0.0635909525186581,0.3205158533771749,0.0
0.26330000000000003,-0.06345636139267778,0.31776879938250013,0.0
0.26335000000000003,-0.06332177026669747,0.31504331054752793,0.0
0.2634,-0.06318717914071716,0.3123392226887675,0.0
0.26345,-0.04695085847275882,0.309734234234139,0.0
0.2635,-0.01423085847274523,0.30730729901742265,0.0
0.26355,0.162738754273818,0.3057545934303753,0.0
0.2636,0.653538754273703,0.3065870167054424,0.0
0.26365,1.144338754273266,0.30978640997953616,0.0
0.2637,1.6351387542737652,0.31533475263967686,0.0
0.26375000000000004,2.125938754273804,0.32321416127043123,0.0
0.26380000000000003,2.6167387542740728,0.3334068886093871,0.0
0.26385000000000003,3.0399189715639126,0.345568340969413,0.0
0.2639,3.005207787353396,0.35746935466737345,0.0
0.26395,2.9704966031428794,0.3691119125185712,0.0
0.264,2.935785418932363,0.38049798224240694,0.0
0.26405,2.901074234721847,0.3916295165773101,0.0
0.2641,2.86636305051133,0.40250845339479424,0.0
0.26415,2.9203628740348773,0.41356568586938575,0.0
0.2642,2.965774060652761,0.4247583254444479,0.0
0.26425000000000004,3.0111852472706953,0.43608534121593323,0.0
0.26430000000000003,3.0565964338885787,0.4475457101284453,0.0
0.26435000000000003,3.1020076205064626,0.4591384169154849,0.0
0.2644,3.1474188071243465,0.47086245404015004,0.0
0.26445,3.1532879574226556,0.4825256125631755,0.0
0.2645,3.156125570600358,0.49411369670533273,0.0
0.26455,3.1589631837780603,0.5056272780354896,0.0
0.2646,3.1618007969557627,0.51706692377095,0.0
0.26465,3.164638410133465,0.528433196810584,0.0
0.2647,3.1674760233111674,0.5397266557677055,0.0
0.26475,3.1703136364888698,0.5509478550026998,0.0
0.26480000000000004,3.1731512496665752,0.5620973446554028,0.0
0.26485000000000003,3.1759888628442776,0.5731756706772336,0.0
0.2649,3.1788264760219804,0.5841833748630822,0.0
0.26495,3.181664089199683,0.595120994882955,0.0
0.265,3.184501702377385,0.605989064313379,0.0
0.26505,3.1873393155550875,0.6167881126685666,0.0
0.2651,3.19017692873279,0.6275186654313442,0.0
0.26515,3.1930145419104923,0.6381812440838438,0.0
0.2652,3.1958521550881946,0.6487763661379625,0.0
0.26525,3.198689768265897,0.0,1.0
0.26530000000000004,3.2015273814436025,0.01548127360465959,0.0
0.26535000000000003,3.204364994621305,0.03085840411433814,0.0
0.2654,3.2072026077990077,0.04613218440871322,0.0
0.26545,3.21004022097671,0.06130340133097785,0.0
0.2655,3.2128778341544124,0.07637283573379848,0.0
0.26555,3.215715447332115,0.09134126252492308,0.0
0.2656,3.218553060509817,0.10620945071244199,0.0
0.26565,3.2213906736875195,0.12097816344970418,0.0
0.2657,3.29835623606341,0.13600661044545337,0.0
0.26575,3.7891562360633486,0.15329394789148715,0.0
0.26580000000000004,4.279956236063673,0.17282297802417074,0.0
0.26585000000000003,4.770756236064217,0.19457663401276704,0.0
0.2659,5.009091285413582,0.21731716198652662,0.0
0.26595,5.018579510369644,0.2399304391238454,0.0
0.266,5.028067735325707,0.2624174342321339,0.0
0.26605,5.037555960281769,0.2847791087429154,0.0
0.2661,5.047044185237832,0.3070164167679817,0.0
0.26615,5.056532410193894,0.3291303051551205,0.0
0.2662,5.066020635149957,0.3511217135434192,0.0
0.26625,5.0755088601060185,0.3729915744181473,0.0
0.26630000000000004,5.084997085062092,0.394740813165221,0.0
0.26635000000000003,5.094485310018154,0.41637034812525336,0.0
0.2664,5.103973534974217,0.4378810906471925,0.0
0.26645,5.095718110924897,0.4591881441308876,0.0
0.2665,5.050552281964208,0.48011457575314376,0.0
0.26655,5.00538645300352,0.5006632833281544,0.0
0.2666,4.960220624042831,0.5208371426079875,0.0
0.26665,4.915054795082143,0.5406390074505537,0.0
0.2667,4.869888966121454,0.5600717099862934,0.0
0.26675,4.824723137160765,0.5791380607835969,0.0
0.26680000000000004,4.779557308200027,0.5978408490129632,0.0
0.26685000000000003,4.7343914792393385,0.6161828426099116,0.0
0.2669,4.68922565027865,0.63416678843665,0.0
0.26695,4.644059821317961,0.0,1.0
0.267,4.598893992357272,0.022238365533642522,0.0
0.26705,4.553728163396584,0.04408901878474801,0.0
0.2671,4.508562334435895,0.06555491154949289,0.0
0.26715,4.463396505475207,0.08663897315094386,0.0
0.2672,4.4182306765145185,0.10734411061015395,0.0
0.26725,4.37306484755383,0.1276732088159559,0.0
0.26730000000000004,4.327899018593091,0.14762913069346273,0.0
0.26735000000000003,4.282733189632403,0.16721471737128632,0.0
0.2674,4.237567360671714,0.18643278834748142,0.0
0.26745,4.192401531711026,0.2052861416542273,0.0
0.2675,4.147235702750336,0.22377755402125535,0.0
0.26755,4.102069873789649,0.2419097810380325,0.0
0.2676,4.0569040448289595,0.25968555731470977,0.0
0.26765,4.011738215868271,0.2771075966418455,0.0
0.2677,3.9665723869075826,0.29417859214891257,0.0
0.26775,3.921406557946894,0.31090121646159896,0.0
0.26780000000000004,3.876240728986155,0.3272781218579102,0.0
0.26785000000000003,3.8310749000254667,0.34331194042308466,0.0
0.2679,3.7859090710647783,0.35900528420332745,0.0
0.26795,3.74074324210409,0.3743607453583756,0.0
0.268,3.6955774131434014,0.38938089631290085,0.0
0.26805,3.650411584182713,0.40406828990675997,0.0
0.2681,3.605245755222024,0.41842545954410115,0.0
0.26815,3.5600799262613356,0.43245491934133523,0.0
0.2682,3.5149140973006467,0.44615916427398034,0.0
0.26825,3.4697482683399583,0.45954067032238854,0.0
0.26830000000000004,3.4245824393792197,0.4726018946163627,0.0
0.26835000000000003,3.3794166104185313,0.4853452755786735,0.0
0.2684,3.3342507814578424,0.4977732330674822,0.0
0.26845,3.289084952497154,0.50988816851768,0.0
0.2685,3.2439191235364655,0.5216924650811513,0.0
0.26855,3.198753294575777,0.5331884877659687,0.0
0.2686,3.1535874656150886,0.5443785835745288,0.0
0.26865,3.1084216366543997,0.5552650816406359,0.0
0.2687,3.0632558076937113,0.5658502933655423,0.0
0.26875,3.289185372380385,0.5774474187117886,0.0
0.26880000000000004,3.7799853723808745,0.5913295584218047,0.0
0.26885000000000003,4.27078537238082,0.6074793158409915,0.0
0.26890000000000003,4.761585372380765,0.6258794267618812,0.0
0.26895,5.022993176464473,0.6454035118204264,0.0
0.269,4.346630436739461,0.0,1.0
0.26905,3.239188286011701,0.01566338629599469,0.0
0.2691,3.72998828601197,0.03358082901590308,0.0
0.26915,3.55172763787475,0.050499864258605316,0.0
0.2692,4.7115882860117635,0.07289869914876297,0.0
0.26925,4.663320949544956,0.09489360242566316,0.0
0.26930000000000004,3.1480373746019907,0.109393760401725,0.0
0.26935000000000003,4.754985015802432,0.13155406319418655,0.0
0.26940000000000003,4.725409120036965,0.15340263454861974,0.0
0.26945,4.695833224271499,0.1749418477910921,0.0
0.2695,4.666257328506033,0.19617405817866707,0.0
0.26955,4.058623334779351,0.21430635111259272,0.0
0.2696,3.4457590860747898,0.2293370360359796,0.0
0.26965,3.1391941132743044,0.2427708643289298,0.0
0.2697,3.6299941132743845,0.25847572349072245,0.0
0.26975,4.1207941132744645,0.2764343233282502,0.0
0.26980000000000004,3.915935725358892,0.29326558658134966,0.0
0.26985000000000003,3.475217358012048,0.30783757393373024,0.0
0.26990000000000003,3.0344989906652033,0.32016748608360446,0.0
0.26995,2.593780623318359,0.3302723927739443,0.0
0.27,2.1530622559715145,0.3381692337894917,0.0
0.27005,1.7123438886246705,0.34387481994617825,0.0
0.2701,1.271625521277826,0.34740583407301207,0.0
0.27015,0.8309071539309816,0.3487788319864895,0.0
0.2702,0.39018878658413714,0.3480102434575881,0.0
0.27025,0.04440285416916505,0.3455754274989208,0.0
0.27030000000000004,0.5352028541696111,0.3455324562329992,0.0
0.27035000000000003,1.0260028541697028,0.34786311966664724,0.0
0.27040000000000003,1.5168028541699035,0.3525493464460652,0.0
0.27045,2.00760285417005,0.3595732028013144,0.0
0.2705,2.4984028541694197,0.36891689149883755,0.0
0.27055,2.6467944852817604,0.3789070043373274,0.0
0.2706,2.421363147016799,0.38773096526129647,0.0
0.27065,2.195931808751838,0.3953976526140871,0.0
0.2707,1.970500470486876,0.40191587714494903,0.0
0.27075,1.7450691322219145,0.40729438252365807,0.0
0.27080000000000004,1.5196377939567027,0.4115418458512156,0.0
0.27085000000000004,1.2942064556917412,0.41466687816666475,0.0
0.27090000000000003,1.0687751174267797,0.41667802495004075,0.0
0.27095,0.8433437791618181,0.41758376662149693,0.0
0.271,0.6179124408968568,0.4173925190366297,0.0
0.27105,0.39248110263189506,0.41611263397803205,0.0
0.2711,0.16704976436693375,0.41375239964310495,0.0
0.27115,-0.058381573898028005,0.4103200411281549,0.0
0.2712,-0.07309895879635712,0.40684264718233865,0.0
0.27125,-0.07294822169562006,0.40339245681814656,0.0
0.2713,-0.07279748459488299,0.3999692629247084,0.0
0.27135000000000004,-0.07264674749414575,0.3965728599679652,0.0
0.27140000000000003,-0.07249601039340868,0.39320304397866435,0.0
0.27145,-0.07234527329267162,0.38985961254044615,0.0
0.2715,-0.07219453619193456,0.38654236477802106,0.0
0.27155,-0.07204379909119749,0.38325110134543705,0.0
0.2716,-0.07189306199046042,0.37998562441443606,0.0
0.27165,-0.07174232488972336,0.37674573766289937,0.0
0.2717,-0.07159158778898629,0.3735312462633807,0.0
0.27175,-0.07144085068824922,0.3703419568717267,0.0
0.2718,-0.07129011358751215,0.36717767761578435,0.0
0.27185000000000004,-0.07113937648677492,0.3640382180841936,0.0
0.27190000000000003,-0.07098863938603786,0.3609233893152664,0.0
0.27195,-0.07083790228530079,0.3578330037859493,0.0
0.272,-0.07068716518456372,0.3547668754008709,0.0
0.27205,-0.07053642808382665,0.3517248194814722,0.0
0.2721,-0.0703856909830896,0.34870665275522017,0.0
0.27215,-0.07023495388235253,0.34571219334490283,0.0
0.2722,-0.07008421678161546,0.3427412607580063,0.0
0.27225,-0.06993347968087839,0.33979367587617265,0.0
0.2723,-0.06978274258014133,0.33686926094473774,0.0
0.27235000000000004,-0.0696320054794041,0.3339678395623492,0.0
0.27240000000000003,-0.06948126837866703,0.3310892366706629,0.0
0.27245,-0.06933053127792996,0.3282332785441184,0.0
0.2725,-0.06917979417719289,0.32539979277979164,0.0
0.27255,-0.06902905707645583,0.3225886082873256,0.0
0.2726,-0.06887831997571876,0.319799555278937,0.0
0.27265,-0.0687275828749817,0.31703246525949935,0.0
0.2727,-0.06857684577424462,0.3142871710167015,0.0
0.27275,-0.06842610867350757,0.31156350661128124,0.0
0.2728,-0.0682753715727705,0.3088613073673328,0.0
0.27285000000000004,-0.06812463447203326,0.3061804098626888,0.0
0.27290000000000003,-0.0679738973712962,0.30352065191937483,0.0
0.27295,-0.06782316027055912,0.300881872594137,0.0
0.273,-0.06597738755831976,0.298272108666196,0.0
0.27305,-0.06038741033736312,0.2957092446683257,0.0
0.2731,-0.05479743311640647,0.2931929235341124,0.0
0.27315,-0.04920745589544982,0.29072279091562037,0.0
0.2732,-0.04361747867449317,0.28829849516269496,0.0
0.27325,-0.03802750145353652,0.2859196873024235,0.0
0.2733,0.035231990485448526,0.28391324304350113,0.0
0.27335000000000004,0.5260319904867459,0.2842953821260577,0.0
0.27340000000000003,1.016831990485982,0.2870479193867753,0.0
0.27345,1.1517501347918384,0.2904319093907598,0.0
0.2735,1.1676176933202669,0.29386686484090774,0.0
0.27355,1.1834852518486951,0.29735239771853644,0.0
0.2736,1.1993528103771236,0.30088812295909223,0.0
0.27365,1.2152203689055519,0.3044736584296594,0.0
0.2737,1.2310879274339803,0.30810862490664065,0.0
0.27375,1.2412167337132687,0.311764895800952,0.0
0.2738,1.244147482179526,0.31540750205826784,0.0
0.27385000000000004,1.2470782306457864,0.3190365477124944,0.0
0.27390000000000003,1.2500089791120437,0.3226521360054894,0.0
0.27395,1.2529397275783007,0.32625436939309255,0.0
0.274,1.255870476044558,0.3298433495511094,0.0
0.27405,1.258801224510815,0.3334191773812502,0.0
0.2741,1.2617319729770724,0.33698195301702355,0.0
0.27415,1.2646627214433295,0.34053177582958466,0.0
0.2742,1.2675934699095868,0.3440687444335397,0.0
0.27425,1.270524218375844,0.34759295669270546,0.0
0.2743,1.2734549668421011,0.35110450972582563,0.0
0.27435000000000004,1.2763857153083615,0.35460349991224316,0.0
0.27440000000000003,1.2793164637746188,0.35809002289752956,0.0
0.27445,1.282247212240876,0.3615641735990715,0.0
0.2745,1.2851779607071332,0.36502604621161466,0.0
0.27455,1.2881087091733905,0.36847573421276547,0.0
0.2746,1.2910394576396476,0.37191333036845103,0.0
0.27465,1.2939702061059049,0.37533892673833724,0.0
0.2747,1.296900954572162,0.3787526146812059,0.0
0.27475,1.2998317030384192,0.38215448486029097,0.0
0.2748,1.3027624515046763,0.3855446272485737,0.0
0.27485000000000004,1.305693199970937,0.388923131134038,0.0
0.27490000000000003,1.308623948437194,0.3922900851248855,0.0
0.27495,1.3115546969034513,0.3956455771547111,0.0
0.275,1.3144854453697083,0.3989896944876388,0.0
0.27505,1.3174161938359656,0.40232252372341887,0.0
0.2751,1.3203469423022227,0.40564415080248567,0.0
0.27515,1.32327769076848,0.40895466101097755,0.0
0.2752,1.3522958182295974,0.41238028685319805,0.0
0.27525,1.3879522284860195,0.4159522519250143,0.0
0.2753,1.6984494722755896,0.42099845966233584,0.0
0.27535000000000004,2.1892494722760207,0.42837955630808533,0.0
0.27540000000000003,2.6800494722765116,0.43807776549441835,0.0
0.27545000000000003,3.170849472276091,0.450075446191511,0.0
0.2755,3.6616494722759594,0.46435509167719224,0.0
0.27555,4.152449472275839,0.48089932851440303,0.0
0.2756,4.447306758417799,0.498743416920115,0.0
0.27565,4.468927903792252,0.5165562027122772,0.0
0.2757,4.490549049166704,0.5343379242091971,0.0
0.27575,4.512170194541158,0.5520888179147775,0.0
0.2758,4.53379133991561,0.5698091185323296,0.0
0.27585000000000004,4.555412485290087,0.5874990589782826,0.0
0.27590000000000003,4.593252385908085,0.6052372976455137,0.0
0.27595000000000003,4.925841254141523,0.6244487519651123,0.0
0.276,4.694582949056861,0.6423956720844795,0.0
0.27605,4.8328189164964295,0.0,1.0
0.2761,4.912118620332119,0.0237529913942559,0.0
0.27615,4.9477750305885255,0.047497562309385996,0.0
0.2762,4.983431440844932,0.07123377685359424,0.0
0.27625,5.018142158278027,0.09495712566430067,0.0
0.2763,5.025041093390905,0.11853322031820944,0.0
0.27635000000000004,5.031940028503789,0.14196318191536456,0.0
0.27640000000000003,5.038838963616667,0.16524812302046304,0.0
0.27645000000000003,5.045737898729544,0.18838914772783782,0.0
0.2765,5.0526368338424215,0.21138735172594567,0.0
0.27655,5.059535768955299,0.23424382236136423,0.0
0.2766,5.066434704068176,0.2569596387023018,0.0
0.27665,5.073333639181054,0.2795358716016237,0.0
0.2767,5.080232574293931,0.3019735837593984,0.0
0.27675,5.087131509406809,0.32427382978496827,0.0
0.2768,5.094030444519687,0.3464376562585467,0.0
0.27685000000000004,5.100929379632571,0.36846610179234723,0.0
0.27690000000000003,5.107828314745449,0.3903601970912466,0.0
0.27695000000000003,5.114727249858326,0.41212096501298634,0.0
0.277,5.121626184971204,0.4337494206279159,0.0
0.27705,5.128525120084081,0.4552465712782808,0.0
0.2771,5.1269935058178415,0.4765726499572768,0.0
0.27715,5.117963267430556,0.49769269882735007,0.0
0.2772,5.108933029043271,0.5186082864691972,0.0
0.27725,5.099902790655986,0.5393209695213331,0.0
0.2773,5.090872552268701,0.5598322927710113,0.0
0.27735000000000004,5.081842313881406,0.5801437892444518,0.0
0.27740000000000004,5.072812075494121,0.6002569802963823,0.0
0.27745000000000003,5.063781837106836,0.6201733756988977,0.0
0.2775,5.054751598719551,0.6398944737296427,0.0
0.27755,5.045721360332266,0.0,1.0
0.2776,5.036691121944981,0.024355372930101454,0.0
0.27765,5.0276608835576955,0.04848165292021521,0.0
0.2777,5.01863064517041,0.0723805841391354,0.0
0.27775,5.009600406783125,0.09605389747665774,0.0
0.2778,5.00057016839584,0.11950331064467747,0.0
0.27785,4.991539930008555,0.14273052827751753,0.0
0.27790000000000004,4.98250969162126,0.16573724203149287,0.0
0.27795000000000003,4.973479453233975,0.18852513068371698,0.0
0.278,4.96444921484669,0.2110958602301558,0.0
0.27805,4.955418976459405,0.23345108398293538,0.0
0.2781,4.94638873807212,0.25559244266690856,0.0
0.27815,4.9373584996848345,0.2775215645154866,0.0
0.2782,4.928328261297549,0.299240065365741,0.0
0.27825,4.919298022910264,0.3207495487527815,0.0
0.2783,4.910267784522979,0.34205160600341544,0.0
0.27835,4.901237546135695,0.363147816329094,0.0
0.27840000000000004,4.892207307748399,0.3840397469181507,0.0
0.27845000000000003,4.883177069361114,0.4047289530273382,0.0
0.2785,4.874146830973829,0.42521697807266756,0.0
0.27855,4.865116592586544,0.44550535371955624,0.0
0.2786,4.85608635419926,0.46559559997228955,0.0
0.27865,4.8470561158119745,0.4854892252628013,0.0
0.2787,4.838025877424689,0.5051877265387783,0.0
0.27875,4.828995639037404,0.5246925893510941,0.0
0.2788,4.819965400650119,0.5440052879405772,0.0
0.27885,4.810935162262834,0.5631272853241188,0.0
0.27890000000000004,4.801904923875538,0.5820600333801241,0.0
0.27895000000000003,4.792874685488254,0.6008049729333145,0.0
0.279,4.783844447100969,0.6193635338388828,0.0
0.27905,4.774814208713684,0.6377371350660084,0.0
0.2791,4.765783970326399,0.0,1.0
0.27915,4.7567537319391135,0.023001710502606937,0.0
0.2792,4.747723493551828,0.0457846339950551,0.0
0.27925,4.738693255164543,0.06835043618330514,0.0
0.2793,5.02488443585518,0.09212833981643385,0.0
0.27935,4.782363392587764,0.11455248120805808,0.0
0.27940000000000004,4.391543788983453,0.13491605602115334,0.0
0.27945000000000003,4.037686543129137,0.15341348691216047,0.0
0.2795,3.6838292972748214,0.17005898152097634,0.0
0.27955,3.3299720514205053,0.1848666393195108,0.0
0.2796,2.9761148055661892,0.1978504524352094,0.0
0.27965,2.622257559711873,0.2090243064683063,0.0
0.2797,2.268400313857557,0.21840198130285504,0.0
0.27975,1.914543068003241,0.22599715191158473,0.0
0.2798,1.5606858221489248,0.23182338915462855,0.0
0.27985,1.2068285762946087,0.23589416057217122,0.0
0.27990000000000004,0.8529713304399,0.2382228311710598,0.0
0.27995000000000003,0.4991140845855835,0.2388226642054335,0.0
0.28,0.14525683873126738,0.2377068219513987,0.0
0.28005,0.40769609038171417,0.23786852362042088,0.0
0.2801,0.8984960903821987,0.24040230173869856,0.0
0.28015,1.389296090381707,0.24529009681595948,0.0
0.2802,1.8800960903819761,0.25251398685548004,0.0
0.28025,2.3708960903813514,0.26205618630727995,0.0
0.2803,2.861696090381559,0.27389904502931944,0.0
0.28035,3.352496090381295,0.288025047256574,0.0
0.28040000000000004,3.8432960903819615,0.30441681057798603,0.0
0.28045000000000003,4.33409609038223,0.32305708492117857,0.0
0.2805,4.557451562068308,0.3426354994737692,0.0
0.28055,4.454328518509237,0.36156619560478137,0.0
0.2806,4.351205474950165,0.3798541046327374,0.0
0.28065,4.248082431391094,0.3975041203322183,0.0
0.2807,4.144959387832023,0.4145210992196999,0.0
0.28075,4.0418363442729515,0.43090986083721194,0.0
0.2808,3.93871330071388,0.44667518803383865,0.0
0.28085,3.8355902571548084,0.46182182724507537,0.0
0.28090000000000004,3.7324672135956227,0.4763544887700581,0.0
0.28095000000000003,3.6293441700365516,0.4902778470466846,0.0
0.281,3.52622112647748,0.5035965409246375,0.0
0.28105,3.4230980829184086,0.5163151739363308,0.0
0.2811,3.3199750393593375,0.5284383145657936,0.0
0.28115,3.2168519958002664,0.5399704965155062,0.0
0.2812,3.1137289522411953,0.5509162189712047,0.0
0.28125,3.0106059086821237,0.5612799468646698,0.0
0.2813,2.907482865123052,0.5710661111345146,0.0
0.28135,2.804359821563981,0.5802791089849872,0.0
0.28140000000000004,2.7012367780047954,0.5889233041428026,0.0
0.28145000000000003,2.598113734445724,0.5970030271120202,0.0
0.28150000000000003,2.494990690886653,0.6045225754269797,0.0
0.28155,2.3918676473275813,0.6114862139033111,0.0
0.2816,2.28874460376851,0.6178981748870349,0.0
0.28165,2.1856215602094387,0.623762658501765,0.0
0.2817,2.0824985166503676,0.6290838328940299,0.0
0.28175,1.979375473091296,0.6338658344767256,0.0
0.2818,1.876252429532225,0.6381127681707159,0.0
0.28185,1.7731293859731534,0.6418287076445927,0.0
0.28190000000000004,1.6700063424139677,0.64501769555261,0.0
0.28195000000000003,1.5668832988548966,0.6476837437708098,0.0
0.28200000000000003,1.463760255295825,0.6498308336313461,0.0
0.28205,1.360637211736754,0.0,1.0
0.2821,1.2575141681776825,0.006080822863528446,0.0
0.28215,1.1543911246186114,0.011616689434338304,0.0
0.2822,1.0512680810595398,0.01661174866507723,0.0
0.28225,0.9481450375004687,0.021070117920890724,0.0
0.2823,0.8450219939413972,0.024995883219909396,0.0
0.28235,0.7418989503823261,0.028393099471905325,0.0
0.28240000000000004,0.6387759068231404,0.03126579071513086,0.0
0.28245000000000003,0.5356528632640689,0.03361795035135653,0.0
0.28250000000000003,0.4325298197049978,0.035453541379116174,0.0
0.28255,0.3294067761459267,0.03677649662517853,0.0
0.2826,0.22628373258685475,0.03759071897425596,0.0
0.28265,0.12316068902778365,0.03790008159696435,0.0
0.2827,0.02003764546871256,0.03770842817604743,0.0
0.28275,-0.07583627346663385,0.03705462692499741,0.0
0.2828,-0.07345420444840503,0.0364173220122729,0.0
0.28285,-0.07107213543017621,0.0357963878451842,0.0
0.28290000000000004,-0.06869006641194475,0.035191699787224945,0.0
0.28295000000000003,-0.06630799739371593,0.03460313415079231,0.0
0.28300000000000003,-0.0639259283754871,0.034030568189962675,0.0
0.28305,-0.061543859357258285,0.033473880093322285,0.0
0.2831,-0.05916179033902946,0.03293294897685246,0.0
0.28315,-0.05677972132080064,0.032407654876869,0.0
0.2832,-0.05439765230257182,0.03189787874301537,0.0
0.28325,-0.052015583284343,0.03140350243130915,0.0
0.2833,-0.049633514266114176,0.030924408697241515,0.0
0.28335,-0.047251445247885354,0.0304604811889292,0.0
0.28340000000000004,-0.044869376229653896,0.03001160444031862,0.0
0.28345000000000004,-0.042487307211425074,0.02957766386444169,0.0
0.28350000000000003,-0.04010523819319625,0.029158545746723063,0.0
0.28355,-0.03772316917496743,0.028754137238338272,0.0
0.2836,-0.03534110015673861,0.028364326349622444,0.0
0.28365,-0.03295903113850979,0.027989001943529206,0.0
0.2837,-0.030576962120280965,0.027628053729139384,0.0
0.28375,-0.028194893102052143,0.027281372255219132,0.0
0.2838,-0.02581282408382332,0.02694884890382709,0.0
0.28385,-0.023430755065594507,0.026630375883970235,0.0
0.28390000000000004,-0.02104868604736304,0.026325846225308015,0.0
0.28395000000000004,-0.01866661702913422,0.026035153771904393,0.0
0.28400000000000003,-0.016284548010905397,0.02575819317602752,0.0
0.28405,-0.013902478992676576,0.025494859891996575,0.0
0.2841,-0.011520409974447754,0.025245050170075438,0.0
0.28415,-0.009138340956218932,0.025008661050412887,0.0
0.2842,-0.00675627193799011,0.02478559035702891,0.0
0.28425,-0.004374202919761289,0.024575736691846796,0.0
0.2843,-0.001992133901532467,0.024378999428770684,0.0
0.28435,0.00038993511669635494,0.02419527870780818,0.0
0.2844,0.0027720041349251767,0.024024475429237736,0.0
0.28445000000000004,0.005154073153156635,0.02386649124782043,0.0
0.28450000000000003,0.007536142171385457,0.02372122856705579,0.0
0.28455,0.009918211189614279,0.023588590533481404,0.0
0.2846,0.008075674296542708,0.02344805256916239,0.0
0.28465,-0.004687446270833373,0.023246867354600534,0.0
0.2847,-0.017450566838209454,0.02298549661961312,0.0
0.28475,-0.030213687405585533,0.022664398578698553,0.0
0.2848,-0.04297680797296161,0.02228402795779977,0.0
0.28485,-0.05573992854033769,0.02184483602086389,0.0
0.2849,0.09854270848766523,0.02215503538147712,0.0
0.28495000000000004,0.589342708488891,0.02483618062381781,0.0
0.28500000000000003,1.0801427084882032,0.029870220865035484,0.0
0.28505,1.570942708488472,0.03723924265030235,0.0
0.2851,2.0617427084884463,0.046925468906503315,0.0
0.28515,2.5525427084881533,0.058911257903918005,0.0
0.2852,3.0433427084887335,0.07317910222580716,0.0
0.28525,3.534142708488133,0.08971162774582302,0.0
0.2853,4.024942708488181,0.10849159261323937,0.0
0.28535,4.515742708487894,0.129501886245875,0.0
0.2854,4.931162079939284,0.1523610185214765,0.0
0.28545000000000004,4.949662301668791,0.17513557530342888,0.0
0.28550000000000003,4.968162523398278,0.1978262004960653,0.0
0.28555,4.986662745127765,0.22043353310143854,0.0
0.2856,5.0051629668572515,0.24295820725664372,0.0
0.28565,5.023663188586738,0.26540085227085713,0.0
0.2857,5.042163410316225,0.2877620926620929,0.0
0.28575,5.060663632045712,0.3100425481936798,0.0
0.2858,5.079163853775198,0.33224283391046056,0.0
0.28585,5.020724049311873,0.3539915097579222,0.0
0.2859,4.99344949489782,0.37544271637774307,0.0
0.28595000000000004,4.997012090969557,0.39674783432726674,0.0
0.28600000000000003,5.00057468704129,0.4179079758332598,0.0
0.28605,5.004137283113024,0.43892424465469754,0.0
0.2861,5.007699879184757,0.4597977361472323,0.0
0.28615,5.01126247525649,0.48052953732717113,0.0
0.2862,5.014825071328223,0.5011207269349661,0.0
0.28625,5.018387667399956,0.5215723754982217,0.0
0.2863,5.021950263471689,0.5418855453942217,0.0
0.28635,5.025512859543423,0.5620612909119816,0.0
0.2864,5.029075455615156,0.5821006583138265,0.0
0.28645000000000004,5.032638051686893,0.6020046858965017,0.0
0.28650000000000003,5.036200647758626,0.6217744040518177,0.0
0.28655,5.039763243830359,0.6414108353268333,0.0
0.2866,5.043325839902093,0.0,1.0
0.28665,5.046888435973826,0.024404682959254482,0.0
0.2867,5.05045103204556,0.048640791346788004,0.0
0.28675,5.054013628117293,0.07270960858280329,0.0
0.2868,5.057576224189026,0.0966124083163531,0.0
0.28685,5.0611388202607595,0.12035045449973163,0.0
0.2869,5.064701416332492,0.14392500146229945,0.0
0.28695000000000004,5.06826401240423,0.16733729398374653,0.0
0.28700000000000003,5.071826608475963,0.19058856736679725,0.0
0.28705,5.075389204547696,0.21368004750936212,0.0
0.2871,5.078951800619429,0.2366129509761401,0.0
0.28715,5.082514396691162,0.25938848506967577,0.0
0.2872,5.086076992762895,0.2820078479008754,0.0
0.28725,5.089639588834629,0.30447222845898647,0.0
0.2873,5.093202184906362,0.326782806681044,0.0
0.28735,5.096764780978095,0.34894075352078846,0.0
0.2874,5.100327377049829,0.37094723101705906,0.0
0.28745000000000004,5.103889973121566,0.39280339236166595,0.0
0.28750000000000003,5.107452569193299,0.41451038196674594,0.0
0.28755000000000003,5.111015165265032,0.43606933553160543,0.0
0.2876,5.114577761336766,0.4574813801090544,0.0
0.28765,5.118140357408499,0.4787476341712354,0.0
0.2877,5.121702953480232,0.4998692076749511,0.0
0.28775,5.1252655495519654,0.520847202126495,0.0
0.2878,5.128828145623698,0.5416827106459883,0.0
0.28785,5.132390741695431,0.5623768180312264,0.0
0.2879,5.135953337767165,0.5829306008210405,0.0
0.28795000000000004,5.139515933838902,0.6033451273581757,0.0
0.28800000000000003,5.143078529910635,0.6236214578516909,0.0
0.28805000000000003,5.146641125982368,0.6437606444388835,0.0
0.2881,5.150203722054101,0.0,1.0
0.28815,5.153766318125835,0.0249215005712081,0.0
0.2882,5.045715303858899,0.04913077419663045,0.0
0.28825,4.90648217647625,0.07248245940935343,0.0
0.2883,4.767249049093601,0.0949830853453151,0.0
0.28835,4.6280159217109516,0.11663913143174078,0.0
0.2884,4.488782794328302,0.13745702776559365,0.0
0.28845000000000004,4.3495496669454985,0.15744315548914353,0.0
0.28850000000000003,4.21031653956285,0.17660384716267916,0.0
0.28855000000000003,4.071083412180201,0.19494538713437842,0.0
0.2886,3.9318502847975516,0.21247401190736565,0.0
0.28865,3.7926171574149024,0.22919591050397362,0.0
0.2887,3.653384030032253,0.24511722482723225,0.0
0.28875,3.514150902649604,0.2602440500196052,0.0
0.2888,3.3749177752669546,0.27458243481899525,0.0
0.28885,3.2356846478843053,0.2881383819120393,0.0
0.2889,3.096451520501656,0.3009178482847135,0.0
0.28895000000000004,2.9572183931188523,0.31292674557026867,0.0
0.28900000000000003,2.817985265736203,0.3241709403945192,0.0
0.28905000000000003,2.678752138353554,0.33465625471849925,0.0
0.2891,2.539519010970905,0.3443884661785127,0.0
0.28915,2.4002858835882557,0.3533733084235937,0.0
0.2892,2.2610527562056064,0.361616471450398,0.0
0.28925,2.121819628822957,0.3691236019355444,0.0
0.2893,1.982586501440308,0.37590030356542625,0.0
0.28935,1.843353374057659,0.3819521373635118,0.0
0.2894,1.7041202466750098,0.38728462201515274,0.0
0.28945000000000004,1.564887119292206,0.39190323418991907,0.0
0.28950000000000004,1.4256539919095568,0.39581340886148303,0.0
0.28955000000000003,1.2864208645269075,0.39902053962506295,0.0
0.2896,0.9928810638509538,0.40078381521509704,0.0
0.28965,0.26300943061358606,0.399004306411059,0.0
0.2897,0.014506175215959304,0.3960366858195583,0.0
0.28975,0.05401973453802211,0.39328273018490273,0.0
0.2898,2.022454467188498,0.4000682846218125,0.0
0.28985,0.7709893265941541,0.4007506058910239,0.0
0.2899,1.9436815222190502,0.4070983909837037,0.0
0.28995000000000004,1.7525893265945396,0.41247380455511556,0.0
0.29000000000000004,2.2433893265945337,0.4201816006698828,0.0
0.29005000000000003,2.73418932659414,0.4302040220420379,0.0
0.2901,3.224989326594409,0.44252344657836606,0.0
0.29015,3.7157893265945305,0.45712238634912433,0.0
0.2902,4.206589326594401,0.47398348656660905,0.0
0.29025,4.697389326594671,0.49308952457150007,0.0
0.2903,4.472252377657082,0.5109614313175432,0.0
0.29035,4.242557180796075,0.5275865608820152,0.0
0.2904,4.012861983935067,0.5429744054380636,0.0
0.29045000000000004,3.783166787073805,0.5571343848914307,0.0
0.29050000000000004,3.553471590212798,0.5700758474306546,0.0
0.29055000000000003,3.32377639335179,0.5818080700730756,0.0
0.2906,3.094081196490783,0.5923402592066891,0.0
0.29065,2.864385999629776,0.6016815511278739,0.0
0.2907,2.6346908027687683,0.6098410125750247,0.0
0.29075,2.404995605907761,0.6168276412581225,0.0
0.2908,2.175300409046754,0.6226503663842741,0.0
0.29085,1.9456052121857463,0.6273180491792486,0.0
0.2909,1.7159100153247393,0.6308394834050453,0.0
0.29095,1.4862148184637318,0.6332233958735194,0.0
0.29100000000000004,1.2565196216024694,0.6344784469560976,0.0
0.29105000000000003,1.0268244247414624,0.6346132310896164,0.0
0.2911,0.7971292278804549,0.6336362772783034,0.0
0.29115,0.5674340310194479,0.6315560495919406,0.0
0.2912,0.33773883415844086,0.6283809476602342,0.0
0.29125,0.10804363729743294,0.6241193071634211,0.0
0.2913,-0.07320848690408918,0.6190136511540495,0.0
0.29135,-0.07306010435848807,0.6139475838984728,0.0
0.2914,-0.07291172181288698,0.6089208039929509,0.0
0.29145,-0.07276333926728587,0.6039330123284411,0.0
0.29150000000000004,-0.0726149567216846,0.5989839120731277,0.0
0.29155000000000003,-0.0724665741760835,0.5940732086550851,0.0
0.2916,-0.07231819163048239,0.5892006097450717,0.0
0.29165,-0.0721698090848813,0.5843658252394562,0.0
0.2917,-0.07202142653928019,0.5795685672432728,0.0
0.29175,-0.07187304399367908,0.5748085500534058,0.0
0.2918,-0.07172466144807799,0.5700854901419028,0.0
0.29185,-0.07157627890247688,0.5653991061394135,0.0
0.2919,-0.07142789635687578,0.5607491188187561,0.0
0.29195,-0.07127951381127468,0.5561352510786082,0.0
0.29200000000000004,-0.07113113126567341,0.5515572279273214,0.0
0.29205000000000003,-0.0709827487200723,0.54701477646686,0.0
0.2921,-0.0708343661744712,0.5425076258768613,0.0
0.29215,-0.0706859836288701,0.5380355073988176,0.0
0.2922,-0.070537601083269,0.5335981543203786,0.0
0.29225,-0.07038921853766789,0.5291953019597732,0.0
0.2923,-0.07024083599206679,0.5248266876503499,0.0
0.29235,-0.07009245344646568,0.5204920507252351,0.0
0.2924,-0.06994407090086459,0.5161911325021079,0.0
0.29245,-0.06979568835526348,0.511923676268091,0.0
0.29250000000000004,-0.06964730580966222,0.5076894272647566,0.0
0.29255000000000003,-0.06949892326406111,0.5034881326732468,0.0
0.2926,-0.06935054071846,0.49931954159950614,0.0
0.29265,-0.06920215817285891,0.49518340505962827,0.0
0.2927,-0.0690537756272578,0.49107947596531265,0.0
0.29275,-0.06890539308165669,0.4870075091094329,0.0
0.2928,-0.0687570105360556,0.4829672611517147,0.0
0.29285,-0.06860862799045449,0.4789584906045226,0.0
0.2929,-0.0684602454448534,0.4749809578187555,0.0
0.29295,-0.06831186289925228,0.4710344249698489,0.0
0.29300000000000004,-0.06816348035365102,0.46711865604388414,0.0
0.29305000000000003,-0.06801509780804992,0.46323341682380337,0.0
0.2931,-0.0678667152624488,0.45937847487572936,0.0
0.29315,-0.06771833271684771,0.45555359953538943,0.0
0.2932,-0.0675699501712466,0.45175856189464275,0.0
0.29325,-0.0674215676256455,0.4479931347881105,0.0
0.2933,-0.0672731850800444,0.4442570927799072,0.0
0.29335,-0.06712480253444329,0.4405502121504739,0.0
0.2934,-0.0669764199888422,0.43687227088351077,0.0
0.29345,-0.06682803744324109,0.43322304865300976,0.0
0.29350000000000004,-0.06667965489763983,0.4296023268103857,0.0
0.29355000000000003,-0.06653127235203872,0.4260098883717055,0.0
0.2936,-0.06638288980643761,0.4224455180050147,0.0
0.29365,-0.06623450726083652,0.4189090020177599,0.0
0.2937,-0.06608612471523541,0.41540012834430795,0.0
0.29375,-0.061064384982774375,0.4119422520905556,0.0
0.2938,-0.04812686395080522,0.4085732624668288,0.0
0.29385,-0.03518934291883606,0.4052924827465276,0.0
0.2939,-0.022251821886866904,0.4020992413552209,0.0
0.29395,-0.009314300854897747,0.39899287183142035,0.0
0.29400000000000004,0.003623220177085773,0.3959727127876543,0.0
0.29405000000000003,0.07103011743759337,0.393301499439673,0.0
0.29410000000000003,0.16139900518814326,0.3910876099058417,0.0
0.29415,0.17137011128295213,0.3889387917074647,0.0
0.2942,0.181341217377761,0.3868545494325373,0.0
0.29425,0.19131232347256985,0.38483439144080833,0.0
0.2943,0.2012834295673787,0.3828778298350648,0.0
0.29435,0.21125453566218758,0.38098438043263455,0.0
0.2944,0.5118330310686028,0.38055882090592436,0.0
0.29445,1.0026330310691927,0.3825098088639008,0.0
0.29450000000000004,1.4934330310691406,0.3868192507766564,0.0
0.29455000000000003,1.9842330310694094,0.39346919086698495,0.0
0.29460000000000003,2.475033031068862,0.4024418100616092,0.0
0.29465,2.9658330310689323,0.4137194249504161,0.0
0.2947,3.456633031068609,0.4272844867535915,0.0
0.29475,3.94743303106885,0.44311958029663967,0.0
0.2948,4.438233031069119,0.46120742299318956,0.0
0.29485,4.717097630800218,0.48050603114566565,0.0
0.2949,4.752754041056605,0.4998301316766002,0.0
0.29495,4.78841045131299,0.5191795305031419,0.0
0.29500000000000004,4.817187830841531,0.5385207708482657,0.0
0.29505000000000003,4.8445929069836735,0.5578472789290378,0.0
0.29510000000000003,4.871997983125816,0.5771591669076043,0.0
0.29515,4.899403059267957,0.5964565460921792,0.0
0.2952,4.982119102125781,0.6160069880978777,0.0
0.29525,4.9974566021257765,0.635482751260238,0.0
0.2953,5.012794102125773,0.0,1.0
0.29535,5.02813160212577,0.024313982602155563,0.0
0.2954,5.043469102125766,0.04851701977476429,0.0
0.29545,5.058806602125762,0.07260995618617813,0.0
0.29550000000000004,5.067223845065915,0.09656016654854387,0.0
0.29555000000000003,5.0691694323807495,0.12033744321490636,0.0
0.29560000000000003,5.071115019695583,0.14394310279308442,0.0
0.29565,5.073060607010417,0.16737845186707742,0.0
0.2957,5.075006194325251,0.19064478707338023,0.0
0.29575,5.076951781640084,0.2137433951767173,0.0
0.2958,5.078897368954919,0.2366755531452001,0.0
0.29585,5.080842956269753,0.25944252822491226,0.0
0.2959,5.082788543584586,0.28204557801392705,0.0
0.29595,5.08473413089942,0.30448595053576105,0.0
0.29600000000000004,5.086679718214256,0.32676488431226897,0.0
0.29605000000000004,5.08862530552909,0.3488836084359832,0.0
0.29610000000000003,5.090570892843925,0.3708433426419027,0.0
0.29615,5.092516480158758,0.39264529737873544,0.0
0.2962,5.094462067473592,0.4142906738795981,0.0
0.29625,5.096407654788426,0.43578066423217815,0.0
0.2963,5.09835324210326,0.45711645144836094,0.0
0.29635,5.100298829418094,0.4782992095333274,0.0
0.2964,5.102244416732928,0.4993301035541253,0.0
0.29645,5.104190004047761,0.5202102897077187,0.0
0.29650000000000004,5.106135591362598,0.5409409153885187,0.0
0.29655000000000004,5.108081178677431,0.5615231192554012,0.0
0.29660000000000003,5.110026765992266,0.581958031298213,0.0
0.29665,5.1119723533071,0.6022467729037729,0.0
0.2967,5.113917940621933,0.6223904569213696,0.0
0.29675,5.115863527936767,0.6423901877277607,0.0
0.2968,5.117809115251601,0.0,1.0
0.29685,5.119754702566435,0.024757034345098818,0.0
0.2969,5.121700289881269,0.049334992346528744,0.0
0.29695,5.123645877196103,0.07373523737834403,0.0
0.29700000000000004,5.125591464510939,0.09795912243473094,0.0
0.29705000000000004,5.127537051825773,0.12200799020903345,0.0
0.29710000000000003,5.1294826391406065,0.14588317317217736,0.0
0.29715,5.131428226455441,0.16958599365049737,0.0
0.2972,5.133373813770275,0.19311776390297153,0.0
0.29725,5.135319401085108,0.21647978619786776,0.0
0.2973,5.137264988399942,0.23967335288880678,0.0
0.29735,5.139210575714777,0.26269974649024597,0.0
0.2974,5.13961931935756,0.2855528082065856,0.0
0.29745,4.979783171960426,0.30745897909383924,0.0
0.2975,4.819947024563291,0.3284254681800792,0.0
0.29755000000000004,4.660110877165979,0.34845942960839543,0.0
0.29760000000000003,4.500274729768845,0.36756796305475725,0.0
0.29765,4.340438582371711,0.3857581141426895,0.0
0.2977,4.180602434974576,0.4030368748547942,0.0
0.29775,4.020766287577442,0.4194111839411388,0.0
0.2978,3.8609301401803076,0.4348879273245349,0.0
0.29785,3.701093992783173,0.4494739385027317,0.0
0.2979,3.541257845386039,0.46317599894754724,0.0
0.29795,3.3814216979889045,0.47600083850096087,0.0
0.298,3.22158555059177,0.4879551357681902,0.0
0.29805000000000004,3.0617494031944585,0.49904551850777484,0.0
0.29810000000000003,2.901913255797324,0.509278564018693,0.0
0.29815,2.74207710840019,0.5186607995245263,0.0
0.2982,2.5822409610030554,0.527198702554703,0.0
0.29825,2.422404813605921,0.5348987013228382,0.0
0.2983,2.2625686662087867,0.5417671751021926,0.0
0.29835,2.1027325188116524,0.547810454598274,0.0
0.2984,1.942896371414518,0.5530348223186013,0.0
0.29845,1.7830602240173836,0.5574465129396533,0.0
0.2985,1.6232240766202493,0.5610517136710241,0.0
0.29855000000000004,1.4633879292229377,0.5638565646168053,0.0
0.29860000000000003,1.3035517818258033,0.5658671591342199,0.0
0.29865,1.143715634428669,0.5670895441895208,0.0
0.2987,0.9838794870315342,0.5675297207111833,0.0
0.29875,0.8240433396344002,0.5671936439404076,0.0
0.2988,0.6642071922372654,0.5660872237789525,0.0
0.29885,0.5043710448401315,0.5642163251343218,0.0
0.2989,0.3445348974429967,0.5615867682623219,0.0
0.29895,0.2526767355428635,0.5585330427699561,0.0
0.299,0.7434767355426047,0.5578758739561979,0.0
0.29905000000000004,1.2342767355432613,0.5595970159537962,0.0
0.29910000000000003,1.7250767355435301,0.5636783618079905,0.0
0.29915,2.215876735543589,0.570101942418926,0.0
0.2992,2.7066767355433567,0.5788499254921121,0.0
0.29925,3.197476735543336,0.5899046144968761,0.0
0.2993,3.688276735542971,0.603248447632738,0.0
0.29935,4.17907673554324,0.6188639968036671,0.0
0.2994,4.669876735542553,0.636733966600129,0.0
0.29945,5.069028017389585,0.0,1.0
0.2995,4.80959133099907,0.023257211465179256,0.0
0.29955000000000004,4.550154644608268,0.045082827796047956,0.0
0.29960000000000003,4.290717958217753,0.0654877482527908,0.0
0.29965,4.031281271827238,0.08448278911551543,0.0
0.2997,3.7718445854367237,0.1020786843160117,0.0
0.29975,3.5124078990462086,0.11828608606469965,0.0
0.2998,3.2529712126556944,0.13311556547280434,0.0
0.29985,2.99353452626518,0.1465776131697939,0.0
0.2999,2.7340978398746647,0.1586826399161167,0.0
0.29995,2.47466115348415,0.16944097721127357,0.0
0.3,2.2152244670936354,0.17886287789726055,0.0
0.30005000000000004,1.955787780702833,0.18695851675741598,0.0
0.30010000000000003,1.696351094312318,0.193737991110714,0.0
0.30015000000000003,1.4369144079218032,0.19921132140152498,0.0
0.3002,1.1774777215312886,0.20338845178489162,0.0
0.30025,0.9180410351407744,0.2062792507073476,0.0
0.3003,0.6586043487502593,0.20789351148331428,0.0
0.30035,0.3991676623597442,0.20824095286710922,0.0
0.3004,0.13973097596923,0.20733121962059953,0.0
0.30045,-0.07736312470203822,0.20537863445815474,0.0
0.3005,-0.07725948299809704,0.20344141621333692,0.0
0.30055000000000004,-0.07715584129415576,0.20151944789215145,0.0
0.30060000000000003,-0.07705219959021459,0.19961261339132202,0.0
0.30065000000000003,-0.0769485578862734,0.19772079749150928,0.0
0.3007,-0.07684491618233223,0.19584388585058102,0.0
0.30075,-0.07674127447839106,0.19398176499693376,0.0
0.3008,-0.07663763277444989,0.1921343223228651,0.0
0.30085,-0.0765339910705087,0.19030144607799643,0.0
0.3009,-0.07643034936656753,0.1884830253627459,0.0
0.30095,-0.07632670766262636,0.1866789501218509,0.0
0.301,-0.07622306595868518,0.1848891111379401,0.0
0.30105000000000004,-0.0761194242547439,0.1831134000251541,0.0
0.30110000000000003,-0.07601578255080273,0.18135170922281493,0.0
0.30115000000000003,-0.07591214084686154,0.17960393198914362,0.0
0.3012,-0.07580849914292037,0.17786996239502562,0.0
0.30125,-0.0757048574389792,0.17614969531782362,0.0
0.3013,-0.07560121573503802,0.1744430264352377,0.0
0.30135,-0.07549757403109685,0.17274985221921194,0.0
0.3014,-0.07539393232715567,0.1710700699298875,0.0
0.30145,-0.0752902906232145,0.16940357760960195,0.0
0.3015,-0.07518664891927332,0.16775027407693405,0.0
0.30155000000000004,-0.07508300721533204,0.16611005892079383,0.0
0.30160000000000003,-0.07497936551139085,0.16448283249455797,0.0
0.30165000000000003,-0.07487572380744968,0.1628684959102495,0.0
0.3017,-0.07477208210350851,0.16126695103276195,0.0
0.30175,-0.07466844039956734,0.15967810047412756,0.0
0.3018,-0.07456479869562616,0.15810184758782891,0.0
0.30185,-0.07446115699168498,0.15653809646315414,0.0
0.3019,-0.07435751528774381,0.15498675191959482,0.0
0.30195,-0.07425387358380264,0.1534477195012868,0.0
0.302,-0.07415023187986146,0.15192090547149312,0.0
0.30205000000000004,-0.07404659017592018,0.1504062168071291,0.0
0.30210000000000004,-0.07394294847197899,0.14890356119332895,0.0
0.30215000000000003,-0.07383930676803782,0.14741284701805396,0.0
0.3022,-0.07373566506409665,0.14593398336674154,0.0
0.30225,-0.07363202336015548,0.14446688001699506,0.0
0.3023,-0.0735283816562143,0.14301144743331423,0.0
0.30235,-0.07342473995227312,0.14156759676186542,0.0
0.3024,-0.07332109824833195,0.1401352398252919,0.0
0.30245,-0.07321745654439077,0.13871428911756362,0.0
0.3025,-0.0731138148404496,0.13730465779886605,0.0
0.30255000000000004,-0.07301017313650832,0.13590625969052814,0.0
0.30260000000000004,-0.07290653143256713,0.13451900926998875,0.0
0.30265000000000003,-0.07280288972862596,0.13314282166580146,0.0
0.3027,-0.07269924802468479,0.13177761265267737,0.0
0.30275,-0.0725956063207436,0.13042329864656566,0.0
0.3028,-0.07249196461680243,0.12907979669977163,0.0
0.30285,-0.07238832291286126,0.1277470244961119,0.0
0.3029,-0.06870648081891421,0.1264422030559227,0.0
0.30295,-0.05801286699472515,0.12519902563261787,0.0
0.303,-0.0473192531705361,0.12401702290762914,0.0
0.30305000000000004,-0.03662563934633517,0.12289572913548315,0.0
0.30310000000000004,-0.025932025522146115,0.12183468211659795,0.0
0.30315000000000003,-0.01523841169795706,0.12083342317028707,0.0
0.3032,-0.004053363065387746,0.11989387348518528,0.0
0.30325,0.011549314012139881,0.11903692508567108,0.0
0.3033,0.027151991089667506,0.11826194909778319,0.0
0.30335,0.04275466816719513,0.117568321435409,0.0
0.3034,0.05835734524472276,0.11695542276383301,0.0
0.30345,0.07396002232225038,0.11642263846356261,0.0
0.3035,0.08956269939977801,0.11596935859442943,0.0
0.30355000000000004,0.22578140459445697,0.11617822751236788,0.0
0.30360000000000004,0.2430566917378433,0.11646904243918409,0.0
0.30365000000000003,0.2603319788812296,0.1168411794897793,0.0
0.3037,0.27760726602461594,0.11729401952892145,0.0
0.30375,0.29488255316800227,0.11782694813508264,0.0
0.3038,0.3121578403113886,0.118439355564552,0.0
0.30385,0.43432335364937985,0.11963784283861965,0.0
0.3039,0.9251233536494438,0.123200513131883,0.0
0.30395,1.4159233536493727,0.12910936704965947,0.0
0.304,1.9067233536496417,0.13734654223327925,0.0
0.30405,2.3975233536488205,0.14789431231677044,0.0
0.30410000000000004,2.8883233536496347,0.1607350858915169,0.0
0.30415000000000003,3.3791233536493586,0.1758514054787517,0.0
0.3042,3.8699233536496274,0.19322594650992123,0.0
0.30425,3.920686518319481,0.21071367861975882,0.0
0.3043,3.9282030242752373,0.22810461693505818,0.0
0.30435,3.935719530230994,0.24539949838257008,0.0
0.3044,3.9432360361867502,0.262599054278551,0.0
0.30445,3.950752542142507,0.2797040103714779,0.0
0.3045,3.958269048098263,0.2967150868844376,0.0
0.30455,3.9657855540540194,0.31363299855719373,0.0
0.30460000000000004,3.9733020600097846,0.3304584546879334,0.0
0.30465000000000003,3.980818565965541,0.3471921591746956,0.0
0.3047,3.9883350719212975,0.36383481055648487,0.0
0.30475,3.995851577877054,0.38038710205407145,0.0
0.3048,4.00336808383281,0.3968497216104808,0.0
0.30485,4.011872675742166,0.41322812990967434,0.0
0.3049,4.021300472352333,0.42952743232228496,0.0
0.30495,4.030728268962501,0.4457482311105161,0.0
0.305,4.040156065572669,0.4618911239513274,0.0
0.30505,4.049583862182836,0.4779567039713442,0.0
0.30510000000000004,4.059011658793015,0.4939455597815007,0.0
0.30515000000000003,4.06763097449897,0.5098543660292907,0.0
0.3052,4.074323701771696,0.5256744159698185,0.0
0.30525,4.081016429044421,0.5414063853374885,0.0
0.3053,4.087709156317148,0.557050944722091,0.0
0.30535,4.094401883589874,0.5726087596079694,0.0
0.3054,4.101094610862599,0.5880804904128901,0.0
0.30545,4.160735008175909,0.6037228257473155,0.0
0.3055,4.651535008176178,0.6216193777743658,0.0
0.30555,5.006364414833725,0.641095486279868,0.0
0.30560000000000004,5.014353947081826,0.0,1.0
0.30565000000000003,5.022343479329918,0.024285993613781035,0.0
0.3057,5.03033301157801,0.04842572312952079,0.0
0.30575,5.038322543826102,0.07242030210958184,0.0
0.3058,5.046312076074195,0.09627083563836702,0.0
0.30585,5.054301608322287,0.11997842038686526,0.0
0.3059,5.062291140570379,0.14354414467670598,0.0
0.30595,5.0702806728184715,0.16696908854372583,0.0
0.306,5.078270205066564,0.19025432380105148,0.0
0.30605,5.086259737314656,0.21340091410170214,0.0
0.30610000000000004,5.094249269562757,0.2364099150007155,0.0
0.30615000000000003,5.102238801810849,0.25928237401680054,0.0
0.3062,5.110228334058941,0.28201933069352114,0.0
0.30625,5.113694433886433,0.30459994319569755,0.0
0.3063,5.114564604953566,0.3270128489820177,0.0
0.30635,5.115434776020699,0.34925932486537853,0.0
0.3064,5.116304947087833,0.37134063793783073,0.0
0.30645,5.117175118154965,0.39325804564458744,0.0
0.3065,5.118045289222098,0.415012795857469,0.0
0.30655,5.118915460289231,0.4366061269477885,0.0
0.30660000000000004,5.119785631356365,0.45803926785868315,0.0
0.30665000000000003,5.120655802423498,0.479313438176894,0.0
0.30670000000000003,5.121525973490631,0.5004298482039997,0.0
0.30675,5.122396144557764,0.5213896990271081,0.0
0.3068,5.123266315624897,0.542194182589009,0.0
0.30685,5.12413648669203,0.5628444817577937,0.0
0.3069,5.125006657759163,0.5833417703959436,0.0
0.30695,5.1258768288262955,0.6036872134288934,0.0
0.307,5.126746999893429,0.6238819669130722,0.0
0.30705,5.127617170960562,0.6439271781034261,0.0
0.30710000000000004,5.128487342027696,0.0,1.0
0.30715000000000003,5.129357513094829,0.02480346959910459,0.0
0.30720000000000003,5.130227684161961,0.04942230905388556,0.0
0.30725,5.131097855229094,0.0738579240215238,0.0
0.3073,5.131968026296228,0.0981117094574152,0.0
0.30735,5.132838197363361,0.12218504969664723,0.0
0.3074,5.133708368430494,0.14607931853485534,0.0
0.30745,5.134578539497626,0.16979587930846363,0.0
0.3075,5.135448710564759,0.19333608497431465,0.0
0.30755,5.136318881631892,0.216701278188693,0.0
0.30760000000000004,5.137189052699027,0.23989279138574732,0.0
0.30765000000000003,5.1380592237661595,0.262911946855315,0.0
0.30770000000000003,5.090290314727901,0.28552485817361034,0.0
0.30775,4.925935528107394,0.30717085672972816,0.0
0.3078,4.761580741486888,0.3278573039860798,0.0
0.30785,4.597225954866382,0.34759150535955646,0.0
0.3079,4.4328711682458755,0.366380710648224,0.0
0.30795,4.2685163816253695,0.38423211445476974,0.0
0.308,4.1041615950048635,0.4011528566067253,0.0
0.30805,3.939806808384357,0.4171500225734897,0.0
0.30810000000000004,3.7754520217636687,0.4322306438801772,0.0
0.30815000000000003,3.6110972351431623,0.4464016985183173,0.0
0.30820000000000003,3.446742448522656,0.45967011135342334,0.0
0.30825,3.28238766190215,0.47204275452946104,0.0
0.3083,3.1180328752816435,0.4835264478702371,0.0
0.30835,2.953678088661137,0.4941279592777317,0.0
0.3084,2.789323302040631,0.5038540051273986,0.0
0.30845,2.6249685154201248,0.5127112506604558,0.0
0.3085,2.4606137287996184,0.5207063103731884,0.0
0.30855,2.2962589421791124,0.5278457484032893,0.0
0.30860000000000004,2.138367058123572,0.5341673308598966,0.0
0.30865000000000004,2.6291670581236066,0.5428140923282115,0.0
0.30870000000000003,3.1199670581236414,0.5537683303654037,0.0
0.30875,3.610767058123676,0.5670124773038495,0.0
0.3088,4.1015670581235595,0.5825290992250383,0.0
0.30885,4.592367058123579,0.600300894941293,0.0
0.3089,2.088369971755144,0.605829084316147,0.0
0.30895,2.579169971755368,0.6136884930959872,0.0
0.309,3.069969971755637,0.6238613728502482,0.0
0.30905,3.5607699717548247,0.6363301102736876,0.0
0.30910000000000004,3.8380717931294033,0.0,1.0
0.30915000000000004,3.6043575074151315,0.017429194910131198,0.0
0.30920000000000003,3.37064322170086,0.033595548501057046,0.0
0.30925,3.1369289359865884,0.048508675248112344,0.0
0.3093,2.903214650272317,0.062178116428095745,0.0
0.30935,2.6695003645580453,0.07461334067655712,0.0
0.3094,2.435786078843774,0.08582374454084207,0.0
0.30945,2.2020717931295026,0.09581865302892599,0.0
0.3095,1.968357507415231,0.10460732015406955,0.0
0.30955,1.7346432217009595,0.1121989294753276,0.0
0.30960000000000004,1.5009289359864284,0.11860259463394164,0.0
0.30965000000000004,1.267214650272157,0.12382735988565369,0.0
0.30970000000000003,1.0335003645578857,0.12788220062895975,0.0
0.30975,0.799786078843614,0.13077602392934667,0.0
0.3098,0.5660717931293426,0.13251766903953646,0.0
0.30985,0.3323575074150713,0.13311590791576977,0.0
0.3099,0.09864322170079953,0.13257944573015873,0.0
0.30995,0.4159816262818192,0.1335815862258282,0.0
0.31,0.9067816262819656,0.13694940460091828,0.0
0.31005,1.3975816262817138,0.14266489007982458,0.0
0.31010000000000004,1.8380808431559448,0.15046693504864705,0.0
0.31015000000000004,1.8502129779874057,0.15826824620932153,0.0
0.31020000000000003,1.8623451128188668,0.16606882914859927,0.0
0.31025,1.8744772476503277,0.17386868941069755,0.0
0.3103,1.8866093824817887,0.18166783249762347,0.0
0.31035,1.8987415173132496,0.18946626386949533,0.0
0.3104,1.9108736521447107,0.19726398894486158,0.0
0.31045,1.8404521062304822,0.2046618173527305,0.0
0.3105,1.755297532097998,0.2115915507704147,0.0
0.31055,1.6701429579655138,0.21805675297720217,0.0
0.3106,1.5849883838330294,0.2240609606200188,0.0
0.31065000000000004,1.4998338097004507,0.22960768341999643,0.0
0.31070000000000003,1.4146792355679665,0.2347004043774703,0.0
0.31075,1.3295246614354823,0.2393425799754128,0.0
0.3108,1.2443700873029981,0.2435376403813205,0.0
0.31085,1.1592155131705137,0.2472889896475634,0.0
0.3109,1.0740609390380298,0.25060000591020914,0.0
0.31095,0.9889063649055455,0.2534740415863333,0.0
0.311,0.9037517907730612,0.2559144235698274,0.0
0.31105,0.818597216640577,0.25792445342571646,0.0
0.3111,0.7334426425080929,0.25950740758299695,0.0
0.31115000000000004,0.6482880683755141,0.26066653752600605,0.0
0.31120000000000003,0.5631334942430299,0.26140506998433605,0.0
0.31125,0.47797892011054577,0.26172620712129974,0.0
0.3113,0.3928243459780614,0.2616331267209632,0.0
0.31135,0.3076697718455772,0.261128982373754,0.0
0.3114,0.22251519771309303,0.26021690366065586,0.0
0.31145,0.13736062358060885,0.25889999633600186,0.0
0.3115,0.05220604944812468,0.25718134250887525,0.0
0.31155,-0.03294852468435949,0.2550640008231295,0.0
0.3116,-0.07920325430192007,0.25273911033291835,0.0
0.31165000000000004,-0.07788743660754881,0.25043828284372566,0.0
0.31170000000000003,-0.076571618913179,0.2481613351550763,0.0
0.31175,-0.07525580121880919,0.2459080854612676,0.0
0.3118,-0.07393998352443938,0.24367835334075066,0.0
0.31185,-0.07262416583006957,0.24147195974559213,0.0
0.3119,-0.07130834813569975,0.23928872699101641,0.0
0.31195,-0.06999253044132994,0.23712847874502743,0.0
0.312,-0.06867671274696013,0.2349910400181095,0.0
0.31205,-0.06736089505259032,0.23287623715300637,0.0
0.3121,-0.06604507735822052,0.23078389781457842,0.0
0.31215000000000004,-0.06472925966384925,0.22871385097973682,0.0
0.31220000000000003,-0.06341344196947944,0.22666592692745433,0.0
0.31225,-0.062097624275109634,0.22463995722885233,0.0
0.3123,-0.060781806580739825,0.22263577473736323,0.0
0.31235,-0.059465988886370016,0.2206532135789677,0.0
0.3124,-0.05815017119200021,0.21869210914250628,0.0
0.31245,-0.0568343534976304,0.21675229807006485,0.0
0.3125,-0.05551853580326059,0.21483361824743313,0.0
0.31255,-0.05420271810889078,0.21293590879463595,0.0
0.3126,-0.052886900414520974,0.21105901005653652,0.0
0.31265000000000004,-0.051571082720149694,0.20920276359351134,0.0
0.31270000000000003,-0.050255265025779886,0.20736701217219602,0.0
0.31275000000000003,-0.04893944733141008,0.2055515997563016,0.0
0.3128,-0.04762362963704027,0.20375637149750075,0.0
0.31285,-0.04630781194267046,0.2019811737263834,0.0
0.3129,-0.04499199424830065,0.20022585394348122,0.0
0.31295,-0.04367617655393084,0.1984902608103604,0.0
0.313,0.406810762598436,0.19894625149792922,0.0
0.31305,0.8976107625979536,0.20177207810423478,0.0
0.3131,1.3884107625980997,0.2069496981969953,0.0
0.31315000000000004,1.8171062616652696,0.21416089480753472,0.0
0.31320000000000003,1.8248967378557441,0.22135486147488853,0.0
0.31325000000000003,1.8326872140462185,0.22853172937695,0.0
0.3133,1.840477690236693,0.23569162869290683,0.0
0.31335,1.8482681664271674,0.24283468861084473,0.0
0.3134,1.8560586426176418,0.24996103733529298,0.0
0.31345,1.8638491188081163,0.25707080209471267,0.0
0.3135,1.8716395949985907,0.2641641091489278,0.0
0.31355,1.879430071189065,0.2712410837964999,0.0
0.3136,1.8872205473795396,0.2783018503820466,0.0
0.31365000000000004,1.8950110235700226,0.28534653230350404,0.0
0.31370000000000003,1.9028014997604972,0.2923752520193346,0.0
0.31375000000000003,1.9105919759509715,0.29938813105567935,0.0
0.3138,1.9183824521414459,0.3063852900134561,0.0
0.31385,1.9242038839906772,0.31335732708439173,0.0
0.3139,1.9279590154654813,0.32029444174934096,0.0
0.31395,1.9317141469402856,0.3271968998854222,0.0
0.314,1.9354692784150898,0.33406496534553365,0.0
0.31405,1.939224409889894,0.34089889997376427,0.0
0.3141,1.9429795413646982,0.3476989636206878,0.0
0.31415000000000004,1.9467346728395067,0.35446541415853994,0.0
0.31420000000000003,1.9504898043143108,0.36119850749628024,0.0
0.31425000000000003,1.9542449357891152,0.3678984975945393,0.0
0.3143,1.9580000672639193,0.37456563648045194,0.0
0.31435,1.9617551987387236,0.38120017426237784,0.0
0.3144,1.9655103302135277,0.3878023591445097,0.0
0.31445,1.969265461688332,0.3943724374413705,0.0
0.3145,1.9730205931631364,0.4009106535922001,0.0
0.31455,1.9767757246379405,0.4074172501752325,0.0
0.3146,1.9805308561127448,0.4138924679218646,0.0
0.31465000000000004,1.9842859875875531,0.42033654573071655,0.0
0.31470000000000004,1.9880411190623575,0.42674972068158534,0.0
0.31475000000000003,1.9917962505371616,0.4331322280492924,0.0
0.3148,1.995551382011966,0.43948430131742544,0.0
0.31485,1.99930651348677,0.4458061721919757,0.0
0.3149,2.0088721047288245,0.45212616761568036,0.0
0.31495,2.046465296218178,0.4585798318488898,0.0
0.315,2.084058487707532,0.4651661472218046,0.0
0.31505,2.5608282443880364,0.4740077815939083,0.0
0.3151,3.051628244388302,0.4851554088958151,0.0
0.31515000000000004,3.5424282443889905,0.49859147275539345,0.0
0.31520000000000004,4.033228244388297,0.5142985504636197,0.0
0.31525000000000003,4.144875022280574,0.5304259224496801,0.0
0.3153,4.130918624176313,0.5463630234041583,0.0
0.31535,4.116962226072053,0.5621113019303842,0.0
0.3154,4.103005827967792,0.5776721956029377,0.0
0.31545,4.089049429863531,0.593047131051615,0.0
0.3155,4.075093031759271,0.608237524044755,0.0
0.31555,4.474031158020251,0.6252413681810477,0.0
0.3156,4.964831158020228,0.6444890633428018,0.0
0.31565000000000004,5.0060787430721945,0.0,1.0
0.31570000000000004,5.0119197862264935,0.024235588908251907,0.0
0.31575000000000003,5.017760829380793,0.048314908255768146,0.0
0.3158,5.023601872535092,0.072239147780178,0.0
0.31585,5.029442915689391,0.09600948816120067,0.0
0.3159,5.03528395884369,0.11962710108960653,0.0
0.31595,5.041125001997989,0.14309314933565326,0.0
0.316,5.046966045152288,0.166408786817001,0.0
0.31605,5.052807088306587,0.18957515866611038,0.0
0.3161,5.058648131460886,0.21259340129712756,0.0
0.31615000000000004,5.0644891746151925,0.23546464247225998,0.0
0.31620000000000004,5.0703302177694916,0.2581900013676466,0.0
0.31625000000000003,5.076171260923791,0.28077058863872684,0.0
0.3163,5.08201230407809,0.30320750648511197,0.0
0.31635,5.087853347232389,0.3255018487149623,0.0
0.3164,5.093694390386688,0.3476547008088744,0.0
0.31645,5.099535433540987,0.3696671399832818,0.0
0.3165,5.105376476695286,0.3915402352533734,0.0
0.31655,5.111217519849585,0.4132750474955322,0.0
0.3166,5.1170585630038845,0.4348726295092992,0.0
0.31665000000000004,5.12289960615819,0.4563340260788656,0.0
0.31670000000000004,5.128740649312489,0.477660274034096,0.0
0.31675000000000003,5.122041078980412,0.49879176104664735,0.0
0.3168,5.083724542429673,0.519577083219351,0.0
0.31685,5.045408005878933,0.5400188760324244,0.0
0.3169,5.007091469328194,0.5601197549012049,0.0
0.31695,4.968774932777455,0.5798823153289112,0.0
0.317,4.930458396226715,0.5993091330582416,0.0
0.31705,4.892141859675976,0.6184027642218181,0.0
0.3171,4.853825323125237,0.637165745491485,0.0
0.31715,4.815508786574497,0.0,1.0
0.31720000000000004,4.777192250023716,0.02310054279508567,0.0
0.31725000000000003,4.738875713472977,0.04583992960459052,0.0
0.3173,4.700559176922238,0.06822091004183697,0.0
0.31735,4.662242640371498,0.09024621278633013,0.0
0.3174,4.623926103820759,0.11191854574313463,0.0
0.31745,4.58560956727002,0.13324059620103812,0.0
0.3175,4.547293030719281,0.1542150309895105,0.0
0.31755,4.508976494168541,0.17484449663446833,0.0
0.3176,4.470659957617802,0.19513161951285313,0.0
0.31765,4.432343421067063,0.21507900600603302,0.0
0.31770000000000004,4.394026884516281,0.23468924265203617,0.0
0.31775000000000003,4.355710347965542,0.25396489629662594,0.0
0.3178,4.317393811414803,0.27290851424322493,0.0
0.31785,4.279077274864063,0.291522624401698,0.0
0.3179,4.240760738313324,0.3098097354360027,0.0
0.31795,4.202444201762585,0.32777233691071533,0.0
0.318,4.164127665211845,0.3454128994364416,0.0
0.31805,4.125811128661106,0.3627338748141203,0.0
0.3181,4.087494592110367,0.37973769617822795,0.0
0.31815,4.049178055559628,0.3964267781388937,0.0
0.31820000000000004,4.010861519008847,0.4128035169229317,0.0
0.31825000000000003,3.972544982458107,0.42887029051380055,0.0
0.3183,3.934228445907368,0.4446294587904961,0.0
0.31835,3.8959119093566286,0.4600833636653877,0.0
0.3184,3.857595372805889,0.4752343292210048,0.0
0.31845,3.81927883625515,0.49008466184578164,0.0
0.3185,3.7809622997044112,0.5046366503687695,0.0
0.31855,3.7426457631536714,0.5188925661933222,0.0
0.3186,3.7043292266029324,0.5328546634297648,0.0
0.31865,3.6660126900521934,0.5465251790270516,0.0
0.31870000000000004,3.6276961535014114,0.5599063329034213,0.0
0.31875000000000003,3.6404249030351417,0.5732471621480348,0.0
0.31880000000000003,3.6789803170478907,0.5866728609261315,0.0
0.31885,3.9240632079679667,0.6011814652848185,0.0
0.3189,4.4148632079681125,0.6179529178469436,0.0
0.31895,4.9056632079676845,0.6369699907170371,0.0
0.319,4.929371397630209,0.0,1.0
0.31905,4.493686937369292,0.021729627356718045,0.0
0.3191,4.058002477108374,0.04118702767604465,0.0
0.31915,3.622318016847456,0.058389500257958235,0.0
0.31920000000000004,3.186633556586054,0.07335421269650284,0.0
0.31925000000000003,2.750949096325136,0.08609820188252089,0.0
0.31930000000000003,2.315264636064218,0.09663837499873765,0.0
0.31935,1.8795801758033006,0.10499151050727923,0.0
0.3194,1.4438957155423826,0.11117425912966979,0.0
0.31945,1.0082112552814646,0.1152031448193677,0.0
0.3195,0.572526795020547,0.11709456572689751,0.0
0.31955,0.1368423347596286,0.11686479515763387,0.0
0.3196,0.010318669038783803,0.11602495735082395,0.0
0.31965,0.048874083051552185,0.11537795171027097,0.0
0.31970000000000004,0.28847486249443716,0.11589448308073916,0.0
0.31975000000000003,0.7792748624941612,0.11878038945146416,0.0
0.31980000000000003,1.27007486249443,0.12401763189930567,0.0
0.31985,1.760874862494699,0.1315883088380759,0.0
0.3199,2.2516748624940894,0.14147465497294118,0.0
0.31995,2.742474862494297,0.1536590402627983,0.0
0.32,3.233274862494048,0.16812396889052375,0.0
0.32005,3.367601276437648,0.18312831815377334,0.0
0.3201,3.2165039765341015,0.1972877892050134,0.0
0.32015,3.0654066766305554,0.2106088144127503,0.0
0.32020000000000004,2.914309376726841,0.223097777173503,0.0
0.32025000000000003,2.763212076823295,0.23476101228464694,0.0
0.32030000000000003,2.6121147769197486,0.24560480631441498,0.0
0.32035,2.4610174770162025,0.2556353979690843,0.0
0.3204,2.309920177112656,0.2648589784573671,0.0
0.32045,2.1588228772091096,0.27328169185202705,0.0
0.3205,2.0077255773055636,0.28090963544874253,0.0
0.32055,1.8566282774020173,0.2877488601222378,0.0
0.3206,1.705530977498471,0.29380537067970297,0.0
0.32065,1.5544336775949248,0.2990851262115227,0.0
0.32070000000000004,1.4033363776912107,0.3035940404393347,0.0
0.32075000000000004,1.2522390777876646,0.30733798206144064,0.0
0.32080000000000003,1.1011417778841182,0.31032277509558337,0.0
0.32085,0.9500444779805721,0.312554199219117,0.0
0.3209,0.7989471780770256,0.31403799010658656,0.0
0.32095,0.6478498781734796,0.3147798397647377,0.0
0.321,0.49675257826993313,0.31478539686497575,0.0
0.32105,0.3456552783663871,0.3140602670732934,0.0
0.3211,0.19455797846284062,0.3126100133776868,0.0
0.32115,0.043460678559294585,0.3104401564130789,0.0
0.32120000000000004,-0.07321402268694271,0.30772262835561287,0.0
0.32125000000000004,-0.07310096118037743,0.305026336557621,0.0
0.32130000000000003,-0.07298789967381214,0.302351119339651,0.0
0.32135,-0.07287483816724685,0.29969681625317557,0.0
0.3214,-0.07276177666068157,0.29706326807122113,0.0
0.32145,-0.07264871515411628,0.2944503167790675,0.0
0.3215,-0.07253565364755099,0.2918578055650189,0.0
0.32155,-0.0724225921409857,0.28928557881124434,0.0
0.3216,-0.07230953063442042,0.28673348208468885,0.0
0.32165,-0.07219646912785514,0.28420136212805297,0.0
0.32170000000000004,-0.07208340762128973,0.28168906685084144,0.0
0.32175000000000004,-0.07197034611472444,0.2791964453204799,0.0
0.32180000000000003,-0.07185728460815916,0.2767233477534991,0.0
0.32185,-0.07174422310159387,0.2742696255067865,0.0
0.3219,-0.07163116159502858,0.2718351310689043,0.0
0.32195,-0.0715181000884633,0.2694197180514733,0.0
0.322,-0.071405038581898,0.26702324118062304,0.0
0.32205,-0.07129197707533272,0.26464555628850644,0.0
0.3221,-0.07117891556876743,0.2622865203048792,0.0
0.32215,-0.07106585406220214,0.2599459912487434,0.0
0.32220000000000004,-0.07095279255563673,0.2576238282200547,0.0
0.32225000000000004,-0.07083973104907146,0.2553198913914926,0.0
0.32230000000000003,-0.07072666954250617,0.25303404200029334,0.0
0.32235,-0.07061360803594088,0.25076614234014527,0.0
0.3224,-0.0705005465293756,0.24851605575314537,0.0
0.32245,-0.07038748502281031,0.24628364662181754,0.0
0.3225,-0.07027442351624502,0.2440687803611914,0.0
0.32255,-0.07016136200967973,0.24187132341094145,0.0
0.3226,-0.07004830050311445,0.23969114322758606,0.0
0.32265,-0.06993523899654916,0.23752810827674584,0.0
0.32270000000000004,-0.06982217748998375,0.23538208802546098,0.0
0.32275000000000004,-0.06970911598341847,0.2332529529345672,0.0
0.32280000000000003,-0.06959605447685319,0.23114057445112934,0.0
0.32285,-0.0694829929702879,0.22904482500093318,0.0
0.3229,-0.06936993146372261,0.22696557798103378,0.0
0.32295,-0.06925686995715732,0.22490270775236107,0.0
0.323,-0.06914380845059204,0.22285608963238132,0.0
0.32305,-0.06903074694402675,0.22082559988781486,0.0
0.3231,-0.06891768543746146,0.21881111572740894,0.0
0.32315,-0.06880462393089617,0.21681251529476578,0.0
0.32320000000000004,-0.06869156242433076,0.21482967766122515,0.0
0.32325000000000004,-0.06857850091776548,0.2128624828188012,0.0
0.32330000000000003,-0.0684654394112002,0.21091081167317302,0.0
0.32335,-0.06835237790463491,0.2089745460367285,0.0
0.3234,-0.06823931639806963,0.2070535686216613,0.0
0.32345,-0.06812625489150434,0.20514776303312032,0.0
0.3235,-0.06801319338493905,0.20325701376241123,0.0
0.32355,-0.06790013187837377,0.20138120618024988,0.0
0.3236,-0.06778707037180848,0.19952022653006699,0.0
0.32365,-0.0654013723731933,0.19768495145952658,0.0
0.32370000000000004,-0.059627254726128676,0.19589157027818302,0.0
0.32375000000000004,-0.05385313707907047,0.1941397640324526,0.0
0.32380000000000003,-0.04807901943201226,0.19242921619706255,0.0
0.32385,-0.042304901784954045,0.19075961265656344,0.0
0.3239,-0.03653078413789584,0.1891306416869822,0.0
0.32395,-0.03075666649083763,0.1875419939376151,0.0
0.324,-0.02498254884377942,0.18599336241295894,0.0
0.32405,-0.019208431196721214,0.1844844424547803,0.0
0.3241,-0.013434313549663006,0.18301493172432082,0.0
0.32415,-0.007660195902604798,0.18158453018463833,0.0
0.3242,-0.0018860782555465833,0.1801929400830822,0.0
0.32425000000000004,1.455627238062398,0.18585988140136306,0.0
0.32430000000000003,0.5201185669695426,0.1869599418909765,0.0
0.32435,1.0109185669688245,0.1904249347590854,0.0
0.3244,0.5215334444901065,0.1914970815863338,0.0
0.32445,0.800549736434615,0.19391027414051024,0.0
0.3245,2.483318566968628,0.20444227420398897,0.0
0.32455,2.9741185669687287,0.2172673978216808,0.0
0.3246,1.6894375135768505,0.22378268827679496,0.0
0.32465,2.579076666692397,0.23455030557066417,0.0
0.3247,1.0380493133495954,0.23778416866448002,0.0
0.32475000000000004,0.9703910259592377,0.24066624343541138,0.0
0.32480000000000003,1.4224424795598687,0.24571231137360128,0.0
0.32485,0.7618522092899683,0.24752561807435658,0.0
0.3249,1.7310033767740653,0.25401153704214774,0.0
0.32495,3.9057214806005773,0.27096412131332653,0.0
0.325,4.396521480600407,0.29016094687016825,0.0
0.32505,4.887321480600403,0.31158492747851413,0.0
0.3251,5.011344743568073,0.33344552508744496,0.0
0.32515,5.020832968524135,0.35518557109337023,0.0
0.3252,5.030321193480198,0.37680598329997284,0.0
0.32525000000000004,5.0398094184362705,0.39830767252335875,0.0
0.32530000000000003,5.049297643392333,0.41969154264525593,0.0
0.32535000000000003,5.058785868348395,0.4409584906658084,0.0
0.3254,5.068274093304458,0.4621094067559683,0.0
0.32545,5.07776231826052,0.48314517430948895,0.0
0.3255,5.087250543216583,0.5040666699945221,0.0
0.32555,5.096738768172645,0.5248747638048227,0.0
0.3256,5.106226993128708,0.5455703191105631,0.0
0.32565,5.1108341635412575,0.5661305899305044,0.0
0.3257,5.111639622702746,0.5865382227184956,0.0
0.32575000000000004,5.1124450818642355,0.6067943795640023,0.0
0.32580000000000003,5.113250541025724,0.6269002137090751,0.0
0.32585000000000003,5.114056000187212,0.6468568696157092,0.0
0.3259,5.114861459348701,0.0,1.0
0.32595,5.115666918510189,0.024737267497631478,0.0
0.326,5.116472377671677,0.049290095951641605,0.0
0.32605,5.117277836833166,0.07365988956429137,0.0
0.3261,5.118083295994654,0.09784804184713355,0.0
0.32615,5.118888755156142,0.1218559357024051,0.0
0.3262,5.119694214317631,0.14568494350379968,0.0
0.32625000000000004,5.12049967347912,0.16933642717662542,0.0
0.32630000000000003,5.121305132640608,0.1928117382773522,0.0
0.32635000000000003,5.122110591802097,0.2161122180725536,0.0
0.3264,5.122916050963585,0.23923919761724743,0.0
0.32645,5.1237215101250735,0.2621939978326403,0.0
0.3265,5.1245269692865625,0.28497792958327994,0.0
0.32655,5.125332428448051,0.30759229375362024,0.0
0.3266,5.126137887609539,0.33003838132400337,0.0
0.32665,5.126943346771028,0.3523174734460634,0.0
0.3267,5.127748805932516,0.37443084151755596,0.0
0.32675000000000004,5.128554265094005,0.396379747256618,0.0
0.32680000000000003,5.129359724255494,0.4181654427754624,0.0
0.32685000000000003,5.130165183416982,0.43978917065351125,0.0
0.3269,5.13097064257847,0.46125216400997265,0.0
0.32695,5.131776101739959,0.4825556465758647,0.0
0.327,5.132581560901447,0.5037008327654913,0.0
0.32705,5.133387020062935,0.5246889277473736,0.0
0.3271,5.134192479224424,0.5455211275146418,0.0
0.32715,5.134997938385912,0.5661986189548904,0.0
0.3272,5.1358033975474005,0.5867225799195024,0.0
0.32725000000000004,5.13660885670889,0.6070941792924449,0.0
0.32730000000000004,5.1374143158703784,0.6273145770585418,0.0
0.32735000000000003,5.1382197750318666,0.6473849243712256,0.0
0.3274,5.1390252341933556,0.0,1.0
0.32745,5.139830693354844,0.02485411360423039,0.0
0.3275,5.140636152516332,0.04952289857246327,0.0
0.32755,5.141441611677821,0.0740077658797535,0.0
0.3276,5.142247070839309,0.09831011575888399,0.0
0.32765,5.143052530000797,0.12243133778215058,0.0
0.3277,5.143857989162286,0.14637281094252427,0.0
0.32775000000000004,5.144663448323775,0.17013590373419546,0.0
0.32780000000000004,5.145468907485263,0.19372197423250506,0.0
0.32785000000000003,5.146274366646752,0.21713237017326703,0.0
0.3279,5.14707982580824,0.24036842903148697,0.0
0.32795,5.147885284969728,0.2634314780994815,0.0
0.328,5.148690744131217,0.28632283456440266,0.0
0.32805,5.149496203292705,0.30904380558517247,0.0
0.3281,5.1503016624541935,0.3315956883688313,0.0
0.32815,5.0360292258177495,0.3534233007308415,0.0
0.3282,4.777990414075818,0.3738369615707976,0.0
0.32825000000000004,4.5199516023336,0.39284743582157355,0.0
0.32830000000000004,4.261912790591667,0.4104654064586536,0.0
0.32835000000000003,4.003873978849736,0.42670147512409984,0.0
0.3284,3.7458351671078045,0.441566162745775,0.0
0.32845,3.4877963553658726,0.4550699101518491,0.0
0.3285,3.2297575436239407,0.4672230786806283,0.0
0.32855,2.971718731882009,0.4780359507857398,0.0
0.3286,2.7136799201400774,0.48751873063671053,0.0
0.32865,2.4556411083981455,0.49568154471497244,0.0
0.3287,2.1976022966562136,0.5025344424053307,0.0
0.32875000000000004,1.9395634849139958,0.5080873965829271,0.0
0.32880000000000004,1.6815246731720639,0.5123503041957407,0.0
0.32885000000000003,1.423485861430132,0.5153329868426446,0.0
0.3289,1.1654470496882001,0.5170451913470684,0.0
0.32895,0.9074082379462682,0.5174965903262907,0.0
0.329,0.6493694262043368,0.5166967827563979,0.0
0.32905,0.39133061446240536,0.5146552945329418,0.0
0.3291,0.13329180272047303,0.5113815790273285,0.0
0.32915,0.2109651850747397,0.5085083841481406,0.0
0.3292,0.701765185074883,0.5080303715016194,0.0
0.32925000000000004,1.192565185075574,0.5099293056846745,0.0
0.32930000000000004,1.6833651850750042,0.514187090127036,0.0
0.32935000000000003,2.174165185074728,0.5207857660342853,0.0
0.3294,2.6649651850749967,0.5297075113389109,0.0
0.32945,3.1557651850752655,0.5409346396593521,0.0
0.3295,3.6465651850745573,0.5544495992669697,0.0
0.32955,4.137365185074765,0.5702349720608982,0.0
0.3296,4.628165185074437,0.5882734725506721,0.0
0.32965,5.03069052043285,0.6081210867661527,0.0
0.3297,4.83485043017338,0.6268705914255575,0.0
0.32975000000000004,4.639010339913693,0.6445303468407321,0.0
0.32980000000000004,4.443170249654223,0.0,1.0
0.32985000000000003,4.247330159394753,0.02053834699900751,0.0
0.3299,4.0514900691352835,0.03997332563926198,0.0
0.32995,3.855649978875814,0.05831333626980893,0.0
0.33,3.659809888616344,0.07556671528474762,0.0
0.33005,3.4639697983568745,0.0917417356101436,0.0
0.3301,3.2681297080974048,0.10684660718723413,0.0
0.33015,3.072289617837935,0.1208894774519549,0.0
0.3302,2.876449527578465,0.13387843181081585,0.0
0.33025000000000004,2.680609437318778,0.14582149411315293,0.0
0.33030000000000004,2.4847693470593084,0.15672662711978866,0.0
0.33035000000000003,2.2889292567998383,0.1666017329681183,0.0
0.3304,2.0930891665403686,0.1754546536336594,0.0
0.33045,1.897249076280899,0.18329317138808618,0.0
0.3305,1.7014089860214292,0.19012500925377696,0.0
0.33055,1.5055688957619595,0.19595783145490075,0.0
0.3306,1.3097288055024898,0.2007992438650697,0.0
0.33065,1.1138887152430201,0.2046567944515833,0.0
0.3307,0.91804862498355,0.20753797371629049,0.0
0.33075,0.7222085347240803,0.20945021513309517,0.0
0.33080000000000004,0.526368444464393,0.21040089558213,0.0
0.33085000000000003,0.3305283542049233,0.21039733578062855,0.0
0.3309,0.13468826394545363,0.2094468007105112,0.0
0.33095,-0.061151826314016056,0.2075565000427194,0.0
0.331,-0.06880130725060973,0.20564360117593408,0.0
0.33105,-0.06849051339878777,0.2037467687832562,0.0
0.3311,-0.06817971954696579,0.2018658805447104,0.0
0.33115,-0.06786892569514381,0.20000081507158832,0.0
0.3312,-0.06755813184332184,0.1981514518993584,0.0
0.33125,-0.06724733799149986,0.19631767148062995,0.0
0.33130000000000004,-0.06693654413967753,0.19449935517817046,0.0
0.33135000000000003,-0.06662575028785556,0.1926963852579763,0.0
0.33140000000000003,-0.06631495643603358,0.19090864488239612,0.0
0.33145,-0.0660041625842116,0.18913601810330657,0.0
0.3315,-0.06569336873238962,0.18737838985534003,0.0
0.33155,-0.06538257488056765,0.18563564594916376,0.0
0.3316,-0.06507178102874567,0.18390767306481046,0.0
0.33165,-0.06476098717692369,0.1821943587450594,0.0
0.3317,-0.06445019332510171,0.180495591388868,0.0
0.33175,-0.06413939947327973,0.1788112602448535,0.0
0.33180000000000004,-0.06382860562145741,0.17714125540482412,0.0
0.33185000000000003,-0.06351781176963545,0.17548546779735955,0.0
0.33190000000000003,-0.06320701791781347,0.1738437891814403,0.0
0.33195,-0.06289622406599149,0.1722161121401256,0.0
0.332,-0.06258543021416951,0.17060233007427933,0.0
0.33205,-0.06227463636234753,0.16900233719634378,0.0
0.3321,-0.06196384251052556,0.16741602852416082,0.0
0.33215,-0.06165304865870358,0.16584329987484012,0.0
0.3322,-0.0613422548068816,0.16428404785867398,0.0
0.33225,-0.061031460955059624,0.16273816987309858,0.0
0.33230000000000004,-0.0607206671032373,0.16120556409670111,0.0
0.33235000000000003,-0.06040987325141532,0.15968612948327268,0.0
0.33240000000000003,-0.060099079399593344,0.1581797657559063,0.0
0.33245,-0.059788285547771367,0.15668637340113994,0.0
0.3325,-0.05947749169594939,0.15520585366314418,0.0
0.33255,-0.05916669784412741,0.15373810853795403,0.0
0.3326,-0.05885590399230543,0.1522830407677447,0.0
0.33265,-0.05854511014048346,0.15084055383515108,0.0
0.3327,-0.058234316288661485,0.1494105519576301,0.0
0.33275,-0.05792352243683951,0.1479929400818665,0.0
0.33280000000000004,-0.05761272858501718,0.14658762387822089,0.0
0.33285000000000003,-0.057301934733195205,0.14519450973522005,0.0
0.33290000000000003,-0.056991140881373234,0.14381350475408936,0.0
0.33295,-0.056680347029551256,0.14244451674332673,0.0
0.333,-0.05636955317772928,0.14108745421331786,0.0
0.33305,-0.0560587593259073,0.13974222637099254,0.0
0.3331,-0.05574796547408532,0.1384087431145216,0.0
0.33315,-0.055437171622263345,0.13708691502805417,0.0
0.3332,-0.05512637777044137,0.13577665337649522,0.0
0.33325,-0.05481558391861939,0.13447787010032258,0.0
0.33330000000000004,-0.054504790066797065,0.1331904778104436,0.0
0.33335000000000004,-0.05419399621497509,0.13191438978309095,0.0
0.33340000000000003,-0.05229786725436387,0.1306571859852639,0.0
0.33345,-0.038024041751011164,0.1294785761092859,0.0
0.3335,-0.023750216247658468,0.12837796179072933,0.0
0.33355,-0.009476390744305764,0.12735474922073503,0.0
0.3336,0.00479743475904694,0.12640834911132906,0.0
0.33365,0.019071260262399643,0.1255381766610035,0.0
0.3337,0.03334508576575234,0.12474365152055936,0.0
0.33375,0.04465129310021245,0.12400984757464037,0.0
0.33380000000000004,0.05534490692441717,0.12333334027944753,0.0
0.33385000000000004,0.06603852074861002,0.1227136934145097,0.0
0.33390000000000003,0.07673213457280287,0.12215047408046265,0.0
0.33395,0.08742574839699571,0.12164325267376418,0.0
0.334,0.09811936222118856,0.12119160286160184,0.0
0.33405,0.39261180318128963,0.12216743631103377,0.0
0.3341,0.8834118031812045,0.12550914792510184,0.0
0.33415,1.3742118031812824,0.13119872540335933,0.0
0.3342,1.8650118031815515,0.13921829357962645,0.0
0.33425,2.35581180318107,0.14955011337793203,0.0
0.33430000000000004,2.8466118031816525,0.16217658077642202,0.0
0.33435000000000004,3.337411803181362,0.17708022577912477,0.0
0.33440000000000003,3.828211803181537,0.19424371139557847,0.0
0.33445,4.319011803181655,0.21364983262820234,0.0
0.3345,4.665672669186383,0.23458451772079628,0.0
0.33455,4.701004672037392,0.2555306704352992,0.0
0.3346,4.736336674888402,0.27648820346448866,0.0
0.33465,4.765996974348745,0.2974296041339744,0.0
0.3347,4.793065769704327,0.31834246381415954,0.0
0.33475,4.8201345650599094,0.3392269997980906,0.0
0.33480000000000004,4.847203360415522,0.3600834277244826,0.0
0.33485000000000004,4.99674788240579,0.3815042039821638,0.0
0.33490000000000003,5.008880017237251,0.40282056202251837,0.0
0.33495,5.021012152068712,0.4240332968198316,0.0
0.335,5.033144286900172,0.44514319729595697,0.0
0.33505,5.045276421731633,0.4661510463663959,0.0
0.3351,5.057408556563094,0.4870576209860263,0.0
0.33515,5.067186913580215,0.507852310290158,0.0
0.3352,5.0707235028516315,0.5285057834735092,0.0
0.33525,5.0742600921230485,0.5490191156663352,0.0
0.33530000000000004,5.077796681394469,0.5693933738135296,0.0
0.33535000000000004,5.081333270665886,0.589629616736942,0.0
0.33540000000000003,5.084869859937302,0.6097288951972221,0.0
0.33545,5.088406449208719,0.6296922519551921,0.0
0.3355,5.091943038480136,0.6495207218327529,0.0
0.33555,5.095479627751553,0.0,1.0
0.3356,5.09901621702297,0.024656751532993088,0.0
0.33565,5.102552806294386,0.04914288364530072,0.0
0.3357,5.106089395565803,0.07345969532531271,0.0
0.33575,5.10962598483722,0.09760847567174259,0.0
0.33580000000000004,5.113162574108641,0.12159050396892139,0.0
0.33585000000000004,5.116699163380058,0.14540704976151805,0.0
0.33590000000000003,5.120235752651475,0.16905937292869114,0.0
0.33595,5.123772341922891,0.1925487237576759,0.0
0.336,5.127308931194308,0.21587634301681113,0.0
0.33605,5.130845520465725,0.23904346202801,0.0
0.3361,5.134382109737142,0.2620513027386791,0.0
0.33615,5.137918699008559,0.2849010777930902,0.0
0.3362,5.141455288279975,0.30759399060320824,0.0
0.33625,5.144991877551392,0.3301312354189804,0.0
0.33630000000000004,5.148528466822812,0.35251399739808975,0.0
0.33635000000000004,5.152065056094229,0.3747434526751783,0.0
0.33640000000000003,5.07910140022462,0.3964508446145799,0.0
0.33645,4.9716412579203,0.4174733370136204,0.0
0.3365,4.86418111561598,0.43781614426435156,0.0
0.33655,4.756720973311661,0.4574844410597411,0.0
0.3366,4.649260831007341,0.47648336269591646,0.0
0.33665,4.541800688703021,0.49481800537210713,0.0
0.3367,4.434340546398701,0.512493426488304,0.0
0.33675,4.326880404094382,0.529514644940652,0.0
0.33680000000000004,4.219420261789942,0.5458866414145939,0.0
0.33685000000000004,4.111960119485623,0.5616143586757834,0.0
0.33690000000000003,4.004499977181303,0.5767027018587814,0.0
0.33695,3.897039834876983,0.5911565387535557,0.0
0.337,3.789579692572663,0.604980700089799,0.0
0.33705,3.6821195502683435,0.6181799798190826,0.0
0.3371,3.574659407964024,0.6307591353948615,0.0
0.33715,3.467199265659704,0.6427228880503484,0.0
0.3372,3.359739123355384,0.0,1.0
0.33725,3.252278981051064,0.015726687529260465,0.0
0.3373,3.1448188387467444,0.030814008820057304,0.0
0.33735000000000004,3.0373586964423054,0.04526683160267096,0.0
0.33740000000000003,2.9298985541379854,0.059089986547562444,0.0
0.33745,2.822438411833666,0.07228826754752163,0.0
0.3375,2.714978269529346,0.08486643199766977,0.0
0.33755,2.6075181272250263,0.09682920107332971,0.0
0.3376,2.5000579849207063,0.10818126000578043,0.0
0.33765,2.3925978426163867,0.11892725835591238,0.0
0.3377,2.2851377003120668,0.12907181028579917,0.0
0.33775,2.1776775580077468,0.1386194948282019,0.0
0.3378,2.070217415703427,0.14757485615402138,0.0
0.33785000000000004,1.9627572733989882,0.15594240383771385,0.0
0.33790000000000003,1.8552971310946682,0.16372661312068806,0.0
0.33795000000000003,1.7478369887903487,0.17093192517269376,0.0
0.338,1.6403768464860287,0.17756274735122224,0.0
0.33805,1.5329167041817087,0.18362345345893155,0.0
0.3381,1.4254565618773891,0.1891183839991118,0.0
0.33815,1.3179964195730691,0.1940518464292054,0.0
0.3382,1.2105362772687496,0.19842811541239738,0.0
0.33825,1.1030761349644296,0.20225143306729004,0.0
0.3383,0.9956159926601096,0.20552600921567682,0.0
0.33835000000000004,0.8881558503556706,0.2082560216284293,0.0
0.33840000000000003,0.7806957080513506,0.21044561626951425,0.0
0.33845000000000003,0.6732355657470315,0.21209890753814967,0.0
0.3385,0.5657754234427115,0.21321997850911936,0.0
0.33855,0.4583152811383915,0.21381288117125738,0.0
0.3386,0.3508551388340715,0.21388163666411678,0.0
0.33865,0.6242555076551011,0.21527192076972895,0.0
0.3387,1.1150555076553956,0.21902492767473192,0.0
0.33875,1.6058555076556182,0.2251226691016337,0.0
0.3388,4.166046928619121,0.243554022065529,0.0
0.33885000000000004,2.5874555076561974,0.2542116295640446,0.0
0.33890000000000003,1.7180382339660811,0.2605839513536278,0.0
0.33895000000000003,3.5690555076560204,0.27585851882527146,0.0
0.339,1.0650584212876846,0.2789084922724212,0.0
0.33905,4.55065550765536,0.29879016336279196,0.0
0.3391,3.167557257710475,0.31183237199407476,0.0
0.33915,2.5374584212869937,0.32172838589931163,0.0
0.3392,2.5475015587793797,0.33159762230637224,0.0
0.33925,3.519058421287111,0.3460897711799499,0.0
0.3393,4.0098584212867125,0.362844893538622,0.0
0.33935000000000004,4.378643699971967,0.3812557473739462,0.0
0.33940000000000003,3.9753945918922255,0.39757648527784756,0.0
0.33945000000000003,3.572145483812484,0.4118230200714889,0.0
0.3395,3.1688963757327424,0.4240111434258741,0.0
0.33955,2.7656472676530006,0.4341565267842087,0.0
0.3396,2.3623981595732593,0.4422747222772385,0.0
0.33965,1.9591490514935175,0.4483811636316191,0.0
0.3397,1.5558999434137757,0.45249116707136977,0.0
0.33975,1.1526508353340343,0.4546199322124642,0.0
0.3398,0.7494017272542925,0.4547825429506106,0.0
0.33985000000000004,0.3461526191741031,0.4529939683422702,0.0
0.33990000000000004,-0.05709648890563823,0.4492690634789773,0.0
0.33995000000000003,-0.06893281966077532,0.4455152820441804,0.0
0.34,-0.06899807115645445,0.44178976399830994,0.0
0.34005,-0.06906332265213361,0.438092294161793,0.0
0.3401,-0.06912857414781275,0.434422658993298,0.0
0.34015,-0.0691938256434919,0.4307806465772619,0.0
0.3402,-0.06925907713917105,0.42716604661151275,0.0
0.34025,-0.06932432863485019,0.42357865039498643,0.0
0.3403,-0.06938958013052934,0.4200182508155368,0.0
0.34035000000000004,-0.06945483162620855,0.4164846423378385,0.0
0.34040000000000004,-0.0695200831218877,0.41297762099138235,0.0
0.34045000000000003,-0.06958533461756686,0.4094969843585616,0.0
0.3405,-0.069650586113246,0.40604253156284914,0.0
0.34055,-0.06971583760892515,0.4026140632570648,0.0
0.3406,-0.06978108910460429,0.39921138161173164,0.0
0.34065,-0.06984634060028344,0.39583429030352146,0.0
0.3407,-0.06991159209596258,0.39248259450378764,0.0
0.34075,-0.06997684359164173,0.3891561008671858,0.0
0.3408,-0.07004209508732089,0.3858546175203805,0.0
0.34085000000000004,-0.0701073465830001,0.38257795405083894,0.0
0.34090000000000004,-0.07017259807867925,0.37932592149570865,0.0
0.34095000000000003,-0.07023784957435839,0.37609833233078094,0.0
0.341,-0.07030310107003754,0.37289500045953794,0.0
0.34105,-0.07036835256571669,0.3697157412022829,0.0
0.3411,-0.07043360406139583,0.36656037128535357,0.0
0.34115,-0.07049885555707498,0.36342870883041745,0.0
0.3412,-0.07056410705275412,0.36032057334384865,0.0
0.34125,-0.07062935854843327,0.35723578570618575,0.0
0.3413,-0.07069461004411241,0.35417416816166947,0.0
0.34135000000000004,-0.07075986153979164,0.35113554430786065,0.0
0.34140000000000004,-0.07082511303547079,0.34811973908533667,0.0
0.34145000000000003,-0.07089036453114993,0.3451265787674667,0.0
0.3415,-0.07095561602682908,0.34215589095026466,0.0
0.34155,-0.07102086752250822,0.33920750454231935,0.0
0.3416,-0.07108611901818737,0.33628124975480145,0.0
0.34165,-0.07115137051386652,0.3333769580915464,0.0
0.3417,-0.07121662200954566,0.33049446233921287,0.0
0.34175,-0.07128187350522482,0.3276335965575163,0.0
0.3418,-0.07134712500090395,0.3247941960695364,0.0
0.34185000000000004,-0.07141237649658318,0.321976097452099,0.0
0.34190000000000004,-0.07147762799226233,0.3191791385262304,0.0
0.34195000000000003,-0.07154287948794147,0.3164031583476853,0.0
0.342,-0.07160813098362062,0.313647997197546,0.0
0.34205,-0.07167338247929976,0.31091349657289363,0.0
0.3421,-0.07173863397497891,0.30819949917755046,0.0
0.34215,-0.07180388547065805,0.3055058489128923,0.0
0.3422,-0.0718691369663372,0.30283239086873115,0.0
0.34225,-0.07193438846201636,0.30017897131426735,0.0
0.3423,-0.0719996399576955,0.29754543768911024,0.0
0.34235000000000004,-0.07206489145337472,0.29493163859436755,0.0
0.34240000000000004,-0.07213014294905387,0.2923374237838025,0.0
0.34245000000000003,-0.07219539444473301,0.2897626441550581,0.0
0.3425,-0.07226064594041216,0.28720715174094846,0.0
0.34255,-0.07130408833863636,0.28467574075061053,0.0
0.3426,-0.06061047451444349,0.28221531225444346,0.0
0.34265,-0.04991686069025063,0.27982532583661746,0.0
0.3427,-0.03922324686605777,0.2775052451956872,0.0
0.34275,-0.028529633041864906,0.27525453811326744,0.0
0.3428,-0.01783601921767204,0.2730726764229472,0.0
0.34285000000000004,-0.007142405393467305,0.27095913597944066,0.0
0.34290000000000004,0.0026658796363430055,0.26890911554095925,0.0
0.34295000000000003,0.01232667344079507,0.2669214182992613,0.0
0.343,0.021987467245247132,0.2649955697649322,0.0
0.34305,0.0316482610496992,0.2631310990610198,0.0
0.3431,0.04130905485415126,0.26132753889553123,0.0
0.34315,0.05096984865860332,0.2595844255341395,0.0
0.3432,0.0606306424630554,0.2579012987730976,0.0
0.34325,0.07029143626750746,0.2562777019123587,0.0
0.3433,0.08234606618243423,0.2547247573387201,0.0
0.34335000000000004,0.10874083362431897,0.25331127017513166,0.0
0.34340000000000004,0.1351356010661744,0.2520361786810493,0.0
0.34345000000000003,0.16153036850802982,0.2508984291993503,0.0
0.3435,0.31510212576253843,0.2505119518675794,0.0
0.34355,0.8059021257617175,0.252501724473367,0.0
0.3436,1.2967021257619864,0.25684965575214963,0.0
0.34365,1.7875021257617103,0.26353779217480566,0.0
0.3437,2.2783021257619795,0.2725483168990378,0.0
0.34375,2.769102125761692,0.28386354872871533,0.0
0.3438,3.259902125761633,0.29746594108115937,0.0
0.34385,3.7507021257614395,0.3133380809622753,0.0
0.34390000000000004,4.241502125761965,0.3314626879494998,0.0
0.34395000000000003,4.328153109200032,0.34986831426292975,0.0
0.34400000000000003,4.336724648656695,0.3681752602251071,0.0
0.34405,4.345296188113357,0.3863842771258327,0.0
0.3441,4.35386772757002,0.40449611053506174,0.0
0.34415,4.362439267026683,0.42251150034645135,0.0
0.3442,4.371010806483346,0.4404311808205761,0.0
0.34425,4.379582345940008,0.4582558806278147,0.0
0.3443,4.3881538853966715,0.4759863228909105,0.0
0.34435,4.396514786253947,0.4936222066653148,0.0
0.34440000000000004,4.40361975361132,0.5111581786801732,0.0
0.34445000000000003,4.410724720968685,0.5285949996004505,0.0
0.34450000000000003,4.41782968832605,0.5459334242998897,0.0
0.34455,4.424934655683415,0.563174201905102,0.0
0.3446,4.432039623040779,0.5803180758393228,0.0
0.34465,4.4391445903981435,0.5973657838658326,0.0
0.3447,4.446249557755508,0.614318058131049,0.0
0.34475,4.453354525112873,0.6311756252072895,0.0
0.3448,4.460459492470238,0.6479392061352096,0.0
0.34485,4.467986321617416,0.0,1.0
0.34490000000000004,4.476869579535977,0.021648305510328713,0.0
0.34495000000000003,4.485752837454529,0.043174750302940684,0.0
0.34500000000000003,4.49463609537308,0.06458026214829049,0.0
0.34505,4.503519353291631,0.08586576175337507,0.0
0.3451,4.512402611210183,0.10703216281551042,0.0
0.34515,4.532313780288616,0.1281336985319846,0.0
0.3452,4.788876914308098,0.15031521460794348,0.0
0.34525,4.800290867796471,0.17238304784412103,0.0
0.3453,4.811704821284843,0.19433806374977997,0.0
0.34535,4.823118774773215,0.21618112124474265,0.0
0.34540000000000004,4.834532728261601,0.2379130727095591,0.0
0.34545000000000003,4.8459466817499735,0.2595347640352927,0.0
0.34550000000000003,4.920657190426648,0.2813531108585571,0.0
0.34555,4.955013190426654,0.30317147811246536,0.0
0.3456,4.989369190426661,0.32498986564147153,0.0
0.34565,5.009677471683473,0.34674034428375156,0.0
0.3457,5.01539220446584,0.3683528626384108,0.0
0.34575,5.0211069372482084,0.3898284710478497,0.0
0.3458,5.026821670030576,0.4111682118578256,0.0
0.34585,5.032536402812944,0.43237311947833446,0.0
0.34590000000000004,5.038251135595319,0.45344422044402855,0.0
0.34595000000000004,5.043965868377686,0.4743825334741743,0.0
0.34600000000000003,5.049680601160055,0.4951890695321538,0.0
0.34605,5.055395333942423,0.5158648318845132,0.0
0.3461,5.06111006672479,0.5364108161595613,0.0
0.34615,5.066824799507159,0.5568280104055228,0.0
0.3462,5.072539532289527,0.5771173951482476,0.0
0.34625,5.0782542650718945,0.597279943448482,0.0
0.3463,5.083968997854263,0.617316620958703,0.0
0.34635,5.08968373063663,0.6372283859795201,0.0
0.34640000000000004,5.095398463419005,0.0,1.0
0.34645000000000004,5.101113196201373,0.024666891664416695,0.0
0.34650000000000003,5.106827928983741,0.04917361931645242,0.0
0.34655,5.112542661766109,0.07352140234362889,0.0
0.3466,5.116589698798156,0.09770338655702572,0.0
0.34665,5.1175644244174725,0.12170597780581371,0.0
0.3467,5.1185391500367885,0.14553054187459877,0.0
0.34675,5.1195138756561045,0.16917843414976633,0.0
0.3468,5.120488601275421,0.19265099969864694,0.0
0.34685,5.121463326894737,0.21594957334807893,0.0
0.34690000000000004,5.122438052514055,0.23907547976237306,0.0
0.34695000000000004,5.123412778133371,0.26203003352068355,0.0
0.34700000000000003,5.124387503752687,0.2848145391937902,0.0
0.34705,5.125362229372004,0.3074302914202957,0.0
0.3471,5.12633695499132,0.329878574982243,0.0
0.34715,5.127311680610636,0.3521606648801569,0.0
0.3472,5.128286406229953,0.3742778264075144,0.0
0.34725,5.129261131849269,0.39623131522464794,0.0
0.3473,5.130235857468585,0.41802237743208615,0.0
0.34735,5.131210583087902,0.4396522496433361,0.0
0.34740000000000004,5.132185308707219,0.46112215905711157,0.0
0.34745000000000004,5.133160034326535,0.4824333235290112,0.0
0.34750000000000003,5.134134759945852,0.5035869516426511,0.0
0.34755,5.1351094855651676,0.524584242780256,0.0
0.3476,5.1360842111844836,0.5454263871927125,0.0
0.34765,5.1370589368038,0.5661145660690898,0.0
0.3477,5.138033662423116,0.5866499516056303,0.0
0.34775,5.139008388042433,0.6070337070742151,0.0
0.3478,5.139983113661749,0.6272669868903091,0.0
0.34785,5.140957839281065,0.6473509366803876,0.0
0.34790000000000004,5.141932564900383,0.0,1.0
0.34795000000000004,5.142907290519699,0.024868990766536262,0.0
0.34800000000000003,5.143882016139015,0.04955335813494875,0.0
0.34805,5.144856741758332,0.07405450771105705,0.0
0.3481,5.145831467377648,0.09837383439928676,0.0
0.34815,5.146806192996964,0.12251272248414319,0.0
0.3482,5.147780918616281,0.14647254571106466,0.0
0.34825,5.148755644235597,0.17025466736666028,0.0
0.3483,4.140943914535813,0.1889823627213974,0.0
0.34835,2.7500548685993094,0.20084170816392458,0.0
0.34840000000000004,1.4622253915497736,0.20638334878248527,0.0
0.34845000000000004,1.4988522572214267,0.212059911356494,0.0
0.34850000000000003,1.5354791228930798,0.21787036867549045,0.0
0.34855,1.969148743868238,0.22573363730362414,0.0
0.3486,2.459948743867655,0.23591034751973017,0.0
0.34865,2.950748743868227,0.2483828862423067,0.0
0.3487,3.4415487438676475,0.26313377448470693,0.0
0.34875,3.9323487438679168,0.2801456663342464,0.0
0.3488,4.423148743867334,0.29940134793904427,0.0
0.34885,4.913948743867423,0.3208837365026111,0.0
0.34890000000000004,4.821162046763578,0.34175389332328066,0.0
0.34895000000000004,4.482781769947019,0.36082888970256943,0.0
0.34900000000000003,4.14440149313046,0.37812239285703364,0.0
0.34905,3.8060212163139013,0.39364796594968404,0.0
0.3491,3.4676409394973424,0.4074190688821841,0.0
0.34915,3.1292606626807835,0.4194490590810163,0.0
0.3492,2.790880385864225,0.4297511922776637,0.0
0.34925,2.452500109047666,0.4383386232828509,0.0
0.3493,2.114119832231107,0.4452244067548915,0.0
0.34935,1.7757395554145483,0.4504214979621847,0.0
0.34940000000000004,1.4373592785976137,0.45394275353990576,0.0
0.34945000000000004,1.0228625767505886,0.45543286442164593,0.0
0.34950000000000003,0.5968453601080927,0.4548515859733965,0.0
0.34955,0.17082814346559694,0.45221468844381735,0.0
0.3496,0.2967603983947261,0.4502068233300755,0.0
0.34965,0.7875603983940589,0.4505875523752933,0.0
0.3497,1.2783603983943277,0.45333869033380986,0.0
0.34975,1.2292736496147874,0.455831519478718,0.0
0.3498,1.1399886822945307,0.4578736243087402,0.0
0.34985,1.050703714974274,0.45946843635382595,0.0
0.34990000000000004,0.961418747653918,0.4606193610184249,0.0
0.34995000000000004,0.8721337803336613,0.4613297777803913,0.0
0.35000000000000003,0.7828488130134045,0.46160304038837136,0.0
0.35005000000000003,0.6935638456931477,0.4614424770576896,0.0
0.3501,0.604278878372891,0.4608513906647434,0.0
0.35015,0.5149939110526341,0.45983305893991766,0.0
0.3502,0.42570894373237744,0.45839073465903046,0.0
0.35025,0.33642397641212063,0.45652764583332156,0.0
0.3503,0.24713900909186393,0.45424699589799417,0.0
0.35035,0.15785404177160722,0.45155196389932123,0.0
0.3504,0.0685690744513503,0.44844570468032746,0.0
0.35045000000000004,-0.020715892869005437,0.44493134906505705,0.0
0.35050000000000003,-0.0704462127498856,0.4412032740967566,0.0
0.35055000000000003,-0.07037083262394492,0.4375039468414554,0.0
0.3506,-0.07029545249800423,0.43383314843224335,0.0
0.35065,-0.07022007237206356,0.43019066166852454,0.0
0.3507,-0.07014469224612287,0.42657627100333106,0.0
0.35075,-0.07006931212018218,0.42298976253073334,0.0
0.3508,-0.06999393199424149,0.41943092397334636,0.0
0.35085,-0.0699185518683008,0.4158995446699308,0.0
0.3509,-0.06984317174236013,0.4123954155630889,0.0
0.35095000000000004,-0.06976779161641936,0.4089183291870537,0.0
0.35100000000000003,-0.06969241149047867,0.40546807965557136,0.0
0.35105000000000003,-0.06961703136453798,0.402044462649876,0.0
0.3511,-0.06954165123859729,0.3986472754067553,0.0
0.35115,-0.06946627111265662,0.3952763167067082,0.0
0.3512,-0.06939089098671593,0.3919313868621915,0.0
0.35125,-0.06931551086077524,0.3886122877059567,0.0
0.3513,-0.06924013073483455,0.3853188225794754,0.0
0.35135,-0.06916475060889388,0.38205079632145306,0.0
0.3514,-0.06908937048295319,0.37880801525642965,0.0
0.35145000000000004,-0.06901399035701242,0.37559028718346776,0.0
0.35150000000000003,-0.06893861023107173,0.3723974213649263,0.0
0.35155000000000003,-0.06886323010513104,0.36922922851532003,0.0
0.3516,-0.06878784997919037,0.36608552079026374,0.0
0.35165,-0.06871246985324968,0.36296611177550053,0.0
0.3517,-0.06863708972730899,0.3598708164760138,0.0
0.35175,-0.0685617096013683,0.35679945130522217,0.0
0.3518,-0.06848632947542763,0.3537518340742562,0.0
0.35185,-0.06841094934948694,0.35072778398131743,0.0
0.3519,-0.06833556922354625,0.347727121601118,0.0
0.35195000000000004,-0.06826018909760548,0.34474966887440067,0.0
0.35200000000000004,-0.06818480897166479,0.34179524909753883,0.0
0.35205000000000003,-0.06810942884572412,0.3388636869122156,0.0
0.3521,-0.06803404871978343,0.3359548082951813,0.0
0.35215,-0.06795866859384274,0.3330684405480895,0.0
0.3522,-0.06788328846790205,0.33020441228740954,0.0
0.35225,-0.06780790834196136,0.3273625534344167,0.0
0.3523,-0.06773252821602069,0.3245426952052582,0.0
0.35235,-0.06264730854707731,0.3217688956307997,0.0
0.3524,-0.05650532902489368,0.31904591410688365,0.0
0.35245000000000004,-0.05036334950270323,0.3163733637370046,0.0
0.35250000000000004,-0.04422136998051959,0.31375086057024226,0.0
0.35255000000000003,-0.03807939045833596,0.311178023578836,0.0
0.3526,-0.03193741093615232,0.30865447463592954,0.0
0.35265,0.28758953471126825,0.3076952396836462,0.0
0.3527,0.7783895347105773,0.30911661528330125,0.0
0.35275,1.2691895347107847,0.3129004769713695,0.0
0.3528,1.7599895347107568,0.31902883827252604,0.0
0.35285,2.250789534710709,0.32748384964909744,0.0
0.3529,2.52463582837335,0.33719869829826593,0.0
0.35295000000000004,2.317813994311973,0.345839478651759,0.0
0.35300000000000004,2.1109921602508255,0.35341436798646886,0.0
0.35305000000000003,1.9041703261896783,0.35993148132267067,0.0
0.3531,1.7099924483429652,0.3654600128855035,0.0
0.35315,2.2007924483421952,0.37331976124811483,0.0
0.3532,2.678784306702922,0.383431043078891,0.0
0.35325,2.683451480533275,0.3934879125418029,0.0
0.3533,2.688118654363628,0.4034907838982156,0.0
0.35335,2.692785828193981,0.41344006825557006,0.0
0.3534,2.6974530020243344,0.4233361735913951,0.0
0.35345000000000004,2.7021201758546924,0.4331795047771366,0.0
0.35350000000000004,2.7067873496850456,0.4429704636018053,0.0
0.35355000000000003,2.711454523515399,0.45270944879544434,0.0
0.3536,2.716121697345752,0.4623968560524185,0.0
0.35365,2.720788871176105,0.4720330780545258,0.0
0.3537,2.725456045006458,0.48161850449393345,0.0
0.35375,2.730123218836811,0.49115352209593877,0.0
0.3538,2.7347903926671644,0.5006385146415572,0.0
0.35385,2.7394575664975176,0.5100738629899382,0.0
0.3539,2.7441247403278703,0.5194599451006106,0.0
0.35395000000000004,2.748791914158229,0.5287971360555581,0.0
0.35400000000000004,2.753459087988582,0.5380858080811276,0.0
0.35405000000000003,2.758126261818935,0.5473263305697698,0.0
0.3541,2.762793435649288,0.5565190701016148,0.0
0.35415,2.769262245458347,0.5656731024387013,0.0
0.3542,2.7772351959683585,0.574795995680781,0.0
0.35425,2.78520814647837,0.5838879869012348,0.0
0.3543,2.7931810969883815,0.5929493113685166,0.0
0.35435,2.8011540474983927,0.601980202559895,0.0
0.3544,2.8091269980084044,0.6109808921750906,0.0
0.35445000000000004,2.982404102869561,0.6207509532559551,0.0
0.35450000000000004,3.473204102869233,0.6328199388126853,0.0
0.35455000000000003,3.964004102869194,0.6471703462878878,0.0
0.3546,4.45480410286898,0.0,1.0
0.35465,4.888864394915009,0.023640543495720548,0.0
0.3547,4.923871527582619,0.04727038297933822,0.0
0.35475,4.958878660250228,0.07088959994443324,0.0
0.3548,4.983082693191096,0.09444603590376445,0.0
0.35485,4.996321535760983,0.11788714566794482,0.0
0.3549,5.00956037833087,0.14121380725770577,0.0
0.35495000000000004,5.022799220900772,0.16442689200908406,0.0
0.35500000000000004,5.03603806347066,0.18752726462431468,0.0
0.35505000000000003,5.049276906040547,0.2105157832223366,0.0
0.3551,5.062515748610434,0.23339329938891376,0.0
0.35515,5.075754591180322,0.2561606582263745,0.0
0.3552,5.088993433750209,0.2788186984029725,0.0
0.35525,5.102232276320097,0.30136825220187147,0.0
0.3553,5.109812476222974,0.3237827826941916,0.0
0.35535,5.110820113572075,0.3460315356446386,0.0
0.3554,5.111827750921176,0.36811577317859845,0.0
0.35545000000000004,5.112835388270277,0.3900367478124324,0.0
0.35550000000000004,5.113843025619378,0.4117957025266341,0.0
0.35555000000000003,5.114850662968479,0.4333938708384297,0.0
0.3556,5.115858300317579,0.45483247687382494,0.0
0.35565,5.11686593766668,0.4761127354391044,0.0
0.3557,5.11787357501578,0.4972358520917854,0.0
0.35575,5.118881212364881,0.5182030232110328,0.0
0.3558,5.119888849713981,0.539015436067537,0.0
0.35585,5.120896487063082,0.5596742688928598,0.0
0.3559,5.1219041244121835,0.580180690948253,0.0
0.35595000000000004,5.1229117617612845,0.6005358625929526,0.0
0.35600000000000004,5.1239193991103855,0.6207409353519528,0.0
0.35605000000000003,5.1249270364594866,0.640797051983265,0.0
0.3561,5.125934673808587,0.0,1.0
0.35615,5.126942311157688,0.024791790672909517,0.0
0.3562,5.127949948506788,0.049399704848025555,0.0
0.35625,5.128957585855889,0.07382514244474084,0.0
0.3563,5.129965223204989,0.09806949272434697,0.0
0.35635,5.13097286055409,0.12213413437117848,0.0
0.3564,5.131980497903191,0.1460204355731391,0.0
0.35645000000000004,5.132988135252292,0.16972975410161495,0.0
0.35650000000000004,5.133995772601393,0.19326343739077928,0.0
0.35655000000000003,5.135003409950494,0.2166228226162935,0.0
0.35660000000000003,5.136011047299594,0.23980923677340907,0.0
0.35665,5.137018684648695,0.26282399675447454,0.0
0.3567,5.1380263219977955,0.2856684094258528,0.0
0.35675,5.1390339593468966,0.30834377170425264,0.0
0.3568,5.140041596695998,0.33085137063247894,0.0
0.35685,5.141049234045098,0.3531924834546064,0.0
0.3569,5.142056871394199,0.37536837769058107,0.0
0.35695,5.143064508743299,0.3973803112102534,0.0
0.35700000000000004,5.144072146092401,0.41922953230684823,0.0
0.35705000000000003,5.145079783441502,0.44091727976987505,0.0
0.35710000000000003,5.146087420790602,0.4624447829574832,0.0
0.35715,5.147095058139703,0.48381326186826645,0.0
0.3572,5.148102695488803,0.5050239272125207,0.0
0.35725,5.149110332837904,0.526077980482959,0.0
0.3573,5.150117970187005,0.5469766140248886,0.0
0.35735,5.151125607536105,0.5677210111058537,0.0
0.3574,5.152133244885206,0.5883123459847474,0.0
0.35745,4.965264528332433,0.6078432909731355,0.0
0.35750000000000004,4.682336958408462,0.6258574179839816,0.0
0.35755000000000003,4.399409388484805,0.6423662751103142,0.0
0.35760000000000003,4.116481818561147,0.0,1.0
0.35765,3.83355424863749,0.018537496366719003,0.0
0.3577,3.550626678713833,0.03556573824556496,0.0
0.35775,3.3352238606567925,0.05142273815689715,0.0
0.3578,3.372817052146146,0.0673407981556249,0.0
0.35785,3.414036152816704,0.083336986778817,0.0
0.3579,3.9048361528167885,0.10158469807942697,0.0
0.35795,4.395636152816543,0.12206679038738066,0.0
0.35800000000000004,4.8864361528170805,0.14476625253844694,0.0
0.35805000000000003,4.988115368293686,0.16778457432878294,0.0
0.35810000000000003,4.8648651440784425,0.19003166162647642,0.0
0.35815,4.7416149198632,0.21151338612331805,0.0
0.3582,4.618364695647957,0.2322355748077497,0.0
0.35825,4.495114471432713,0.25220401030520756,0.0
0.3583,4.371864247217471,0.271424431215874,0.0
0.35835,4.248614023002228,0.28990253244985803,0.0
0.3584,4.125363798786985,0.3076439655598239,0.0
0.35845,4.002113574571742,0.32465433907108704,0.0
0.35850000000000004,3.878863350356362,0.34093921880919686,0.0
0.35855000000000004,3.755613126141119,0.35650412822502736,0.0
0.35860000000000003,3.6323629019258763,0.37135454871738943,0.0
0.35865,3.5091126777106334,0.38549591995318905,0.0
0.3587,3.38586245349539,0.39893364018514793,0.0
0.35875,3.2417922650737996,0.4115723897575962,0.0
0.3588,0.7600478073432284,0.41211421734368253,0.0
0.35885,1.2508478073433837,0.41502522734063635,0.0
0.3589,1.7416478073431738,0.4202873822915668,0.0
0.35895,2.2324478073432497,0.4278827820653782,0.0
0.35900000000000004,2.7232478073441904,0.4377936628112579,0.0
0.35905000000000004,0.2192507209751852,0.4355207852520172,0.0
0.35910000000000003,0.6244952924327617,0.4352248085191963,0.0
0.35915,0.5957655363351901,0.43479215984645814,0.0
0.3592,0.5670357802376187,0.43422387976753823,0.0
0.35925,0.5244098059587655,0.4334538044813373,0.0
0.3593,0.4464828568665714,0.4323127692902233,0.0
0.35935,0.3685559077743773,0.4308035984483615,0.0
0.3594,0.29062895868218314,0.42892909470783197,0.0
0.35945,0.21270200958998897,0.42669203948233225,0.0
0.35950000000000004,0.13477506049770832,0.4240951930096344,0.0
0.35955000000000004,0.05684811140551421,0.4211412945128061,0.0
0.35960000000000003,-0.021078837686679952,0.41783306236020207,0.0
0.35965,-0.0690300739172842,0.41431814447985627,0.0
0.3597,-0.06884920050656006,0.4108308615914839,0.0
0.35975,-0.0686683270958359,0.4073710032997292,0.0
0.3598,-0.06848745368511175,0.4039383608110535,0.0
0.35985,-0.0683065802743876,0.40053272692154024,0.0
0.3599,-0.06812570686366345,0.39715389600479234,0.0
0.35995,-0.0679448334529393,0.39380166399992217,0.0
0.36000000000000004,-0.06776396004221495,0.3904758283996327,0.0
0.36005000000000004,-0.06758308663149079,0.3871761882383893,0.0
0.36010000000000003,-0.06740221322076664,0.383902544080682,0.0
0.36015,-0.0672213398100425,0.38065469800937657,0.0
0.3602,-0.06704046639931835,0.37743245361415484,0.0
0.36025,-0.06685959298859419,0.37423561598004246,0.0
0.3603,-0.06667871957787004,0.3710639916760246,0.0
0.36035,-0.0664978461671459,0.3679173887437478,0.0
0.3604,-0.06631697275642173,0.3647956166863081,0.0
0.36045,-0.06613609934569759,0.36169848645712466,0.0
0.36050000000000004,-0.06595522593497324,0.3586258104488976,0.0
0.36055000000000004,-0.06577435252424908,0.35557740248265046,0.0
0.36060000000000003,-0.06559347911352494,0.35255307779685585,0.0
0.36065,-0.06541260570280079,0.3495526530366438,0.0
0.3607,-0.06523173229207663,0.34657594624309235,0.0
0.36075,-0.06505085888135248,0.3436227768425998,0.0
0.3608,-0.06486998547062833,0.34069296563633755,0.0
0.36085,-0.06468911205990419,0.3377863347897837,0.0
0.3609,-0.06450823864918002,0.3349027078223359,0.0
0.36095,-0.06432736523845588,0.3320419095970035,0.0
0.36100000000000004,-0.06414649182773152,0.3292037663101783,0.0
0.36105000000000004,-0.06396561841700737,0.32638810548148267,0.0
0.36110000000000003,-0.06378474500628323,0.3235947559436957,0.0
0.36115,-0.06360387159555908,0.32082354783275535,0.0
0.3612,-0.06342299818483492,0.3180743125778372,0.0
0.36125,-0.06324212477411077,0.31534688289150853,0.0
0.3613,-0.06306125136338663,0.3126410927599573,0.0
0.36135,-0.06288037795266248,0.3099567774332957,0.0
0.3614,-0.06269950454193832,0.3072937734159374,0.0
0.36145,-0.06251863113121417,0.3046519184570481,0.0
0.36150000000000004,-0.06233775772048982,0.30203105154106874,0.0
0.36155000000000004,-0.06215688430976567,0.2994310128783109,0.0
0.36160000000000003,-0.06197601089904152,0.2968516438956239,0.0
0.36165,-0.061795137488317366,0.2942927872271327,0.0
0.3617,-0.06161426407759322,0.2917542867050465,0.0
0.36175,-0.061433390666869064,0.2892359873505374,0.0
0.3618,-0.06125251725614492,0.2867377353646883,0.0
0.36185,-0.06107164384542076,0.2842593781195097,0.0
0.3619,-0.060890770434696616,0.2818007641490252,0.0
0.36195,-0.05114622190719176,0.2794079891516276,0.0
0.36200000000000004,-0.03510223973778716,0.2771110133489634,0.0
0.36205000000000004,-0.019058257568400357,0.2749091073865357,0.0
0.36210000000000003,-0.003014275399013562,0.27280154746269175,0.0
0.36215,0.013029706770373226,0.2707876152863469,0.0
0.3622,0.02907368893976002,0.2688665980350307,0.0
0.36225,0.05469855813607838,0.26708411755419487,0.0
0.3623,0.08109332557794141,0.2654428420246755,0.0
0.36235,0.10748809301980443,0.26394169640125437,0.0
0.3624,0.16008277092300194,0.2627063058469352,0.0
0.36245,0.6156909361875882,0.2636834550366178,0.0
0.36250000000000004,0.6193642833809386,0.2646709276309438,0.0
0.36255000000000004,0.6230376305742851,0.26566864503403753,0.0
0.36260000000000003,0.6267109777676314,0.2666765292484027,0.0
0.36265000000000003,0.6303843249609778,0.26769450287036645,0.0
0.3627,0.6340576721543243,0.2687224890855587,0.0
0.36275,0.6377310193476706,0.2697604116644254,0.0
0.3628,0.6414043665410171,0.270808194957776,0.0
0.36285,0.6450777137343635,0.27186576389236533,0.0
0.3629,0.6487510609277098,0.27293304396650814,0.0
0.36295,0.6524244081210563,0.274009961245728,0.0
0.36300000000000004,0.6560977553144067,0.275096442358439,0.0
0.36305000000000004,0.6597711025077532,0.2761924144916599,0.0
0.36310000000000003,0.6634444497010996,0.27729780538676146,0.0
0.36315000000000003,0.667117796894446,0.2784125433352461,0.0
0.3632,0.6707911440877924,0.27953655717455933,0.0
0.36325,0.6744644912811388,0.28066977628393325,0.0
0.3633,0.6781378384744852,0.281812130580262,0.0
0.36335,0.6818111856678316,0.28296355051400807,0.0
0.3634,0.6854845328611779,0.2841239670651402,0.0
0.36345,0.6891578800545244,0.285293311739102,0.0
0.3635,0.6928312272478708,0.2864715165628113,0.0
0.36355000000000004,0.6965045744412213,0.28765851408069004,0.0
0.36360000000000003,0.7166127238852312,0.2889337093151859,0.0
0.36365000000000003,0.7512945226004648,0.290366902976484,0.0
0.3637,0.9416944254499892,0.29270988106259677,0.0
0.36375,1.4324944254496685,0.29740832873849943,0.0
0.3638,1.9232944254494369,0.30444431294805263,0.0
0.36385,2.414094425449416,0.31380003716606836,0.0
0.3639,2.90489442544943,0.3254578403588481,0.0
0.36395,3.395694425449699,0.3394001959526384,0.0
0.364,3.886494425449855,0.35560971080993464,0.0
0.36405000000000004,4.295503466057334,0.3736736166730011,0.0
0.36410000000000003,4.307993885219009,0.39166039392354624,0.0
0.36415000000000003,4.320484304380684,0.409570629770059,0.0
0.3642,4.332974723542358,0.42740490695039396,0.0
0.36425,4.3454651427040325,0.44516380376580833,0.0
0.3643,4.357955561865707,0.46284789411473903,0.0
0.36435,4.370445981027381,0.48045774752632325,0.0
0.3644,4.593116759174938,0.4990102752235758,0.0
0.36445,4.606856960742684,0.51748799768584,0.0
0.3645,4.620597162310429,0.5358914844328772,0.0
0.36455000000000004,4.634337363878189,0.5542213006484853,0.0
0.36460000000000004,4.648077565445934,0.5724780072135102,0.0
0.36465000000000003,4.66181776701368,0.5906621607386057,0.0
0.3647,4.768100252713403,0.6092218101350997,0.0
0.36475,5.0210351053893,0.6288632473255624,0.0
0.3648,5.027389059203156,0.6483858721473039,0.0
0.36485,5.033743013017011,0.0,1.0
0.3649,5.040096966830866,0.024371842199375562,0.0
0.36495,5.0464509206447214,0.048588857717233584,0.0
0.365,5.052804874458577,0.07265222530603328,0.0
0.36505000000000004,5.059158828272439,0.096563114743958,0.0
0.36510000000000004,5.0655127820862935,0.12032268690323952,0.0
0.36515000000000003,5.071866735900149,0.14393209381796251,0.0
0.3652,5.078220689714004,0.16739247875135255,0.0
0.36525,5.084574643527859,0.1907049762625518,0.0
0.3653,5.090928597341715,0.2138707122728866,0.0
0.36535,5.09728255115557,0.23689080413163005,0.0
0.3654,5.103636504969425,0.2597663606812645,0.0
0.36545,5.1099904587832805,0.28249848232224667,0.0
0.3655,5.116344412597136,0.30508826107728,0.0
0.36555000000000004,5.120416762881596,0.3275257477560191,0.0
0.36560000000000004,5.121313170917853,0.34979674425965,0.0
0.36565000000000003,5.122209578954111,0.3719025181390976,0.0
0.3657,5.123105986990368,0.3938443272949553,0.0
0.36575,5.1240023950266265,0.41562342005095687,0.0
0.3658,5.124898803062885,0.43724103522688845,0.0
0.36585,5.125795211099142,0.45869840221094565,0.0
0.3659,5.1266916191354,0.4799967410315396,0.0
0.36595,5.127588027171657,0.5011372624285566,0.0
0.366,5.128484435207915,0.5221211679240749,0.0
0.36605000000000004,5.129380843244173,0.5429496498925434,0.0
0.36610000000000004,5.1302772512804315,0.5636238916304257,0.0
0.36615000000000003,5.131173659316689,0.5841450674253145,0.0
0.3662,5.132070067352947,0.6045143426245192,0.0
0.36625,5.132966475389205,0.6247328737031316,0.0
0.3663,5.133862883425462,0.6448018083315733,0.0
0.36635,5.13475929146172,0.0,1.0
0.3664,5.135655699497978,0.024833925045928327,0.0
0.36645,5.136552107534236,0.04948311495024131,0.0
0.3665,5.137448515570493,0.07394897616950281,0.0
0.36655000000000004,5.138344923606752,0.09823290445240573,0.0
0.36660000000000004,5.1378348381647445,0.12232948369557795,0.0
0.36665000000000003,5.136511927113531,0.1462362097648104,0.0
0.3667,5.135189016062319,0.16995452808212907,0.0
0.36675,5.133866105011106,0.19348587306503054,0.0
0.3668,5.132543193959894,0.21683166821026348,0.0
0.36685,5.13122028290868,0.23999332617697244,0.0
0.3669,5.129897371857467,0.2629722488692084,0.0
0.36695,5.128574460806255,0.2857698275178112,0.0
0.367,5.127251549755042,0.30838744276166896,0.0
0.36705000000000004,5.125928638703828,0.33082646472835797,0.0
0.36710000000000004,5.1246057276526145,0.35308825311416964,0.0
0.36715000000000003,5.123282816601402,0.3751741572635275,0.0
0.3672,5.121959905550189,0.39708551624779975,0.0
0.36725,5.120636994498977,0.4188236589435119,0.0
0.3673,5.1193140834477635,0.4403899041099638,0.0
0.36735,5.117991172396551,0.46178556046625585,0.0
0.3674,5.116668261345338,0.48301192676772864,0.0
0.36745,5.115345350294125,0.5040702918818208,0.0
0.3675,5.1140224392429126,0.5249619348633493,0.0
0.36755000000000004,5.1126995281916985,0.5456881250292163,0.0
0.36760000000000004,5.111376617140485,0.5662501220325477,0.0
0.36765000000000003,5.110053706089272,0.5866491759362669,0.0
0.3677,5.10873079503806,0.6068865272861087,0.0
0.36775,5.107407883986847,0.6269634071830771,0.0
0.3678,5.106084972935634,0.6468810373553512,0.0
0.36785,5.104762061884421,0.0,1.0
0.3679,5.103439150833209,0.02467813902723989,0.0
0.36795,5.102116239781996,0.0491619972520529,0.0
0.368,5.1007933287307825,0.07345305380562879,0.0
0.36805000000000004,5.099470417679568,0.09755277655798768,0.0
0.36810000000000004,5.098147506628356,0.12146262220371544,0.0
0.36815000000000003,5.096824595577143,0.14518403634704644,0.0
0.3682,5.09550168452593,0.1687184535862984,0.0
0.36825,5.0941787734747175,0.1920672975976645,0.0
0.3683,5.092855862423504,0.21523198121836762,0.0
0.36835,5.091532951372292,0.23821390652918126,0.0
0.3684,4.763750492204222,0.2594358404289876,0.0
0.36845,2.06343139108185,0.26743856805678573,0.0
0.3685,0.14174104355523573,0.2660878614603063,0.0
0.36855000000000004,0.6325410435561323,0.267120745833352,0.0
0.36860000000000004,1.1233410435557736,0.27051907402137226,0.0
0.36865000000000003,1.6141410435559624,0.27626483703078597,0.0
0.3687,2.104941043555221,0.2843401629770952,0.0
0.36875,2.59574104355549,0.29472731604103997,0.0
0.3688,3.086541043555438,0.30740869543266763,0.0
0.36885,3.5773410435554833,0.3223668343633137,0.0
0.3689,4.068141043555752,0.3395843990253992,0.0
0.36895,4.558941043555205,0.3590441875799914,0.0
0.369,4.29777425797676,0.37709292612704837,0.0
0.36905000000000004,1.9149526728120518,0.3834819048999305,0.0
0.36910000000000004,4.998634256515203,0.4047336616784631,0.0
0.36915000000000003,4.905762937305063,0.42537453340087966,0.0
0.36920000000000003,4.812891618094923,0.44540917095974697,0.0
0.36925,4.7200202988847835,0.46484218983867637,0.0
0.3693,4.627148979674644,0.48367817038190536,0.0
0.36935,4.534277660464504,0.5019216580618263,0.0
0.3694,4.441406341254364,0.519577163744479,0.0
0.36945,4.348535022044224,0.5366491639530212,0.0
0.3695,4.255663702834085,0.5531421011291938,0.0
0.36955000000000005,4.162792383623842,0.5690603838927947,0.0
0.36960000000000004,4.069921064413702,0.584408387299179,0.0
0.36965000000000003,3.9770497452035625,0.5991904530947961,0.0
0.36970000000000003,3.8841784259934227,0.6134108899707834,0.0
0.36975,3.7913071067832833,0.627073973814628,0.0
0.3698,3.6984357875731435,0.6401839479599133,0.0
0.36985,3.6055644683630037,0.0,1.0
0.3699,3.512693149152864,0.016985943661280777,0.0
0.36995,3.419821829942724,0.033393479470330945,0.0
0.37,3.3269505107325843,0.049227011058821525,0.0
0.37005,3.2340791915224445,0.06449090853195633,0.0
0.37010000000000004,3.1412078723122017,0.07918950872372077,0.0
0.37015000000000003,3.048336553102062,0.0933271154501894,0.0
0.37020000000000003,2.955465233891922,0.1069079997609019,0.0
0.37025,2.8625939146817823,0.11993640018832726,0.0
0.3703,2.7697225954716425,0.13241652299542817,0.0
0.37035,2.6768512762615027,0.14435254242134066,0.0
0.3704,2.583979957051363,0.15574860092518328,0.0
0.37045,2.491108637841223,0.16660880942801004,0.0
0.3705,2.3982373186310832,0.1769372475529213,0.0
0.37055,2.3053659994209434,0.18673796386334662,0.0
0.37060000000000004,2.2124946802107006,0.1960149760995129,0.0
0.37065000000000003,2.119623361000561,0.20477227141311433,0.0
0.37070000000000003,2.026752041790421,0.21301380660019253,0.0
0.37075,1.9338807225802812,0.22074350833224593,0.0
0.3708,1.8410094033701414,0.22796527338557893,0.0
0.37085,1.7481380841600016,0.23468296886890494,0.0
0.3709,1.6552667649498622,0.24090043244921677,0.0
0.37095,1.5623954457397224,0.24662147257593722,0.0
0.371,1.4695241265295826,0.2518498687033632,0.0
0.37105,1.3766528073194428,0.2565893715114162,0.0
0.37110000000000004,1.2837814881092,0.26084370312471195,0.0
0.37115000000000004,1.1909101688990602,0.2646165573299636,0.0
0.37120000000000003,1.0980388496889204,0.26791159979172735,0.0
0.37125,1.0051675304787806,0.2707324682665072,0.0
0.3713,0.9122962112686404,0.2730827728152292,0.0
0.37135,0.8194248920585006,0.27496609601409805,0.0
0.3714,0.7265535728483616,0.2763859931638485,0.0
0.37145,0.6336822536382218,0.2773459924974033,0.0
0.3715,0.540810934428082,0.2778495953859508,0.0
0.37155,0.44793961521794223,0.2779002765434527,0.0
0.37160000000000004,0.3550682960076994,0.27750148422959525,0.0
0.37165000000000004,0.2621969767975596,0.27665664045119676,0.0
0.37170000000000003,0.1693256575874198,0.2753691411620786,0.0
0.37175,0.07645433837728,0.27364235646141716,0.0
0.3718,-0.016416980832859807,0.27147963079058435,0.0
0.37185,-0.07738902027032972,0.26903853496491514,0.0
0.3719,-0.07321791545446622,0.2666361938519004,0.0
0.37195,-0.06904681063860273,0.2642723123976618,0.0
0.372,-0.06487570582273923,0.2619465977946747,0.0
0.37205,-0.06070460100687573,0.2596587594646659,0.0
0.37210000000000004,-0.05653349619100761,0.25740850904164125,0.0
0.37215000000000004,-0.05236239137514411,0.25519556035504315,0.0
0.37220000000000003,-0.048191286559280615,0.2530196294130356,0.0
0.37225,-0.04402018174341712,0.2508804343859168,0.0
0.3723,-0.03984907692755362,0.24877769558965823,0.0
0.37235,-0.035677972111690125,0.2467111354695687,0.0
0.3724,-0.03150686729582663,0.24468047858408284,0.0
0.37245,-0.02733576247996313,0.24268545158867336,0.0
0.3725,-0.023164657664099635,0.24072578321988528,0.0
0.37255,-0.018993552848236138,0.23880120427949203,0.0
0.37260000000000004,-0.014822448032368013,0.23691144761877223,0.0
0.37265000000000004,-0.010651343216504516,0.23505624812290582,0.0
0.37270000000000003,-0.00648023840064102,0.23323534269548946,0.0
0.37275,-0.002309133584777523,0.2314484702431694,0.0
0.3728,0.0018619712310859737,0.22969537166039164,0.0
0.37285,0.00603307604694947,0.22797578981426805,0.0
0.3729,0.010204180862812967,0.22628946952955772,0.0
0.37295,0.014375285678676464,0.22463615757376268,0.0
0.373,0.01854639049453996,0.22301560264233705,0.0
0.37305,0.022717495310403457,0.22142755534400893,0.0
0.37310000000000004,0.026888600126271575,0.21987176818621387,0.0
0.37315000000000004,0.031059704942135072,0.21834799556063927,0.0
0.37320000000000003,0.03523080975799857,0.21685599372887898,0.0
0.37325,0.039401914573862065,0.2153955208081969,0.0
0.3733,0.04357301938972556,0.21396633675739923,0.0
0.37335,0.04774412420558906,0.21256820336281398,0.0
0.3734,0.32338766166232763,0.21251361358917864,0.0
0.37345,0.8141876616615068,0.21483274697108004,0.0
0.3735,1.3049876616617757,0.2195075314812755,0.0
0.37355,1.7957876616616661,0.22652003268150403,0.0
0.37360000000000004,2.2865876616620855,0.23585245267498237,0.0
0.37365000000000004,2.777387661662582,0.2474871290668579,0.0
0.37370000000000003,3.2681876616621497,0.26140653393258,0.0
0.37375,3.75898766166203,0.27759327279413903,0.0
0.3738,4.249787661661897,0.29603008360408106,0.0
0.37385,4.740587661662023,0.31669983573726845,0.0
0.3739,4.8875643271220435,0.337922940331993,0.0
0.37395,4.898257940946235,0.35903617555873474,0.0
0.374,4.908951554770426,0.38004037789339334,0.0
0.37405,4.9196451685946165,0.4009363774434697,0.0
0.37410000000000004,4.930338782418819,0.4217249979965513,0.0
0.37415000000000004,4.941032396243011,0.4424070570684275,0.0
0.37420000000000003,4.95875143740844,0.4630173380366288,0.0
0.37425,4.98413148110836,0.48359343284105405,0.0
0.3743,5.00951152480828,0.5041356017535389,0.0
0.37435,5.0306797965973855,0.5246237366624841,0.0
0.3744,5.039926217094747,0.5450005997644319,0.0
0.37445,5.049172637592108,0.565267038212566,0.0
0.3745,5.058419058089469,0.5854238927103809,0.0
0.37455,5.0676654785868305,0.6054719975607867,0.0
0.37460000000000004,5.076911899084202,0.6254121807148387,0.0
0.37465000000000004,5.086158319581562,0.645245263820096,0.0
0.37470000000000003,5.095404740078924,0.0,1.0
0.37475,5.104651160576285,0.024683999809363085,0.0
0.3748,5.113897581073646,0.04922478314933952,0.0
0.37485,5.115118442820555,0.07358463206840188,0.0
0.3749,5.115758436684175,0.09776211524793568,0.0
0.37495,5.116398430547793,0.12175862110537546,0.0
0.375,5.117038424411412,0.14557552748762323,0.0
0.37505,5.117678418275031,0.1692142017515259,0.0
0.37510000000000004,5.118318412138651,0.19267600084373993,0.0
0.37515000000000004,5.118958406002269,0.21596227137998786,0.0
0.37520000000000003,5.119598399865889,0.23907434972371155,0.0
0.37525000000000003,5.120238393729507,0.2620135620641266,0.0
0.3753,5.120878387593126,0.28478122449368254,0.0
0.37535,5.121518381456745,0.3073786430849329,0.0
0.3754,5.122158375320364,0.32980711396682083,0.0
0.37545,5.1227983691839825,0.35206792340038306,0.0
0.3755,5.123438363047602,0.37416234785387814,0.0
0.37555,5.1240783569112205,0.3960916540773423,0.0
0.37560000000000004,5.12471835077484,0.4178570991765781,0.0
0.37565000000000004,5.125358344638459,0.4394599306865792,0.0
0.37570000000000003,5.125998338502078,0.46090138664439667,0.0
0.37575000000000003,5.1266383323656965,0.4821826956614503,0.0
0.3758,5.127278326229316,0.5033050769952893,0.0
0.37585,5.127918320092935,0.5242697406208068,0.0
0.3759,5.128558313956553,0.5450778873009122,0.0
0.37595,5.129198307820173,0.5657307086566653,0.0
0.376,5.129838301683791,0.5862293872368766,0.0
0.37605,5.13047829554741,0.6065750965871776,0.0
0.37610000000000005,5.131118289411029,0.6267690013185654,0.0
0.37615000000000004,5.131758283274649,0.6468122571754253,0.0
0.37620000000000003,5.132398277138267,0.0,1.0
0.37625000000000003,5.133038271001886,0.02482126823501879,0.0
0.3763,5.133678264865505,0.04945665777558366,0.0
0.37635,5.134318258729124,0.07390758378454675,0.0
0.3764,5.134958252592742,0.09817545065060501,0.0
0.37645,5.135598246456362,0.12226165207032787,0.0
0.3765,5.13623824031998,0.14616757112956025,0.0
0.37655,5.1368782341836,0.1698945803842059,0.0
0.3766,5.1375182280472185,0.19344404194039588,0.0
0.37665000000000004,5.094727439095957,0.21660729407749463,0.0
0.37670000000000003,4.93656748087871,0.23882939915531018,0.0
0.37675000000000003,4.778407522661464,0.2601175224724832,0.0
0.3768,4.620247564444218,0.280478774775601,0.0
0.37685,4.462087606226971,0.2999202126745224,0.0
0.3769,4.303927648009725,0.3184488390545404,0.0
0.37695,4.1457676897924784,0.3360716034854073,0.0
0.377,3.987607731575232,0.3527954026272453,0.0
0.37705,3.8294477733579853,0.368627080633367,0.0
0.3771,3.671287815140739,0.3835734295500293,0.0
0.37715000000000004,3.513127856923317,0.39764118971314233,0.0
0.37720000000000004,3.3549678987060707,0.41083705014196215,0.0
0.37725000000000003,3.196807940488824,0.42316764892978065,0.0
0.3773,3.0386479822715775,0.4346395736316446,0.0
0.37735,2.880488024054331,0.44525936164912183,0.0
0.3774,2.7223280658370848,0.455033500612138,0.0
0.37745,2.564168107619838,0.4639684287579066,0.0
0.3775,2.4060081494025916,0.4720705353069738,0.0
0.37755,2.247848191185345,0.47934616083640014,0.0
0.3776,2.089688232968099,0.48580159765010156,0.0
0.37765000000000004,1.9315282747506766,0.4914430901463696,0.0
0.37770000000000004,1.7733683165334302,0.4962768351825972,0.0
0.37775000000000003,1.6152083583161838,0.5003089824372223,0.0
0.3778,1.4570484000989374,0.5035456347689197,0.0
0.37785,1.298888441881691,0.5059928485730566,0.0
0.3779,1.1407284836644442,0.5076566341354356,0.0
0.37795,0.9825685254471983,0.5085429559833432,0.0
0.378,0.8244085672299519,0.5086577332339265,0.0
0.37805,0.6662486090127047,0.508006839939917,0.0
0.3781,0.5080886507954583,0.506596105432723,0.0
0.37815000000000004,0.34992869257803694,0.5044313146629082,0.0
0.37820000000000004,0.19176873436078967,0.5015182085380822,0.0
0.37825000000000003,0.033608776143543295,0.49786248425821283,0.0
0.3783,0.5050342797680027,0.4965142127752842,0.0
0.37835,0.9958342797682577,0.49754951372246264,0.0
0.3784,1.4866342797679273,0.5009502400863484,0.0
0.37845,1.9774342797680051,0.5066983830134322,0.0
0.3785,2.4682342797674437,0.5147760707582241,0.0
0.37855,2.9590342797677125,0.5251655676394111,0.0
0.3786,3.44983427976775,0.537849273003939,0.0
0.37865000000000004,3.94063427976825,0.5528097201990005,0.0
0.37870000000000004,4.431434279768519,0.5700295755518358,0.0
0.37875000000000003,4.9222342797677925,0.5894916373573057,0.0
0.3788,4.323558932455692,0.6059105788416965,0.0
0.37885,3.7114566197184,0.6192446411000668,0.0
0.3789,3.099354306981108,0.6295173104523353,0.0
0.37895,2.4872519942438167,0.6367518944084307,0.0
0.379,1.8751496815065254,0.6409715230296381,0.0
0.37905,1.263047368769234,0.6421991502795807,0.0
0.3791,0.6509450560319427,0.6404575553649159,0.0
0.37915000000000004,0.03884274329397108,0.6357693440658212,0.0
0.37920000000000004,-0.05833921821457708,0.6306468937276825,0.0
0.37925000000000003,-0.05867242430677989,0.625561831239566,0.0
0.3793,-0.0590056303989827,0.6205138719540214,0.0
0.37935,-0.059338836491185515,0.615502733390724,0.0
0.3794,-0.059672042583388325,0.6105281352199755,0.0
0.37945,-0.060005248675591136,0.6055897992463309,0.0
0.3795,-0.060338454767793946,0.6006874493923493,0.0
0.37955,-0.06067166085999676,0.5958208116824688,0.0
0.3796,-0.061004866952199574,0.5909896142270044,0.0
0.37965000000000004,-0.06133807304440275,0.586193587206267,0.0
0.37970000000000004,-0.06167127913660556,0.5814324628548044,0.0
0.37975000000000003,-0.06200448522880837,0.5767059754457609,0.0
0.3798,-0.06233769132101119,0.572013861275357,0.0
0.37985,-0.062670897413214,0.5673558586474875,0.0
0.3799,-0.06300410350541681,0.5627317078584355,0.0
0.37995,-0.06333730959761963,0.558141151181704,0.0
0.38,-0.06367051568982243,0.5535839328529628,0.0
0.38005,-0.06400372178202525,0.5490597990551094,0.0
0.3801,-0.06433692787422805,0.5445684979034443,0.0
0.38015000000000004,-0.06467013396643125,0.540109779430959,0.0
0.38020000000000004,-0.06500334005863405,0.5356833955737355,0.0
0.38025000000000003,-0.06533654615083687,0.5312891001564577,0.0
0.3803,-0.06566975224303967,0.5269266488780329,0.0
0.38035,-0.06600295833524249,0.522595799297322,0.0
0.3804,-0.0663361644274453,0.5182963108189801,0.0
0.38045,-0.06666937051964811,0.5140279446794025,0.0
0.3805,-0.06700257661185093,0.50979046393278,0.0
0.38055,-0.06733578270405373,0.5055836334372589,0.0
0.3806,-0.06766898879625655,0.5014072198412067,0.0
0.38065000000000004,-0.06800219488845972,0.49726099156958303,0.0
0.38070000000000004,-0.06833540098066254,0.49314471881041316,0.0
0.38075000000000003,-0.06866860707286535,0.4890581735013656,0.0
0.3808,-0.06900181316506816,0.4850011293164312,0.0
0.38085,-0.06933501925727098,0.4809733616527039,0.0
0.3809,-0.06966822534947378,0.47697464761726216,0.0
0.38095,-0.0700014314416766,0.47300476601415037,0.0
0.381,-0.0703346375338794,0.46906349733145886,0.0
0.38105,-0.07066784362608222,0.46515062372850297,0.0
0.3811,-0.07100104971828504,0.4612659290230992,0.0
0.38115000000000004,-0.07133425581048822,0.4574091986789386,0.0
0.38120000000000004,-0.07166746190269102,0.45358021979305596,0.0
0.38125000000000003,-0.07200066799489384,0.44977878108339464,0.0
0.38130000000000003,-0.07233387408709666,0.446004672876466,0.0
0.38135,-0.07266708017929946,0.44225768709510277,0.0
0.3814,-0.07300028627150228,0.4385376172463057,0.0
0.38145,-0.0733334923637051,0.4348442584091826,0.0
0.3815,-0.0736666984559079,0.4311774072229795,0.0
0.38155,-0.07399990454811071,0.42753686187520246,0.0
0.3816,-0.07433311064031352,0.42392242208983044,0.0
0.38165000000000004,-0.0746663167325167,0.42033388911561725,0.0
0.38170000000000004,-0.07499952282471951,0.41677106571448314,0.0
0.38175000000000003,-0.07533272891692233,0.41323375614999436,0.0
0.38180000000000003,-0.07566593500912513,0.40972176617593054,0.0
0.38185,-0.07599914110132795,0.4062349030249393,0.0
0.3819,-0.07633234719353077,0.40277297539727697,0.0
0.38195,-0.07189901113043858,0.39935884249293924,0.0
0.382,-0.06727806961831354,0.39599304761614484,0.0
0.38205,-0.06265712810618848,0.3926752227517152,0.0
0.3821,-0.05803618659406344,0.3894050026863066,0.0
0.38215000000000005,-0.053415245081933266,0.38618202498707904,0.0
0.38220000000000004,-0.048794303569808226,0.38300592998052674,0.0
0.38225000000000003,-0.04417336205768318,0.37987636073147063,0.0
0.38230000000000003,-0.03955242054555814,0.3767929630222105,0.0
0.38235,-0.03493147903343309,0.37375538533183567,0.0
0.3824,-0.03031053752130805,0.37076327881569343,0.0
0.38245,-0.025689596009183004,0.36781629728501375,0.0
0.3825,-0.021068654497057963,0.36491409718668893,0.0
0.38255,0.29587507061063806,0.36356660249421113,0.0
0.3826,0.4028650080977653,0.36274672623993265,0.0
0.38265000000000005,0.413197639676723,0.36198305637440004,0.0
0.38270000000000004,0.4235302712556693,0.36127516497770745,0.0
0.38275000000000003,0.4338629028346155,0.36062262738786083,0.0
0.38280000000000003,0.44419553441356174,0.36002502217597393,0.0
0.38285,0.45452816599250795,0.3594819311216536,0.0
0.3829,0.7366779842424526,0.36030733564249406,0.0
0.38295,1.2274779842427344,0.3634997635987215,0.0
0.383,1.718277984242732,0.36904119397051965,0.0
0.38305,2.2090779842421826,0.37691374293872154,0.0
0.3831,2.699877984242738,0.38709966284025976,0.0
0.38315000000000005,3.19067798424272,0.39958134113154387,0.0
0.38320000000000004,3.681477984242989,0.41434129935975844,0.0
0.38325000000000004,4.172277984243258,0.431362192141975,0.0
0.38330000000000003,4.663077984242478,0.4506268061520387,0.0
0.38335,4.796919414407511,0.47039195384519,0.0
0.3834,4.776910781313994,0.4899098686559785,0.0
0.38345,4.756902148220476,0.5091824328592501,0.0
0.3835,4.78035464124301,0.5284216745837137,0.0
0.38355,4.816981506914645,0.5476915533895275,0.0
0.3836,4.853608372586279,0.5669918360253253,0.0
0.38365,4.94724356566385,0.5865979599101823,0.0
0.38370000000000004,4.963111124192291,0.6061315441707686,0.0
0.38375000000000004,4.978978682720713,0.6255931410779181,0.0
0.38380000000000003,4.994846241249136,0.6449832986978236,0.0
0.38385,5.010713799777559,0.0,1.0
0.3839,5.0265813583059815,0.02430648625873299,0.0
0.38395,5.042180804465772,0.0485033508245538,0.0
0.384,5.046912688771779,0.07253887721492672,0.0
0.38405,5.051644573077786,0.09641429375670867,0.0
0.3841,5.056376457383792,0.1201308194250525,0.0
0.38415,5.0611083416898,0.14368966391460505,0.0
0.38420000000000004,5.065840225995812,0.16709202771016296,0.0
0.38425000000000004,5.070572110301819,0.1903391021567906,0.0
0.38430000000000003,5.075303994607825,0.21343206952940433,0.0
0.38435,5.080035878913832,0.23637210310182688,0.0
0.3844,5.08476776321984,0.2591603672153159,0.0
0.38445,5.089499647525846,0.2817980173465708,0.0
0.3845,5.094231531831853,0.30428620017522207,0.0
0.38455,5.09896341613786,0.32662605365080655,0.0
0.3846,5.103695300443867,0.3488187070592328,0.0
0.38465,5.108427184749874,0.3708652810887404,0.0
0.38470000000000004,5.113159069055886,0.39276688789535735,0.0
0.38475000000000004,5.117890953361893,0.41452463116785887,0.0
0.38480000000000003,5.1226228376679,0.4361396061922316,0.0
0.38485,5.127354721973907,0.45761289991564724,0.0
0.3849,5.1320866062799135,0.47894559100994905,0.0
0.38495,5.13681849058592,0.5001387499346548,0.0
0.385,5.141550374891928,0.5211934389994803,0.0
0.38505,5.1462822591979345,0.5421107124263871,0.0
0.3851,5.151014143503941,0.5628916164111569,0.0
0.38515,5.155746027809948,0.5835371891844986,0.0
0.38520000000000004,5.1188759565548825,0.603847291074811,0.0
0.38525000000000004,5.0138388002954795,0.6234948480746656,0.0
0.38530000000000003,4.9088016440360756,0.642484904381944,0.0
0.38535,4.8037644877766725,0.0,1.0
0.3854,4.698727331517269,0.022721118624358164,0.0
0.38545,4.593690175257866,0.04476133640128361,0.0
0.3855,4.488653018998463,0.06612583727930853,0.0
0.38555,4.383615862739059,0.08681976573965869,0.0
0.3856,4.278578706479656,0.10684822709673258,0.0
0.38565,4.173541550220252,0.12621628779629285,0.0
0.38570000000000004,4.068504393960732,0.14492897571138694,0.0
0.38575000000000004,3.963467237701329,0.16299128043601707,0.0
0.38580000000000003,3.8584300814419255,0.180408153576571,0.0
0.38585,3.7533929251825224,0.19718450904103624,0.0
0.3859,3.6483557689231185,0.21332522332601184,0.0
0.38595,3.5433186126637155,0.22883513580153508,0.0
0.386,3.438281456404312,0.2437190489937396,0.0
0.38605,3.3332443001449086,0.25798172886536164,0.0
0.3861,3.2282071438855056,0.2716279050941105,0.0
0.38615,3.123169987626102,0.28466227134891997,0.0
0.38620000000000004,3.018132831366582,0.2970894855640957,0.0
0.38625000000000004,2.913095675107179,0.30891417021137774,0.0
0.38630000000000003,2.8080585188477754,0.32014091256992855,0.0
0.38635,2.703021362588372,0.3307742649942674,0.0
0.3864,2.5979842063289684,0.34081874518016464,0.0
0.38645,2.4929470500695654,0.3502788364285115,0.0
0.3865,2.387909893810162,0.35915898790718087,0.0
0.38655,2.2828727375507585,0.36746361491089463,0.0
0.3866,2.177835581291355,0.37519709911911236,0.0
0.38665,2.0727984250319516,0.38236378885195665,0.0
0.38670000000000004,1.9677612687724317,0.38896799932418946,0.0
0.38675000000000004,1.8627241125130283,0.3950140128972571,0.0
0.38680000000000003,1.7576869562536253,0.400506079329413,0.0
0.38685,1.6526497999942218,0.40544841602393816,0.0
0.3869,1.5476126437348183,0.40984520827547166,0.0
0.38695,1.4425754874754149,0.41370060951446547,0.0
0.387,1.3375383312160118,0.41701874154977825,0.0
0.38705,1.2325011749566084,0.4198036948094221,0.0
0.3871,1.1274640186972054,0.42205952857947654,0.0
0.38715,1.0224268624378015,0.4237902712411835,0.0
0.38720000000000004,0.9173897061782812,0.4249999205062367,0.0
0.38725000000000004,0.8123525499188782,0.4256924436502817,0.0
0.38730000000000003,0.7073153936594752,0.4258717777446352,0.0
0.38735,0.6022782374000712,0.4255418298862423,0.0
0.3874,0.6132058246008223,0.42526723537298167,0.0
0.38745,0.6498326902724568,0.4251718439519721,0.0
0.3875,0.9683216887172192,0.4266172609784365,0.0
0.38755,1.45912168871723,0.4304249810570904,0.0
0.3876,1.9499216887172122,0.43657701910613184,0.0
0.38765,2.4407216887174807,0.44505552697080164,0.0
0.38770000000000004,2.931521688717352,0.4558427923809026,0.0
0.38775000000000004,3.422321688717486,0.46892123791626683,0.0
0.38780000000000003,3.913121688717149,0.48427341998008633,0.0
0.38785000000000003,4.403921688717356,0.5018820277800747,0.0
0.3879,4.894721688717392,0.5217298823173694,0.0
0.38795,4.764662143996492,0.5407977132133136,0.0
0.388,4.258029885931954,0.557270507849653,0.0
0.38805,3.7513976278674166,0.5711680231916781,0.0
0.3881,3.244765369802879,0.5825098657876376,0.0
0.38815,2.7381331117383416,0.5913154929139187,0.0
0.38820000000000005,2.2315008536732415,0.5976042137115057,0.0
0.38825000000000004,1.724868595608704,0.601395190313798,0.0
0.38830000000000003,1.2182363375441665,0.602707438965824,0.0
0.38835000000000003,0.7116040794796294,0.6015598311349466,0.0
0.3884,0.5006599243699511,0.5994009210297174,0.0
0.38845,0.4748701103036687,0.5971337385354889,0.0
0.3885,0.4490802962373864,0.5947591079697725,0.0
0.38855,0.423290482171104,0.5922778473742472,0.0
0.3886,0.39750066810482165,0.5896907685625399,0.0
0.38865,0.3717108540385393,0.5869986771676418,0.0
0.38870000000000005,0.3827004497002442,0.5843802228327163,0.0
0.38875000000000004,0.3039624817858253,0.5814009592278017,0.0
0.38880000000000003,0.2252245138714064,0.578063633326547,0.0
0.38885000000000003,0.1464865459569875,0.5743709711888808,0.0
0.3889,0.06774857804256862,0.5703256781202352,0.0
0.38895,0.2275362568753368,0.5670838510478702,0.0
0.389,0.2588301903042486,0.5640180298268246,0.0
0.38905,0.21308812481305306,0.5607543599582835,0.0
0.3891,0.1673460593218575,0.5572943477367532,0.0
0.38915,0.12160399383066195,0.553639487988766,0.0
0.38920000000000005,0.07586192833941563,0.5497912641601899,0.0
0.38925000000000004,0.030119862848220103,0.5457511484028742,0.0
0.38930000000000003,-0.015622202642975425,0.5415206016606351,0.0
0.38935000000000003,-0.06136426813417095,0.5371010737545859,0.0
0.3894,-0.06671143883150128,0.5326893366147912,0.0
0.38945,-0.06668630954984647,0.5283113091670263,0.0
0.3895,-0.06666118026819166,0.52396673476701,0.0
0.38955,-0.06663605098653685,0.5196553587243883,0.0
0.3896,-0.06661092170488206,0.5153769282878589,0.0
0.38965,-0.06658579242322725,0.5111311926304077,0.0
0.38970000000000005,-0.06656066314157241,0.5069179028346593,0.0
0.38975000000000004,-0.0665355338599176,0.5027368118783374,0.0
0.38980000000000004,-0.0665104045782628,0.4985876746198373,0.0
0.38985000000000003,-0.06648527529660798,0.49447024778390747,0.0
0.3899,-0.06646014601495319,0.4903842899474404,0.0
0.38995,-0.06643501673329838,0.4863295615253713,0.0
0.39,-0.06640988745164357,0.4823058247566848,0.0
0.39005,-0.06638475816998876,0.47831284369052746,0.0
0.3901,-0.06635962888833395,0.47435038417242636,0.0
0.39015,-0.06633449960667916,0.47041821383061283,0.0
0.3902,-0.06630937032502435,0.4665161020624498,0.0
0.39025000000000004,-0.06628424104336951,0.462643820020963,0.0
0.39030000000000004,-0.0662591117617147,0.45880114060147426,0.0
0.39035000000000003,-0.06623398248005989,0.4549878384283368,0.0
0.3904,-0.06620885319840508,0.45120368984177156,0.0
0.39045,-0.06618372391675029,0.44744847288480366,0.0
0.3905,-0.06615859463509548,0.4437219672902982,0.0
0.39055,-0.06613346535344067,0.44002395446809506,0.0
0.3906,-0.06610833607178586,0.4363542174922413,0.0
0.39065,-0.06608320679013105,0.43271254108832113,0.0
0.3907,-0.06605807750847624,0.429098711620882,0.0
0.39075000000000004,-0.06603294822682142,0.4255125170809565,0.0
0.39080000000000004,-0.06600781894516661,0.42195374707367966,0.0
0.39085000000000003,-0.0659826896635118,0.41842219280599985,0.0
0.3909,-0.06595756038185699,0.41491764707448375,0.0
0.39095,-0.06593243110020218,0.41143990425321403,0.0
0.391,-0.06590730181854738,0.40798876028177894,0.0
0.39105,-0.06588217253689257,0.4045640126533538,0.0
0.3911,-0.06585704325523777,0.4011654604028728,0.0
0.39115,-0.06583191397358296,0.39779290409529117,0.0
0.3912,-0.06580678469192815,0.39444614581393633,0.0
0.39125000000000004,-0.06578165541027331,0.39112498914894817,0.0
0.39130000000000004,-0.06575652612861851,0.3878292391858071,0.0
0.39135000000000003,-0.0657313968469637,0.38455870249394936,0.0
0.3914,-0.0657062675653089,0.3813131871154693,0.0
0.39145,-0.06568113828365409,0.37809250255390736,0.0
0.3915,-0.06565600900199928,0.3748964597631235,0.0
0.39155,-0.06563087972034447,0.37172487113625563,0.0
0.3916,-0.06560575043868967,0.3685775504947615,0.0
0.39165,-0.06558062115703486,0.3654543130775446,0.0
0.3917,-0.06555549187538005,0.3623549755301627,0.0
0.39175000000000004,-0.06553036259372522,0.35927935589411825,0.0
0.39180000000000004,-0.06550523331207041,0.3562272735962307,0.0
0.39185000000000003,-0.0654801040304156,0.35319854943808954,0.0
0.3919,-0.0654549747487608,0.35019300558558764,0.0
0.39195,-0.065429845467106,0.34721046555853424,0.0
0.392,0.21836539319098547,0.34562295010708055,0.0
0.39205,0.5129680085228694,0.34547209843809734,0.0
0.3921,0.41208134185620837,0.3448345487077288,0.0
0.39215,0.3111946751895473,0.34371400632728466,0.0
0.3922,0.21030800852288623,0.34211414849741595,0.0
0.39225000000000004,0.10942134185611319,0.34003862442289234,0.0
0.39230000000000004,0.16836830682381618,0.3382639454272669,0.0
0.39235000000000003,0.6591683068234789,0.33887608525893836,0.0
0.3924,1.1499683068236066,0.34185687218849636,0.0
0.39245,1.6407683068229453,0.3471882728345825,0.0
0.3925,2.1315683068232136,0.35485239111061023,0.0
0.39255,2.6223683068232018,0.3648314671794752,0.0
0.3926,3.1131683068232068,0.3771078764162448,0.0
0.39265,3.2401728862728487,0.389904962902188,0.0
0.3927,3.2777660777622213,0.40278640572162494,0.0
0.39275000000000004,3.2951881133955094,0.4156540232003936,0.0
0.39280000000000004,3.299165092410676,0.4284429058153444,0.0
0.39285000000000003,3.303142071425843,0.44115365300394804,0.0
0.3929,3.3071190504410093,0.45378685963993726,0.0
0.39295,3.3110960294561758,0.4663431160680523,0.0
0.393,3.3150730084713422,0.47882300813852174,0.0
0.39305,3.3190499874865087,0.4912271172412811,0.0
0.3931,3.3230269665016756,0.5035560203399304,0.0
0.39315,3.327003945516842,0.5158102900054338,0.0
0.3932,3.3309809245320086,0.5279904944495618,0.0
0.39325000000000004,3.3349579035471795,0.5400971975580802,0.0
0.39330000000000004,3.338934882562346,0.5521309589236847,0.0
0.39335000000000003,3.3429118615775124,0.5640923338786863,0.0
0.3934,3.3468888405926793,0.5759818735274468,0.0
0.39345,3.350865819607846,0.5878001247785679,0.0
0.3935,3.3548427986230123,0.599547630376835,0.0
0.39355,3.3588197776381787,0.6112249289349179,0.0
0.3936,3.362796756653345,0.6228325549648299,0.0
0.39365,3.3667737356685117,0.634371038909148,0.0
0.3937,3.3707507146836786,0.6458409071719948,0.0
0.39375000000000004,3.3747276936988495,0.0,1.0
0.39380000000000004,3.378704672714016,0.016338030332272806,0.0
0.39385000000000003,3.3829438923565642,0.0325721723596749,0.0
0.39390000000000003,3.3929149984513716,0.04873093407455011,0.0
0.39395,3.4028861045461785,0.06481488937493654,0.0
0.394,3.4128572106409854,0.0808246077895755,0.0
0.39405,3.4228283167357927,0.09676065451117653,0.0
0.3941,3.4327994228305996,0.1126235904294293,0.0
0.39415,3.442770528925407,0.12841397216376393,0.0
0.3942,3.4500686265659373,0.14411942652306595,0.0
0.39425000000000004,3.4567613538386732,0.15973767276780923,0.0
0.39430000000000004,3.463454081111401,0.17526937484543806,0.0
0.39435000000000003,3.4701468083841296,0.19071519164852063,0.0
0.39440000000000003,3.4768395356568575,0.20607577705323382,0.0
0.39445,3.483532262929586,0.22135177995755467,0.0
0.3945,3.7947857886132668,0.23801657545267657,0.0
0.39455,4.2855857886131545,0.2569278032752394,0.0
0.3946,4.7763857886129735,0.27806836050987654,0.0
0.39465,5.012477495696862,0.300189609592644,0.0
0.3947,5.028080172774378,0.3222178896200681,0.0
0.39475000000000005,5.043682849851912,0.3441539083997537,0.0
0.39480000000000004,5.059285526929429,0.3659983683505061,0.0
0.39485000000000003,5.074888204006946,0.3877519665433579,0.0
0.39490000000000003,5.090490881084462,0.4094153947422838,0.0
0.39495,5.102747209025554,0.4309731578723783,0.0
0.395,5.104036243825291,0.4523730270682605,0.0
0.39505,5.1053252786250285,0.47361620443451236,0.0
0.3951,5.106614313424766,0.49470388292365153,0.0
0.39515,5.107903348224503,0.5156372464058094,0.0
0.3952,5.10919238302424,0.536417469737879,0.0
0.39525000000000005,5.110481417823979,0.5570457188321354,0.0
0.39530000000000004,5.111770452623716,0.5775231507243351,0.0
0.39535000000000003,5.113059487423453,0.5978509136412958,0.0
0.39540000000000003,5.114348522223191,0.6180301470679622,0.0
0.39545,5.115637557022928,0.6380619818139612,0.0
0.3955,5.116926591822665,0.0,1.0
0.39555,5.118215626622402,0.024749592004943918,0.0
0.3956,5.119504661422139,0.04931698950875286,0.0
0.39565,5.1207936962218765,0.07370357962516047,0.0
0.3957,5.122082731021614,0.0979107389072935,0.0
0.39575000000000005,5.123371765821353,0.12193983342807355,0.0
0.39580000000000004,5.12466080062109,0.1457922188600067,0.0
0.39585000000000004,5.125949835420827,0.1694692405543658,0.0
0.39590000000000003,5.127238870220564,0.19297223361976967,0.0
0.39595,5.128527905020301,0.21630252300016437,0.0
0.396,5.129816939820039,0.23946142355221037,0.0
0.39605,5.131105974619776,0.26245024012208096,0.0
0.3961,5.132395009419513,0.2852702676216757,0.0
0.39615,5.13368404421925,0.30792279110425363,0.0
0.3962,5.134973079018988,0.3304090858394909,0.0
0.39625000000000005,5.136262113818726,0.3527304173879666,0.0
0.39630000000000004,5.1375511486184635,0.3748880416750818,0.0
0.39635000000000004,5.138840183418201,0.3968832050644155,0.0
0.39640000000000003,5.140129218217938,0.41871714443052266,0.0
0.39645,5.141418253017676,0.44039108723117737,0.0
0.3965,5.142707287817413,0.46190625157906634,0.0
0.39655,5.14399632261715,0.4832638463129364,0.0
0.3966,5.1452853574168875,0.5044650710682006,0.0
0.39665,5.146574392216625,0.5255111163470063,0.0
0.3967,5.147863427016362,0.5464031635877704,0.0
0.39675,5.149152461816099,0.5671423852341847,0.0
0.39680000000000004,5.150441496615838,0.5877299448036959,0.0
0.39685000000000004,5.151730531415575,0.6081669969554645,0.0
0.39690000000000003,5.153019566215312,0.6284546875578064,0.0
0.39695,5.15430860101505,0.6485941537551208,0.0
0.397,5.155597635814787,0.0,1.0
0.39705,5.156886670614524,0.024936589316317818,0.0
0.3971,5.0056035322883075,0.048951783986413755,0.0
0.39715,4.633152468458581,0.07098312153049272,0.0
0.3972,4.260701404628855,0.09104570578235852,0.0
0.39725,3.8882503407991287,0.10915452558477423,0.0
0.39730000000000004,3.515799276968989,0.12532445566492934,0.0
0.39735000000000004,3.1433482131392627,0.13957025750324942,0.0
0.39740000000000003,2.7708971493095365,0.1519065801955795,0.0
0.39745,2.8040149249292674,0.16430912590963068,0.0
0.3975,3.2948149249289207,0.1789905540260184,0.0
0.39755,3.7856149249292597,0.19593351457502692,0.0
0.3976,4.276414924929142,0.21512078967863435,0.0
0.39765,4.767214924928708,0.23653529254485622,0.0
0.3977,4.988522270086151,0.2588569104985499,0.0
0.39775,4.736230694994581,0.27978860716370507,0.0
0.39780000000000004,4.483939119902731,0.29934096452219144,0.0
0.39785000000000004,4.23164754481116,0.3175244839913624,0.0
0.39790000000000003,3.9793559697195904,0.334349587037418,0.0
0.39795,3.7270643946280204,0.349826615784104,0.0
0.398,3.47477281953645,0.36396583361677504,0.0
0.39805,3.2224812444448796,0.37677742578185897,0.0
0.3981,2.9701896693533096,0.38827149998175736,0.0
0.39815,2.7178980942617397,0.3984580869652165,0.0
0.3982,2.4656065191701693,0.407347141113204,0.0
0.39825,2.2133149440785993,0.41494854102032486,0.0
0.39830000000000004,1.9610233689867491,0.42127209007180927,0.0
0.39835000000000004,1.7087317938951787,0.42632751701611354,0.0
0.39840000000000003,1.4564402188036087,0.43012447653315317,0.0
0.39845,1.2041486437120383,0.43267254979821523,0.0
0.3985,0.9518570686204679,0.43398124504157626,0.0
0.39855,0.6995654935288984,0.43405999810385915,0.0
0.3986,0.447273918437328,0.4329181729871625,0.0
0.39865,0.1949823433457576,0.43056506240199366,0.0
0.3987,0.10002949308741715,0.42777071386532406,0.0
0.39875,0.5908294930870872,0.42737094727512,0.0
0.39880000000000004,1.0816294930879011,0.42934753179849344,0.0
0.39885000000000004,1.572429493087625,0.43368237540058024,0.0
0.39890000000000003,2.0632294930878414,0.4403575237878381,0.0
0.39895,2.46242742698472,0.448912209329848,0.0
0.399,2.3290762292702842,0.45675693319468175,0.0
0.39905,2.1957250315558485,0.4638971005816547,0.0
0.3991,2.0623738338414133,0.47033807553831203,0.0
0.39915,1.9290226361269776,0.47608518127373267,0.0
0.3992,1.7956714384125418,0.4811437004694473,0.0
0.39925,1.6623202406981066,0.4855188755879896,0.0
0.39930000000000004,1.5289690429835228,0.48921590917909746,0.0
0.39935000000000004,1.3956178452690873,0.49223996418358595,0.0
0.39940000000000003,1.2622666475546518,0.49459616423490255,0.0
0.39945,1.128915449840216,0.49628959395838923,0.0
0.3995,0.9955642521257806,0.49732529926826546,0.0
0.39955,0.8622130544113451,0.49770828766235037,0.0
0.3996,0.7288618566969094,0.4974435285145407,0.0
0.39965,0.5955106589824739,0.4965359533650625,0.0
0.3997,0.4621594612680382,0.4949904562085127,0.0
0.39975,0.32880826355360293,0.4928118937797075,0.0
0.39980000000000004,0.19545706583901934,0.4900050858373546,0.0
0.39985000000000004,0.06210586812458363,0.4865748154455675,0.0
0.39990000000000003,-0.07124532958985208,0.48252582925323334,0.0
0.39995,-0.07672795412956927,0.47848115775759376,0.0
0.4,-0.07604443006054114,0.47447058507546935,0.0
0.40005,-0.075360905991513,0.470493851600054,0.0
0.4001,-0.07467738192248485,0.46655069970102375,0.0
0.40015,-0.07399385785345672,0.4626408737094889,0.0
0.4002,-0.07331033378442858,0.45876411990306115,0.0
0.40025,-0.07262680971540045,0.454920186491034,0.0
0.40030000000000004,-0.07194328564637155,0.45110882359967613,0.0
0.40035000000000004,-0.07125976157734341,0.44732978325763684,0.0
0.40040000000000003,-0.07057623750831526,0.44358281938146255,0.0
0.40045000000000003,-0.06989271343928713,0.4398676877612235,0.0
0.4005,-0.069209189370259,0.4361841460462499,0.0
0.40055,-0.06852566530123086,0.4325319537309767,0.0
0.4006,-0.06784214123220271,0.42891087214089624,0.0
0.40065,-0.06715861716317457,0.42532066441861754,0.0
0.4007,-0.06647509309414644,0.42176109551003216,0.0
0.40075,-0.0657915690251183,0.4182319321505849,0.0
0.40080000000000005,-0.0651080449560894,0.41473294285164947,0.0
0.40085000000000004,-0.06442452088706127,0.4112638978870076,0.0
0.40090000000000003,-0.06374099681803312,0.4078245692794312,0.0
0.40095000000000003,-0.06305747274900499,0.40441473078736667,0.0
0.401,-0.06237394867997685,0.4010341578917204,0.0
0.40105,-0.06169042461094871,0.39768262778274543,0.0
0.4011,-0.06100690054192057,0.3943599193470272,0.0
0.40115,-0.06032337647289243,0.3910658131545689,0.0
0.4012,-0.059639852403864296,0.387800091445975,0.0
0.40125,-0.058956328334836154,0.38456253811973223,0.0
0.40130000000000005,-0.05827280426580726,0.38135293871958775,0.0
0.40135000000000004,-0.05758928019677912,0.37817108042202296,0.0
0.40140000000000003,-0.05690575612775098,0.37501675202382295,0.0
0.40145000000000003,-0.05622223205872284,0.3718897439297406,0.0
0.4015,-0.05553870798969471,0.36878984814025445,0.0
0.40155,-0.054855183920666566,0.36571685823941985,0.0
0.4016,-0.05417165985163842,0.36267056938281267,0.0
0.40165,-0.05348813578261029,0.3596507782855647,0.0
0.4017,-0.05280461171358215,0.3566572832104902,0.0
0.40175,-0.05212108764455401,0.35368988395630274,0.0
0.40180000000000005,-0.05143756357552511,0.35074838184592205,0.0
0.40185000000000004,-0.05075403950649697,0.3478325797148694,0.0
0.40190000000000003,-0.050070515437468835,0.3449422818997518,0.0
0.40195000000000003,-0.0493869913684407,0.34207729422683353,0.0
0.402,-0.04870346729941256,0.33923742400069506,0.0
0.40205,-0.048019943230384415,0.3364224799929778,0.0
0.4021,-0.04733641916135628,0.3336322724312151,0.0
0.40215,-0.046652895092328145,0.3308666129877479,0.0
0.4022,-0.0459693710233,0.32812531476872464,0.0
0.40225,-0.039527031962742064,0.32543603957103634,0.0
0.40230000000000005,-0.02766396282276623,0.32282460375214184,0.0
0.40235000000000004,-0.015800893682803567,0.32029041469222724,0.0
0.40240000000000004,-0.003937824542840904,0.31783288428331125,0.0
0.40245000000000003,0.007925244597121753,0.3154514288948949,0.0
0.4025,0.019788313737084423,0.3131454693398729,0.0
0.40255,0.03165138287704708,0.3109144308407043,0.0
0.4026,0.043514452017009736,0.30875774299584097,0.0
0.40265,0.055377521156972406,0.3066748397464114,0.0
0.4027,0.06724059029693506,0.3046651593431585,0.0
0.40275,0.07910365943689773,0.30272814431362893,0.0
0.40280000000000005,0.09096672857687356,0.300863241429612,0.0
0.40285000000000004,0.10282979771683622,0.2990699016748269,0.0
0.40290000000000004,0.1146928668567989,0.2973475802128555,0.0
0.40295000000000003,0.12655593599676157,0.29569573635531987,0.0
0.403,0.11844399136719248,0.2940172425546267,0.0
0.40305,0.0909782979365316,0.2922187149135509,0.0
0.4031,0.0635126045058707,0.29030106729385813,0.0
0.40315,0.07569774288953283,0.2884569417632606,0.0
0.4032,0.11232460856117979,0.28680396874169667,0.0
0.40325,0.14895147423282676,0.28534069291482456,0.0
0.4033,0.3316731975617414,0.2847721248724071,0.0
0.40335000000000004,0.8224731975622757,0.28658119309109314,0.0
0.40340000000000004,1.3132731975627012,0.2907497957517226,0.0
0.40345000000000003,1.8040731975623885,0.297259968850938,0.0
0.4035,2.2948731975620267,0.3060938851519483,0.0
0.40355,2.1715864431105656,0.31426438140994956,0.0
0.4036,1.915865882362905,0.32113611290397875,0.0
0.40365,1.6601453216152442,0.3267189676077655,0.0
0.4037,1.4044247608675837,0.33102275821425925,0.0
0.40375,1.754076111193881,0.3369845530331121,0.0
0.4038,2.2448761111935127,0.3452742660592578,0.0
0.40385000000000004,2.3268654573138776,0.35389733330929285,0.0
0.40390000000000004,2.3998677456434,0.36280775910866847,0.0
0.40395000000000003,2.4675334882578164,0.3719775503442963,0.0
0.404,2.492574304584343,0.3811986157069013,0.0
0.40405,2.51761512091087,0.39047056482770026,0.0
0.4041,2.5426559372373965,0.3997930103099311,0.0
0.40415,2.6856790248249407,0.40973608159046665,0.0
0.4042,3.1764790248252095,0.4219767601566014,0.0
0.40425,3.6672790248243876,0.4364975534791892,0.0
0.4043,4.158079024825127,0.4532811022061536,0.0
0.40435000000000004,4.648879024824926,0.4723101791485365,0.0
0.40440000000000004,4.8443999881792665,0.4921398399346308,0.0
0.40445000000000003,4.854009024323844,0.5118649955799354,0.0
0.4045,4.863618060468421,0.5314864417205157,0.0
0.40455,4.8732270966129985,0.5510049679349673,0.0
0.4046,4.882836132757576,0.5704213577905335,0.0
0.40465,4.892445168902154,0.5897363888888719,0.0
0.4047,4.9645505244882315,0.6092530394851747,0.0
0.40475,4.988570685189476,0.6287372542913215,0.0
0.4048,5.0125908458907205,0.64818928025291,0.0
0.40485000000000004,5.035401218484472,0.0,1.0
0.40490000000000004,5.039305360388101,0.02436801431522293,0.0
0.40495000000000003,5.04320950229173,0.04856938480618514,0.0
0.405,5.04711364419536,0.07260538019359897,0.0
0.40505,5.051017786098988,0.09647725953893939,0.0
0.4051,5.054921928002618,0.12018627231798344,0.0
0.40515,5.058826069906247,0.14373365849378958,0.0
0.4052,5.0627302118098765,0.16712064858912157,0.0
0.40525,5.066634353713505,0.19034846375832085,0.0
0.4053,5.070538495617135,0.21341831585863183,0.0
0.40535000000000004,5.074442637520768,0.23633140752098414,0.0
0.40540000000000004,5.078346779424398,0.2590889322202358,0.0
0.40545000000000003,5.0822509213280265,0.281692074344882,0.0
0.4055,5.086155063231656,0.30414200926623275,0.0
0.40555,5.090059205135285,0.32643990340706397,0.0
0.4056,5.0939633470389145,0.3485869143097462,0.0
0.40565,5.097867488942543,0.3705841907038542,0.0
0.4057,5.101771630846173,0.39243287257326204,0.0
0.40575,5.105675772749802,0.4141340912227275,0.0
0.4058,5.109579914653431,0.43568896934396906,0.0
0.40585000000000004,5.1134840565570645,0.45709862108124044,0.0
0.40590000000000004,5.117388198460693,0.4783641520964054,0.0
0.40595000000000003,5.121292340364323,0.4994866596335174,0.0
0.406,5.125196482267952,0.5204672325829074,0.0
0.40605,5.129100624171581,0.5413069515447838,0.0
0.4061,5.13300476607521,0.5620068888923484,0.0
0.40615,5.128478781388355,0.5825273441990809,0.0
0.4062,5.112860785777531,0.6028160475112971,0.0
0.40625,5.097242790166705,0.6228747632421511,0.0
0.4063,5.08162479455588,0.6427052423716706,0.0
0.40635000000000004,5.066006798945038,0.0,1.0
0.40640000000000004,5.050388803334212,0.024421609300455574,0.0
0.40645000000000003,5.034770807723388,0.04858176568650921,0.0
0.40650000000000003,5.019152812112563,0.07248245969533966,0.0
0.40655,5.0035348165017375,0.09612566670943416,0.0
0.4066,4.987916820890913,0.11951334707196669,0.0
0.40665,4.972298825280088,0.14264744620129777,0.0
0.4067,4.956680829669263,0.1655298947046026,0.0
0.40675,4.941062834058438,0.18816260849063404,0.0
0.4068,4.925444838447612,0.21054748888162708,0.0
0.40685000000000004,4.90982684283677,0.23268642272435128,0.0
0.40690000000000004,4.894208847225945,0.2545812825003181,0.0
0.40695000000000003,4.878590851615121,0.2762339264351486,0.0
0.40700000000000003,4.862972856004295,0.29764619860710895,0.0
0.40705,4.84735486039347,0.3188199290548193,0.0
0.4071,4.831736864782645,0.3397569338841429,0.0
0.40715,4.81611886917182,0.36045901537426117,0.0
0.4072,4.8005008735609955,0.38092796208294144,0.0
0.40725,4.78488287795017,0.40116554895100304,0.0
0.4073,4.769264882339345,0.42117353740598823,0.0
0.40735000000000005,4.753646886728503,0.4409536754650435,0.0
0.40740000000000004,4.738028891117678,0.4605076978370183,0.0
0.40745000000000003,4.957552398447301,0.4809743739103447,0.0
0.40750000000000003,4.998020051724285,0.5014809146298853,0.0
0.40755,5.012440469088963,0.5219010627394357,0.0
0.4076,4.897245589999389,0.541608709553844,0.0
0.40765,4.782050710909814,0.5606092796074709,0.0
0.4077,4.666855831820239,0.5789081561357022,0.0
0.40775,5.08051107477268,0.5990679837203311,0.0
0.4078,4.8852432119160065,0.6181300918107712,0.0
0.40785000000000005,4.59148630583835,0.6356265851223908,0.0
0.40790000000000004,4.297729399761019,0.0,1.0
0.40795000000000003,4.003972493683689,0.01936156911839308,0.0
0.40800000000000003,3.7102155876063576,0.03715524355104384,0.0
0.40805,3.416458681529027,0.053392960256740674,0.0
0.4081,3.1227017754516964,0.06808656531381528,0.0
0.40815,2.8289448693743653,0.08124781461204895,0.0
0.4082,2.5351879632970347,0.09288837453931124,0.0
0.40825,2.241431057219704,0.10301982266297087,0.0
0.4083,1.9476741511423734,0.11165364840611887,0.0
0.40835000000000005,1.6539172450647164,0.11880125371864184,0.0
0.40840000000000004,1.3601603389873858,0.1244739537431923,0.0
0.40845000000000004,1.0104055720656586,0.12841219478340823,0.0
0.40850000000000003,0.46332272929995033,0.12967498425451218,0.0
0.40855,0.9541227293002003,0.1333014671885415,0.0
0.4086,1.3866344888015951,0.1389917898884946,0.0
0.40865,0.6483376349317758,0.14106868922852575,0.0
0.4087,2.785285204127024,0.1534631785422884,0.0
0.40875,3.784026524243159,0.17059280753339318,0.0
0.4088,0.4133256429309532,0.1712926950810132,0.0
0.40885000000000005,1.2548676015349685,0.17605660595814449,0.0
0.40890000000000004,3.339406828450428,0.19086422434930445,0.0
0.40895000000000004,1.8857256429317473,0.19852970077706938,0.0
0.40900000000000003,2.3765256429318615,0.20851012465756352,0.0
0.40905,2.867325642931051,0.22078787144457288,0.0
0.4091,3.358125642931321,0.23534545077404434,0.0
0.40915,3.848925642931579,0.25216550544249267,0.0
0.4092,4.21243019430981,0.27061526180218975,0.0
0.40925,3.4598680406003943,0.2852854714011939,0.0
0.4093,3.268793231440114,0.2989200318746552,0.0
0.40935000000000005,3.077718422279621,0.311526828000194,0.0
0.40940000000000004,2.8866436131193405,0.32311368452572126,0.0
0.40945000000000004,2.69556880395906,0.33368836662646384,0.0
0.40950000000000003,2.5044939947987794,0.34325858035851414,0.0
0.40955,2.313419185638499,0.3518319731089259,0.0
0.4096,2.122344376478218,0.35941613404238304,0.0
0.40965,1.9312695673179374,0.36601859454446817,0.0
0.4097,1.7401947581576567,0.37164682866155596,0.0
0.40975,1.549119948997376,0.37630825353735764,0.0
0.4098,1.3580451398370954,0.380010229846142,0.0
0.40985,1.1669703306768149,0.38276006222265796,0.0
0.40990000000000004,0.9758955215163221,0.38456499968878294,0.0
0.40995000000000004,0.7848207123560416,0.38543223607692734,0.0
0.41000000000000003,0.5937459031957606,0.385368910450209,0.0
0.41005,0.40267109403548007,0.3843821075194331,0.0
0.4101,0.21159628487519955,0.38247885805689624,0.0
0.41015,0.020521475714919024,0.37966613930704024,0.0
0.4102,-0.07213379080675533,0.3764267919444561,0.0
0.41025,-0.07177217724993093,0.3732138555393936,0.0
0.4103,-0.07141056369310653,0.3700271290155213,0.0
0.41035,-0.07104895013628211,0.36686641282737575,0.0
0.41040000000000004,-0.0706873365794573,0.3637315089487066,0.0
0.41045000000000004,-0.0703257230226329,0.36062222086091006,0.0
0.41050000000000003,-0.0699641094658085,0.35753835354155084,0.0
0.41055,-0.0696024959089841,0.3544797134529711,0.0
0.4106,-0.06924088235215968,0.35144610853098635,0.0
0.41065,-0.06887926879533528,0.34843734817366734,0.0
0.4107,-0.06851765523851087,0.3454532432302075,0.0
0.41075,-0.06815604168168647,0.34249360598987477,0.0
0.4108,-0.06779442812486206,0.33955825017104807,0.0
0.41085,-0.06743281456803765,0.3366469909103367,0.0
0.41090000000000004,-0.06707120101121285,0.3337596447517828,0.0
0.41095000000000004,-0.06670958745438844,0.33089602963614656,0.0
0.41100000000000003,-0.06634797389756404,0.3280559648902717,0.0
0.41105,-0.06598636034073962,0.3252392712165334,0.0
0.4111,-0.06562474678391522,0.3224457706823654,0.0
0.41115,-0.06526313322709082,0.3196752867098676,0.0
0.4112,-0.06490151967026642,0.31692764406549234,0.0
0.41125,-0.06453990611344201,0.31420266884980946,0.0
0.4113,-0.0641782925566176,0.311500188487349,0.0
0.41135,-0.0638166789997932,0.30882003171652167,0.0
0.41140000000000004,-0.06345506544296839,0.30616202857961544,0.0
0.41145000000000004,-0.06309345188614399,0.30352601041286903,0.0
0.41150000000000003,-0.06273183832931958,0.30091180983662025,0.0
0.41155,-0.06237022477249517,0.2983192607455299,0.0
0.4116,-0.062008611215670764,0.29574819829887977,0.0
0.41165,-0.06164699765884636,0.2931984589109447,0.0
0.4117,-0.06128538410202195,0.2906698802414378,0.0
0.41175,-0.06092377054519755,0.2881623011860284,0.0
0.4118,-0.06056215698837314,0.2856755618669325,0.0
0.41185,-0.060200543431548736,0.2832095036235742,0.0
0.41190000000000004,-0.05983892987472393,0.28076396900331924,0.0
0.41195000000000004,-0.05947731631789952,0.2783388017522779,0.0
0.41200000000000003,-0.05911570276107512,0.2759338468061789,0.0
0.41205,-0.05875408920425071,0.2735489502813122,0.0
0.4121,-0.058392475647426306,0.2711839594655412,0.0
0.41215,-0.058030862090601903,0.2688387228093827,0.0
0.4122,-0.057669248533777494,0.26651308991715567,0.0
0.41225,-0.057307634976953084,0.2642069115381966,0.0
0.4123,-0.05694602142012868,0.2619200395581421,0.0
0.41235,-0.05658440786330428,0.259652326990278,0.0
0.41240000000000004,-0.05622279430647947,0.25740362796695404,0.0
0.41245000000000004,-0.055861180749655064,0.25517379773106397,0.0
0.41250000000000003,-0.055499567192830654,0.2529626926275906,0.0
0.41255000000000003,-0.05513795363600625,0.25077017009521524,0.0
0.4126,-0.05477634007918185,0.24859608865799096,0.0
0.41265,-0.05441472652235744,0.24644030791707922,0.0
0.4127,-0.054053112965533036,0.24430268854254944,0.0
0.41275,-0.04495860981607979,0.24222532093831955,0.0
0.4128,-0.030684784312722046,0.2402327914645873,0.0
0.41285,-0.0164109588093643,0.2383244542174685,0.0
0.41290000000000004,-0.0021371333059907044,0.23649966821058294,0.0
0.41295000000000004,0.012136692197367037,0.23475779733761515,0.0
0.41300000000000003,0.026410517700724785,0.2330982103351611,0.0
0.41305000000000003,0.2041664337745057,0.2323108130987122,0.0
0.4131,0.6949664337747746,0.23390271815048752,0.0
0.41315,1.1857664337743186,0.23785581098724684,0.0
0.4132,1.6765664337743436,0.24415211501813003,0.0
0.41325,2.1673664337740655,0.25277379051466975,0.0
0.4133,2.658166433774215,0.263703133568815,0.0
0.41335,3.1489664337743584,0.2769225750588747,0.0
0.41340000000000005,3.639766433775049,0.2924146796233445,0.0
0.41345000000000004,4.130566433774651,0.31016214464253056,0.0
0.41350000000000003,4.6213664337742015,0.3301477992279503,0.0
0.41355000000000003,4.735413017474386,0.35053277818894824,0.0
0.4136,4.744763098197667,0.3708077719654589,0.0
0.41365,4.754113178920948,0.3909736179151354,0.0
0.4137,4.763463259644229,0.41103114702051935,0.0
0.41375,4.7728133403675095,0.43098118393757656,0.0
0.4138,4.78216342109079,0.4508245470438637,0.0
0.41385,4.791513501814071,0.4705620484863283,0.0
0.41390000000000005,4.800863582537363,0.4901944942287445,0.0
0.41395000000000004,4.811400198675431,0.5097284216975053,0.0
0.41400000000000003,4.836780242375346,0.5292363576774777,0.0
0.41405000000000003,4.8621602860752615,0.5487185000514232,0.0
0.4141,4.887540329775177,0.5681750451955495,0.0
0.41415,4.977588328797551,0.5879188957053051,0.0
0.4142,4.992394585780789,0.6075840260082725,0.0
0.41425,5.0072008427640275,0.627171035430333,0.0
0.4143,5.022007099747266,0.6466805187344796,0.0
0.41435,5.036813356730504,0.0,1.0
0.41440000000000005,5.051619613713759,0.024427560994747383,0.0
0.41445000000000004,5.066425870696997,0.04874074297249153,0.0
0.41450000000000004,5.0710766128520355,0.0728913088373895,0.0
0.41455000000000003,5.0728793676729715,0.09686672494679792,0.0
0.4146,5.0746821224939085,0.12066832478021133,0.0
0.41465,5.0764848773148445,0.14429743166485456,0.0
0.4147,5.0782876321357815,0.16775535885297568,0.0
0.41475,5.0800903869567176,0.19104340959855048,0.0
0.4148,5.0818931417776545,0.21416287723340297,0.0
0.41485,5.083695896598591,0.2371150452427464,0.0
0.41490000000000005,5.085498651419529,0.25990118734014916,0.0
0.41495000000000004,5.087301406240466,0.2825225675419299,0.0
0.41500000000000004,5.089104161061402,0.30498044024098614,0.0
0.41505000000000003,5.090906915882339,0.32727605028006107,0.0
0.4151,5.092709670703275,0.34941063302445236,0.0
0.41515,5.094512425524212,0.3713854144341673,0.0
0.4152,5.096315180345148,0.3932016111355289,0.0
0.41525,5.098117935166085,0.41486043049223653,0.0
0.4153,5.099920689987021,0.4363630706758859,0.0
0.41535,5.101723444807958,0.45771072073595165,0.0
0.41540000000000005,5.103526199628897,0.4789045606692375,0.0
0.41545000000000004,5.105328954449833,0.49994576148879766,0.0
0.41550000000000004,5.10713170927077,0.5208354852923334,0.0
0.41555000000000003,5.108934464091706,0.5415748853300687,0.0
0.4156,5.110737218912643,0.5621651060721097,0.0
0.41565,5.112539973733579,0.5826072832752907,0.0
0.4157,5.114342728554516,0.6029025440495115,0.0
0.41575,5.116145483375452,0.6230520069235699,0.0
0.4158,5.117948238196389,0.6430567819104925,0.0
0.41585,5.119750993017325,0.0,1.0
0.41590000000000005,5.121553747838264,0.024765733790320422,0.0
0.41595000000000004,5.123356502659201,0.049351634325525646,0.0
0.41600000000000004,5.125159257480137,0.0737590707423151,0.0
0.41605000000000003,5.126962012301074,0.09798940175364707,0.0
0.4161,5.12876476712201,0.12204397572809844,0.0
0.41615,5.130567521942947,0.14592413076862035,0.0
0.4162,5.132370276763883,0.16963119479069405,0.0
0.41625,5.13417303158482,0.19316648559989202,0.0
0.4163,5.135975786405756,0.21653131096884826,0.0
0.41635,5.137778541226693,0.23972696871364282,0.0
0.4164,5.13958129604763,0.26275474676960475,0.0
0.41645000000000004,5.1413840508685675,0.2856159232665378,0.0
0.41650000000000004,5.1431868056895045,0.30831176660337356,0.0
0.41655000000000003,4.971742867210746,0.33000578555465604,0.0
0.4166,4.791542817471908,0.350663266414283,0.0
0.41665,4.611342767733069,0.37029210072790175,0.0
0.4167,4.431142717994231,0.38890011995992074,0.0
0.41675,4.250942668255392,0.40649509595093003,0.0
0.4168,4.070742618516554,0.42308474137163943,0.0
0.41685,3.8905425687777146,0.4386767101733605,0.0
0.4169,3.7103425190388766,0.4532785980350591,0.0
0.41695000000000004,3.5301424692998378,0.46689794280700286,0.0
0.41700000000000004,3.3499424195609993,0.4795422249510356,0.0
0.41705000000000003,3.1697423698221607,0.4912188679774934,0.0
0.4171,2.989542320083322,0.5019352388787984,0.0
0.41715,2.8093422703444837,0.5116986485597503,0.0
0.4172,2.629142220605645,0.5205163522645425,0.0
0.41725,2.4489421708668067,0.5283955500005261,0.0
0.4173,2.268742121127968,0.5353433869587488,0.0
0.41735,2.0885420713891296,0.5413669539312916,0.0
0.4174,1.908342021650291,0.5464732877254278,0.0
0.41745000000000004,1.7281419719112527,0.5506693715746283,0.0
0.41750000000000004,1.5479419221724142,0.5539621355464417,0.0
0.41755000000000003,1.3677418724335757,0.5563584569472633,0.0
0.4176,1.1875418226947372,0.5578651607240255,0.0
0.41765,1.0073417729558987,0.5584890198628304,0.0
0.4177,0.8271417232170606,0.5582367557845461,0.0
0.41775,0.6469416734782216,0.5571150387373921,0.0
0.4178,0.46674162373938355,0.5551304881865354,0.0
0.41785,0.2865415740005446,0.5522896732007208,0.0
0.4179,0.10634152426170651,0.5485991128359567,0.0
0.41795000000000004,0.3858130518807256,0.5462880597723639,0.0
0.41800000000000004,0.8766130518809865,0.5463679091490856,0.0
0.41805000000000003,1.367413051880612,0.5488204581466587,0.0
0.4181,1.8582130518807585,0.5536276425303835,0.0
0.41815,2.3490130518801666,0.5607715355952159,0.0
0.4182,2.8398130518804354,0.5702343471187167,0.0
0.41825,3.330613051879861,0.5819984223219439,0.0
0.4183,3.821413051880428,0.5960462408382892,0.0
0.41835,4.312213051879855,0.6123604156901268,0.0
0.4184,4.803013051879876,0.6309236922732935,0.0
0.41845000000000004,5.019388664590442,0.0,1.0
0.41850000000000004,4.85918866459045,0.023497043832642405,0.0
0.41855000000000003,4.698988664590458,0.04604053452155579,0.0
0.4186,4.538788664590466,0.06763773181746367,0.0
0.41865,4.378588664590473,0.08829584019993778,0.0
0.4187,4.2183886645904805,0.10802200929819761,0.0
0.41875,4.058188664590488,0.12682333430870638,0.0
0.4188,3.8979886645904958,0.14470685640958758,0.0
0.41885,3.7377886645905036,0.16167956317188648,0.0
0.4189,3.577588664590511,0.17774838896770045,0.0
0.41895000000000004,3.417388664590341,0.1929202153752014,0.0
0.41900000000000004,3.2571886645903483,0.2072018715805778,0.0
0.41905000000000003,3.0969886645903557,0.22060013477691157,0.0
0.41910000000000003,2.9367886645903636,0.2331217305600216,0.0
0.41915,2.776588664590371,0.24477333332129275,0.0
0.4192,2.616388664590379,0.25556156663751384,0.0
0.41925,2.4561886645903863,0.26549300365774803,0.0
0.4193,2.2959886645903937,0.2745741674872576,0.0
0.41935,2.1357886645904016,0.2828115315685058,0.0
0.4194,1.975588664590409,0.290211520059258,0.0
0.41945000000000005,1.8153886645902388,0.2967805082078033,0.0
0.41950000000000004,1.6551886645902463,0.30252482272532294,0.0
0.41955000000000003,1.4949886645902541,0.30745074215541884,0.0
0.41960000000000003,1.3347886645902616,0.3115644972408315,0.0
0.41965,1.174588664590269,0.31487227128736595,0.0
0.4197,1.0143886645902764,0.31738020052504623,0.0
0.41975,0.8541886645902848,0.3190943744665209,0.0
0.4198,0.6939886645902922,0.32002083626273947,0.0
0.41985,0.5337886645902996,0.32016558305592113,0.0
0.4199,0.37358866459030704,0.319534566329836,0.0
0.41995000000000005,0.21338866459013683,0.318133692257419,0.0
0.42000000000000004,0.05318866459014426,0.31596882204574034,0.0
0.42005000000000003,-0.07180298193962113,0.31321602543825877,0.0
0.42010000000000003,-0.07154463215675498,0.3104854361572192,0.0
0.42015,-0.07128628237388883,0.3077768851300793,0.0
0.4202,-0.07102793259102268,0.30509020457150826,0.0
0.42025,-0.07076958280815653,0.3024252279735867,0.0
0.4203,-0.07051123302529037,0.29978179009608114,0.0
0.42035,-0.07025288324242421,0.2971597269567929,0.0
0.4204,-0.06999453345955806,0.29455887582198,0.0
0.42045000000000005,-0.06973618367669161,0.2919790751968523,0.0
0.42050000000000004,-0.06947783389382546,0.28942016481613886,0.0
0.42055000000000003,-0.06921948411095931,0.2868819856347272,0.0
0.42060000000000003,-0.06896113432809316,0.2843643798183738,0.0
0.42065,-0.068702784545227,0.28186719073448524,0.0
0.4207,-0.06844443476236085,0.2793902629429696,0.0
0.42075,-0.06818608497949469,0.2769334421871576,0.0
0.4208,-0.06792773519662854,0.2744965753847926,0.0
0.42085,-0.06766938541376238,0.27207951061908964,0.0
0.4209,-0.06741103563089623,0.26968209712986196,0.0
0.42095000000000005,-0.06715268584802979,0.2673041853047156,0.0
0.42100000000000004,-0.06689433606516364,0.2649456266703108,0.0
0.42105000000000004,-0.06663598628229749,0.2626062738836898,0.0
0.42110000000000003,-0.06637763649943132,0.2602859807236711,0.0
0.42115,-0.06611928671656517,0.2579846020823088,0.0
0.4212,-0.06586093693369902,0.2557019939564171,0.0
0.42125,-0.06560258715083286,0.25343801343915945,0.0
0.4213,-0.06534423736796671,0.25119251871170156,0.0
0.42135,-0.06508588758510056,0.24896536903492814,0.0
0.4214,-0.0648275378022344,0.24675642474122245,0.0
0.42145000000000005,-0.06456918801936797,0.24456554722630872,0.0
0.42150000000000004,-0.0643108382365018,0.2423925989411565,0.0
0.42155000000000004,-0.06405248845363565,0.24023744338394667,0.0
0.42160000000000003,-0.0637941386707695,0.2380999450920987,0.0
0.42165,-0.06353578888790334,0.23597996963435844,0.0
0.4217,-0.06327743910503719,0.23387738360294635,0.0
0.42175,-0.06301908932217104,0.23179205460576535,0.0
0.4218,-0.06276073953930487,0.2297238512586681,0.0
0.42185,-0.06250238975643872,0.22767264317778302,0.0
0.4219,-0.06224403997357257,0.225638300971899,0.0
0.42195000000000005,-0.06198569019070613,0.2236206962349077,0.0
0.42200000000000004,-0.061727340407839976,0.2216197015383038,0.0
0.42205000000000004,-0.061468990624973824,0.21963519042374194,0.0
0.42210000000000003,-0.061210640842107665,0.21766703739565071,0.0
0.42215,-0.06095229105924151,0.21571511791390263,0.0
0.4222,-0.018449212984986273,0.21398358656976718,0.0
0.42225,0.06911898389148564,0.2126886819025255,0.0
0.4223,0.15668718076795757,0.2118270797127301,0.0
0.42235,0.2442553776444295,0.21139548110928635,0.0
0.4224,0.18463281525861902,0.21067885816173046,0.0
0.42245000000000005,0.08113232699997752,0.20946720520817796,0.0
0.42250000000000004,0.12665675635535453,0.2084849144868145,0.0
0.42255000000000004,0.6174567563552246,0.20988340984944015,0.0
0.42260000000000003,0.31036661385425357,0.20978629594825904,0.0
0.42265,0.4011379218074462,0.2101288542346765,0.0
0.4227,0.830173029933959,0.21254344235250386,0.0
0.42275,0.5464013935701293,0.21356744405248032,0.0
0.4228,0.26262975720629944,0.21321144638035108,0.0
0.42285,0.5674596699865473,0.2143321915096598,0.0
0.4229,1.05825966998676,0.21781771153770027,0.0
0.42295,1.5490596699867045,0.22365000256359277,0.0
0.42300000000000004,2.0398596699867717,0.2318111977567772,0.0
0.42305000000000004,2.53065966998704,0.24228356631344483,0.0
0.42310000000000003,3.0214596699873093,0.25504951242091545,0.0
0.42315,3.5122596699864883,0.27009157422989566,0.0
0.4232,4.003059669986757,0.28739242283458255,0.0
0.42325,4.493859669986481,0.3069348612604972,0.0
0.4233,4.956712713691095,0.3285666834392843,0.0
0.42335,4.972050213691091,0.35010798046211106,0.0
0.4234,4.987387713691088,0.37155944153027765,0.0
0.42345,5.002725213691084,0.3929217505979414,0.0
0.42350000000000004,5.018062713691098,0.4141955864120651,0.0
0.42355000000000004,5.0334002136910945,0.4353816225520613,0.0
0.42360000000000003,5.048737713691091,0.45648052746913476,0.0
0.42365,5.0545257994559645,0.47744678747389835,0.0
0.4237,5.057299527881197,0.4982668362448126,0.0
0.42375,5.0600732563064295,0.5189417869417656,0.0
0.4238,5.062846984731662,0.5394727442497498,0.0
0.42385,5.065620713156895,0.5598608044433846,0.0
0.4239,5.068394441582128,0.5801070554509477,0.0
0.42395,5.07116817000736,0.6002125769179186,0.0
0.42400000000000004,5.073941898432596,0.620178440270039,0.0
0.42405000000000004,5.076715626857829,0.6400057087758922,0.0
0.42410000000000003,5.079489355283062,0.0,1.0
0.42415,5.082263083708295,0.024575740250040112,0.0
0.4242,5.085036812133527,0.04897778896584641,0.0
0.42425,5.087810540558761,0.07320746852493883,0.0
0.4243,5.090584268983993,0.09726609123709097,0.0
0.42435,5.093357997409226,0.12115495942097956,0.0
0.4244,5.096131725834458,0.14487536548025037,0.0
0.42445,5.098905454259691,0.16842859197900498,0.0
0.42450000000000004,5.1016791826849275,0.19181591171671283,0.0
0.42455000000000004,5.10445291111016,0.21503858780255294,0.0
0.42460000000000003,5.1072266395353925,0.23809787372918972,0.0
0.42465,5.110000367960625,0.26099501344598697,0.0
0.4247,5.112774096385858,0.28373124143166456,0.0
0.42475,5.115547824811091,0.3063077827664019,0.0
0.4248,5.118321553236323,0.32872585320339254,0.0
0.42485,5.121095281661557,0.35098665923985395,0.0
0.4249,5.123869010086789,0.37309139818749654,0.0
0.42495,5.126642738512022,0.39504125824245645,0.0
0.42500000000000004,5.129416466937258,0.4168374185546957,0.0
0.42505000000000004,5.13219019536249,0.43848104929687404,0.0
0.42510000000000003,5.134963923787724,0.4599733117326965,0.0
0.42515000000000003,5.137737652212956,0.48131535828474054,0.0
0.4252,5.140511380638189,0.5025083326017666,0.0
0.42525,5.143285109063421,0.5235533696255168,0.0
0.4253,5.1460588374886544,0.5444515956570042,0.0
0.42535,5.148832565913887,0.5652041284222982,0.0
0.4254,5.151606294339119,0.5858120771378087,0.0
0.42545,5.154380022764353,0.606276542575073,0.0
0.42550000000000004,5.071677471540655,0.6261852888869025,0.0
0.42555000000000004,4.983594569070986,0.6455165297949788,0.0
0.42560000000000003,4.895511666601318,0.0,1.0
0.42565000000000003,4.807428764131649,0.023246754178586314,0.0
0.4257,4.719345861661981,0.04589058947207829,0.0
0.42575,4.631262959192312,0.06793609612365333,0.0
0.4258,4.543180056722644,0.0893878294292796,0.0
0.42585,4.455097154252975,0.110250310003782,0.0
0.4259,4.367014251783306,0.13052802404488245,0.0
0.42595,4.278931349313638,0.15022542359522995,0.0
0.42600000000000005,4.190848446843871,0.1693469268024352,0.0
0.42605000000000004,4.102765544374202,0.1878969181771275,0.0
0.42610000000000003,4.0146826419045345,0.20587974884904398,0.0
0.42615000000000003,3.9265997394348657,0.22329973682117102,0.0
0.4262,3.838516836965197,0.2401611672219505,0.0
0.42625,3.7504339344955286,0.25646829255556575,0.0
0.4263,3.66235103202586,0.27222533295032203,0.0
0.42635,3.5742681295561916,0.2874364764051359,0.0
0.4264,3.486185227086523,0.3021058790341484,0.0
0.42645,3.398102324616854,0.31623766530947495,0.0
0.42650000000000005,3.3100194221470876,0.32983592830210795,0.0
0.42655000000000004,3.2219365196774192,0.34290472992098603,0.0
0.42660000000000003,3.133853617207751,0.355448101150241,0.0
0.42665000000000003,3.045770714738082,0.3674700422846402,0.0
0.4267,2.9576878122684134,0.37897452316323593,0.0
0.42675,2.869604909798745,0.38996548340123594,0.0
0.4268,2.7815220073290763,0.4004468326201088,0.0
0.42685,2.693439104859408,0.41042245067593713,0.0
0.4269,2.605356202389739,0.41989618788603256,0.0
0.42695,2.517273299920071,0.42887186525382515,0.0
0.42700000000000005,2.4291903974503044,0.4373532746920403,0.0
0.42705000000000004,2.3411074949806356,0.4453441792441784,0.0
0.42710000000000004,2.2530245925109673,0.4528483133043056,0.0
0.42715000000000003,2.1649416900412985,0.4598693828351726,0.0
0.4272,2.0768587875716302,0.46641106558467305,0.0
0.42725,1.9887758851019615,0.4724770113006535,0.0
0.4273,1.9006929826322927,0.47807084194408805,0.0
0.42735,1.8126100801626244,0.48319615190063003,0.0
0.4274,1.7245271776929556,0.48785650819055304,0.0
0.42745,1.6364442752232873,0.49205545067709366,0.0
0.42750000000000005,1.5483613727535208,0.4957964922732076,0.0
0.42755000000000004,1.780703374461027,0.5006325625905501,0.0
0.42760000000000004,2.271503374460835,0.5078051216697675,0.0
0.42765000000000003,2.7623033744608128,0.5172963809627434,0.0
0.4277,3.2531033744610824,0.52908868735212,0.0
0.42775,3.743903374461274,0.5431645221202115,0.0
0.4278,4.234703374460976,0.55950649992577,0.0
0.42785,4.725503374461021,0.5780973677885473,0.0
0.4279,4.4432795519932835,0.5951819778607458,0.0
0.42795,3.878427129085782,0.6094051218192055,0.0
0.42800000000000005,3.313574706177653,0.6207885850576649,0.0
0.42805000000000004,2.748722283270151,0.6293539871096552,0.0
0.42810000000000004,2.1838698603626487,0.6351227829112456,0.0
0.42815000000000003,1.6190174374551471,0.6381162640541878,0.0
0.4282,1.054165014547645,0.638355560029516,0.0
0.42825,0.48931259164014307,0.6358616394616796,0.0
0.4283,0.158312115356147,0.631786123454283,0.0
0.42835,0.11922485506172119,0.6275526258861593,0.0
0.4284,0.046513743950611,0.622999758374204,0.0
0.42845,-0.026197367160499196,0.6181299523992378,0.0
0.42850000000000005,0.029111934226480722,0.6135646751493674,0.0
0.42855000000000004,0.12672836246824884,0.6095061880525201,0.0
0.42860000000000004,0.22434479071001695,0.6059506327289041,0.0
0.42865000000000003,0.5299092865680614,0.60389973175821,0.0
0.4287,0.509900653474544,0.6017676915058229,0.0
0.42875,0.48989202038102664,0.5995551297149309,0.0
0.4288,0.4814401487434002,0.5973185431850738,0.0
0.42885,0.5180670144150472,0.5952760971141534,0.0
0.4289,0.5546938800866942,0.5934263134394665,0.0
0.42895,0.5913207457583411,0.5917677253513448,0.0
0.42900000000000005,1.0399179426197735,0.592290996797374,0.0
0.42905000000000004,1.2601024454817118,0.5938750063528847,0.0
0.42910000000000004,1.210878107179314,0.5952089275459824,0.0
0.42915000000000003,1.1616537688769162,0.5962946643913326,0.0
0.4292,1.1124294305745184,0.5971341064076369,0.0
0.42925,1.0632050922721208,0.5977291287279962,0.0
0.4293,1.013980753969723,0.5980815922094339,0.0
0.42935,0.9647564156673252,0.5981933435415843,0.0
0.4294,0.9155320773649274,0.5980662153545544,0.0
0.42945,0.8663077390625297,0.5977020263259646,0.0
0.4295,0.8170834007601319,0.5971025812871736,0.0
0.42955000000000004,0.7678590624576794,0.5962696713286951,0.0
0.42960000000000004,0.7186347241552817,0.5952050739048127,0.0
0.42965000000000003,0.6694103858528839,0.5939105529373964,0.0
0.4297,0.6201860475504862,0.5923878589189305,0.0
0.42975,0.5709617092480884,0.5906387290147567,0.0
0.4298,0.5217373709456906,0.5886648871645375,0.0
0.42985,0.4725130326432929,0.5864680441829493,0.0
0.4299,0.4232886943408951,0.5840498978596071,0.0
0.42995,0.3740643560384973,0.5814121330582295,0.0
0.43,0.3248400177360996,0.5785564218150475,0.0
0.43005000000000004,0.27561567943364707,0.5754844234364658,0.0
0.43010000000000004,0.22639134113124948,0.5721977845959793,0.0
0.43015000000000003,0.17716700282885167,0.5686981394303521,0.0
0.4302,0.12794266452645386,0.564987109635064,0.0
0.43025,0.07871832622405606,0.5610663045590312,0.0
0.4303,0.02949398792165825,0.5569373212986043,0.0
0.43035,-0.019730350380739337,0.5526017447908523,0.0
0.4304,-0.06895468868313714,0.5480611479061357,0.0
0.43045,-0.07921613758196953,0.5435055000960843,0.0
0.4305,-0.07802033010713864,0.5389903185426104,0.0
0.43055000000000004,-0.07682452263230642,0.5345152951612223,0.0
0.43060000000000004,-0.07562871515747552,0.530080124212989,0.0
0.43065000000000003,-0.07443290768264463,0.5256845022866824,0.0
0.4307,-0.07323710020781372,0.5213281282810556,0.0
0.43075,-0.07204129273298283,0.5170107033872562,0.0
0.4308,-0.07084548525815193,0.5127319310713735,0.0
0.43085,-0.06964967778332104,0.5084915170571186,0.0
0.4309,-0.06845387030849014,0.504289169308636,0.0
0.43095,-0.06725806283365925,0.5001245980134467,0.0
0.431,-0.06606225535882834,0.4959975155655206,0.0
0.43105000000000004,-0.06486644788399612,0.49190763654847813,0.0
0.43110000000000004,-0.06367064040916523,0.48785467771891955,0.0
0.43115000000000003,-0.062474832934334326,0.48383835798988123,0.0
0.4312,-0.06127902545950343,0.479858398414418,0.0
0.43125,-0.06008321798467253,0.47591452216931035,0.0
0.4313,-0.058887410509841635,0.4720064545388957,0.0
0.43135,-0.05769160303501074,0.46813392289902295,0.0
0.4314,-0.05649579556017984,0.4642966567011287,0.0
0.43145,-0.055299988085348944,0.4604943874564354,0.0
0.4315,-0.05410418061051805,0.4567268487202693,0.0
0.43155000000000004,-0.052908373135685825,0.4529937760764979,0.0
0.43160000000000004,-0.05171256566085493,0.44929490712208586,0.0
0.43165000000000003,-0.05051675818602403,0.4456299814517688,0.0
0.43170000000000003,-0.049320950711193134,0.4419987406428432,0.0
0.43175,-0.04812514323636224,0.43840092824007276,0.0
0.4318,-0.04692933576153134,0.4348362897407091,0.0
0.43185,-0.045733528286700444,0.4313045725796269,0.0
0.4319,-0.04453772081186955,0.427805526114572,0.0
0.43195,0.04914707893540653,0.4247861404522978,0.0
0.432,0.5399470789351306,0.42416305002687715,0.0
0.43205000000000005,1.0307470789359439,0.42591801096151216,0.0
0.43210000000000004,1.5215470789362129,0.4300329182767396,0.0
0.43215000000000003,2.0123470789354774,0.4364898048329603,0.0
0.43220000000000003,2.5031470789356844,0.44527084028102504,0.0
0.43225,2.993947078935385,0.45635833002078235,0.0
0.4323,3.4847470789356536,0.46973471416758356,0.0
0.43235,3.9320719995225235,0.48517233886989825,0.0
0.4324,3.3718496311014117,0.4977834256086293,0.0
0.43245,2.8116272626803,0.5075894938566674,0.0
0.4325,2.453149992567304,0.5155874558194639,0.0
0.43255000000000005,2.943949992567696,0.5258978339003512,0.0
0.43260000000000004,3.434749992567389,0.5385030228250979,0.0
0.43265000000000003,3.9255499925676047,0.5533855513549049,0.0
0.43270000000000003,4.312819974947167,0.5700274525540374,0.0
0.43275,4.347827107614775,0.5867119329784101,0.0
0.4328,4.382834240282385,0.6034386684567238,0.0
0.43285,4.4007307660495005,0.6201245974070858,0.0
0.4329,4.40716945767098,0.6367146251170474,0.0
0.43295,4.413608149292458,0.0,1.0
0.433,4.420046840913937,0.021373534046972616,0.0
0.43305000000000005,4.426485532535422,0.04261547839221934,0.0
0.43310000000000004,4.432924224156902,0.06372683487652751,0.0
0.43315000000000003,4.43936291577838,0.08470859771330219,0.0
0.43320000000000003,4.445801607399859,0.10556175354663619,0.0
0.43325,4.452240299021337,0.12628728150893803,0.0
0.4333,4.458678990642817,0.14688615327812118,0.0
0.43335,4.465117682264295,0.16735933313435786,0.0
0.4334,4.4715563738857735,0.18770777801640068,0.0
0.43345,4.477995065507252,0.20793243757747573,0.0
0.4335,4.484433757128731,0.22803425424074983,0.0
0.43355000000000005,4.490872448750217,0.24801416325437572,0.0
0.43360000000000004,4.497311140371695,0.26787309274611804,0.0
0.43365000000000004,4.757158733462123,0.28883734531271305,0.0
0.43370000000000003,4.78771116026645,0.3097897283233067,0.0
0.43375,4.799484473609779,0.3306395240530223,0.0
0.4338,4.8112577869531075,0.3513875135365527,0.0
0.43385,4.823031100296436,0.37203447186228605,0.0
0.4339,4.834804413639764,0.39258116821757794,0.0
0.43395,4.846577726983093,0.41302836593367764,0.0
0.434,4.945378081116677,0.433797649613438,0.0
0.43405000000000005,4.976615621569792,0.4545598610356955,0.0
0.43410000000000004,5.0078531620228715,0.4753150540441471,0.0
0.43415000000000004,5.032913267525764,0.49603341053024547,0.0
0.43420000000000003,5.0429446656448835,0.516642538277715,0.0
0.43425,5.052976063764003,0.5371432688851085,0.0
0.4343,5.063007461883123,0.5575364276197132,0.0
0.43435,5.073038860002242,0.5778228334657528,0.0
0.4344,5.083070258121363,0.5980032991722232,0.0
0.43445,5.093101656240482,0.618078631300363,0.0
0.4345,5.103133054359602,0.638049630270764,0.0
0.43455000000000005,5.113164452478732,0.0,1.0
0.43460000000000004,5.1231958505978525,0.02477367432590838,0.0
0.43465000000000004,5.12451179959653,0.04936510094914642,0.0
0.43470000000000003,5.125345076336768,0.07377333338337247,0.0
0.43475,5.126178353077006,0.09799976635331158,0.0
0.4348,5.127011629817243,0.12204578396513663,0.0
0.43485,5.127844906557481,0.14591275978731122,0.0
0.4349,5.128678183297718,0.16960205693081717,0.0
0.43495,5.129511460037956,0.19311502812877113,0.0
0.435,5.130344736778194,0.21645301581543513,0.0
0.43505000000000005,5.131178013518432,0.23961735220462554,0.0
0.43510000000000004,5.13201129025867,0.262609359367525,0.0
0.43515000000000004,5.132844566998908,0.28543034930990213,0.0
0.43520000000000003,5.133677843739145,0.3080816240487432,0.0
0.43525,5.134511120479383,0.33056447568830033,0.0
0.4353,5.13534439721962,0.3528801864955609,0.0
0.43535,5.136177673959858,0.37503002897514215,0.0
0.4354,5.137010950700096,0.39701526594361575,0.0
0.43545,5.137844227440333,0.4188371506032665,0.0
0.4355,5.138677504180571,0.4404969266152893,0.0
0.43555000000000005,5.139510780920809,0.4619958281724291,0.0
0.43560000000000004,5.140344057661046,0.4833350800710677,0.0
0.43565000000000004,5.141177334401284,0.5045158977827615,0.0
0.43570000000000003,5.142010611141521,0.5255394875252352,0.0
0.43575,5.142843887881759,0.5464070463328341,0.0
0.4358,5.143677164621997,0.5671197621264413,0.0
0.43585,5.144510441362234,0.5876788137828611,0.0
0.4359,5.145343718102472,0.6080853712036752,0.0
0.43595,5.14617699484271,0.6283405953835743,0.0
0.436,5.147010271582947,0.6484456384781699,0.0
0.43605,5.147843548323185,0.0,1.0
0.43610000000000004,5.148676825063423,0.02489688986974576,0.0
0.43615000000000004,5.149510101803661,0.04960825994645898,0.0
0.43620000000000003,5.150343378543899,0.07413552266054332,0.0
0.43625,5.151176655284136,0.09848007968905037,0.0
0.4363,5.152009932024374,0.12264332203754894,0.0
0.43635,5.152843208764612,0.1466266301213709,0.0
0.4364,5.153676485504849,0.17043137384623863,0.0
0.43645,5.154509762245087,0.1940589126882785,0.0
0.4365,5.155343038985324,0.21751059577342519,0.0
0.43655,5.156176315725562,0.24078776195622156,0.0
0.43660000000000004,5.1570095924658,0.26389173989801856,0.0
0.43665000000000004,5.157842869206037,0.2868238481445796,0.0
0.43670000000000003,5.158676145946275,0.3095853952030944,0.0
0.43675,5.043073156081663,0.33161464157893106,0.0
0.4368,4.32429223614974,0.3500004414146146,0.0
0.43685,3.6055113162178163,0.3647705336084225,0.0
0.4369,2.8867303962858935,0.37595244587219945,0.0
0.43695,2.194588417640821,0.38370231133574895,0.0
0.437,2.230244827897207,0.3915655940025485,0.0
0.43705,2.2659012381535932,0.399541430385724,0.0
0.43710000000000004,2.684793697041947,0.40948213595461064,0.0
0.43715000000000004,3.175593697042148,0.42172046682012887,0.0
0.43720000000000003,3.1237871754759268,0.4336151076778777,0.0
0.43725,4.157193697042033,0.4504163204425364,0.0
0.4373,4.647993697040952,0.469462926939795,0.0
0.43735,2.1048177953833083,0.47606676880725307,0.0
0.4374,2.0905621937235583,0.4825513989542084,0.0
0.43745,2.076306592063809,0.4889177249833257,0.0
0.4375,2.062050990404059,0.49516664758735685,0.0
0.43755,2.047795388744309,0.5012990606017486,0.0
0.43760000000000004,2.0335397870845435,0.5073158510568496,0.0
0.43765000000000004,2.007027106370859,0.5131586290215295,0.0
0.43770000000000003,1.9099169459430598,0.5184873388540314,0.0
0.43775000000000003,1.8128067855152605,0.5233058943440786,0.0
0.4378,1.7156966250874612,0.5276181794842739,0.0
0.43785,1.618586464659662,0.5314280486969565,0.0
0.4379,1.5214763042318626,0.5347393270593307,0.0
0.43795,1.4243661438040633,0.5375558105268816,0.0
0.438,1.327255983376264,0.5398812661550895,0.0
0.43805,1.2301458229484648,0.5417194323194557,0.0
0.43810000000000004,1.1330356625205575,0.5430740189338542,0.0
0.43815000000000004,1.0359255020927582,0.5439487076672209,0.0
0.43820000000000003,0.9388153416649587,0.5443471521585921,0.0
0.43825000000000003,0.8417051812371594,0.5442729782305066,0.0
0.4383,0.7445950208093601,0.5437297841007828,0.0
0.43835,0.6474848603815608,0.5427211405926836,0.0
0.4384,0.5503746999537615,0.5412505913434817,0.0
0.43845,0.45326453952596224,0.5393216530114361,0.0
0.4385,0.3561543790981627,0.5369378154811929,0.0
0.43855,0.2590442186703634,0.5341025420676235,0.0
0.43860000000000005,0.16193405824245644,0.5308192697181092,0.0
0.43865000000000004,0.06482389781465692,0.5270914092132878,0.0
0.43870000000000003,0.4216111788321213,0.5251172072688094,0.0
0.43875000000000003,0.9124111788318359,0.5255313431932063,0.0
0.4388,1.4032111788322594,0.5283156336920471,0.0
0.43885,1.8415226496612442,0.5331982209032737,0.0
0.4389,1.8819903029381884,0.5382393201597987,0.0
0.43895,1.9224579562151327,0.5434377246511333,0.0
0.439,1.5634283063460988,0.5468604316137425,0.0
0.43905,1.1599232681782323,0.5483058953455485,0.0
0.43910000000000005,0.756418230009918,0.5477891693263366,0.0
0.43915000000000004,0.35291319184205183,0.5453251924282194,0.0
0.43920000000000003,-0.05059184632581437,0.5409287897881806,0.0
0.43925000000000003,-0.05639545406350799,0.5365377947108809,0.0
0.4393,-0.057505273644936676,0.532174863261355,0.0
0.43935,-0.05861509322636536,0.5278397817808851,0.0
0.4394,-0.05972491280779404,0.5235323382374156,0.0
0.43945,-0.06083473238922272,0.5192523222131693,0.0
0.4395,-0.0619445519706514,0.5149995248923567,0.0
0.43955,-0.06305437155208009,0.5107737390489796,0.0
0.43960000000000005,-0.06416419113350999,0.5065747590347277,0.0
0.43965000000000004,-0.06527401071493869,0.5024023807669669,0.0
0.43970000000000004,-0.06638383029636735,0.498256401716819,0.0
0.43975000000000003,-0.06749364987779605,0.49413662089733296,0.0
0.4398,-0.06860346945922473,0.49004283885174504,0.0
0.43985,-0.06971328904065341,0.48597485764182935,0.0
0.4399,-0.07082310862208209,0.4819324808363364,0.0
0.43995,-0.07193292820351077,0.4779155134995201,0.0
0.44,-0.07304274778493945,0.47392376217975185,0.0
0.44005,-0.07415256736636813,0.46995703489822144,0.0
0.44010000000000005,-0.07526238694779805,0.4660151411377239,0.0
0.44015000000000004,-0.07637220652922673,0.4620978918315319,0.0
0.44020000000000004,-0.0746126995885837,0.45821897423882285,0.0
0.44025000000000003,-0.07005649809718253,0.45439162019420715,0.0
0.4403,-0.06550029660578136,0.45061543712543217,0.0
0.44035,-0.06094409511438019,0.4468900354490423,0.0
0.4404,-0.056387893622979024,0.443215028547624,0.0
0.44045,-0.05183169213157786,0.43959003274722425,0.0
0.4405,-0.04727549064017669,0.4360146672949409,0.0
0.44055,-0.04271928914877552,0.4324885543366837,0.0
0.44060000000000005,-0.038163087657369296,0.4290113188951045,0.0
0.44065000000000004,-0.03360688616596813,0.4255825888476957,0.0
0.44070000000000004,-0.029050684674566958,0.42220199490505494,0.0
0.44075000000000003,-0.024494483183165792,0.4188691705893161,0.0
0.4408,-0.019938281691764627,0.41558375221274374,0.0
0.44085,-0.015382080200363461,0.41234537885649086,0.0
0.4409,-0.010825878708962289,0.4091536923495184,0.0
0.44095,-0.006269677217561123,0.40600833724767516,0.0
0.441,-0.0017134757261599576,0.4029089608129368,0.0
0.44105,0.002842725765241208,0.39985521299280347,0.0
0.44110000000000005,0.007398927256647439,0.3968467463998536,0.0
0.44115000000000004,0.011955128748048605,0.39388321629145395,0.0
0.44120000000000004,0.01651133023944977,0.3909642805496235,0.0
0.44125000000000003,0.021067531730850936,0.38808959966105133,0.0
0.4413,0.0256237332222521,0.38525883669726624,0.0
0.44135,0.03017993471365328,0.3824716572949573,0.0
0.4414,0.034736136205054446,0.37972772963644447,0.0
0.44145,0.03929233769645561,0.3770267244302977,0.0
0.4415,0.04384853918785678,0.37436831489210376,0.0
0.44155,0.04840474067925796,0.3717521767253792,0.0
0.44160000000000005,0.05296094217066416,0.36917798810262903,0.0
0.44165000000000004,0.05751714366206534,0.3666454296465493,0.0
0.44170000000000004,0.06207334515346652,0.3641541844113728,0.0
0.44175000000000003,0.4124403151471156,0.36337613693835263,0.0
0.4418,0.9032403151473526,0.36497732057036947,0.0
0.44185,1.3940403151473126,0.368939621346129,0.0
0.4419,1.858222824796813,0.3751163519439673,0.0
0.44195,1.8710709923360846,0.3813081852901841,0.0
0.442,1.8839191598753564,0.3875150064020025,0.0
0.44205,1.896767327414628,0.3937367011720515,0.0
0.44210000000000005,1.909615494953914,0.3999731563617019,0.0
0.44215000000000004,1.9224636624931855,0.40622425959445135,0.0
0.44220000000000004,1.9353118300324572,0.4124898993493615,0.0
0.44225000000000003,1.9402327055837705,0.4187316318211396,0.0
0.4423,1.9430437021473437,0.4249394365151115,0.0
0.44235,1.9458546987109169,0.43111357173592557,0.0
0.4424,1.94866569527449,0.43725429382166187,0.0
0.44245,1.9514766918380633,0.4433618571588044,0.0
0.4425,1.9542876884016367,0.4494365141970993,0.0
0.44255,1.95709868496521,0.4554785154643,0.0
0.44260000000000005,1.9599096815287862,0.4614881095808001,0.0
0.44265000000000004,1.9627206780923594,0.46746554327415457,0.0
0.44270000000000004,1.9655316746559328,0.4734110613934908,0.0
0.44275000000000003,1.968342671219506,0.47932490692380986,0.0
0.4428,1.9711536677830792,0.4852073210001785,0.0
0.44285,1.9739646643466524,0.49105854292181367,0.0
0.4429,1.9767756609102256,0.4968788101660593,0.0
0.44295,1.979586657473799,0.502668358402257,0.0
0.443,1.9823976540373722,0.508427421505511,0.0
0.44305,1.9852086506009454,0.5141562315703484,0.0
0.4431,1.9880196471645186,0.5198550189242753,0.0
0.44315000000000004,1.9908306437280952,0.5255240121412299,0.0
0.44320000000000004,1.9936416402916683,0.5311634380549328,0.0
0.44325000000000003,1.9964526368552415,0.5367735217721361,0.0
0.4433,1.9992636334188147,0.5423544866857715,0.0
0.44335,2.002074629982388,0.5479065544879981,0.0
0.4434,2.004885626545961,0.553429945183151,0.0
0.44345,2.1256548833053883,0.5594952748771674,0.0
0.4435,2.6164548833057975,0.567887734529404,0.0
0.44355,3.1072548833060663,0.5785896068437565,0.0
0.4436,3.5980548833052457,0.5915833094124063,0.0
0.44365000000000004,3.8383199897173794,0.6056399096773336,0.0
0.44370000000000004,3.8820954356775075,0.6198011719817446,0.0
0.44375000000000003,3.9258708816376355,0.6340662994950464,0.0
0.44380000000000003,3.969646327597764,0.6484345014532106,0.0
0.44385,4.013421773557892,0.0,1.0
0.4439,4.05719721951802,0.01961894206730184,0.0
0.44395,4.100972665478149,0.039300198020563004,0.0
0.444,4.529657796938495,0.06090455884502845,0.0
0.44405,4.936432810677736,0.08431143489127042,0.0
0.4441,4.944040674571873,0.10757689429312813,0.0
0.44415000000000004,4.95164853846602,0.130702013707517,0.0
0.44420000000000004,4.959256402360157,0.15368786159436737,0.0
0.44425000000000003,4.966864266254294,0.17653549827903128,0.0
0.44430000000000003,4.974472130148432,0.19924597601421395,0.0
0.44435,4.982079994042569,0.22182033904143386,0.0
0.4444,4.9896878579367065,0.2442596236520148,0.0
0.44445,4.997295721830844,0.26656485824761367,0.0
0.4445,5.004903585724981,0.28873706340028726,0.0
0.44455,5.051232745024685,0.31096449221870553,0.0
0.4446,5.102993514519714,0.33327298930442356,0.0
0.44465000000000005,5.112493267814532,0.3554575805100367,0.0
0.44470000000000004,5.113374317965996,0.3774775326623399,0.0
0.44475000000000003,5.11425536811746,0.3993340992189871,0.0
0.44480000000000003,5.115136418268924,0.4210285240945981,0.0
0.44485,5.116017468420388,0.4425620417334134,0.0
0.4449,5.116898518571852,0.46393587718139545,0.0
0.44495,5.117779568723316,0.4851512461577814,0.0
0.445,5.11866061887478,0.5062093551260907,0.0
0.44505,5.119541669026244,0.5271114013645924,0.0
0.4451,5.120422719177708,0.5478585730362361,0.0
0.44515000000000005,5.121303769329174,0.5684520492580495,0.0
0.44520000000000004,5.122184819480638,0.5888930001700091,0.0
0.44525000000000003,5.123065869632102,0.6091825870033853,0.0
0.44530000000000003,5.123946919783566,0.6293219621485681,0.0
0.44535,5.12482796993503,0.6493122692223753,0.0
0.4454,5.125709020086494,0.0,1.0
0.44545,5.126590070237958,0.024790087380260922,0.0
0.4455,5.127471120389422,0.04939569910674196,0.0
0.44555,5.128352170540886,0.07381823966043068,0.0
0.4456,5.129233220692351,0.09805910282948443,0.0
0.44565000000000005,5.130114270843816,0.12211967179063882,0.0
0.44570000000000004,5.13099532099528,0.14600131918999631,0.0
0.44575000000000004,5.131876371146744,0.16970540722319988,0.0
0.44580000000000003,5.132757421298208,0.1932332877149961,0.0
0.44585,5.133638471449672,0.21658630219819272,0.0
0.4459,5.134519521601136,0.2397657819920149,0.0
0.44595,5.1354005717526,0.262773048279865,0.0
0.446,5.136281621904064,0.2856094121864902,0.0
0.44605,5.137162672055529,0.30827617485456305,0.0
0.4461,5.138043722206993,0.3307746275206783,0.0
0.44615000000000005,5.1389247723584575,0.35310605159077185,0.0
0.44620000000000004,5.1398058225099215,0.3752717187149649,0.0
0.44625000000000004,5.1406868726613855,0.39727289086183865,0.0
0.44630000000000003,5.1415679228128495,0.4191108203921435,0.0
0.44635,5.1424489729643135,0.4407867501319469,0.0
0.4464,5.1433300231157775,0.46230191344522453,0.0
0.44645,5.1442110732672415,0.4836575343058985,0.0
0.4465,5.145092123418706,0.5048548273693273,0.0
0.44655,5.14597317357017,0.5258949980432518,0.0
0.4466,5.146854223721634,0.5467792425582001,0.0
0.44665000000000005,5.147735273873099,0.5675087480373577,0.0
0.44670000000000004,5.148616324024563,0.5880846925659048,0.0
0.44675000000000004,5.149497374176027,0.6085082452598256,0.0
0.44680000000000003,5.150378424327491,0.6287805663341947,0.0
0.44685,5.151259474478955,0.6489028071709425,0.0
0.4469,5.152140524630419,0.0,1.0
0.44695,5.153021574781884,0.02491789929778474,0.0
0.447,5.153902624933348,0.04965034986266252,0.0
0.44705,5.154783675084812,0.07419876358403012,0.0
0.4471,5.155664725236276,0.09856454160205116,0.0
0.44715000000000005,4.983142017282183,0.12191056492089845,0.0
0.44720000000000004,4.738165851479148,0.14389424209604523,0.0
0.44725000000000004,4.674034489402102,0.16540043648360056,0.0
0.44730000000000003,4.69890550653663,0.18686316234533334,0.0
0.44735,4.723776523671159,0.2082827506231149,0.0
0.4474,4.961289846885506,0.2306877807357519,0.0
0.44745,4.73459214221635,0.2518260159748028,0.0
0.4475,4.273049966359681,0.2705714893526634,0.0
0.44755,3.811507790503012,0.28694241784524877,0.0
0.4476,3.929692760516993,0.3037602024915983,0.0
0.44765000000000005,4.420492760517324,0.3228232547027255,0.0
0.44770000000000004,4.4202223541907255,0.34173986531339545,0.0
0.44775000000000004,4.144196434190726,0.3591777086489992,0.0
0.44780000000000003,3.8681705141907265,0.3751480431085738,0.0
0.44785,3.592144594190727,0.3896620413768244,0.0
0.4479,3.3161186741907276,0.4027307910766992,0.0
0.44795,3.0400927541907286,0.4143652954169956,0.0
0.448,2.764066834190729,0.42457647383503655,0.0
0.44805,2.4880409141907296,0.4333751626344531,0.0
0.4481,2.21201499419073,0.4407721156181122,0.0
0.44815000000000005,1.9359890741904242,0.4467780047162237,0.0
0.44820000000000004,1.6599631541904247,0.4514034206096714,0.0
0.44825000000000004,1.3839372341904252,0.45465887334858973,0.0
0.44830000000000003,1.2550451265358527,0.45726627174933826,0.0
0.44835,0.7732095100976641,0.4575238596067372,0.0
0.4484,0.2913738936594754,0.45544952689252477,0.0
0.44845,0.294104415044018,0.4534041905177822,0.0
0.4485,0.7849044150437894,0.4537477335844903,0.0
0.44855,1.2757044150439323,0.456461968675025,0.0
0.4486,1.7665044150442624,0.4615288468392595,0.0
0.44865000000000005,2.2573044150435124,0.4689304565403552,0.0
0.44870000000000004,2.7481044150437746,0.4786490226086,0.0
0.44875000000000004,3.238904415044044,0.4906669052031801,0.0
0.44880000000000003,3.141961400436466,0.5021245145719739,0.0
0.44885,1.8397715014460947,0.5071980365693574,0.0
0.4489,0.5375816024557238,0.5059360756000438,0.0
0.44895,-0.056372528021978036,0.5018116037843064,0.0
0.449,-0.0566554098663584,0.4977171651885506,0.0
0.44905,-0.05693829171073877,0.4936525311588287,0.0
0.4491,-0.05722117355511914,0.4896174747820198,0.0
0.44915000000000005,-0.05750405539949982,0.485611770872576,0.0
0.44920000000000004,-0.05778693724388019,0.4816351959593698,0.0
0.44925000000000004,-0.05806981908826056,0.47768752827264155,0.0
0.44930000000000003,-0.05835270093264092,0.47376854773104626,0.0
0.44935,-0.05863558277702129,0.4698780359287993,0.0
0.4494,-0.05891846462140166,0.4660157761229194,0.0
0.44945,-0.05920134646578203,0.4621815532205694,0.0
0.4495,-0.059484228310162396,0.45837515376649307,0.0
0.44955,-0.059767110154542766,0.4545963659305474,0.0
0.4496,-0.060049991998923136,0.45084497949533026,0.0
0.44965,-0.060332873843303506,0.44712078584390186,0.0
0.44970000000000004,-0.06061575568768419,0.4434235779475999,0.0
0.44975000000000004,-0.06089863753206456,0.43975315035394735,0.0
0.44980000000000003,-0.06118151937644492,0.4361092991746526,0.0
0.44985,-0.06146440122082529,0.43249182207370035,0.0
0.4499,-0.06174728306520566,0.428900518255534,0.0
0.44995,-0.06203016490958603,0.42533518845332724,0.0
0.45,-0.0623130467539664,0.42179563491734545,0.0
0.45005,-0.06259592859834677,0.41828166140339534,0.0
0.4501,-0.06287881044272714,0.414793073161363,0.0
0.45015,-0.0631616922871075,0.41132967692383854,0.0
0.45020000000000004,-0.06344457413148819,0.4078912808948281,0.0
0.45025000000000004,-0.06372745597586855,0.4044776947385512,0.0
0.45030000000000003,-0.06401033782024892,0.4010887295683237,0.0
0.45035000000000003,-0.0642932196646293,0.39772419793552505,0.0
0.4504,-0.06457610150900966,0.3943839138186502,0.0
0.45045,-0.06485898335339002,0.39106769261244406,0.0
0.4505,-0.06514186519777039,0.3877753511171194,0.0
0.45055,-0.06542474704215076,0.3845067075276562,0.0
0.4506,-0.06570762888653113,0.3812615814231829,0.0
0.45065,-0.0659905107309115,0.3780397937564385,0.0
0.45070000000000005,-0.06627339257529219,0.3748411668433145,0.0
0.45075000000000004,-0.06655627441967255,0.37166552435247696,0.0
0.45080000000000003,-0.06683915626405292,0.3685126912950672,0.0
0.45085000000000003,-0.06712203810843329,0.36538249401448103,0.0
0.4509,-0.06740491995281366,0.36227476017622584,0.0
0.45095,-0.06768780179719402,0.359189318757855,0.0
0.451,-0.061188581782437225,0.35615879550251395,0.0
0.45105,-0.05383660720232113,0.3531868958694323,0.0
0.4511,-0.046484632622205035,0.35027317353541676,0.0
0.45115,-0.03913265804208894,0.3474171855752966,0.0
0.45120000000000005,-0.03178068346196468,0.3446184924360533,0.0
0.45125000000000004,-0.02442870888184858,0.3418766579111471,0.0
0.45130000000000003,-0.017076734301732482,0.3391912491150389,0.0
0.45135000000000003,-0.009724759721616384,0.3365618364579066,0.0
0.4514,-0.002372785141500286,0.33398799362055326,0.0
0.45145,0.004979189438615805,0.33146929752950677,0.0
0.4515,0.2849335513605566,0.3303235216946969,0.0
0.45155,0.3648837585053177,0.32957307549016973,0.0
0.4516,0.3784458197450439,0.32889392327547473,0.0
0.45165,0.39200788098477013,0.32828552226325114,0.0
0.45170000000000005,0.40556994222451137,0.327747333798578,0.0
0.45175000000000004,0.4191320034642376,0.3272788233275122,0.0
0.45180000000000003,0.4326940647039638,0.32687946036586635,0.0
0.45185000000000003,0.4405408541811265,0.3265210817575738,0.0
0.4519,0.44434357233176724,0.3261838200030504,0.0
0.45195,0.448146290482408,0.3258675143319234,0.0
0.452,0.4519490086330487,0.3255720051978239,0.0
0.45205,0.45575172678368947,0.3252971342690683,0.0
0.4521,0.4595544449343302,0.32504274441941017,0.0
0.45215,0.46335716308497094,0.32480867971886307,0.0
0.45220000000000005,0.46715988123561586,0.32459478542459286,0.0
0.45225000000000004,0.4709625993862566,0.3244009079718795,0.0
0.45230000000000004,0.4747653175368973,0.32422689496514756,0.0
0.45235000000000003,0.4785680356875381,0.3240725951690653,0.0
0.4524,0.48237075383817885,0.3239378584997111,0.0
0.45245,0.48617347198881955,0.3238225360158074,0.0
0.4525,0.4899761901394603,0.32372647991002146,0.0
0.45255,0.493778908290101,0.323649543500332,0.0
0.4526,0.4975816264407418,0.32359158122146187,0.0
0.45265,0.5013843445913825,0.32355244861637605,0.0
0.45270000000000005,0.5051870627420274,0.323532002327844,0.0
0.45275000000000004,0.5757452058869527,0.323852901951741,0.0
0.45280000000000004,0.7855246266765017,0.32518576570600294,0.0
0.45285000000000003,0.8872703801011826,0.3270004826202822,0.0
0.4529,0.9890161335258636,0.32929338416928466,0.0
0.45295,1.0907618869505444,0.33206082975754825,0.0
0.453,0.9961453234394866,0.33434967886204586,0.0
0.45305,0.8730917211339684,0.3360260653550238,0.0
0.4531,1.0165481195190458,0.3383833852183328,0.0
0.45315,1.5073481195180936,0.34309606548220506,0.0
0.45320000000000005,2.1109605150299187,0.35069168840687004,0.0
0.45325000000000004,2.2529068684503235,0.3589158774200484,0.0
0.45330000000000004,2.210855836555418,0.3668741111111921,0.0
0.45335000000000003,2.01077543005673,0.37380424904159454,0.0
0.4534,1.1576814237458188,0.3765564124871098,0.0
0.45345,1.457351033150192,0.3807367020494402,0.0
0.4535,1.9481510331501268,0.38725847307367756,0.0
0.45355,2.4389510331498068,0.39610389900044213,0.0
0.4536,2.012966250629609,0.40282209371720024,0.0
0.45365,3.420551033150099,0.41629564316399703,0.0
0.45370000000000005,3.665938920776077,0.43085320872565125,0.0
0.45375000000000004,4.402151033149753,0.448859962073333,0.0
0.45380000000000004,4.892951033149871,0.4691029309298609,0.0
0.45385000000000003,5.01597802326444,0.48978669069673375,0.0
0.4539,5.031315523264444,0.5103871432554095,0.0
0.45395,5.046653023264449,0.5309049228542978,0.0
0.454,5.061990523264454,0.551340658913042,0.0
0.45405,5.077328023264458,0.5716949760592822,0.0
0.4541,5.092665523264463,0.5919684941651387,0.0
0.45415,5.1012029839495,0.6121289461817009,0.0
0.45420000000000005,5.102218665715425,0.6321408206841961,0.0
0.45425000000000004,5.103234347481347,0.0,1.0
0.45430000000000004,5.104250029247271,0.02468206010274309,0.0
0.45435000000000003,5.105265711013193,0.04918111802637455,0.0
0.4544,5.106281392779117,0.07349856703377748,0.0
0.45445,5.1072970745450395,0.0976357897804123,0.0
0.4545,5.108312756310963,0.12159415839507501,0.0
0.45455,5.109328438076886,0.1453750345600405,0.0
0.4546,5.110344119842809,0.1689797695905958,0.0
0.45465,5.1113598016087325,0.19240970451396774,0.0
0.45470000000000005,5.112375483374657,0.21566617014764977,0.0
0.45475000000000004,5.1133911651405795,0.23875048717713238,0.0
0.45480000000000004,5.114406846906503,0.2616639662330418,0.0
0.45485000000000003,5.1154225286724255,0.2844079079676913,0.0
0.4549,5.116438210438349,0.30698360313104983,0.0
0.45495,5.1174538922042725,0.32939233264613227,0.0
0.455,5.118469573970195,0.35163536768381554,0.0
0.45505,5.119485255736119,0.37371396973708515,0.0
0.4551,5.120500937502041,0.3956293906947167,0.0
0.45515,5.121516619267965,0.41738287291439624,0.0
0.45520000000000005,5.122532301033889,0.4389756492952839,0.0
0.45525000000000004,5.123547982799812,0.46040894335002497,0.0
0.45530000000000004,5.124563664565735,0.4816839692762133,0.0
0.45535000000000003,5.125579346331658,0.5028019320273099,0.0
0.4554,5.126595028097581,0.523764027383022,0.0
0.45545,5.127610709863505,0.5445714420191461,0.0
0.4555,5.128626391629427,0.5652253535768795,0.0
0.45555,5.129642073395351,0.5857269307316043,0.0
0.4556,5.130657755161273,0.6060773332611469,0.0
0.45565,5.131673436927197,0.6262777121135187,0.0
0.45570000000000005,5.132689118693121,0.6463292094741406,0.0
0.45575000000000004,5.133704800459044,0.0,1.0
0.45580000000000004,5.134720482224967,0.024829402718689397,0.0
0.45585000000000003,5.135736163990891,0.049474681484751176,0.0
0.4559,5.136751845756813,0.07393723810154271,0.0
0.45595,5.137767527522737,0.09821846369997693,0.0
0.456,5.138783209288659,0.12231973881977559,0.0
0.45605,5.139798891054583,0.14624243349010388,0.0
0.4561,5.1408145728205055,0.16998790730959118,0.0
0.45615,5.141830254586429,0.19355750952574258,0.0
0.4562,5.142845936352352,0.2169525791137457,0.0
0.45625000000000004,5.143861618118277,0.24017444485467776,0.0
0.45630000000000004,5.144877299884199,0.26322442541311697,0.0
0.45635000000000003,5.145892981650123,0.2861038294141632,0.0
0.45640000000000003,5.1469086634160455,0.30881395551987223,0.0
0.45645,5.147924345181969,0.33135609250510817,0.0
0.4565,5.1489400269478915,0.35373151933281805,0.0
0.45655,5.149955708713815,0.37594150522873376,0.0
0.4566,5.015616605425786,0.39733278951830014,0.0
0.45665,4.774332470149512,0.4173944629568727,0.0
0.4567,4.533048334873238,0.4361366483607843,0.0
0.45675000000000004,4.291764199596697,0.4535693914776433,0.0
0.45680000000000004,4.050480064320423,0.4697026615730901,0.0
0.45685000000000003,3.8091959290441495,0.4845463520130786,0.0
0.45690000000000003,3.567911793767876,0.49811028084172976,0.0
0.45695,3.3266276584916024,0.5104041913547843,0.0
0.457,3.085343523215329,0.5214377526686896,0.0
0.45705,2.844059387939055,0.5312205602853542,0.0
0.4571,2.6027752526627816,0.539762136652602,0.0
0.45715,2.361491117386508,0.54707193172036,0.0
0.4572,2.1202069821102345,0.5531593234926115,0.0
0.45725000000000005,1.8789228468336931,0.5580336185751459,0.0
0.45730000000000004,1.6376387115574196,0.5617040527191427,0.0
0.45735000000000003,1.396354576281146,0.5641797913606106,0.0
0.45740000000000003,1.1550704410048724,0.5654699301557234,0.0
0.45745,0.9137863057285989,0.56558349551208,0.0
0.4575,0.6725021704523257,0.5645294451159187,0.0
0.45755,0.43121803517605173,0.562316668455319,0.0
0.4576,0.2665918239927944,0.5593246736261354,0.0
0.45765,0.7573918239930633,0.5587287654973234,0.0
0.4577,1.2481918239922751,0.5605107017797398,0.0
0.45775000000000005,1.7389918239930562,0.5646523790695092,0.0
0.45780000000000004,2.2297918239937635,0.5711358317906187,0.0
0.45785000000000003,2.7205918239938036,0.5799432311455892,0.0
0.45790000000000003,3.211391823993318,0.5910568840741336,0.0
0.45795,3.702191823993332,0.6044592322197437,0.0
0.458,4.192991823993663,0.6201328509041351,0.0
0.45805,4.683791823992753,0.6380604481094989,0.0
0.4581,5.04842419080297,0.0,1.0
0.45815,5.059478244857019,0.024465562112461404,0.0
0.4582,5.070532298911067,0.04879831177669201,0.0
0.45825000000000005,5.081586352965128,0.07299926014269804,0.0
0.45830000000000004,5.092640407019176,0.09706941066222875,0.0
0.45835000000000004,5.103694461073225,0.1210097591473863,0.0
0.45840000000000003,5.106823506776343,0.14478297173811736,0.0
0.45845,4.731740579947094,0.1665614428911341,0.0
0.4585,4.356657653117845,0.18636035930650763,0.0
0.45855,3.981574726288596,0.20419479206237703,0.0
0.4586,3.606491799459347,0.22007969749522155,0.0
0.45865,3.231408872630098,0.2340299180734311,0.0
0.4587,2.8563259458008488,0.24606018326422582,0.0
0.45875000000000005,2.481243018971183,0.2561851103939736,0.0
0.45880000000000004,2.1061600921419337,0.2644192055019657,0.0
0.45885000000000004,1.7310771653126849,0.2707768641876799,0.0
0.45890000000000003,1.3559942384834356,0.2752723724516018,0.0
0.45895,0.9809113116541868,0.277919907529642,0.0
0.459,0.6058283848249371,0.27873353872120094,0.0
0.45905,0.23074545799568824,0.27772722821092893,0.0
0.4591,-0.07457899796363737,0.2752521552443366,0.0
0.45915,-0.07435920396453306,0.2727969887520236,0.0
0.4592,-0.07413940996542874,0.2703615771786811,0.0
0.45925000000000005,-0.07391961596632418,0.26794577012284676,0.0
0.45930000000000004,-0.07369982196721986,0.26554941832811985,0.0
0.45935000000000004,-0.07348002796811555,0.26317237367444346,0.0
0.45940000000000003,-0.07326023396901123,0.26081448916945316,0.0
0.45945,-0.07304043996990692,0.2584756189398914,0.0
0.4595,-0.0728206459708026,0.25615561822308747,0.0
0.45955,-0.07260085197169829,0.25385434335850204,0.0
0.4596,-0.07238105797259396,0.25157165177933627,0.0
0.45965,-0.07216126397348965,0.24930740200420484,0.0
0.4597,-0.07194146997438533,0.24706145362887225,0.0
0.45975000000000005,-0.07172167597528077,0.244833667318052,0.0
0.45980000000000004,-0.07150188197617646,0.24262390479726845,0.0
0.45985000000000004,-0.07128208797707214,0.2404320288447803,0.0
0.45990000000000003,-0.07106229397796783,0.23825790328356589,0.0
0.45995,-0.07084249997886351,0.2361013929733693,0.0
0.46,-0.0706227059797592,0.23396236380280705,0.0
0.46005,-0.07040291198065488,0.23184068268153493,0.0
0.4601,-0.07018311798155055,0.22973621753247447,0.0
0.46015,-0.06996332398244624,0.2276488372840986,0.0
0.4602,-0.06974352998334193,0.22557841186277594,0.0
0.46025000000000005,-0.06952373598423736,0.2235248121851735,0.0
0.46030000000000004,-0.06930394198513305,0.22148791015071717,0.0
0.46035000000000004,-0.06908414798602873,0.21946757863410965,0.0
0.46040000000000003,-0.06886435398692442,0.21746369147790523,0.0
0.46045,-0.0686445599878201,0.21547612348514125,0.0
0.4605,-0.06842476598871579,0.21350475041202557,0.0
0.46055,-0.06820497198961147,0.21154944896067973,0.0
0.4606,-0.06798517799050716,0.20961009677193732,0.0
0.46065,-0.06776538399140283,0.20768657241819727,0.0
0.4607,-0.06754558999229852,0.2057787553963315,0.0
0.46075000000000005,-0.06732579599319397,0.2038865261206466,0.0
0.46080000000000004,-0.06710600199408964,0.20200976591589892,0.0
0.46085000000000004,-0.06688620799498533,0.20014835701036315,0.0
0.46090000000000003,-0.06666641399588101,0.19830218252895343,0.0
0.46095,-0.0664466199967767,0.19647112648639686,0.0
0.461,-0.06622682599767238,0.19465507378045913,0.0
0.46105,-0.06600703199856806,0.19285391018522152,0.0
0.4611,-0.06578723799946375,0.19106752234440927,0.0
0.46115,-0.06556744400035942,0.1892957977647706,0.0
0.4612,-0.06534765000125511,0.1875386248095062,0.0
0.46125000000000005,-0.06512785600215056,0.18579589269174882,0.0
0.46130000000000004,-0.06490806200304623,0.18406749146809231,0.0
0.46135000000000004,-0.06468826800394192,0.18235331203217015,0.0
0.46140000000000003,-0.0644684740048376,0.18065324610828265,0.0
0.46145,-0.06424868000573329,0.1789671862450729,0.0
0.4615,-0.06402888600662897,0.17729502580925066,0.0
0.46155,-0.06380909200752466,0.17563665897936415,0.0
0.4616,-0.06358929800842034,0.17399198073961916,0.0
0.46165,-0.06336950400931603,0.1723608868737454,0.0
0.4617,-0.0631497100102117,0.17074327395890934,0.0
0.46175000000000005,-0.06292991601110715,0.16913903935967353,0.0
0.46180000000000004,-0.06271012201200282,0.16754808122200182,0.0
0.46185000000000004,-0.06084081059597262,0.1659782748571407,0.0
0.46190000000000003,-0.05387317856871604,0.16445411261673445,0.0
0.46195,-0.04690554654145946,0.16297524699527935,0.0
0.462,-0.03993791451420288,0.16154133313295885,0.0
0.46205,-0.03297028248694629,0.160152028795501,0.0
0.4621,-0.026002650459689712,0.15880699435418924,0.0
0.46215,-0.018990000495530096,0.15750611045430818,0.0
0.4622,-0.01119952430505159,0.15625280221022747,0.0
0.46225000000000005,-0.0034090481145644357,0.15504670741098506,0.0
0.46230000000000004,0.00438142807591407,0.153887466603264,0.0
0.46235000000000004,0.012171904266392572,0.15277472307039772,0.0
0.46240000000000003,0.019962380456871077,0.15170812281153478,0.0
0.46245,0.027752856647349583,0.1506873145209624,0.0
0.4625,0.44823844209928854,0.15170757388703351,0.0
0.46255,0.9390384420993145,0.15509337318690164,0.0
0.4626,1.429838442099326,0.16082670269519497,0.0
0.46265,1.9206384420989415,0.16888968980120161,0.0
0.4627,2.411438442098996,0.17926459796497118,0.0
0.46275,2.38523098276373,0.18943378961106505,0.0
0.46280000000000004,0.6338499301316598,0.19105659885907503,0.0
0.46285000000000004,0.8890413557303884,0.19390105415444384,0.0
0.46290000000000003,1.3798413557303804,0.19909716110920686,0.0
0.46295000000000003,0.38356382178518184,0.19943611856845314,0.0
0.463,2.36144135572984,0.20933670012951783,0.0
0.46305,2.8522413557309734,0.22153521246604452,0.0
0.4631,3.3430413557306804,0.23601416058603822,0.0
0.46315,3.8338413557307205,0.25275618269331973,0.0
0.4632,4.324641355730235,0.27174404917344425,0.0
0.46325,4.81544135573025,0.29296066158736245,0.0
0.46330000000000005,4.879801693474093,0.31432696433106216,0.0
0.46335000000000004,4.914157693474085,0.33569672908320897,0.0
0.46340000000000003,4.941888510635955,0.35703789281876375,0.0
0.46345000000000003,4.954859530614925,0.3782793009609798,0.0
0.4635,4.967830550593895,0.39942171298587126,0.0
0.46355,4.980801570572864,0.4204658825872822,0.0
0.4636,4.993772590551834,0.4414125577209082,0.0
0.46365,5.006743610530804,0.4622624806479832,0.0
0.4637,5.019714630509774,0.48301638797863333,0.0
0.46375,5.032685650488744,0.5036750107149011,0.0
0.46380000000000005,5.045656670467728,0.5242390742934415,0.0
0.46385000000000004,5.058627690446698,0.5447092986278936,0.0
0.46390000000000003,5.0686069366877335,0.5650719311599334,0.0
0.46395000000000003,5.070961005977447,0.5852909187965446,0.0
0.464,5.0733150752671605,0.6053673551591372,0.0
0.46405,5.075669144556874,0.6253023255429793,0.0
0.4641,5.078023213846587,0.6450969069805869,0.0
0.46415,5.0803772831363,0.0,1.0
0.4642,5.082731352426013,0.024578004605541652,0.0
0.46425,5.085085421715726,0.04898027113798363,0.0
0.46430000000000005,5.0874394910054415,0.07320813755589882,0.0
0.46435000000000004,5.0897935602951545,0.09726293163148947,0.0
0.46440000000000003,5.0921476295848676,0.1211459710281398,0.0
0.46445000000000003,5.0945016988745815,0.14485856337737818,0.0
0.4645,5.0968557681642945,0.16840200635525332,0.0
0.46455,5.099209837454008,0.19177758775812895,0.0
0.4646,5.101563906743721,0.21498658557790157,0.0
0.46465,5.103917976033434,0.2380302680766454,0.0
0.4647,5.106272045323147,0.2609098938606892,0.0
0.46475,5.10862611461286,0.2836267119541288,0.0
0.46480000000000005,5.1109801839025755,0.30618196187178043,0.0
0.46485000000000004,5.113334253192289,0.3285768736915781,0.0
0.46490000000000004,5.1156883224820024,0.35081266812642037,0.0
0.46495000000000003,5.1180423917717155,0.3728905565954694,0.0
0.465,5.1203964610614285,0.3948117412949079,0.0
0.46505,5.122750530351142,0.4165774152681571,0.0
0.4651,5.125104599640855,0.4381887624755598,0.0
0.46515,5.127458668930568,0.4596469578635334,0.0
0.4652,5.129812738220281,0.4809531674331961,0.0
0.46525,5.132166807509994,0.502108548308471,0.0
0.46530000000000005,5.13452087679971,0.5231142488036711,0.0
0.46535000000000004,5.136874946089423,0.5439714084905702,0.0
0.46540000000000004,5.1392290153791365,0.5646811582649636,0.0
0.46545000000000003,5.1415830846688495,0.5852446204127204,0.0
0.4655,5.1439371539585625,0.6056629086753353,0.0
0.46555,5.146291223248276,0.625937128314979,0.0
0.4656,5.148645292537989,0.6460683761790552,0.0
0.46565,5.150999361827702,0.0,1.0
0.4657,5.153353431117416,0.024919504018943016,0.0
0.46575,5.0711811795064365,0.049251935376996694,0.0
0.46580000000000005,4.9024753277507385,0.07258332266770409,0.0
0.46585000000000004,4.733769475995228,0.0949212872076545,0.0
0.46590000000000004,4.565063624239717,0.11627339228955058,0.0
0.46595000000000003,4.3963577724842064,0.13664714362396652,0.0
0.466,4.227651920728697,0.15604998977774187,0.0
0.46605,4.058946068973186,0.17448932260903785,0.0
0.4661,3.8902402172176753,0.19197247769908138,0.0
0.46615,3.7215343654621647,0.20850673478062204,0.0
0.4662,3.552828513706654,0.22409931816312711,0.0
0.46625,3.3841226619511438,0.2387573971547394,0.0
0.46630000000000005,3.215416810195446,0.25248808648102156,0.0
0.46635000000000004,3.0467109584399354,0.26529844670051617,0.0
0.46640000000000004,2.8780051066844248,0.2771954846171364,0.0
0.46645000000000003,2.7092992549289145,0.28818615368942063,0.0
0.4665,2.540593403173404,0.2982773544366705,0.0
0.46655,2.371887551417893,0.30747593484199687,0.0
0.4666,2.203181699662383,0.3157886907522969,0.0
0.46665,2.0344758479068723,0.3232223662751863,0.0
0.4667,1.8657699961513616,0.3297836541729097,0.0
0.46675,1.6970641443958514,0.33547919625325173,0.0
0.46680000000000005,1.5283582926401533,0.34031558375747095,0.0
0.46685000000000004,1.359652440884643,0.3442993577452844,0.0
0.46690000000000004,1.1909465891291324,0.34743700947691536,0.0
0.46695000000000003,1.0222407373736218,0.34973498079223597,0.0
0.467,0.8535348856181111,0.35119966448702267,0.0
0.46705,0.6848290338626004,0.3518374046863469,0.0
0.4671,0.5161231821070906,0.3516544972151231,0.0
0.46715,0.34741733035157996,0.3506571899658355,0.0
0.4672,0.17871147859606928,0.3488516832634654,0.0
0.46725,0.05580858643288537,0.3464656145583572,0.0
0.46730000000000005,0.0943640004456966,0.3442841500439146,0.0
0.46735000000000004,0.13908506020605882,0.34233554652775955,0.0
0.46740000000000004,0.6298850602053436,0.3427750859902299,0.0
0.46745000000000003,1.1206850602056124,0.34558458662066666,0.0
0.4675,1.6114850602048627,0.35074600503321174,0.0
0.46755,2.1022850602045153,0.35824143521294527,0.0
0.4676,2.5930850602047846,0.3680531074700244,0.0
0.46765,3.083885060205115,0.38016338740178657,0.0
0.4677,3.5746850602043576,0.3945547748627558,0.0
0.46775,4.0654850602045025,0.41120990294250825,0.0
0.46780000000000005,4.55628506020574,0.4301115369512963,0.0
0.46785000000000004,5.047085060205886,0.4512425734133923,0.0
0.46790000000000004,3.7017948960612372,0.46570745993782997,0.0
0.46795000000000003,3.0338879738362152,0.47683249596684724,0.0
0.468,3.5246879738365844,0.4902461405492022,0.0
0.46805,4.015487973836953,0.5059309696664117,0.0
0.4681,3.290550987135248,0.5179908864104715,0.0
0.46815,2.175769077587278,0.5245683583843858,0.0
0.4682,1.060987168039309,0.5257051254561926,0.0
0.46825,-0.024076709264814315,0.5215863139307803,0.0
0.46830000000000005,-0.026329909372837215,0.5174879648802996,0.0
0.46835000000000004,-0.028583109480857617,0.5134099225164045,0.0
0.46840000000000004,-0.030836309588878015,0.5093520322368228,0.0
0.46845000000000003,-0.03308950969689842,0.5053141406163264,0.0
0.4685,-0.03534270980491881,0.5012960953977698,0.0
0.46855,-0.037595909912939214,0.497297745483197,0.0
0.4686,-0.039849110020959616,0.4933189409250165,0.0
0.46865,-0.04210231012898001,0.4893595329172428,0.0
0.4687,-0.04435551023700042,0.4854193737868053,0.0
0.46875,-0.046608710345020815,0.4814983169849225,0.0
0.46880000000000005,-0.048861910453043715,0.4775962170785429,0.0
0.46885000000000004,-0.05111511056106412,0.47371292974185014,0.0
0.46890000000000004,-0.05336831066908451,0.4698483117478335,0.0
0.46895000000000003,-0.05562151077710492,0.46600222095992205,0.0
0.46900000000000003,-0.057874710885125316,0.46217451632368295,0.0
0.46905,-0.06012791099314571,0.4583650578585825,0.0
0.4691,-0.06238111110116612,0.4545737066498104,0.0
0.46915,-0.06463431120918652,0.4508003248401658,0.0
0.4692,-0.06688751131720691,0.44704477562200545,0.0
0.46925,-0.06914071142522732,0.443306923229253,0.0
0.4693,-0.07139391153324771,0.43958663292946915,0.0
0.46935000000000004,-0.07364711164127062,0.43588377101598214,0.0
0.46940000000000004,-0.07590031174929102,0.43219820480007837,0.0
0.46945000000000003,-0.07815351185731141,0.4285298026032522,0.0
0.46950000000000003,-0.07854332040749509,0.42488744434698983,0.0
0.46955,-0.07824664500955034,0.42127425130406976,0.0
0.4696,-0.0779499696116056,0.41769000142899826,0.0
0.46965,-0.07765329421366084,0.41413447436679546,0.0
0.4697,-0.0773566188157161,0.41060745144012506,0.0
0.46975,-0.07705994341777134,0.40710871563652173,0.0
0.4698,-0.0767632680198266,0.4036380515957158,0.0
0.46985000000000005,-0.07646659262188152,0.4001952455970546,0.0
0.46990000000000004,-0.07616991722393676,0.3967800855470193,0.0
0.46995000000000003,-0.07587324182599202,0.39339236096683705,0.0
0.47000000000000003,-0.07557656642804726,0.3900318629801873,0.0
0.47005,-0.07527989103010252,0.3866983843010018,0.0
0.4701,-0.07498321563215776,0.3833917192213571,0.0
0.47015,-0.07468654023421302,0.3801116635994602,0.0
0.4702,-0.07438986483626828,0.37685801484772435,0.0
0.47025,-0.07409318943832352,0.3736305719209367,0.0
0.4703,-0.07379651404037878,0.3704291353045155,0.0
0.47035000000000005,-0.0734998386424337,0.3672535070028569,0.0
0.47040000000000004,-0.07320316324448894,0.36410349052777047,0.0
0.47045000000000003,-0.0729064878465442,0.36097889088700247,0.0
0.47050000000000003,-0.07260981244859945,0.35787951457284695,0.0
0.47055,-0.0723131370506547,0.35480516955084335,0.0
0.4706,-0.07201646165270995,0.35175566524855995,0.0
0.47065,-0.0717197862547652,0.34873081254446314,0.0
0.4707,-0.07142311085682045,0.345730423756871,0.0
0.47075,-0.0711264354588757,0.3427543126329914,0.0
0.4708,-0.07082976006093095,0.33980229433804304,0.0
0.47085000000000005,-0.07053308466298587,0.3368741854444599,0.0
0.47090000000000004,-0.07023640926504113,0.3339698039211774,0.0
0.47095000000000004,-0.06993973386709637,0.33108896912300045,0.0
0.47100000000000003,-0.06964305846915163,0.3282315017800522,0.0
0.47105,-0.06934638307120687,0.32539722398730336,0.0
0.4711,-0.06904970767326213,0.3225859591941809,0.0
0.47115,-0.06875303227531737,0.3197975321942565,0.0
0.4712,-0.06845635687737263,0.31703176911501246,0.0
0.47125,-0.06815968147942789,0.3142884974076868,0.0
0.4713,-0.06786300608148313,0.3115675458371945,0.0
0.47135000000000005,-0.06756633068353805,0.3088687444721263,0.0
0.47140000000000004,-0.0672696552855933,0.3061919246748233,0.0
0.47145000000000004,-0.06697297988764855,0.303536919091527,0.0
0.47150000000000003,-0.0666763044897038,0.3009035616426047,0.0
0.47155,-0.06637962909175905,0.29829168751284885,0.0
0.4716,-0.06608295369381431,0.29570113314185087,0.0
0.47165,-0.06578627829586955,0.29313173621444766,0.0
0.4717,-0.06548960289792481,0.2905833356512411,0.0
0.47175,-0.06519292749998006,0.2880557715991898,0.0
0.4718,-0.06489625210203531,0.28554888542227236,0.0
0.47185000000000005,-0.06459957670409022,0.2830625196922216,0.0
0.47190000000000004,-0.06430290130614548,0.2805965181793299,0.0
0.47195000000000004,-0.053040267531708304,0.27820375272135306,0.0
0.47200000000000003,-0.0403709072623491,0.2758904680977647,0.0
0.47205,-0.0277015469929899,0.27365605919174585,0.0
0.4721,-0.015032186723630693,0.2714999254934546,0.0
0.47215,-0.002362826454271487,0.2694214710649511,0.0
0.4722,0.010306533815087726,0.26742010450539033,0.0
0.47225,0.3207316783112632,0.26693506379185067,0.0
0.4723,0.8115316783109102,0.26882702341514086,0.0
0.47235000000000005,1.3023316783115357,0.27307788639763136,0.0
0.47240000000000004,1.793131678310612,0.2796696935406257,0.0
0.47245000000000004,2.283931678310758,0.28858462237542376,0.0
0.47250000000000003,2.774731678310896,0.2998049861223281,0.0
0.47255,3.26553167831105,0.3133132326575989,0.0
0.4726,3.75633167831077,0.32909194348826665,0.0
0.47265,4.247131678310978,0.3471238327347582,0.0
0.4727,4.302399379610009,0.365285690518252,0.0
0.47275,4.312370485704819,0.3833574915803086,0.0
0.4728,4.3223415917996295,0.40133992155586395,0.0
0.47285000000000005,4.3323126978944515,0.41923366085986324,0.0
0.47290000000000004,4.342283803989262,0.4370393847270022,0.0
0.47295000000000004,4.352254910084072,0.45475776325116674,0.0
0.47300000000000003,4.438640035677174,0.47275896828868313,0.0
0.47305,4.472996035677108,0.4907892550608964,0.0
0.4731,4.507352035677042,0.5088484021578663,0.0
0.47315,4.515233363745344,0.5268081691980184,0.0
0.4732,4.520865847319588,0.5446584383084527,0.0
0.47325,4.526498330893833,0.5624000431371727,0.0
0.4733,4.532130814468078,0.5800338109853131,0.0
0.47335000000000005,4.537763298042329,0.597560562855461,0.0
0.47340000000000004,4.5433957816165735,0.6149811134996085,0.0
0.47345000000000004,4.549028265190818,0.6322962714667415,0.0
0.47350000000000003,4.5546607487650626,0.6495068391500651,0.0
0.47355,4.5602932323393075,0.0,1.0
0.4736,4.565925715913552,0.022078944467667082,0.0
0.47365,4.5715581994877965,0.0440170301931578,0.0
0.4737,4.577190683062041,0.06581532958587288,0.0
0.47375,4.5828231666362855,0.08747490689056596,0.0
0.4738,4.58845565021053,0.10899681824950398,0.0
0.47385000000000005,4.594088133784781,0.1303821117641545,0.0
0.47390000000000004,4.599720617359026,0.15163182755640314,0.0
0.47395000000000004,4.6753758861161385,0.17308559930504436,0.0
0.47400000000000003,4.696997031490575,0.19448058659349413,0.0
0.47405,4.718618176865013,0.2158172369694641,0.0
0.4741,4.74023932223945,0.2370959945733206,0.0
0.47415,4.761860467613888,0.25831730016402604,0.0
0.4742,4.783481612988325,0.27948159114488286,0.0
0.47425,4.97874624646892,0.3014289702936564,0.0
0.4743,5.022211939136765,0.323419438240771,0.0
0.47435000000000005,4.977817969287442,0.34502781363498725,0.0
0.47440000000000004,4.727801586405819,0.36526269981511006,0.0
0.47445000000000004,4.748714578394671,0.38544465701969416,0.0
0.47450000000000003,4.769627570383523,0.4055740882164933,0.0
0.47455,4.790540562372375,0.4256513933053197,0.0
0.4746,4.811453554361227,0.4456769691414011,0.0
0.47465,4.8323665463500785,0.4656512095585605,0.0
0.4747,4.85327953833893,0.4855745053922192,0.0
0.47475,4.874192530327782,0.5054472445022247,0.0
0.4748,4.895105522316634,0.5252698117955049,0.0
0.47485000000000005,4.9160185143055095,0.5450425892485499,0.0
0.47490000000000004,4.9369315062943615,0.5647659559297219,0.0
0.47495000000000004,4.9578444982832135,0.5844402880213965,0.0
0.47500000000000003,4.978757490272065,0.6040659588419345,0.0
0.47505000000000003,4.999670482260917,0.6236433388674868,0.0
0.4751,5.020583474249769,0.6431727957536332,0.0
0.47515,5.041496466238621,0.0,1.0
0.4752,5.062409458227473,0.02447973625835335,0.0
0.47525,5.083322450216325,0.048874225936607195,0.0
0.4753,5.1042354422051766,0.07318411804832269,0.0
0.47535000000000005,5.125148434194052,0.09741005666588218,0.0
0.47540000000000004,5.107649938997777,0.12136693875701932,0.0
0.47545000000000004,4.99979024751556,0.14461986305610222,0.0
0.47550000000000003,4.891930556033344,0.16717418905266096,0.0
0.47555000000000003,4.784070864551128,0.18903523543246106,0.0
0.4756,4.676211173068912,0.21020828038815753,0.0
0.47565,4.568351481586696,0.23069856192758376,0.0
0.4757,4.46049179010448,0.2505112781796934,0.0
0.47575,4.352632098622264,0.26965158769817293,0.0
0.4758,4.244772407140048,0.28812460976274273,0.0
0.47585,4.136912715657832,0.3059354246781642,0.0
0.47590000000000005,4.0290530241754965,0.3230890740709699,0.0
0.47595000000000004,3.92119333269328,0.3395905611839367,0.0
0.47600000000000003,3.813333641211064,0.3554448511683141,0.0
0.47605000000000003,3.705473949728848,0.37065687137382913,0.0
0.4761,3.597614258246632,0.3852315116364836,0.0
0.47615,3.489754566764416,0.3991736245641597,0.0
0.4762,3.3818948752821996,0.41248802582005145,0.0
0.47625,3.2740351837999837,0.42517949440393804,0.0
0.4763,3.166175492317768,0.43725277293131615,0.0
0.47635,3.0583158008355515,0.44871256791040665,0.0
0.47640000000000005,2.950456109353216,0.45956355001705207,0.0
0.47645000000000004,2.842596417871,0.4698103543675235,0.0
0.47650000000000003,2.7347367263887836,0.4794575807892467,0.0
0.47655000000000003,2.6268770349065678,0.48850979408946993,0.0
0.4766,2.5190173434243515,0.49697152432188524,0.0
0.47665,2.4111576519421356,0.5048472670512202,0.0
0.4767,2.3032979604599193,0.5121414836158148,0.0
0.47675,2.1954382689777034,0.5188586013882,0.0
0.4768,2.087578577495487,0.5250030140336913,0.0
0.47685,1.9797188860132713,0.530579081767015,0.0
0.47690000000000005,1.8718591945309355,0.5355911316069784,0.0
0.47695000000000004,1.7639995030487197,0.5400434576292047,0.0
0.47700000000000004,1.6561398115665034,0.5439403212169399,0.0
0.47705000000000003,1.5482801200842875,0.5472859513099523,0.0
0.4771,1.4404204286020712,0.5500845446515366,0.0
0.47715,1.3325607371198553,0.5523402660336376,0.0
0.4772,1.224701045637639,0.5540572485401077,0.0
0.47725,1.4839782964172827,0.5570149174934401,0.0
0.4773,1.9747782964169593,0.5623233761689562,0.0
0.47735,2.465578296416193,0.5699647271400672,0.0
0.47740000000000005,2.956378296417007,0.5799212092398836,0.0
0.47745000000000004,3.447178296416799,0.5921751965237982,0.0
0.47750000000000004,3.9379782964167,0.6067091972400072,0.0
0.47755000000000003,4.428778296417268,0.6235058528078475,0.0
0.4776,4.919578296417537,0.6425479368039095,0.0
0.47765,4.953819084812175,0.0,1.0
0.4777,4.609296731871041,0.02228866891620426,0.0
0.47775,4.264774378929905,0.042741677175298684,0.0
0.4778,3.9202520259887708,0.061373000336874525,0.0
0.47785,3.5757296730476362,0.07819650755944879,0.0
0.47790000000000005,3.231207320106119,0.09322596241053287,0.0
0.47795000000000004,2.886684967164984,0.10647502367054125,0.0
0.47800000000000004,2.542162614223849,0.11795724613056868,0.0
0.47805000000000003,2.197640261282714,0.12768608138410095,0.0
0.4781,1.853117908341579,0.13567487861269623,0.0
0.47815,1.5085955554004444,0.14193688536568466,0.0
0.4782,1.1640732024593095,0.14648524833393206,0.0
0.47825,0.8195508495181745,0.1493330141177123,0.0
0.4783,0.47502849657703994,0.15049312998873388,0.0
0.47835,0.30238995094321325,0.1508096042561681,0.0
0.47840000000000005,0.7931899509439309,0.15349697663215428,0.0
0.47845000000000004,0.5519794997084173,0.15499749422214898,0.0
0.47850000000000004,-0.0038629806365837894,0.1537987615126835,0.0
0.47855000000000003,0.021855796655989676,0.15273352065692872,0.0
0.4786,0.04757457394856313,0.15180075533231469,0.0
0.47865,0.252392864575096,0.15186550875919894,0.0
0.4787,0.31817535270574576,0.15224786633239573,0.0
0.47875,0.30387697872200664,0.152558171803365,0.0
0.4788,0.2895786047382676,0.152796973731256,0.0
0.47885,0.27528023075452845,0.15296481649883545,0.0
0.47890000000000005,0.2609818567707735,0.15306224034428378,0.0
0.47895000000000004,0.24668348278703442,0.15308978139274973,0.0
0.47900000000000004,0.23238510880329533,0.153047971687664,0.0
0.47905000000000003,0.21808673481955623,0.15293733922181496,0.0
0.4791,0.20378836083581714,0.15275840796818785,0.0
0.47915,0.18948998685207805,0.15251169791056882,0.0
0.4792,0.17519161286833895,0.15219772507391627,0.0
0.47925,0.16089323888459986,0.15181700155450084,0.0
0.4793,0.14659486490086077,0.15137003554981596,0.0
0.47935,0.13229649091712167,0.15085733138826063,0.0
0.47940000000000005,0.1179981169333667,0.15027938955859624,0.0
0.47945000000000004,0.10369974294962761,0.14963670673917936,0.0
0.47950000000000004,0.08940136896588852,0.14892977582697156,0.0
0.47955000000000003,0.0751029949821494,0.1481590859663285,0.0
0.4796,0.06080462099841033,0.14732512257757008,0.0
0.47965,0.04650624701467121,0.14642836738533274,0.0
0.4797,0.032207873030932144,0.14546929844670617,0.0
0.47975,0.017909499047193023,0.14444839017915562,0.0
0.4798,0.003611125063453957,0.14336611338823171,0.0
0.47985,-0.010687248920285164,0.14222293529506935,0.0
0.47990000000000005,-0.024985622904040106,0.14101931956367697,0.0
0.47995000000000004,-0.03928399688777923,0.13975572632801864,0.0
0.48000000000000004,-0.05358237087151829,0.13843261221888922,0.0
0.48005000000000003,-0.0646770432783615,0.13706592217770777,0.0
0.4801,-0.06036572915327378,0.13573048499758872,0.0
0.48015,-0.05605441502818606,0.1344260627390085,0.0
0.4802,-0.05174310090309834,0.13315241927396465,0.0
0.48025,-0.04743178677801062,0.131909320272184,0.0
0.4803,-0.043120472652922896,0.1306965331874359,0.0
0.48035,-0.038809158527835175,0.12951382724394972,0.0
0.48040000000000005,-0.034497844402742665,0.12836097342293562,0.0
0.48045000000000004,-0.030186530277654944,0.12723774444920796,0.0
0.48050000000000004,-0.025875216152567215,0.12614391477791073,0.0
0.48055000000000003,-0.021563902027479494,0.12507926058134383,0.0
0.4806,-0.017252587902391772,0.12404355973588974,0.0
0.48065,-0.01294127377730405,0.1230365918090397,0.0
0.4807,-0.008629959652216329,0.12205813804651872,0.0
0.48075,-0.0043186455271286076,0.12110798135950855,0.0
0.4808,-7.331402040886004e-06,0.12018590631196793,0.0
0.48085,0.0043039827230468425,0.1192916991080494,0.0
0.48090000000000005,0.008615296848139345,0.11842514757961194,0.0
0.48095000000000004,0.012926610973227073,0.11758604117382854,0.0
0.48100000000000004,0.017237925098314788,0.11677417094088832,0.0
0.48105000000000003,0.021549239223402517,0.11598932952179217,0.0
0.4811,0.025860553348490245,0.11523131113624124,0.0
0.48115,0.03017186747357796,0.11449991157061781,0.0
0.4812,0.03448318159866569,0.11379492816605749,0.0
0.48125,0.0387944957237534,0.11311615980661237,0.0
0.4813,0.04310580984884113,0.1124634069075042,0.0
0.48135,0.047417123973928846,0.11183647140346703,0.0
0.48140000000000005,0.1786195617659656,0.11184875017850816,0.0
0.48145000000000004,0.13690156176597165,0.11165920432952056,0.0
0.48150000000000004,0.09518356176597767,0.11126937042158186,0.0
0.48155000000000003,0.053465561765983716,0.11068077332133473,0.0
0.48160000000000003,0.011747561765989734,0.10989492628605137,0.0
0.48165,-0.02997043823400422,0.10891333105201989,0.0
0.4817,0.4103269260706026,0.11006830656976559,0.0
0.48175,0.7340220008913403,0.11277974548225671,0.0
0.4818,1.2248220008915036,0.1178438487567785,0.0
0.48185,1.7156220008915275,0.125242704694421,0.0
0.48190000000000005,2.2064220008923234,0.13495853796462892,0.0
0.48195000000000005,1.9215723402929266,0.1432229848696781,0.0
0.48200000000000004,1.9901031663446744,0.1517558984746097,0.0
0.48205000000000003,2.2250436588871008,0.16135992375324645,0.0
0.48210000000000003,1.7015236588871794,0.16835930200942587,0.0
0.48215,1.665624914524178,0.17513179981796018,0.0
0.4822,2.156424914523223,0.1842260436538126,0.0
0.48225,2.6472249145238904,0.19562435721073312,0.0
0.4823,2.678901628902785,0.20708906681660513,0.0
0.48235,2.68641813485854,0.2185028381130459,0.0
0.4824,2.6939346408142955,0.22986605891213618,0.0
0.48245000000000005,2.701451146770059,0.24117911407340073,0.0
0.48250000000000004,2.708967652725814,0.25244238552628717,0.0
0.48255000000000003,2.716484158681569,0.26365625229247386,0.0
0.48260000000000003,2.7240006646373245,0.2748210905080077,0.0
0.48265,2.73151717059308,0.28593727344527353,0.0
0.4827,2.739033676548835,0.29700517153479644,0.0
0.48275,2.74655018250459,0.3080251523868775,0.0
0.4828,2.754066688460345,0.31899758081306545,0.0
0.48285,2.7615831944161005,0.32992281884746466,0.0
0.4829,2.768488145985469,0.3407982685416408,0.0
0.48295000000000005,2.774905655934311,0.35162195188473866,0.0
0.48300000000000004,2.7813231658831454,0.36239426299302446,0.0
0.48305000000000003,2.78774067583198,0.3731155929822124,0.0
0.48310000000000003,2.7941581857808147,0.38378632999030904,0.0
0.48315,2.8005756957296493,0.39440685920028334,0.0
0.4832,2.806993205678484,0.40497756286256487,0.0
0.48325,2.8134107156273185,0.41549882031737,0.0
0.4833,2.819828225576153,0.42597100801685867,0.0
0.48335,2.8262457355249877,0.43639449954712195,0.0
0.4834,2.8326632454738223,0.4467696656500027,0.0
0.48345000000000005,2.839080755422664,0.4570968742447499,0.0
0.48350000000000004,2.9380365690501105,0.46782396774002327,0.0
0.48355000000000004,3.1945141091156524,0.4797096121410359,0.0
0.48360000000000003,3.2052077229398472,0.4915564766920891,0.0
0.48365,3.215901336764042,0.5033648566384407,0.0
0.4837,3.226594950588237,0.5151350449775377,0.0
0.48375,3.237288564412432,0.5268673324761302,0.0
0.4838,3.2479821782366267,0.5385620076872536,0.0
0.48385,3.3788394826812866,0.550800419300838,0.0
0.4839,3.869639482681492,0.5653189629300238,0.0
0.48395000000000005,4.3604394826818105,0.5821002790913272,0.0
0.48400000000000004,4.53175310013714,0.5995822353273632,0.0
0.48405000000000004,4.504287406706499,0.6167982821712111,0.0
0.48410000000000003,4.47682171327586,0.6337504440888538,0.0
0.48415,4.4959643894397505,0.0,1.0
0.4842,4.532591255111373,0.021917752684290973,0.0
0.48425,4.569218120782995,0.04384574996105357,0.0
0.4843,4.801242396312699,0.06672877558423548,0.0
0.48435,5.013112128363301,0.09046209946412002,0.0
0.4844,5.028449628363295,0.11408889868283004,0.0
0.48445000000000005,5.043787128363306,0.13760998425178236,0.0
0.48450000000000004,5.0591246283633,0.16102616100786551,0.0
0.48455000000000004,5.074462128363294,0.18433822766044888,0.0
0.48460000000000003,5.089799628363287,0.2075469768380338,0.0
0.48465,5.101103477383595,0.23063369005244247,0.0
0.4847,5.10243268542627,0.2535510631347514,0.0
0.48475,5.1037618934689455,0.2763003853336559,0.0
0.4848,5.105091101511621,0.298882936082327,0.0
0.48485,5.106420309554296,0.3212999850731405,0.0
0.4849,5.107749517596972,0.3435527923318372,0.0
0.48495000000000005,5.109078725639648,0.3656426082911187,0.0
0.48500000000000004,5.110407933682324,0.38757067386368255,0.0
0.48505000000000004,5.1117371417249995,0.4093382205147016,0.0
0.48510000000000003,5.113066349767674,0.43094647033375155,0.0
0.48515,5.11439555781035,0.4523966361061908,0.0
0.4852,5.115724765853026,0.4736899213839968,0.0
0.48525,5.1170539738957,0.49482752055606327,0.0
0.4853,5.118383181938376,0.515810618917962,0.0
0.48535,5.119712389981052,0.5366403927411738,0.0
0.4854,5.1210415980237265,0.5573180093417923,0.0
0.48545000000000005,5.122370806066404,0.5778446271487042,0.0
0.48550000000000004,5.123700014109079,0.5982213957712512,0.0
0.48555000000000004,5.125029222151754,0.6184494560663765,0.0
0.48560000000000003,5.12635843019443,0.6385299402052597,0.0
0.48565,5.127687638237105,0.0,1.0
0.4857,5.1290168462797805,0.024801822274080176,0.0
0.48575,5.130346054322456,0.04942124666010983,0.0
0.4858,5.131675262365131,0.07385966182028199,0.0
0.48585,5.133004470407807,0.09811844584439379,0.0
0.4859,5.134333678450482,0.12219896633033796,0.0
0.48595000000000005,5.135662886493159,0.1461025804639816,0.0
0.48600000000000004,5.1369920945358345,0.16983063509843674,0.0
0.48605000000000004,5.138321302578509,0.19338446683272736,0.0
0.48610000000000003,5.139650510621185,0.21676540208985767,0.0
0.48615,5.140979718663861,0.2399747571942857,0.0
0.4862,5.142308926706535,0.26301383844880744,0.0
0.48625,5.143638134749211,0.2858839422108552,0.0
0.4863,5.144967342791887,0.3085863549682156,0.0
0.48635,5.1462965508345615,0.3311223534141706,0.0
0.4864,5.147625758877237,0.3534932045220668,0.0
0.48645000000000005,5.148954966919914,0.3757001656193167,0.0
0.48650000000000004,5.150284174962589,0.397744484460837,0.0
0.48655000000000004,5.151613383005265,0.41962739930192733,0.0
0.48660000000000003,5.15294259104794,0.4413501389705944,0.0
0.48665,5.1542717990906155,0.46291392293932543,0.0
0.4867,5.155601007133291,0.4843199613963152,0.0
0.48675,5.156930215175966,0.5055694553161507,0.0
0.4868,5.04330051169277,0.5261077023736432,0.0
0.48685,4.794106764949773,0.545284585428615,0.0
0.4869,4.544913018206776,0.5631104690458176,0.0
0.48695000000000005,4.2957192714635015,0.5795956388807587,0.0
0.48700000000000004,4.046525524720504,0.5947503022804709,0.0
0.48705000000000004,3.797331777977507,0.6085845888796989,0.0
0.48710000000000003,3.54813803123451,0.6211085511925537,0.0
0.48715,3.504333960965337,0.6333253454534014,0.0
0.4872,3.542889374978105,0.6456355669393933,0.0
0.48725,3.810471532629932,0.0,1.0
0.4873,4.3012715326296105,0.020799185360878197,0.0
0.48735,4.792071532629942,0.04381332641885469,0.0
0.4874,4.931071983167664,0.06732440153875249,0.0
0.48745000000000005,4.570694360789754,0.08891383979219311,0.0
0.48750000000000004,4.210316738412244,0.10859627130726662,0.0
0.48755000000000004,3.8499391160347347,0.12638621482751627,0.0
0.48760000000000003,3.4895614936572246,0.14229807855995186,0.0
0.48765000000000003,3.1291838712797153,0.15634616101660506,0.0
0.4877,2.768806248902205,0.16854465184967757,0.0
0.48775,2.4084286265246955,0.17890763268033108,0.0
0.4878,2.0480510041471858,0.1874490779211673,0.0
0.48785,1.687673381769676,0.19418285559244614,0.0
0.4879,1.327295759392166,0.19912272813208967,0.0
0.48795000000000005,0.9669181370142566,0.20228235319951746,0.0
0.48800000000000004,0.6065405146367464,0.20367528447336958,0.0
0.48805000000000004,0.24616289225923715,0.20331497244314473,0.0
0.48810000000000003,0.17488318715568105,0.20261272417583426,0.0
0.48815000000000003,0.6656831871554572,0.2042891299263326,0.0
0.4882,1.156483187155582,0.20832608012692583,0.0
0.48825,1.647283187155851,0.21470560308469722,0.0
0.4883,2.138083187155249,0.2234098639318319,0.0
0.48835,2.140541361047934,0.23205974276135982,0.0
0.4884,1.465243550828954,0.23737830358369602,0.0
0.48845000000000005,0.7899457406092245,0.23939090894781703,0.0
0.48850000000000005,1.1064861007880233,0.24291885098913535,0.0
0.48855000000000004,1.5972861007879444,0.24879324105391906,0.0
0.48860000000000003,2.0880861007878657,0.25699621477053025,0.0
0.48865000000000003,2.5788861007883277,0.26751004377536397,0.0
0.4887,3.0696861007885965,0.2803171346773629,0.0
0.48875,2.978418424980968,0.29258538743174206,0.0
0.4888,2.3439822918589135,0.3016923644824741,0.0
0.48885,1.709546158736859,0.30766213378395435,0.0
0.4889,1.0751100256148045,0.3105185800523912,0.0
0.48895,0.4406738924927498,0.3102854061608655,0.0
0.48900000000000005,-0.07039019336813371,0.30758271115462615,0.0
0.48905000000000004,-0.06993019698554338,0.3049028171131846,0.0
0.48910000000000003,-0.06947020060295304,0.3022455504444116,0.0
0.48915000000000003,-0.0690102042203627,0.2996107388777983,0.0
0.4892,-0.06855020783777238,0.296998211454395,0.0
0.48925,-0.06809021145518204,0.2944077985168249,0.0
0.4893,-0.0676302150725917,0.29183933169937554,0.0
0.48935,-0.06717021869000138,0.2892926439181644,0.0
0.4894,-0.06671022230741104,0.28676756936138004,0.0
0.48945,-0.0662502259248207,0.2842639434795972,0.0
0.48950000000000005,-0.06579022954222986,0.2817816029761661,0.0
0.48955000000000004,-0.06533023315963953,0.27932038579767426,0.0
0.48960000000000004,-0.06487023677704919,0.27688013112448145,0.0
0.48965000000000003,-0.06441024039445886,0.2744606793613265,0.0
0.4897,-0.06395024401186852,0.27206187212800564,0.0
0.48975,-0.06349024762927818,0.26968355225012186,0.0
0.4898,-0.06303025124668786,0.26732556374990457,0.0
0.48985,-0.06257025486409752,0.2649877518370994,0.0
0.4899,-0.06211025848150718,0.262669962899927,0.0
0.48995,-0.06165026209891685,0.26037204449611107,0.0
0.49000000000000005,-0.061190265716326006,0.25809384534397434,0.0
0.49005000000000004,-0.060730269333735674,0.25583521531360265,0.0
0.49010000000000004,-0.06027027295114534,0.2535960054180761,0.0
0.49015000000000003,-0.059810276568555004,0.25137606780476685,0.0
0.4902,-0.05935028018596467,0.24917525574670366,0.0
0.49025,-0.058890283803374334,0.24699342363400156,0.0
0.4903,-0.058430287420784,0.24483042696535723,0.0
0.49035,-0.057970291038193664,0.24268612233960887,0.0
0.4904,-0.05751029465560333,0.24056036744736048,0.0
0.49045,-0.057050298273013,0.23845302106266983,0.0
0.49050000000000005,-0.056590301890422155,0.23636394303479974,0.0
0.49055000000000004,-0.056130305507831824,0.23429299428003206,0.0
0.49060000000000004,-0.055670309125241485,0.23224003677354418,0.0
0.49065000000000003,-0.05521031274265115,0.23020493354134722,0.0
0.4907,-0.05475031636006082,0.22818754865228563,0.0
0.49075,-0.05429031997747048,0.22618774721009774,0.0
0.4908,-0.053830323594880145,0.2242053953455367,0.0
0.49085,-0.05337032721228981,0.2222403602085515,0.0
0.4909,-0.05291033082969948,0.2202925099605274,0.0
0.49095,-0.05245033444710914,0.2183617137665855,0.0
0.49100000000000005,-0.051990338064518304,0.216447841787941,0.0
0.49105000000000004,-0.051530341681927966,0.21455076517431942,0.0
0.49110000000000004,-0.05107034529933763,0.2126703560564309,0.0
0.49115000000000003,-0.0506103489167473,0.2108064875385014,0.0
0.4912,-0.050150352534156964,0.2089590336908612,0.0
0.49125,-0.049690356151566625,0.20712786954258933,0.0
0.4913,-0.049230359768976294,0.20531287107421448,0.0
0.49135,-0.04877036338638596,0.20351391521047113,0.0
0.4914,-0.04831036700379562,0.20173087981311108,0.0
0.49145,-0.042132582080761066,0.19999129255452597,0.0
0.49150000000000005,-0.024531693473950646,0.19835006009333792,0.0
0.49155000000000004,-0.006930804867159759,0.19680643361830727,0.0
0.49160000000000004,0.010670083739631117,0.19535967001916976,0.0
0.49165000000000003,0.028270972346422008,0.19400903184323282,0.0
0.4917,0.045871860953212884,0.1927537872523024,0.0
0.49175,0.06571815073618244,0.191604067819281,0.0
0.4918,0.35603715531882646,0.19186696528160113,0.0
0.49185,0.39363034680816095,0.19230964646752052,0.0
0.4919,0.4230204393034751,0.1928910757944529,0.0
0.49195,0.4263897756879144,0.19348437121524797,0.0
0.49200000000000005,0.42975911207235745,0.19408944238896986,0.0
0.49205000000000004,0.43312844845679677,0.1947061996624813,0.0
0.49210000000000004,0.436497784841236,0.19533455406520736,0.0
0.49215000000000003,0.43986712122567534,0.19597441730393889,0.0
0.4922,0.44323645761011465,0.1966257017576753,0.0
0.49225,0.4466057939945539,0.19728832047250697,0.0
0.4923,0.4499751303789932,0.19796218715653638,0.0
0.49235,0.45334446676343254,0.19864721617483788,0.0
0.4924,0.4567138031478718,0.19934332254445608,0.0
0.49245,0.4600831395323111,0.20005042192944203,0.0
0.49250000000000005,0.46345247591675415,0.20076843063592742,0.0
0.49255000000000004,0.46682181230119346,0.20149726560723608,0.0
0.49260000000000004,0.4701911486856328,0.20223684441903286,0.0
0.49265000000000003,0.4735604850700721,0.2029870852745094,0.0
0.4927,0.47692982145451135,0.20374790699960654,0.0
0.49275,0.48029915783895066,0.20451922903827308,0.0
0.4928,0.48366849422339,0.2053009714477606,0.0
0.49285,0.48703783060782924,0.2060930548939543,0.0
0.4929,0.49040716699226855,0.2068954006467391,0.0
0.49295,0.49377650337670786,0.2077079305754013,0.0
0.49300000000000005,0.4971458397611509,0.208530567144065,0.0
0.49305000000000004,0.847329805263495,0.2110402867394551,0.0
0.49310000000000004,1.3381298052633572,0.2159042064602117,0.0
0.49315000000000003,1.8289298052623981,0.22310440291509048,0.0
0.4932,2.319729805262649,0.23262308917022534,0.0
0.49325,2.810529805262729,0.24444261371021161,0.0
0.4933,3.3013298052629056,0.25854545940712353,0.0
0.49335,3.098101448650053,0.27155820595668917,0.0
0.4934,2.588867645833556,0.28200943582671695,0.0
0.49345,2.079633843017059,0.2899186507856085,0.0
0.49350000000000005,2.269732718893502,0.298686890194812,0.0
0.49355000000000004,2.7605327188942206,0.30976168131666215,0.0
0.49360000000000004,3.251332718893674,0.32312546352479987,0.0
0.49365000000000003,3.742132718894103,0.33876080988838275,0.0
0.4937,3.6548764342995947,0.3538551829985149,0.0
0.49375,3.5644835284333047,0.3683975340692278,0.0
0.4938,3.547950011936123,0.3827492195676504,0.0
0.49385,3.634177932164036,0.3974086032707466,0.0
0.4939,3.7204058523919494,0.4123733425589376,0.0
0.49395,3.8066337726198625,0.42764111264786875,0.0
0.49400000000000005,4.1829356325250595,0.4446122850777555,0.0
0.49405000000000004,4.67373563252539,0.46382755727482017,0.0
0.49410000000000004,5.007255155362028,0.48450930018889393,0.0
0.49415000000000003,5.016864191506606,0.5050800507476103,0.0
0.49420000000000003,5.026473227651184,0.5255406539765847,0.0
0.49425,5.036082263795763,0.5458919484679416,0.0
0.4943,5.045691299940342,0.5661347664292958,0.0
0.49435,5.05530033608492,0.586269933732359,0.0
0.4944,5.064909372229498,0.6062982699611781,0.0
0.49445,5.074518408374076,0.6262205884600051,0.0
0.49450000000000005,5.084127444518665,0.6460376963808033,0.0
0.49455000000000005,5.093736480663243,0.0,1.0
0.49460000000000004,5.1033455168078214,0.0246776862514885,0.0
0.49465000000000003,5.111911904068216,0.049208915739147194,0.0
0.49470000000000003,5.113123549594733,0.07355923897702,0.0
0.49475,5.11433519512125,0.09773003327090937,0.0
0.4948,5.1155468406477675,0.12172266544068217,0.0
0.49485,5.116758486174285,0.145538491900103,0.0
0.4949,5.117970131700802,0.16917885873605978,0.0
0.49495,5.11918177722732,0.19264510178718589,0.0
0.49500000000000005,5.120393422753838,0.215938546721884,0.0
0.49505000000000005,5.121605068280355,0.23906050911575577,0.0
0.49510000000000004,5.1228167138068725,0.262012294528442,0.0
0.49515000000000003,5.124028359333391,0.2847951985798779,0.0
0.49520000000000003,5.125240004859908,0.30741050702596767,0.0
0.49525,5.126451650386425,0.32985949583368307,0.0
0.4953,5.127663295912942,0.35214343125559,0.0
0.49535,5.128874941439459,0.37426356990380805,0.0
0.4954,5.130086586965977,0.3962211588234066,0.0
0.49545,5.131298232492494,0.4180174355652424,0.0
0.4955,5.132509878019011,0.4396536282582424,0.0
0.49555000000000005,5.13372152354553,0.4611309556811365,0.0
0.49560000000000004,5.134933169072047,0.48245062733364386,0.0
0.49565000000000003,5.136144814598564,0.5036138435071176,0.0
0.49570000000000003,5.137356460125082,0.5246217953546514,0.0
0.49575,5.1385681056516,0.5454756649606524,0.0
0.4958,5.139779751178117,0.5661766254098843,0.0
0.49585,5.140991396704634,0.5867258408559856,0.0
0.4959,5.142203042231151,0.6071244665894645,0.0
0.49595,5.1434146877576685,0.6273736491051782,0.0
0.496,5.144626333284186,0.6474745261692967,0.0
0.49605000000000005,5.145837978810705,0.0,1.0
0.49610000000000004,5.147049624337222,0.02488902139428057,0.0
0.49615000000000004,5.148261269863739,0.049594412537423006,0.0
0.49620000000000003,5.149472915390256,0.07411757147405369,0.0
0.49625,5.1506845609167735,0.09845988560497118,0.0
0.4963,5.151896206443291,0.12262273176818157,0.0
0.49635,5.153107851969809,0.14660747631931695,0.0
0.4964,5.154319497496326,0.1704154752114415,0.0
0.49645,5.155531143022843,0.19404807407425015,0.0
0.4965,5.15674278854936,0.21750660829266413,0.0
0.49655000000000005,5.157954434075879,0.24079240308482824,0.0
0.49660000000000004,5.159166079602397,0.26390677357951425,0.0
0.49665000000000004,5.160377725128914,0.2868510248929349,0.0
0.49670000000000003,5.161589370655431,0.30962645220497337,0.0
0.49675,5.162801016181948,0.3322343408348321,0.0
0.4968,5.164012661708465,0.3546759663161058,0.0
0.49685,5.1637589808304,0.37694550875365923,0.0
0.4969,5.147096920079952,0.39896493408230754,0.0
0.49695,5.130434859329505,0.42073614653557384,0.0
0.497,5.113772798579056,0.4422610358493512,0.0
0.49705000000000005,5.09711073782859,0.46354147737227835,0.0
0.49710000000000004,5.0804486770781425,0.4845793321752754,0.0
0.49715000000000004,5.063786616327695,0.5053764471602451,0.0
0.49720000000000003,5.0471245555772475,0.5259346551679469,0.0
0.49725,5.0304624948268,0.5462557750850495,0.0
0.4973,5.0138004340763525,0.5663416119503687,0.0
0.49735,4.997138373325904,0.5861939570602959,0.0
0.4974,4.9804763125754565,0.6058145880734244,0.0
0.49745,4.956886918171829,0.6251717713694409,0.0
0.4975,4.915390708259311,0.6441809226557234,0.0
0.49755000000000005,4.873894498346747,0.0,1.0
0.49760000000000004,4.832398288434229,0.023367496559159717,0.0
0.49765000000000004,4.790902078521711,0.04635642911904157,0.0
0.49770000000000003,4.749405868609193,0.06896967982657753,0.0
0.49775,5.055370596105744,0.09289028750001892,0.0
0.4978,5.001839750900027,0.11636992557450042,0.0
0.49785,4.91952620829918,0.13927276999170543,0.0
0.4979,4.837212665698333,0.1616032120938452,0.0
0.49795,4.754899123097486,0.18336560979022798,0.0
0.498,4.672585580496639,0.2045642878117959,0.0
0.49805000000000005,3.3440736493530716,0.21917743357038416,0.0
0.49810000000000004,1.5411852071408,0.2249612948591091,0.0
0.49815000000000004,-0.002620662999911705,0.22323590934699175,0.0
0.49820000000000003,0.4881793370002346,0.22389696737275752,0.0
0.49825,0.9789793370002368,0.22692630006420936,0.0
0.4983,1.4697793370004955,0.23230587687545726,0.0
0.49835,1.960579336999191,0.2400178045337785,0.0
0.4984,2.451379336999409,0.2500443259945302,0.0
0.49845,2.9421793369996783,0.2623678194039728,0.0
0.4985,3.4329793369994768,0.27697079707001676,0.0
0.49855000000000005,3.9237793369999197,0.29383590444080826,0.0
0.49860000000000004,4.414579337000126,0.31294591909107417,0.0
0.49865000000000004,0.0,0.31056334673263847,0.0
0.49870000000000003,0.0,0.30819891377368647,0.0
0.49875,0.0,0.30585248211229965,0.0
0.4988,0.0,0.30352391469798023,0.0
0.49885,0.0,0.3012130755236463,0.0
0.4989,0.0,0.2989198296176877,0.0
0.49895,0.0,0.29664404303608305,0.0
0.499,0.0,0.2943855828545758,0.0
0.49905000000000005,0.0,0.29214431716091077,0.0
0.49910000000000004,0.0,0.2899201150471293,0.0
0.49915000000000004,0.0,0.28771284660192303,0.0
0.49920000000000003,0.0,0.2855223829030464,0.0
0.49925,0.0,0.283348596009786,0.0
0.4993,0.0,0.2811913589554884,0.0
0.49935,0.0,0.2790505457401439,0.0
0.4994,0.0,0.27692603132302707,0.0
0.49945,0.0,0.27481769161539366,0.0
0.4995,0.0,0.2727254034732326,0.0
0.49955000000000005,0.0,0.2706490446900735,0.0
0.49960000000000004,0.0,0.26858849398984874,0.0
0.49965000000000004,0.0,0.26654363101981,0.0
0.49970000000000003,0.0,0.26451433634349863,0.0
0.49975,0.0,0.26250049143376974,0.0
0.4998,0.0,0.26050197866586916,0.0
0.49985,0.0,0.25851868131056327,0.0
0.4999,0.0,0.2565504835273209,0.0
0.49995,0.0,0.2545972703575476,0.0
