0.002427566761833866, -0.06771939751698763
0.004223025181014986, 1.9835555960493023
0.0040330330526090336, 0.1185928636165281
0.003901935047216601, 0.029653677231805453
0.004812216359682861, 2.975380867663772
0.004497281208501805, 2.878774510038986
0.004490251406020093, 2.809769968878425
0.004483221603538368, 2.740765427717863
0.004476191801056656, 2.6717608865573017
0.00446916199857493, 2.6027563453967404
0.004462132196093205, 2.5337518042361786
0.004455102393611493, 2.4647472630756173
0.0044480725911297675, 2.395742721915056
0.004441042788648056, 2.3267381807544947
0.00443401298616633, 2.257733639593933
0.0044269831836846185, 2.1887290984333716
0.004419953381202893, 2.1197245572728103
0.004110642072007217, 2.0783218325764734
0.004494937941007915, 1.857507300862677
0.004384804368794293, 1.7747018514700033
0.004377774566312567, 1.705697310309442
0.0043707447638308555, 1.6366927691488797
0.00436371496134913, 1.5676882279883184
0.004356685158867418, 1.498683686827757
0.004349655356385693, 1.4296791456671958
0.004342625553903967, 1.3606746045066345
0.004335595751422255, 1.2916700633460731
0.00432856594894053, 1.2226655221855118
0.004321536146458818, 1.1536609810249496
0.0043145063439770925, 1.0846564398643883
0.004307476541495381, 1.015651898703827
0.004300446739013655, 0.9466473575432657
0.00429341693653193, 0.8776428163827044
0.004286387134050218, 0.808638275222143
0.004279357331568492, 0.7396337340615817
0.004272327529086781, 0.6706291929010195
0.004265297726605055, 0.6016246517404582
0.0042582679241233296, 0.5326201105798969
0.004251238121641618, 0.46361556941933557
0.004244208319159892, 0.39461102825877425
0.004237178516678181, 0.32560648709821294
0.004230148714196455, 0.2566019459376516
0.003920837405000779, 0.2151992212413143
0.00634836879798828, 4.877146022048845
0.00621677089553048, 4.783299846070482
0.006209741093048754, 4.71429530490992
0.006202711290567042, 4.645290763749359
0.006195681488085317, 4.576286222588798
0.006188651685603605, 4.507281681428236
0.0061816218831218794, 4.438277140267674
0.006174592080640168, 4.369272599107113
0.006167562278158442, 4.3002680579465515
0.006160532475676717, 4.23126351678599
0.006153736999944398, 4.164559126997448
0.006146472870713279, 4.093254434464868
0.005834349640524927, 4.024249893304306
0.005827319838043202, 3.9552453521437445
0.005820290035561476, 3.886240810983183
0.0058132602330797645, 3.817236269822622
0.005806230430598039, 3.74823172866206
0.005799200628116327, 3.679227187501499
0.005792170825634602, 3.6102226463409375
0.005785141023152876, 3.5412181051803757
0.005778111220671164, 3.4722135640198144
0.005771081418189439, 3.403209022859253
0.005764051615707727, 3.3342044816986918
0.0057570218132260015, 3.26519994053813
0.00574999201074429, 3.1961953993775687
0.005742962208262564, 3.1271908582170074
0.005736283895904928, 3.061636544114474
0.007371064463028862, 5.132922854617327
0.006545765651674973, 5.0179152860163905
0.006236454342479297, 4.976512561320054
0.009610056553456606, 5.149023914221457
0.009603026750974894, 5.080019373060896
0.009595996948493168, 5.011014831900335
0.009588967146011457, 4.942010290739773
0.009581937343529731, 4.873005749579212
0.009574907541048006, 4.804001208418651
0.009567877738566294, 4.7349966672580885
0.009560847936084568, 4.665992126097527
0.009553818133602857, 4.596987584936966
0.009546788331121131, 4.527983043776405
0.009539758528639405, 4.458978502615843
0.009532728726157694, 4.389973961455281
0.009525698923675968, 4.32096942029472
0.009518669121194256, 4.251964879134158
0.009511639318712531, 4.182960337973597
0.00950460951623082, 4.113955796813036
0.009497579713749094, 4.0449512556524745
0.009490549911267368, 3.975946714491913
0.009483520108785656, 3.9069421733313514
0.00947649030630393, 3.83793763217079
0.009469460503822219, 3.7689330910102288
0.009462430701340493, 3.699928549849667
0.009455400898858768, 3.6309240086891057
0.009448371096377056, 3.5619194675285444
0.00944134129389533, 3.492914926367983
0.009434311491413619, 3.4239103852074213
0.009427281688931893, 3.35490584404686
0.009420251886450168, 3.2859013028862987
0.009413222083968456, 3.216896761725737
0.009403907595680175, 3.125465744687993
0.010922052023294923, 3.0535860143124083
0.010915022220813198, 2.984581473151847
0.010907992418331486, 2.915576931991285
0.01090096261584976, 2.846572390830724
0.010893932813368035, 2.7775678496701626
0.010886903010886323, 2.7085633085096013
0.010879873208404597, 2.6395587673490395
0.010872843405922886, 2.570554226188478
0.01086581360344116, 2.5015496850279173
0.010858783800959435, 2.4325451438673555
0.010851753998477723, 2.3635406027067942
0.010844724195995997, 2.294536061546233
0.010837694393514286, 2.225531520385671
0.01083066459103256, 2.15652697922511
0.010823634788550834, 2.0875224380645485
0.010816604986069123, 2.0185178969039868
0.010809575183587397, 1.9495133557434254
0.010802545381105685, 1.8805088145828641
0.01079551557862396, 1.8115042734223028
0.010788485776142248, 1.7424997322617415
0.010781455973660523, 1.6734951911011802
0.010774426171178797, 1.604490649940618
0.010767396368697085, 1.5354861087800566
0.01076036656621536, 1.4664815676194953
0.010753336763733648, 1.397477026458934
0.010746306961251922, 1.3284724852983727
0.010739277158770197, 1.2594679441378114
0.010732247356288485, 1.19046340297725
0.01072521755380676, 1.1214588618166879
0.010718187751325048, 1.0524543206561265
0.010711157948843322, 0.9834497794955652
0.010704128146361597, 0.9144452383350039
0.010697098343879885, 0.8454406971744426
0.01069006854139816, 0.7764361560138813
0.010683038738916448, 0.70743161485332
0.010676008936434722, 0.6384270736927578
0.01066897913395301, 0.5694225325321964
0.010661949331471285, 0.5004179913716351
0.01065491952898956, 0.4314134502110738
0.010647889726507848, 0.3624089090505125
0.010640859924026122, 0.29340436788995117
0.01063383012154441, 0.22439982672938985
0.010626800319062685, 0.15539528556882765
0.01061977051658096, 0.08639074440826633
0.010612740714099247, 0.017386203247705012
0.011112559670549513, -0.06771939751698763
0.013655356391562262, -0.0642691704589593
0.014708420803323893, 1.2882198362880448
0.014088743714560287, 1.195063705721287
0.014081713912078575, 1.1260591645607256
0.01407468410959685, 1.0570546234001643
0.014067654307115138, 0.9880500822396021
0.014060624504633412, 0.9190455410790408
0.0140535947021517, 0.8500409999184795
0.014046564899669975, 0.7810364587579182
0.01403953509718825, 0.7120319175973568
0.014032505294706538, 0.6430273764367955
0.014025475492224812, 0.5740228352762342
0.0140184456897431, 0.5050182941156729
0.014011415887261375, 0.4360137529551107
0.01400438608477965, 0.3670092117945494
0.013997356282297937, 0.29800467063398806
0.013990326479816212, 0.22900012947342674
0.0139832966773345, 0.15999558831286542
0.013976266874852775, 0.0909910471523041
0.013969237072371049, 0.02198650599174279
0.01613547070711302, 4.814351889592734
0.015973433759909367, 4.721195759025976
0.01596523232368069, 4.640690461005322
0.015958202521198978, 4.57168591984476
0.015951172718717252, 4.502681378684199
0.015944142916235526, 4.433676837523637
0.015937113113753815, 4.364672296363076
0.015930317638021482, 4.297967906574533
0.01561842873458251, 4.23126351678599
0.015611398932100798, 4.162258975625429
0.015604369129619072, 4.093254434464868
0.01559733932713736, 4.024249893304306
0.015590309524655635, 3.9552453521437445
0.01558327972217391, 3.886240810983183
0.015576249919692198, 3.817236269822622
0.015569220117210472, 3.74823172866206
0.01556219031472876, 3.679227187501499
0.015555160512247035, 3.6102226463409375
0.01554813070976531, 3.5412181051803757
0.015541100907283598, 3.4722135640198144
0.015534071104801872, 3.403209022859253
0.01552704130232016, 3.3342044816986918
0.015520011499838435, 3.26519994053813
0.015512981697356723, 3.1961953993775687
0.015505951894874997, 3.1271908582170074
0.015498922092393272, 3.0581863170564456
0.01549189228991156, 2.9891817758958843
0.015484862487429835, 2.920177234735323
0.015477832684948123, 2.8511726935747617
0.015470802882466397, 2.7821681524142
0.015463773079984672, 2.7131636112536386
0.01545674327750296, 2.6441590700930773
0.015449713475021234, 2.5751545289325155
0.015442683672539523, 2.506149987771954
0.015435653870057797, 2.437145446611393
0.015428624067576072, 2.3681409054508316
0.01542159426509436, 2.29913636429027
0.015414564462612634, 2.2301318231297085
0.015407534660130923, 2.161127281969147
0.015400504857649197, 2.0921227408085854
0.015393475055167485, 2.0231181996480245
0.01538644525268576, 1.9541136584874623
0.015379415450204034, 1.885109117326901
0.015372385647722323, 1.8161045761663397
0.015365355845240597, 1.7471000350057784
0.015358326042758885, 1.678095493845217
0.01535129624027716, 1.6090909526846557
0.015344266437795434, 1.5400864115240944
0.015337236635313722, 1.4710818703635322
0.015330206832831997, 1.402077329202971
0.015020895523636321, 1.3606746045066345
0.016622460274034148, 5.102445848938078
0.01630734937779106, 5.004114377784278
0.016300319575309336, 4.935109836623717
0.01599100826611366, 4.89370711192738
0.018763386619841907, 5.1541992548085
0.01936531345733916, 5.07311891894484
0.01935828365485745, 5.004114377784278
0.019351253852375724, 4.935109836623717
0.019344224049894013, 4.866105295463155
0.019337194247412287, 4.797100754302594
0.01932805550418605, 4.7073948507938645
0.020542102392779066, 4.645290763749359
0.02053507259029734, 4.576286222588798
0.02052804278781563, 4.507281681428236
0.020521012985333903, 4.438277140267674
0.02051398318285219, 4.369272599107113
0.020506953380370466, 4.3002680579465515
0.02049992357788874, 4.23126351678599
0.02049289377540703, 4.162258975625429
0.020485863972925303, 4.093254434464868
0.02047883417044359, 4.024249893304306
0.020471804367961866, 3.9552453521437445
0.02046477456548014, 3.886240810983183
0.020457744762998428, 3.817236269822622
0.020450714960516703, 3.74823172866206
0.02044368515803499, 3.679227187501499
0.020436655355553265, 3.6102226463409375
0.02042962555307154, 3.5412181051803757
0.020422595750589828, 3.4722135640198144
0.020415565948108103, 3.403209022859253
0.02040853614562639, 3.3342044816986918
0.020401506343144665, 3.26519994053813
0.020394476540662954, 3.1961953993775687
0.020387446738181228, 3.1271908582170074
0.020380416935699502, 3.0581863170564456
0.02037338713321779, 2.9891817758958843
0.020366357330736065, 2.920177234735323
0.020359327528254353, 2.8511726935747617
0.020352297725772628, 2.7821681524142
0.020345267923290902, 2.7131636112536386
0.02033823812080919, 2.6441590700930773
0.020331208318327465, 2.5751545289325155
0.020324178515845753, 2.506149987771954
0.020317148713364028, 2.437145446611393
0.020310118910882302, 2.3681409054508316
0.02030308910840059, 2.29913636429027
0.020296059305918865, 2.2301318231297085
0.020289029503437153, 2.161127281969147
0.020281999700955428, 2.0921227408085854
0.020274969898473716, 2.0231181996480245
0.02026794009599199, 1.9541136584874623
0.020260910293510265, 1.885109117326901
0.020253880491028553, 1.8161045761663397
0.020246850688546827, 1.7471000350057784
0.020239820886065116, 1.678095493845217
0.02023279108358339, 1.6090909526846557
0.020225761281101665, 1.5400864115240944
0.020218731478619953, 1.4710818703635322
0.020211701676138227, 1.402077329202971
0.020204671873656516, 1.3330727880424096
0.02019764207117479, 1.2640682468818483
0.020190612268693064, 1.195063705721287
0.020183582466211353, 1.1260591645607256
0.020176552663729627, 1.0570546234001643
0.020169522861247915, 0.9880500822396021
0.02016249305876619, 0.9190455410790408
0.020459619376993546, 0.8408403944304048
0.020148433453802753, 0.7810364587579182
0.020141403651321027, 0.7120319175973568
0.020134373848839315, 0.6430273764367955
0.02012734404635759, 0.5740228352762342
0.020120314243875878, 0.5050182941156729
0.020113284441394153, 0.4360137529551107
0.020410879413120295, 0.3624089090505125
0.02040384961063857, 0.29340436788995117
0.020397054134906237, 0.22669997810140785
0.020694649106632365, 0.15309513419680876
0.020687619304150653, 0.08409059303624744
0.020680589501668928, 0.015086051875686124
0.021587434021810778, -0.06771939751698763
0.02433292338104645, -0.07116962457501597
0.02588165916579413, 4.948910744855829
0.025750717378234644, 4.8615049927191185
0.025438359821296885, 4.790200300186538
0.025431330018815174, 4.721195759025976
0.025424300216333448, 4.652191217865415
0.025417270413851736, 4.5831866767048535
0.02541024061137001, 4.514182135544292
0.0254032108088883, 4.445177594383731
0.025396181006406573, 4.3761730532231695
0.025389151203924848, 4.307168512062608
0.025382121401443136, 4.238163970902047
0.02537509159896141, 4.169159429741486
0.0253680617964797, 4.100154888580923
0.025361031993997973, 4.031150347420362
0.025354002191516248, 3.9621458062598007
0.025346972389034536, 3.8931412650992394
0.02533994258655281, 3.8241367239386777
0.0253329127840711, 3.7551321827781163
0.025325882981589373, 3.686127641617555
0.02531885317910766, 3.6171231004569933
0.025311823376625936, 3.548118559296432
0.02530479357414421, 3.4791140181358706
0.0252977637716625, 3.4101094769753093
0.025290733969180773, 3.3411049358147475
0.02528370416669906, 3.2721003946541862
0.025276674364217336, 3.203095853493625
0.02526964456173561, 3.1340913123330636
0.0252626147592539, 3.065086771172502
0.025255584956772173, 2.9960822300119405
0.02524855515429046, 2.927077688851379
0.025241525351808736, 2.8580731476908174
0.02523449554932701, 2.789068606530256
0.0252274657468453, 2.720064065369695
0.025220435944363573, 2.6510595242091335
0.02521340614188186, 2.5820549830485717
0.025206376339400136, 2.5130504418880104
0.025199346536918424, 2.444045900727449
0.0251923167344367, 2.3750413595668873
0.025185286931954973, 2.306036818406326
0.02517825712947326, 2.2370322772457647
0.025171227326991535, 2.1680277360852034
0.025164197524509824, 2.0990231949246416
0.025157167722028098, 2.0300186537640803
0.025150137919546373, 1.961014112603519
0.02514310811706466, 1.8920095714429577
0.025136078314582935, 1.8230050302823964
0.025129048512101224, 1.7540004891218341
0.025122018709619498, 1.6849959479612728
0.025114988907137772, 1.6159914068007115
0.02510795910465606, 1.5469868656401502
0.025100929302174335, 1.4779823244795889
0.025093899499692623, 1.4089777833190276
0.025086869697210898, 1.3399732421584662
0.025079839894729186, 1.270968700997904
0.02507281009224746, 1.2019641598373427
0.025065780289765735, 1.1329596186767814
0.025058750487284023, 1.06395507751622
0.025051720684802298, 0.9949505363556588
0.025044690882320586, 0.9259459951950975
0.02503766107983886, 0.8569414540345361
0.025030631277357135, 0.7879369128739739
0.025023601474875423, 0.7189323717134126
0.025016571672393698, 0.6499278305528513
0.025009541869911986, 0.58092328939229
0.02500251206743026, 0.5119187482317287
0.024995482264948535, 0.44291420707116735
0.024988452462466823, 0.37390966591060604
0.024981422659985097, 0.3049051247500447
0.024974392857503386, 0.23590058358948252
0.02496736305502166, 0.1668960424289212
0.02496033325253995, 0.09789150126835988
0.024953303450058223, 0.028886960107798565
0.02464328916061438, -0.019416218704594534
0.026896809509504363, 5.130622703245308
0.02576946351818589, 5.045517102480615
0.02974376235122618, 5.124872324815261
0.0303451619535373, 5.03861664836456
0.030338132151055575, 4.969612107203998
0.030331102348573863, 4.900607566043436
0.030324072546092137, 4.831603024882875
0.030317042743610426, 4.762598483722313
0.0303100129411287, 4.693593942561752
0.030302983138646974, 4.624589401401191
0.030295953336165263, 4.555584860240629
0.030288923533683537, 4.486580319080067
0.030281893731201825, 4.417575777919506
0.0302748639287201, 4.348571236758945
0.030267834126238388, 4.279566695598383
0.030260804323756663, 4.210562154437822
0.030253774521274937, 4.141557613277261
0.030246744718793225, 4.072553072116699
0.0302397149163115, 4.003548530956138
0.030232685113829788, 3.9345439897955763
0.030225655311348062, 3.8655394486350145
0.030218625508866337, 3.796534907474453
0.030211595706384625, 3.727530366313892
0.0302045659039029, 3.65852582515333
0.030197536101421188, 3.589521283992769
0.030190506298939462, 3.5205167428322075
0.030183476496457737, 3.451512201671646
0.030176446693976025, 3.3825076605110844
0.0301694168914943, 3.313503119350523
0.030162387089012588, 3.244498578189962
0.030155357286530862, 3.1754940370294005
0.03014832748404915, 3.1064894958688387
0.030141297681567425, 3.0374849547082774
0.0301342678790857, 2.968480413547716
0.030127238076603988, 2.8994758723871543
0.030120208274122262, 2.830471331226593
0.03011317847164055, 2.7614667900660317
0.030106148669158825, 2.6924622489054704
0.0300991188666771, 2.6234577077449086
0.030092089064195388, 2.5544531665843473
0.030085059261713662, 2.485448625423786
0.03007802945923195, 2.416444084263224
0.030070999656750225, 2.347439543102663
0.0300639698542685, 2.2784350019421016
0.030056940051786787, 2.2094304607815403
0.030049910249305062, 2.1404259196209785
0.03004288044682335, 2.071421378460417
0.030035850644341625, 2.0024168372998554
0.030028820841859913, 1.933412296139294
0.030021791039378187, 1.8644077549787328
0.03001476123689646, 1.7954032138181715
0.03000773143441475, 1.7263986726576102
0.030000701631933024, 1.6573941314970488
0.029993671829451313, 1.5883895903364875
0.029986642026969587, 1.5193850491759253
0.02997961222448786, 1.450380508015364
0.02997258242200615, 1.3813759668548027
0.029965552619524424, 1.3123714256942414
0.029958522817042713, 1.24336688453368
0.029951493014560987, 1.1743623433731187
0.02994446321207926, 1.1053578022125574
0.02993743340959755, 1.0363532610519952
0.029930403607115824, 0.9673487198914339
0.029923373804634112, 0.8983441787308726
0.029916344002152387, 0.8293396375703113
0.029909314199670675, 0.7603350964097499
0.02990228439718895, 0.6913305552491886
0.029895254594707224, 0.6223260140886273
0.029888224792225512, 0.5533214729280651
0.029881194989743787, 0.4843169317675038
0.029874165187262075, 0.41531239060694247
0.02986713538478035, 0.34630784944638116
0.029860105582298624, 0.27730330828581984
0.029853075779816912, 0.20829876712525852
0.029846045977335187, 0.1392942259646972
0.029839016174853475, 0.070289684804135
0.02983198637237175, 0.001285143643573683
0.03135014251632397, -0.07047957916340941
0.03409649888453237, -0.06541924614496875
0.0355349722173543, 5.070243729729817
0.03522103295485815, 4.98341301543611
0.03521400315237644, 4.9144084742755485
0.03520697334989471, 4.845403933114987
0.035199943547413, 4.776399391954426
0.035192913744931276, 4.7073948507938645
0.03518588394244955, 4.638390309633303
0.03517885413996784, 4.569385768472742
0.03517182433748611, 4.50038122731218
0.0351647945350044, 4.431376686151618
0.035157764732522676, 4.362372144991057
0.03515073493004095, 4.293367603830496
0.03514370512755924, 4.224363062669934
0.03513667532507751, 4.155358521509372
0.0351296455225958, 4.086353980348811
0.035122615720114075, 4.01734943918825
0.035115585917632364, 3.9483448980276883
0.03510855611515064, 3.879340356867127
0.03510152631266891, 3.8103358157065657
0.0350944965101872, 3.741331274546004
0.035087466707705475, 3.6723267333854426
0.035080436905223764, 3.6033221922248813
0.03507340710274204, 3.53431765106432
0.03506637730026031, 3.465313109903758
0.0350593474977786, 3.396308568743197
0.035052317695296875, 3.3273040275826355
0.03504528789281516, 3.258299486422074
0.03503825809033344, 3.1892949452615125
0.03503122828785171, 3.120290404100951
0.03502419848537, 3.05128586294039
0.035017168682888275, 2.982281321779828
0.03501013888040656, 2.9132767806192668
0.03500310907792484, 2.8442722394587054
0.034996079275443126, 2.7752676982981437
0.0349890494729614, 2.7062631571375824
0.034982019670479675, 2.637258615977021
0.03497498986799796, 2.5682540748164597
0.03496796006551624, 2.499249533655898
0.034960930263034526, 2.4302449924953367
0.0349539004605528, 2.3612404513347753
0.034946870658071075, 2.292235910174214
0.03493984085558936, 2.2232313690136523
0.03493281105310764, 2.154226827853091
0.034925781250625926, 2.0852222866925296
0.0349187514481442, 2.016217745531968
0.034911721645662475, 1.9472132043714065
0.03490469184318076, 1.8782086632108452
0.03489766204069904, 1.809204122050284
0.034890632238217326, 1.7401995808897226
0.0348836024357356, 1.6711950397291604
0.03487657263325389, 1.602190498568599
0.03486954283077216, 1.5331859574080378
0.03486251302829044, 1.4641814162474764
0.034855483225808725, 1.3951768750869151
0.034848453423327, 1.3261723339263538
0.03484142362084529, 1.2571677927657925
0.03483439381836356, 1.1881632516052303
0.03482736401588184, 1.119158710444669
0.034820334213400125, 1.0501541692841077
0.0348133044109184, 0.9811496281235463
0.03480627460843669, 0.912145086962985
0.03479924480595496, 0.8431405458024237
0.03479221500347324, 0.7741360046418624
0.034785185200991525, 0.7051314634813011
0.0347781553985098, 0.6361269223207389
0.03477112559602809, 0.5671223811601775
0.03476409579354636, 0.49811783999961623
0.03475706599106465, 0.4291132988390549
0.034750036188582925, 0.3601087576784936
0.0347430063861012, 0.2911042165179323
0.03473597658361949, 0.22209967535737096
0.03472894678113776, 0.15309513419680876
0.03472191697865605, 0.08409059303624744
0.034714887176174325, 0.015086051875686124
0.0373745426471082, 5.158684549983936
0.03981360291616569, 5.1421234601054016
0.03980657311368396, 5.07311891894484
0.03979954331120225, 5.004114377784278
0.039792513508720526, 4.935109836623717
0.039785483706238814, 4.866105295463155
0.039625028464593565, 4.788475186657524
0.039881932596287986, 4.614928765638712
0.04007581454873384, 4.721195759025976
0.040054725141288675, 4.514182135544292
0.04004769533880696, 4.445177594383731
0.04004066553632524, 4.3761730532231695
0.04003363573384351, 4.307168512062608
0.0400266059313618, 4.238163970902047
0.040019576128880074, 4.169159429741486
0.04001254632639836, 4.100154888580923
0.04000551652391664, 4.031150347420362
0.03999848672143491, 3.9621458062598007
0.0399914569189532, 3.8931412650992394
0.039984427116471474, 3.8241367239386777
0.03997739731398976, 3.7551321827781163
0.03997036751150804, 3.686127641617555
0.03996333770902631, 3.6171231004569933
0.0399563079065446, 3.548118559296432
0.039949278104062874, 3.4791140181358706
0.03994224830158116, 3.4101094769753093
0.03993521849909944, 3.3411049358147475
0.039928188696617725, 3.2721003946541862
0.039921158894136, 3.203095853493625
0.039914129091654274, 3.1340913123330636
0.03990709928917256, 3.065086771172502
0.03990006948669084, 2.9960822300119405
0.039893039684209125, 2.927077688851379
0.0398860098817274, 2.8580731476908174
0.039878980079245674, 2.789068606530256
0.03987195027676396, 2.720064065369695
0.03986492047428224, 2.6510595242091335
0.039857890671800525, 2.5820549830485717
0.0398508608693188, 2.5130504418880104
0.039843831066837074, 2.444045900727449
0.03983680126435536, 2.3750413595668873
0.039829771461873636, 2.306036818406326
0.039822741659391925, 2.2370322772457647
0.0398157118569102, 2.1680277360852034
0.03980868205442849, 2.0990231949246416
0.03980165225194676, 2.0300186537640803
0.039794622449465036, 1.961014112603519
0.039787592646983325, 1.8920095714429577
0.0397805628445016, 1.8230050302823964
0.03977353304201989, 1.7540004891218341
0.03976650323953816, 1.6849959479612728
0.039759473437056436, 1.6159914068007115
0.039752443634574725, 1.5469868656401502
0.039745413832093, 1.4779823244795889
0.03973838402961129, 1.4089777833190276
0.03973135422712956, 1.3399732421584662
0.03972432442464785, 1.270968700997904
0.039717294622166124, 1.2019641598373427
0.0397102648196844, 1.1329596186767814
0.03970323501720269, 1.06395507751622
0.03969620521472096, 0.9949505363556588
0.03968917541223925, 0.9259459951950975
0.039682145609757524, 0.8569414540345361
0.0396751158072758, 0.7879369128739739
0.03966808600479409, 0.7189323717134126
0.03966105620231236, 0.6499278305528513
0.03955092263009877, 0.5671223811601775
0.040560402266473713, 0.49351753725557934
0.040856825604452904, 0.4084119364908867
0.04084979580197119, 0.3394073953303254
0.040842765999489467, 0.2704028541697632
0.04083573619700774, 0.20139831300920186
0.04082870639452603, 0.13239377184864054
0.040821676592044304, 0.06338923068807922
0.04071107436633191, -0.024016521448631423
0.04233322472166369, -0.07323976080983208
0.044630985960838615, 3.3148832101737344
0.04449966925048009, 3.223797215841793
0.044492639447998375, 3.154792674681232
0.04418121919805819, 3.0926885876367267
0.04417418939557646, 3.023684046476165
0.04416715959309474, 2.9546795053156036
0.044160129790613026, 2.8856749641550423
0.0441530999881313, 2.8166704229944806
0.04414607018564959, 2.7476658818339192
0.04444389948412511, 2.6763611893013395
0.044435932374645826, 2.5981560426527026
0.044428902572164114, 2.5291515014921413
0.04442187276968239, 2.4601469603315804
0.04441484296720068, 2.3911424191710187
0.04440781316471895, 2.3221378780104573
0.044400783362237226, 2.253133336849896
0.044393753559755514, 2.1841287956893343
0.04438672375727379, 2.115124254528773
0.04437969395479208, 2.0461197133682116
0.04437266415231035, 1.9771151722076503
0.04436563434982864, 1.908110631047089
0.044358604547346914, 1.8391060898865277
0.04435157474486519, 1.7701015487259655
0.04434477926913287, 1.7033971589374222
0.04403359334594206, 1.6435932232649364
0.04402656354346035, 1.574588682104375
0.044019533740978625, 1.5055841409438138
0.044012503938496914, 1.4365795997832516
0.04400547413601519, 1.3675750586226902
0.04399844433353346, 1.298570517462129
0.04399141453105175, 1.2295659763015676
0.043984384728570025, 1.1605614351410063
0.04397735492608831, 1.091556893980445
0.04397032512360659, 1.0225523528198837
0.04396329532112486, 0.9535478116593215
0.04395626551864315, 0.8845432704987601
0.043949235716161425, 0.8155387293381988
0.04394220591367971, 0.7465341881776375
0.04393517611119799, 0.6775296470170762
0.04392814630871626, 0.6085251058565149
0.04392111650623455, 0.5395205646959536
0.043914086703752825, 0.47051602353539135
0.04390705690127111, 0.40151148237483003
0.04390002709878939, 0.3325069412142687
0.043892997296307676, 0.2635024000537074
0.04388596749382595, 0.19449785889314608
0.043878937691344225, 0.12549331773258476
0.04387190788886251, 0.05648877657202345
0.04386487808638079, -0.012515764588538758
0.04513820964256965, 3.5021155318560577
0.044824446125135545, 3.417009931091365
0.044162941711605716, -0.08152030574910007
0.04676649935873546, 5.110381371171544
0.04620650529304167, 5.004114377784278
0.046199475490559944, 4.935109836623717
0.04619244568807823, 4.866105295463155
0.046185415885596506, 4.797100754302594
0.04617838608311478, 4.728096213142033
0.04617135628063307, 4.6590916719814714
0.046164326478151343, 4.59008713082091
0.04615729667566963, 4.521082589660349
0.046150266873187906, 4.452078048499787
0.04614323707070618, 4.383073507339225
0.04613620726822447, 4.314068966178664
0.04612917746574274, 4.245064425018103
0.04612214766326103, 4.176059883857541
0.046115117860779306, 4.10705534269698
0.04610808805829758, 4.038050801536418
0.04610105825581587, 3.969046260375857
0.04609402845333414, 3.900041719215295
0.04608699865085243, 3.831037178054734
0.046079968848370706, 3.7620326368941726
0.046072939045888994, 3.6930280957336112
0.04606590924340727, 3.6240235545730495
0.04605993391129781, 3.5653696945865723
0.04927290513556784, 5.155924368337514
0.04957050010729398, 5.082319524432915
0.04956347030481226, 5.013314983272354
0.04955644050233053, 4.944310442111792
0.04954941069984882, 4.875305900951231
0.049542380897367094, 4.806301359790669
0.04953535109488538, 4.737296818630107
0.04952832129240366, 4.668292277469546
0.04952129148992193, 4.599287736308985
0.04951426168744022, 4.5302831951484235
0.049507231884958494, 4.461278653987862
0.04950020208247678, 4.3922741128273
0.04949317227999506, 4.323269571666739
0.049486142477513345, 4.254265030506177
0.04947911267503162, 4.185260489345616
0.049472082872549894, 4.116255948185055
0.04946505307006818, 4.047251407024493
0.04945802326758646, 3.9782468658639316
0.049450993465104745, 3.9092423247033703
0.04944396366262302, 3.8402377835428085
0.049436933860141294, 3.771233242382247
0.049430138384408975, 3.704528852593705
0.04954116239827025, 3.596421738108825
0.04940998628396137, 3.506715834600095
0.04939756696624367, 3.3848078118831033
0.04950664606808501, 2.9581297323736315
0.049345546427878945, 2.8741742072949483
0.04933851662539722, 2.805169666134387
0.04917765131194053, 2.7235142924277227
0.049407596151117575, 2.285335456058158
0.04912299459764516, 2.1870039849043574
0.049692584343726504, 3.2859013028862987
0.04968555454124479, 3.216896761725737
0.049678524738763066, 3.1478922205651756
0.049671494936281355, 3.0788876794046143
0.04936007468634117, 3.0167835923601087
0.04962931612139103, 2.6648604324412455
0.04962228631890932, 2.595855891280684
0.04961525651642759, 2.526851350120123
0.049608226713945866, 2.457846808959561
0.049601196911464154, 2.3888422677989998
0.049573077701537266, 2.112824103156754
0.04946317845607305, 2.032318805136099
0.05077798584690403, 1.961014112603519
0.05077095604442232, 1.8920095714429577
0.05076392624194059, 1.8230050302823964
0.05075689643945888, 1.7540004891218341
0.050749866636977156, 1.6849959479612728
0.05074283683449543, 1.6159914068007115
0.05073580703201372, 1.5469868656401502
0.05072877722953199, 1.4779823244795889
0.05072174742705028, 1.4089777833190276
0.050714717624568556, 1.3399732421584662
0.050707687822086844, 1.270968700997904
0.05070065801960512, 1.2019641598373427
0.05069362821712339, 1.1329596186767814
0.05068659841464168, 1.06395507751622
0.050679568612159956, 0.9949505363556588
0.050672538809678244, 0.9259459951950975
0.05066550900719652, 0.8569414540345361
0.05065847920471479, 0.7879369128739739
0.05065144940223308, 0.7189323717134126
0.050644419599751356, 0.6499278305528513
0.050637389797269644, 0.58092328939229
0.05063035999478792, 0.5119187482317287
0.05062333019230619, 0.44291420707116735
0.05061630038982448, 0.37390966591060604
0.050609270587342756, 0.3049051247500447
0.050602240784861044, 0.23590058358948252
0.05059521098237932, 0.1668960424289212
0.05058818117989761, 0.09789150126835988
0.05058115137741588, 0.028886960107798565
0.05122498085899169, -0.06870517667642417
0.0544963295715849, 1.9237516603768157
0.054121125580460575, 1.834505787142489
0.05411409577797886, 1.7655012459819277
0.05410706597549714, 1.6964967048213664
0.054100036173015426, 1.627492163660805
0.0540930063705337, 1.5584876225002438
0.054085976568051974, 1.4894830813396824
0.05407894676557026, 1.4204785401791202
0.05407191696308854, 1.351473999018559
0.054064887160606825, 1.2824694578579976
0.0540578573581251, 1.2134649166974363
0.054050827555643374, 1.144460375536875
0.05404379775316166, 1.0754558343763136
0.05403676795067994, 1.0064512932157523
0.054029738148198225, 0.9374467520551901
0.0540227083457165, 0.8684422108946288
0.054015678543234774, 0.7994376697340675
0.05400864874075306, 0.7304331285735062
0.05400161893827134, 0.6614285874129449
0.053994589135789625, 0.5924240462523835
0.0539875593333079, 0.5234195050918222
0.05398052953082619, 0.4544149639312609
0.05397349972834446, 0.3854104227706987
0.05396646992586274, 0.3164058816101374
0.05395967445013042, 0.24970149182159496
0.05364825420019022, 0.18759740477708942
0.053641224397708506, 0.1185928636165281
0.05363419459522678, 0.04958832245596678
0.05362435287175238, -0.047018035168819416
0.05549090602669861, 2.1031634673942756
0.055359308124240836, 2.009317291415912
0.05658905490504301, 5.096120432665027
0.05627365110036317, 4.994913772296203
0.05626708995138023, 4.93050953387968
0.055955435374690665, 4.866105295463155
0.05594840557220894, 4.797100754302594
0.055941375769727214, 4.728096213142033
0.0559343459672455, 4.6590916719814714
0.05592731616476378, 4.59008713082091
0.055920286362282065, 4.521082589660349
0.05591325655980034, 4.452078048499787
0.055906226757318614, 4.383073507339225
0.0558991969548369, 4.314068966178664
0.05589216715235518, 4.245064425018103
0.055885137349873465, 4.176059883857541
0.05587810754739174, 4.10705534269698
0.055871077744910014, 4.038050801536418
0.0558640479424283, 3.969046260375857
0.055857018139946576, 3.900041719215295
0.055849988337464865, 3.831037178054734
0.05584295853498314, 3.7620326368941726
0.05583592873250143, 3.6930280957336112
0.0558288989300197, 3.6240235545730495
0.055821869127537976, 3.555019013412488
0.055814839325056265, 3.486014472251927
0.05580780952257454, 3.417009931091365
0.05580077972009283, 3.3480053899308038
0.0557937499176111, 3.2790008487702424
0.055786720115129376, 3.209996307609681
0.055779690312647665, 3.1409917664491194
0.05577266051016594, 3.071987225288558
0.05576563070768423, 3.0029826841279967
0.0557586009052025, 2.9339781429674354
0.055751571102720776, 2.8649736018068737
0.055744541300239064, 2.7959690606463123
0.05573751149775734, 2.726964519485751
0.05573048169527563, 2.6579599783251893
0.0557234518927939, 2.588955437164628
0.05571642209031219, 2.5199508960040666
0.055709392287830464, 2.4509463548435053
0.05570236248534874, 2.3819418136829436
0.05569533268286703, 2.3129372725223822
0.0556883028803853, 2.243932731361821
0.05537899157118964, 2.202530006665484
0.05903607056724232, 5.157649481866528
0.05963834889486366, 5.080019373060896
0.05963131909238194, 5.011014831900335
0.059624289289900226, 4.942010290739773
0.0596172594874185, 4.873005749579212
0.059610229684936775, 4.804001208418651
0.05960319988245506, 4.7349966672580885
0.05959617007997334, 4.665992126097527
0.059589140277491626, 4.596987584936966
0.0595821104750099, 4.527983043776405
0.059575080672528175, 4.458978502615843
0.05956805087004646, 4.389973961455281
0.05956102106756474, 4.32096942029472
0.059553991265083026, 4.251964879134158
0.0595469614626013, 4.182960337973597
0.059540283150243664, 4.117406023871064
0.06075257258821623, 4.038050801536418
0.06074554278573452, 3.969046260375857
0.06073851298325279, 3.900041719215295
0.06073148318077108, 3.831037178054734
0.060724453378289356, 3.7620326368941726
0.060717423575807644, 3.6930280957336112
0.06071039377332592, 3.6240235545730495
0.06070336397084419, 3.555019013412488
0.06069633416836248, 3.486014472251927
0.060689304365880756, 3.417009931091365
0.060682274563399044, 3.3480053899308038
0.06067524476091732, 3.2790008487702424
0.06066821495843559, 3.209996307609681
0.06066118515595388, 3.1409917664491194
0.060654155353472156, 3.071987225288558
0.060647125550990444, 3.0029826841279967
0.06064009574850872, 2.9339781429674354
0.06063306594602699, 2.8649736018068737
0.06062603614354528, 2.7959690606463123
0.060619006341063555, 2.726964519485751
0.060611976538581844, 2.6579599783251893
0.06060494673610012, 2.588955437164628
0.060597916933618406, 2.5199508960040666
0.06059088713113668, 2.4509463548435053
0.060583857328654955, 2.3819418136829436
0.060576827526173244, 2.3129372725223822
0.06056979772369152, 2.243932731361821
0.060562767921209806, 2.174928190201259
0.06055573811872808, 2.105923649040698
0.060548708316246355, 2.036919107880136
0.060541678513764643, 1.9679145667195748
0.06053464871128292, 1.8989100255590134
0.060527618908801206, 1.8299054843984521
0.06052058910631948, 1.7609009432378908
0.060513559303837755, 1.6918964020773295
0.06050652950135604, 1.6228918609167682
0.06049949969887432, 1.553887319756206
0.060492469896392606, 1.4848827785956447
0.06048544009391088, 1.4158782374350833
0.06047841029142917, 1.346873696274522
0.06047138048894744, 1.2778691551139607
0.06046435068646572, 1.2088646139533994
0.060457320883984006, 1.139860072792838
0.06045029108150228, 1.0708555316322759
0.06044326127902057, 1.0018509904717146
0.06043623147653884, 0.9328464493111532
0.06042920167405712, 0.8638419081505919
0.060422171871575406, 0.7948373669900306
0.06041514206909368, 0.7258328258294693
0.06040811226661197, 0.656828284668908
0.06040108246413024, 0.5878237435083458
0.06039405266164852, 0.5188192023477844
0.060387022859166806, 0.44981466118722313
0.06037999305668508, 0.3808101200266618
0.06037296325420337, 0.3118055788661005
0.06036593345172164, 0.24280103770553918
0.06035890364923993, 0.17379649654497786
0.060351873846758206, 0.10479195538441566
0.06024150594779523, 0.019686354619723012
0.06186032886328567, -0.06219903422414319
0.06478894457717012, -0.06495921587056497
0.06628671429392534, 5.0537976474198825
0.06603336021248414, 4.962711653087942
0.06602633041000243, 4.89370711192738
0.06617079285100176, 4.814351889592734
0.0657064743970842, 4.748797575490201
0.06569944459460249, 4.67979303432964
0.06569241479212075, 4.610788493169078
0.06568538498963904, 4.541783952008517
0.06567835518715733, 4.472779410847956
0.06567132538467559, 4.403774869687394
0.06566429558219387, 4.334770328526832
0.06565726577971216, 4.265765787366271
0.06565023597723045, 4.19676124620571
0.06564320617474871, 4.127756705045148
0.065636176372267, 4.058752163884587
0.06562914656978529, 3.989747622724025
0.06562211676730355, 3.920743081563464
0.06561508696482184, 3.8517385404029025
0.06560805716234012, 3.7827339992423408
0.06560102735985839, 3.7137294580817795
0.06559399755737667, 3.644724916921218
0.06558696775489496, 3.575720375760657
0.06557993795241325, 3.506715834600095
0.06557290814993151, 3.4377112934395337
0.0655658783474498, 3.3687067522789724
0.06555884854496809, 3.2997022111184107
0.06555181874248635, 3.2306976699578493
0.06554478894000464, 3.161693128797288
0.06553775913752292, 3.0926885876367267
0.06553072933504121, 3.023684046476165
0.06552369953255947, 2.9546795053156036
0.06551666973007776, 2.8856749641550423
0.06550963992759605, 2.8166704229944806
0.06550261012511431, 2.7476658818339192
0.0654955803226326, 2.678661340673358
0.06548855052015089, 2.6096567995127966
0.06548152071766915, 2.540652258352235
0.06547449091518744, 2.4716477171916735
0.06546746111270572, 2.402643176031112
0.06546043131022401, 2.3336386348705505
0.06545340150774227, 2.264634093709989
0.06544637170526056, 2.195629552549428
0.06543934190277885, 2.1266250113888665
0.06543231210029711, 2.0576204702283047
0.0654252822978154, 1.9886159290677439
0.06541825249533369, 1.9196113879071817
0.06541122269285198, 1.8506068467466203
0.06540419289037024, 1.781602305586059
0.06539716308788852, 1.7125977644254977
0.06539013328540681, 1.6435932232649364
0.06538310348292507, 1.574588682104375
0.06537607368044336, 1.5055841409438138
0.06536904387796165, 1.4365795997832516
0.06536201407547991, 1.3675750586226902
0.0653549842729982, 1.298570517462129
0.06534795447051649, 1.2295659763015676
0.06534092466803477, 1.1605614351410063
0.06533389486555304, 1.091556893980445
0.06532686506307132, 1.0225523528198837
0.06531983526058961, 0.9535478116593215
0.06531280545810787, 0.8845432704987601
0.06530577565562616, 0.8155387293381988
0.06529874585314445, 0.7465341881776375
0.06529171605066274, 0.6775296470170762
0.065284686248181, 0.6085251058565149
0.06527765644569929, 0.5395205646959536
0.06527062664321757, 0.47051602353539135
0.06526359684073584, 0.40151148237483003
0.06525656703825412, 0.3325069412142687
0.06524953723577241, 0.2635024000537074
0.06524250743329067, 0.19449785889314608
0.06523547763080896, 0.12549331773258476
0.06522844782832725, 0.05648877657202345
0.0649184335388834, 0.008185597759630348
0.067882760649375, 5.147643823398246
0.07031849347859113, 5.098420584037045
0.07061538547006911, 5.0179152860163905
0.0706083556675874, 4.948910744855829
0.07060132586510569, 4.879906203695268
0.07059429606262395, 4.8109016625347065
0.07058726626014224, 4.741897121374145
0.07058023645766053, 4.672892580213583
0.07057320665517881, 4.603888039053022
0.07056617685269707, 4.53488349789246
0.07055914705021536, 4.465878956731899
0.07055211724773365, 4.396874415571338
0.07054508744525191, 4.327869874410776
0.0705380576427702, 4.258865333250215
0.07053102784028849, 4.189860792089654
0.07052399803780675, 4.1208562509290925
0.07051696823532504, 4.05185170976853
0.07050993843284332, 3.982847168607969
0.07050290863036161, 3.9138426274474076
0.07049587882787987, 3.8448380862868463
0.07048884902539816, 3.775833545126285
0.07048181922291645, 3.7068290039657232
0.07047478942043471, 3.637824462805162
0.070467759617953, 3.5688199216446006
0.07046072981547129, 3.499815380484039
0.07045370001298958, 3.4308108393234775
0.07044667021050784, 3.361806298162916
0.07043964040802612, 3.292801757002355
0.07043261060554441, 3.223797215841793
0.07042558080306267, 3.154792674681232
0.07041855100058096, 3.0857881335206705
0.07041152119809925, 3.0167835923601087
0.07040449139561751, 2.9477790511995474
0.0703974615931358, 2.878774510038986
0.07039043179065409, 2.809769968878425
0.07038340198817238, 2.740765427717863
0.07037637218569064, 2.6717608865573017
0.07036934238320892, 2.6027563453967404
0.07036231258072721, 2.5337518042361786
0.07035528277824547, 2.4647472630756173
0.07034825297576376, 2.395742721915056
0.07034122317328205, 2.3267381807544947
0.07033419337080034, 2.257733639593933
0.0703271635683186, 2.1887290984333716
0.07032013376583689, 2.1197245572728103
0.07031310396335518, 2.050720016112249
0.07030607416087344, 1.9817154749516872
0.07029904435839172, 1.912710933791126
0.07029201455591001, 1.8437063926305646
0.07028498475342827, 1.7747018514700033
0.07027795495094656, 1.705697310309442
0.07027092514846485, 1.6366927691488797
0.07026389534598314, 1.5676882279883184
0.0702568655435014, 1.498683686827757
0.07024983574101969, 1.4296791456671958
0.07024280593853797, 1.3606746045066345
0.07023577613605624, 1.2916700633460731
0.07022874633357452, 1.2226655221855118
0.07022171653109281, 1.1536609810249496
0.0702146867286111, 1.0846564398643883
0.07020765692612936, 1.015651898703827
0.07020062712364765, 0.9466473575432657
0.07019359732116594, 0.8776428163827044
0.0701865675186842, 0.808638275222143
0.07017953771620249, 0.7396337340615817
0.07017250791372077, 0.6706291929010195
0.07016547811123906, 0.6016246517404582
0.07015844830875732, 0.5326201105798969
0.07015141850627561, 0.46361556941933557
0.0701443887037939, 0.39461102825877425
0.07013735890131216, 0.32560648709821294
0.07013032909883045, 0.2566019459376516
0.07012329929634874, 0.18759740477708942
0.070116269493867, 0.1185928636165281
0.07010923969138529, 0.04958832245596678
0.0702531748971985, -0.03494224046572114
0.07284214570417867, -0.07738003327946608
0.07531023905748567, 4.683243261387668
0.07514960807077838, 4.603888039053022
0.07514257826829664, 4.53488349789246
0.07513554846581492, 4.465878956731899
0.07512851866333321, 4.396874415571338
0.07512148886085147, 4.327869874410776
0.07511445905836976, 4.258865333250215
0.07510742925588805, 4.189860792089654
0.07510039945340631, 4.1208562509290925
0.0750933696509246, 4.05185170976853
0.07508633984844289, 3.982847168607969
0.07507931004596118, 3.9138426274474076
0.07507228024347944, 3.8448380862868463
0.07506525044099772, 3.775833545126285
0.07505822063851601, 3.7068290039657232
0.07505119083603427, 3.637824462805162
0.07504416103355256, 3.5688199216446006
0.07503713123107085, 3.499815380484039
0.07503010142858914, 3.4308108393234775
0.0750230716261074, 3.361806298162916
0.07501604182362569, 3.292801757002355
0.07500901202114398, 3.223797215841793
0.07500198221866224, 3.154792674681232
0.07499495241618052, 3.0857881335206705
0.07498792261369881, 3.0167835923601087
0.07498089281121707, 2.9477790511995474
0.07497386300873536, 2.878774510038986
0.07496683320625365, 2.809769968878425
0.07495980340377194, 2.740765427717863
0.0749527736012902, 2.6717608865573017
0.07494574379880849, 2.6027563453967404
0.07493871399632678, 2.5337518042361786
0.07493168419384504, 2.4647472630756173
0.07492465439136332, 2.395742721915056
0.07491762458888161, 2.3267381807544947
0.0749105947863999, 2.257733639593933
0.07490356498391816, 2.1887290984333716
0.07489653518143645, 2.1197245572728103
0.07488950537895474, 2.050720016112249
0.074882475576473, 1.9817154749516872
0.07487544577399129, 1.912710933791126
0.07486841597150957, 1.8437063926305646
0.07486138616902784, 1.7747018514700033
0.07485435636654612, 1.705697310309442
0.07484732656406441, 1.6366927691488797
0.0748402967615827, 1.5676882279883184
0.07483326695910096, 1.498683686827757
0.07482623715661925, 1.4296791456671958
0.07481920735413754, 1.3606746045066345
0.0748121775516558, 1.2916700633460731
0.07480514774917409, 1.2226655221855118
0.07479811794669237, 1.1536609810249496
0.07479108814421066, 1.0846564398643883
0.07478405834172892, 1.015651898703827
0.07477702853924721, 0.9466473575432657
0.0747699987367655, 0.8776428163827044
0.07476296893428376, 0.808638275222143
0.07475593913180205, 0.7396337340615817
0.07474890932932034, 0.6706291929010195
0.07474187952683863, 0.6016246517404582
0.07473484972435689, 0.5326201105798969
0.07472781992187517, 0.46361556941933557
0.07472079011939346, 0.39461102825877425
0.07471376031691172, 0.32560648709821294
0.07470673051443001, 0.2566019459376516
0.0746997007119483, 0.18759740477708942
0.07469267090946656, 0.1185928636165281
0.07468564110698485, 0.04958832245596678
0.07467773257919293, -0.028041786349664477
0.07580443417195055, 5.042066875422587
0.07548914753064544, 4.942010290739773
0.07548211772816373, 4.873005749579212
0.07547508792568201, 4.804001208418651
0.07516507363623816, 4.755698029606258
0.0770361258647727, 5.153164186691091
0.07978224790623172, 5.155924368337514
0.07977451512350182, 5.080019373060896
0.07976748532102011, 5.011014831900335
0.08006578327299442, 4.944310442111792
0.08005875347051271, 4.875305900951231
0.080051723668031, 4.806301359790669
0.08004469386554926, 4.737296818630107
0.08003766406306755, 4.668292277469546
0.08003063426058583, 4.599287736308985
0.0800236044581041, 4.5302831951484235
0.08001657465562238, 4.461278653987862
0.08000954485314067, 4.3922741128273
0.08000251505065896, 4.323269571666739
0.07999548524817722, 4.254265030506177
0.07998845544569551, 4.185260489345616
0.0799814256432138, 4.116255948185055
0.07997439584073206, 4.047251407024493
0.07996736603825035, 3.9782468658639316
0.07996033623576863, 3.9092423247033703
0.0799533064332869, 3.8402377835428085
0.07994627663080518, 3.771233242382247
0.07993924682832347, 3.702228701221686
0.07993221702584176, 3.633224160061124
0.07992518722336002, 3.564219618900563
0.07991815742087831, 3.4952150777400015
0.0799111276183966, 3.42621053657944
0.07990409781591486, 3.3572059954188784
0.07989706801343315, 3.288201454258317
0.07989003821095143, 3.219196913097756
0.07988300840846972, 3.1501923719371945
0.07987597860598798, 3.0811878307766327
0.07986894880350627, 3.0121832896160714
0.07986191900102456, 2.94317874845551
0.07985488919854282, 2.8741742072949483
0.07984785939606111, 2.805169666134387
0.0798408295935794, 2.7361651249738257
0.07983379979109768, 2.6671605838132644
0.07982676998861594, 2.5981560426527026
0.07981974018613423, 2.5291515014921413
0.07981271038365252, 2.4601469603315804
0.07980568058117078, 2.3911424191710187
0.07979865077868907, 2.3221378780104573
0.07979162097620736, 2.253133336849896
0.07978459117372562, 2.1841287956893343
0.07977756137124391, 2.115124254528773
0.0797705315687622, 2.0461197133682116
0.07976350176628048, 1.9771151722076503
0.07975647196379874, 1.908110631047089
0.07974944216131703, 1.8391060898865277
0.07974241235883532, 1.7701015487259655
0.07973538255635358, 1.7010970075654042
0.07972835275387187, 1.6320924664048428
0.07972132295139016, 1.5630879252442815
0.07971429314890845, 1.4940833840837202
0.07970726334642671, 1.425078842923159
0.079700233543945, 1.3560743017625976
0.07969320374146328, 1.2870697606020354
0.07968617393898154, 1.218065219441474
0.07967914413649983, 1.1490606782809127
0.07967211433401812, 1.0800561371203514
0.07966508453153638, 1.01105159595979
0.07965805472905467, 0.9420470547992288
0.07965102492657296, 0.8730425136386675
0.07964399512409125, 0.8040379724781053
0.0796369653216095, 0.735033431317544
0.0796299355191278, 0.6660288901569826
0.07962290571664608, 0.5970243489964213
0.07961587591416434, 0.52801980783586
0.07960884611168263, 0.4590152666752987
0.07960181630920092, 0.39001072551473737
0.07959478650671921, 0.32100618435417516
0.07958775670423747, 0.25200164319361384
0.07958072690175576, 0.18299710203305253
0.07957369709927405, 0.11399256087249121
0.07997111526624058, 0.02198650599174279
0.08179241992587948, -0.06886947320299619
0.08480082389793149, 3.506715834600095
0.08493474163520824, 3.323853800524607
0.08436802239180695, 3.251399032306018
0.08488138543437197, 3.0995890417527825
0.08459678388089954, 3.0012575705989826
0.08472947140274202, 2.8063197418203965
0.08472091847638925, 2.7223642167417132
0.08471412300065694, 2.655659826953171
0.0848251470145182, 2.547552712468291
0.08469404900912579, 2.458613526083568
0.08479730899669059, 2.2742947294724676
0.08466608601703184, 2.1841287956893343
0.08465905621455012, 2.115124254528773
0.08465202641206841, 2.0461197133682116
0.0846449966095867, 1.9771151722076503
0.08463796680710496, 1.908110631047089
0.08463093700462325, 1.8391060898865277
0.08462390720214154, 1.7701015487259655
0.08446392061399503, 1.697071742664371
0.08456335717009898, 1.17574243419633
0.08470275815331148, 1.0467039422260802
0.08454236149335358, 0.9696488712634528
0.08453533169087186, 0.9006443301028915
0.08452830188839013, 0.8316397889423301
0.08452127208590841, 0.7626352477817688
0.0845142422834267, 0.6936307066212075
0.08450721248094499, 0.6246261654606462
0.08450018267846325, 0.5556216243000849
0.08434002034525472, 0.48086670470947634
0.08460000587370366, 0.3375672742327094
0.08446831424054614, 0.24280103770553918
0.0844612844380644, 0.17379649654497786
0.08414916120787604, 0.10479195538441566
0.08414213140539432, 0.03578741422385434
0.08403199783318073, -0.047018035168819416
0.08530111150788054, 4.424476232035563
0.08519097793566692, 4.341670782642889
0.08518394813318521, 4.272666241482327
0.08517691833070347, 4.203661700321765
0.08516988852822176, 4.134657159161204
0.08516285872574005, 4.065652618000643
0.0851558289232583, 3.9966480768400814
0.0851487991207766, 3.92764353567952
0.08514176931829488, 3.8586389945189583
0.08513473951581314, 3.789634453358397
0.08512770971333143, 3.7206299121978357
0.08512067991084972, 3.6516253710372744
0.08481136860165407, 3.6102226463409375
0.08509607560216369, 3.4101094769753093
0.08507498619471852, 3.203095853493625
0.08514645585328269, 2.9063763265032105
0.0849906285649379, 2.3750413595668873
0.08501288960613003, 1.5952900444525433
0.08490275603391641, 1.5124845950598695
0.08489572623143467, 1.4434800538993082
0.08488869642895296, 1.374475512738747
0.08488166662647124, 1.3054709715781856
0.0845723553172756, 1.2640682468818483
0.08455829571231215, 1.1260591645607256
0.08448799768749495, 0.4360137529551107
0.08443457118863389, -0.08842075986515585
0.08730571826723028, 5.13464796814634
0.0864809466910625, 5.024815740132447
0.08647391688858079, 4.955811198971885
0.08646688708609905, 4.886806657811324
0.08645985728361734, 4.817802116650762
0.08645282748113563, 4.748797575490201
0.08644579767865392, 4.67979303432964
0.08643876787617218, 4.610788493169078
0.08643173807369046, 4.541783952008517
0.08612242676449482, 4.50038122731218
0.08954453461259597, 5.149023914221457
0.08953750481011426, 5.080019373060896
0.08983439680159223, 4.999514075040241
0.08982736699911052, 4.93050953387968
0.08982033719662878, 4.8615049927191185
0.08981330739414707, 4.792500451558556
0.08980627759166536, 4.723495910397995
0.08979924778918365, 4.654491369237434
0.08979221798670191, 4.585486828076872
0.0897851881842202, 4.516482286916311
0.08977815838173848, 4.44747774575575
0.08977112857925675, 4.378473204595188
0.08976409877677503, 4.309468663434627
0.08975706897429332, 4.240464122274065
0.08975003917181161, 4.171459581113504
0.08974300936932987, 4.102455039952942
0.08973597956684816, 4.033450498792381
0.08972894976436645, 3.964445957631819
0.08972191996188471, 3.895441416471258
0.089714890159403, 3.8264368753106965
0.08970786035692128, 3.757432334150135
0.08970083055443955, 3.6884277929895735
0.08969380075195783, 3.619423251829012
0.08968677094947612, 3.550418710668451
0.08967974114699441, 3.481414169507889
0.08967271134451267, 3.4124096283473278
0.08966568154203096, 3.3434050871867664
0.08965865173954925, 3.2744005460262047
0.08965162193706751, 3.2053960048656434
0.0896445921345858, 3.136391463705082
0.08963756233210408, 3.0673869225445207
0.08963053252962237, 2.998382381383959
0.08962350272714063, 2.9293778402233976
0.08961647292465892, 2.8603732990628363
0.08960944312217721, 2.7913687579022746
0.08960241331969547, 2.7223642167417132
0.08959538351721376, 2.653359675581152
0.08958835371473205, 2.5843551344205906
0.08958132391225031, 2.515350593260029
0.0895742941097686, 2.446346052099468
0.08956726430728688, 2.3773415109389067
0.08956023450480517, 2.308336969778345
0.08955320470232343, 2.2393324286177836
0.08954617489984172, 2.1703278874572223
0.08953914509736001, 2.101323346296661
0.08953211529487827, 2.032318805136099
0.08952508549239656, 1.9633142639755379
0.08951805568991485, 1.8943097228149766
0.08951102588743313, 1.8253051816544152
0.08935051206410054, 1.7471000350057784
0.09041130925859202, 1.678095493845217
0.09101235737077908, 1.5883895903364875
0.09100532756829736, 1.5193850491759253
0.09099829776581563, 1.450380508015364
0.09099126796333391, 1.3813759668548027
0.0909842381608522, 1.3123714256942414
0.09097720835837046, 1.24336688453368
0.09097017855588875, 1.1743623433731187
0.09096314875340704, 1.1053578022125574
0.0909561189509253, 1.0363532610519952
0.09094908914844359, 0.9673487198914339
0.09094205934596188, 0.8983441787308726
0.09093502954348016, 0.8293396375703113
0.09092799974099842, 0.7603350964097499
0.09092096993851671, 0.6913305552491886
0.090913940136035, 0.6223260140886273
0.09090691033355326, 0.5533214729280651
0.09089988053107155, 0.4843169317675038
0.09089285072858984, 0.41531239060694247
0.09088582092610813, 0.34630784944638116
0.09087879112362639, 0.27730330828581984
0.09087176132114468, 0.20829876712525852
0.09086473151866296, 0.1392942259646972
0.09085770171618122, 0.070289684804135
0.09085067191369951, 0.001285143643573683
0.0917585006061888, -0.07185966998662163
0.09435116205947187, 1.4193284644931117
0.09449439428503693, 1.327897447455368
0.0940302515761814, 1.2640682468818483
0.09402322177369966, 1.195063705721287
0.09401619197121795, 1.1260591645607256
0.09400916216873624, 1.0570546234001643
0.0940021323662545, 0.9880500822396021
0.09399510256377279, 0.9190455410790408
0.09398807276129108, 0.8500409999184795
0.09398104295880934, 0.7810364587579182
0.09397401315632763, 0.7120319175973568
0.09396698335384591, 0.6430273764367955
0.0939599535513642, 0.5740228352762342
0.09395292374888246, 0.5050182941156729
0.09394589394640075, 0.4360137529551107
0.09393886414391904, 0.3670092117945494
0.0939318343414373, 0.29800467063398806
0.09392480453895559, 0.22900012947342674
0.09391777473647388, 0.15999558831286542
0.09391074493399217, 0.0909910471523041
0.09390371513151043, 0.02198650599174279
0.09379381588604617, -0.05851879202891208
0.09500141878903097, 1.8126543491083114
0.09468613214772582, 1.7125977644254977
0.09467910234524411, 1.6435932232649364
0.09467207254276237, 1.574588682104375
0.09466504274028066, 1.5055841409438138
0.09586186661279349, 3.0712971798769524
0.09573052646976, 2.9799811704078096
0.0957234966672783, 2.9109766292472483
0.09571646686479658, 2.8419720880866866
0.09570943706231484, 2.7729675469261252
0.09570240725983313, 2.703963005765564
0.09569537745735142, 2.6349584646050026
0.09568834765486968, 2.565953923444441
0.09568178650588675, 2.5015496850279173
0.095369428948949, 2.4302449924953367
0.09566678959392576, 2.354339997218719
0.0956602284449428, 2.2899357588021947
0.09534833954150383, 2.2232313690136523
0.09534130973902212, 2.154226827853091
0.09533427993654038, 2.0852222866925296
0.09532725013405867, 2.016217745531968
0.09532022033157696, 1.9472132043714065
0.09501020604213313, 1.8989100255590134
0.09680182150262422, 5.110381371171544
0.09624182743693042, 5.004114377784278
0.09623479763444871, 4.935109836623717
0.09622776783196697, 4.866105295463155
0.09622073802948526, 4.797100754302594
0.09621370822700355, 4.728096213142033
0.09620667842452181, 4.6590916719814714
0.0961996486220401, 4.59008713082091
0.09619261881955839, 4.521082589660349
0.09618558901707668, 4.452078048499787
0.09617855921459494, 4.383073507339225
0.09617152941211322, 4.314068966178664
0.09616449960963151, 4.245064425018103
0.09615746980714977, 4.176059883857541
0.09615044000466806, 4.10705534269698
0.09614341020218635, 4.038050801536418
0.09613638039970461, 3.969046260375857
0.0961293505972229, 3.900041719215295
0.09612232079474119, 3.831037178054734
0.09611529099225948, 3.7620326368941726
0.09610826118977774, 3.6930280957336112
0.09610123138729602, 3.6240235545730495
0.09609420158481431, 3.555019013412488
0.09608717178233257, 3.486014472251927
0.09608014197985086, 3.417009931091365
0.09607311217736915, 3.3480053899308038
0.09606608237488744, 3.2790008487702424
0.0960590525724057, 3.209996307609681
0.09574974126321005, 3.1685935829133443
0.09930840302451864, 5.157649481866528
0.0993011974769749, 5.086919827176953
0.09959926110219978, 5.0179152860163905
0.09959234846309277, 4.950060820541839
0.09928010806952973, 4.879906203695268
0.099273078267048, 4.8109016625347065
0.09957114189227291, 4.741897121374145
0.0995641120897912, 4.672892580213583
0.09955708228730949, 4.603888039053022
0.09955005248482775, 4.53488349789246
0.09963356653831058, 4.156738612332584
0.09950224982795207, 4.065652618000643
0.09949522002547033, 3.9966480768400814
0.09948819022298862, 3.92764353567952
0.0994811604205069, 3.8586389945189583
0.09947413061802517, 3.789634453358397
0.09946710081554345, 3.7206299121978357
0.09946007101306174, 3.6516253710372744
0.09945304121058003, 3.5826208298767126
0.09944601140809829, 3.5136162887161513
0.09943898160561658, 3.44461174755559
0.09943195180313487, 3.3756072063950286
0.09942632796114949, 3.3204035734665793
0.09984811611005269, 4.465878956731899
0.09984108630757098, 4.396874415571338
0.09983405650508924, 4.327869874410776
0.09982702670260753, 4.258865333250215
0.1009461712576973, 3.26519994053813
0.10093914145521558, 3.1961953993775687
0.10093211165273384, 3.1271908582170074
0.10092508185025213, 3.0581863170564456
0.10091805204777042, 2.9891817758958843
0.10091102224528871, 2.920177234735323
0.10090399244280697, 2.8511726935747617
0.10089696264032526, 2.7821681524142
0.10088993283784355, 2.7131636112536386
0.1008829030353618, 2.6441590700930773
0.1008758732328801, 2.5751545289325155
0.10086884343039838, 2.506149987771954
0.10086181362791667, 2.437145446611393
0.10085478382543493, 2.3681409054508316
0.10084775402295322, 2.29913636429027
0.10084072422047151, 2.2301318231297085
0.10083369441798977, 2.161127281969147
0.10082666461550806, 2.0921227408085854
0.10081963481302635, 2.0231181996480245
0.1008126050105446, 1.9541136584874623
0.1008055752080629, 1.885109117326901
0.10079854540558118, 1.8161045761663397
0.10079151560309947, 1.7471000350057784
0.10078448580061773, 1.678095493845217
0.10077745599813602, 1.6090909526846557
0.10077042619565431, 1.5400864115240944
0.10076339639317257, 1.4710818703635322
0.10075636659069086, 1.402077329202971
0.10074933678820915, 1.3330727880424096
0.10074230698572743, 1.2640682468818483
0.1007352771832457, 1.195063705721287
0.10072824738076398, 1.1260591645607256
0.10072121757828227, 1.0570546234001643
0.10071418777580053, 0.9880500822396021
0.10101225140102547, 0.9190455410790408
0.1011567138420248, 0.8396903187443954
0.10069309836835537, 0.7810364587579182
0.10068606856587366, 0.7120319175973568
0.10098296055735163, 0.631526619576702
0.10097569642812053, 0.5602219270441218
0.1006649791584285, 0.5050182941156729
0.10065794935594678, 0.4360137529551107
0.10065091955346507, 0.3670092117945494
0.10064388975098333, 0.29800467063398806
0.10063685994850162, 0.22900012947342674
0.10093367383106315, 0.14772811432876498
0.1006228003435382, 0.0909910471523041
0.10092039531526432, 0.017386203247705012
0.10152247446514871, -0.06219903422414319
0.10417228821260814, 0.7920771853436079
0.10404115896364914, 0.7028313121092813
0.1040341291611674, 0.63382677094872
0.10402709935868569, 0.5648222297881587
0.10402006955620398, 0.49581768862759734
0.10401303975372224, 0.426813147467036
0.10400600995124053, 0.3578086063064747
0.10399898014875882, 0.2888040651459134
0.10399265332652526, 0.22669997810140785
0.10368076442308631, 0.15999558831286542
0.1036737346206046, 0.0909910471523041
0.10366670481812286, 0.02198650599174279
0.10355727422615742, -0.05391848928487519
0.10528215342842208, 0.9052446328469292
0.10652127327919987, 5.082319524432915
0.1060041141432947, 4.997213923668222
0.105997084340813, 4.928209382507661
0.10599005453833128, 4.8592048413471
0.10598302473584954, 4.790200300186538
0.10597599493336783, 4.721195759025976
0.10596896513088612, 4.652191217865415
0.10596193532840438, 4.5831866767048535
0.10595490552592267, 4.514182135544292
0.10594787572344096, 4.445177594383731
0.10594084592095922, 4.3761730532231695
0.1059338161184775, 4.307168512062608
0.1059267863159958, 4.238163970902047
0.10591975651351408, 4.169159429741486
0.10591272671103234, 4.100154888580923
0.10590569690855063, 4.031150347420362
0.10589866710606892, 3.9621458062598007
0.10589163730358718, 3.8931412650992394
0.10588460750110547, 3.8241367239386777
0.10587757769862376, 3.7551321827781163
0.10587054789614204, 3.686127641617555
0.1058635180936603, 3.6171231004569933
0.1058564882911786, 3.548118559296432
0.10584945848869688, 3.4791140181358706
0.10584242868621514, 3.4101094769753093
0.10583539888373343, 3.3411049358147475
0.10582836908125172, 3.2721003946541862
0.10582133927876998, 3.203095853493625
0.10581430947628827, 3.1340913123330636
0.10580727967380656, 3.065086771172502
0.10580024987132484, 2.9960822300119405
0.1057932200688431, 2.927077688851379
0.1057861902663614, 2.8580731476908174
0.10577916046387968, 2.789068606530256
0.10577213066139794, 2.720064065369695
0.10576510085891623, 2.6510595242091335
0.10575807105643452, 2.5820549830485717
0.10575104125395281, 2.5130504418880104
0.10574401145147107, 2.444045900727449
0.10573698164898936, 2.3750413595668873
0.10572995184650764, 2.306036818406326
0.1057229220440259, 2.2370322772457647
0.1057158922415442, 2.1680277360852034
0.10570886243906248, 2.0990231949246416
0.10570183263658074, 2.0300186537640803
0.10569480283409903, 1.961014112603519
0.10568777303161732, 1.8920095714429577
0.1056807432291356, 1.8230050302823964
0.10567371342665387, 1.7540004891218341
0.10566668362417216, 1.6849959479612728
0.10565965382169044, 1.6159914068007115
0.1056526240192087, 1.5469868656401502
0.10564559421672699, 1.4779823244795889
0.10563856441424528, 1.4089777833190276
0.10563153461176357, 1.3399732421584662
0.10562450480928183, 1.270968700997904
0.10561747500680012, 1.2019641598373427
0.1056104452043184, 1.1329596186767814
0.10560341540183667, 1.06395507751622
0.10559638559935496, 0.9949505363556588
0.10876556115416387, 5.150404005044669
0.11058543642063147, 5.045517102480615
0.11057641484077994, 4.956961274657894
0.1105695022016729, 4.8891068091833425
0.11056247239919119, 4.820102268022781
0.11055544259670948, 4.75109772686222
0.11054841279422774, 4.6820931857016586
0.11054138299174603, 4.613088644541097
0.11053435318926431, 4.544084103380536
0.1105273233867826, 4.475079562219975
0.11052029358430086, 4.406075021059412
0.11051326378181915, 4.337070479898851
0.11050646830608683, 4.270366090110309
0.1106455412318502, 4.138107386219232
0.11048467591839349, 4.056452012512568
0.11047764611591178, 3.9874474713520067
0.11047061631343004, 3.9184429301914454
0.11031021965347214, 3.841387859228818
0.11057109562356877, 3.7068290039657232
0.11044155979650562, 3.6332241600611246
0.11042621139442053, 3.4825642451938985
0.11041812712156655, 3.403209022859253
0.11041109731908481, 3.3342044816986918
0.11025081782250161, 3.258299486422074
0.11054009419462439, 3.103039268810811
0.11049376779626983, 2.9477790511995474
0.11047619329006554, 2.7752676982981437
0.11046227428115175, 2.638638706800232
0.11033095757079321, 2.547552712468291
0.1103239277683115, 2.4785481713077298
0.11031689796582979, 2.4095436301471684
0.11030986816334805, 2.3405390889866067
0.11030283836086634, 2.2715345478260454
0.11029580855838463, 2.202530006665484
0.11028877875590289, 2.1335254655049223
0.11012849925931968, 2.0576204702283047
0.11038129095656234, 1.8437063926305646
0.11024988051550404, 1.7517003377498153
0.11024484249039214, 1.7022470832514136
0.11049967283035449, 4.203661700321765
0.11045749401546416, 3.789634453358397
0.11074009207522932, 3.5688199216446006
0.11070142816157987, 3.1892949452615125
0.11038016618816525, 3.030584500592221
0.11057840661814976, 1.9817154749516872
0.11026768934845775, 1.9265118420232383
0.11054325760574117, 1.6366927691488797
0.11053622780325946, 1.5676882279883184
0.11052919800077772, 1.498683686827757
0.11052216819829601, 1.4296791456671958
0.1105151383958143, 1.3606746045066345
0.11050810859333256, 1.2916700633460731
0.11050107879085085, 1.2226655221855118
0.11049404898836913, 1.1536609810249496
0.11048701918588742, 1.0846564398643883
0.11047998938340568, 1.015651898703827
0.11047295958092397, 0.9466473575432657
0.11046592977844226, 0.8776428163827044
0.11045889997596052, 0.808638275222143
0.11045187017347881, 0.7396337340615817
0.1104448403709971, 0.6706291929010195
0.11043781056851536, 0.6016246517404582
0.11043078076603365, 0.5326201105798969
0.11042375096355193, 0.46361556941933557
0.11041672116107022, 0.39461102825877425
0.11040969135858848, 0.32560648709821294
0.11040266155610677, 0.2566019459376516
0.11039563175362506, 0.18759740477708942
0.11038860195114332, 0.1185928636165281
0.11038157214866161, 0.04958832245596678
0.11027167290319735, -0.030916975564688087
0.11097348151762242, 2.8649736018068737
0.11189410445062843, -0.07738003327946608
0.11433689051500125, -0.057368716342903525
0.11554932054902343, 4.656331490335049
0.11541819130006443, 4.567085617100723
0.11541116149758272, 4.498081075940161
0.11540413169510098, 4.4290765347795995
0.11539710189261927, 4.360071993619038
0.11539007209013756, 4.291067452458477
0.11538304228765585, 4.2220629112979156
0.11537601248517411, 4.153058370137354
0.1153689826826924, 4.084053828976793
0.11536195288021069, 4.015049287816231
0.11535492307772895, 3.94604474665567
0.11534789327524723, 3.8770402054951085
0.11534086347276552, 3.8080356643345468
0.11533383367028378, 3.7390311231739854
0.11532680386780207, 3.670026582013424
0.11531977406532036, 3.601022040852863
0.11531274426283865, 3.532017499692301
0.11530571446035691, 3.4630129585317397
0.1152986846578752, 3.3940084173711784
0.11529165485539349, 3.3250038762106167
0.11528462505291175, 3.2559993350500553
0.11527759525043003, 3.186994793889494
0.11527056544794832, 3.1179902527289327
0.11526353564546661, 3.048985711568371
0.11525650584298487, 2.9799811704078096
0.11524947604050316, 2.9109766292472483
0.11524244623802145, 2.8419720880866866
0.11523541643553971, 2.7729675469261252
0.115228386633058, 2.703963005765564
0.11522135683057629, 2.6349584646050026
0.11521432702809455, 2.565953923444441
0.11520729722561283, 2.496949382283879
0.11520026742313112, 2.4279448411233178
0.11519323762064941, 2.3589402999627564
0.11518620781816767, 2.2899357588021947
0.11517917801568596, 2.2209312176416334
0.11517214821320425, 2.151926676481072
0.11516511841072251, 2.0829221353205103
0.1151580886082408, 2.013917594159949
0.11515105880575909, 1.9449130529993877
0.11514402900327737, 1.8759085118388263
0.11513699920079563, 1.806903970678265
0.11512996939831392, 1.7378994295177037
0.11512293959583221, 1.6688948883571415
0.11511590979335047, 1.5998903471965802
0.11510887999086876, 1.5308858060360189
0.11510185018838705, 1.4618812648754576
0.11509482038590531, 1.3928767237148962
0.1150877905834236, 1.323872182554335
0.11508076078094188, 1.2548676413937736
0.11507373097846017, 1.1858631002332114
0.11506670117597843, 1.11685855907265
0.11505967137349672, 1.0478540179120888
0.11505264157101501, 0.9788494767515274
0.11504561176853327, 0.9098449355909661
0.11503858196605156, 0.8408403944304048
0.11503155216356985, 0.7718358532698435
0.11502452236108814, 0.7028313121092813
0.1150174925586064, 0.63382677094872
0.11501046275612468, 0.5648222297881587
0.11500343295364297, 0.49581768862759734
0.11499640315116123, 0.426813147467036
0.11498937334867952, 0.3578086063064747
0.11498234354619781, 0.2888040651459134
0.11497531374371607, 0.2197995239853512
0.11496828394123436, 0.15079498282478987
0.11496195711900083, 0.08869089578028522
0.11465006821556185, 0.02198650599174279
0.11607735244610036, 5.047817253852634
0.11576358892866627, 4.962711653087942
0.11575655912618456, 4.89370711192738
0.11574952932370285, 4.824702570766819
0.11574249952122113, 4.755698029606258
0.11669574073774232, 5.128322551873289
0.11852958187847364, 5.160524671081551
0.12004895652152266, 5.100720735409064
0.12004192671904095, 5.031716194248503
0.1200348969165592, 4.962711653087942
0.1200278671140775, 4.89370711192738
0.12002083731159578, 4.824702570766819
0.12001380750911407, 4.755698029606258
0.12000677770663233, 4.686693488445696
0.11999974790415062, 4.617688947285134
0.11999271810166891, 4.548684406124573
0.11998568829918717, 4.4796798649640115
0.11997865849670546, 4.41067532380345
0.11997162869422374, 4.341670782642889
0.11996459889174203, 4.272666241482327
0.1199575690892603, 4.203661700321765
0.11995053928677858, 4.134657159161204
0.11994350948429687, 4.065652618000643
0.11993647968181513, 3.9966480768400814
0.11992944987933342, 3.92764353567952
0.11992242007685171, 3.8586389945189583
0.11991539027436997, 3.789634453358397
0.11990836047188826, 3.7206299121978357
0.11990133066940654, 3.6516253710372744
0.11989430086692483, 3.5826208298767126
0.1198872710644431, 3.5136162887161513
0.11988024126196138, 3.44461174755559
0.11987321145947967, 3.3756072063950286
0.11986618165699793, 3.306602665234467
0.11985915185451622, 3.2375981240739056
0.11985212205203451, 3.1685935829133443
0.1198450922495528, 3.0995890417527825
0.11983806244707106, 3.030584500592221
0.11983103264458934, 2.96157995943166
0.11982400284210763, 2.8925754182710985
0.1198169730396259, 2.823570877110537
0.11980994323714418, 2.7545663359499755
0.11980291343466247, 2.685561794789414
0.11979588363218073, 2.6165572536288524
0.11978885382969902, 2.547552712468291
0.1197818240272173, 2.4785481713077298
0.1197747942247356, 2.4095436301471684
0.11976776442225386, 2.3405390889866067
0.12021661731071169, 2.254283412535905
0.11975370481729043, 2.202530006665484
0.11974667501480869, 2.1335254655049223
0.11973964521232698, 2.064520924344361
0.11973261540984527, 1.9955163831837996
0.11972558560736356, 1.9265118420232383
0.11971855580488182, 1.857507300862677
0.1197115260024001, 1.7885027597021157
0.1197044961999184, 1.7194982185415535
0.11969746639743666, 1.6504936773809922
0.11969043659495494, 1.5814891362204309
0.11968340679247323, 1.5124845950598695
0.11967637698999149, 1.4434800538993082
0.11966934718750978, 1.374475512738747
0.11966231738502807, 1.3054709715781856
0.11965528758254636, 1.2364664304176234
0.11964825778006462, 1.167461889257062
0.1196412279775829, 1.0984573480965008
0.1196341981751012, 1.0294528069359394
0.11962716837261946, 0.9604482657753781
0.11962013857013774, 0.8914437246148168
0.11961310876765603, 0.8224391834542555
0.11960607896517432, 0.7534346422936933
0.11959904916269258, 0.684430101133132
0.11959201936021087, 0.6154255599725706
0.11958498955772916, 0.5464210188120093
0.11957795975524742, 0.477416477651448
0.1195709299527657, 0.4084119364908867
0.119563900150284, 0.3394073953303254
0.11955687034780225, 0.2704028541697632
0.11954984054532054, 0.20139831300920186
0.11969289702582354, 0.10824218244244399
0.12014315587477771, 0.03578741422385434
0.12003395960956166, -0.037817429680743864
0.12226742158870378, -0.07599994245625563
0.125298813014871, 4.523842771306771
0.12516759003521222, 4.433676837523637
0.12516056023273053, 4.364672296363076
0.1251535304302488, 4.295667755202515
0.12514650062776705, 4.226663214041952
0.12513947082528537, 4.157658672881391
0.12513244102280363, 4.08865413172083
0.1251254112203219, 4.0196495905602685
0.1251183814178402, 3.950645049399707
0.12511135161535847, 3.8816405082391454
0.12510432181287678, 3.812635967078584
0.12509729201039504, 3.743631425918023
0.1250902622079133, 3.674626884757461
0.12508323240543162, 3.6056223435968997
0.12507620260294988, 3.5366178024363384
0.12506917280046814, 3.467613261275777
0.12506214299798646, 3.3986087201152153
0.12505511319550472, 3.329604178954654
0.12504808339302298, 3.2605996377940927
0.1250410535905413, 3.191595096633531
0.12503402378805956, 3.1225905554729696
0.12502699398557782, 3.0535860143124083
0.12501996418309613, 2.984581473151847
0.1250129343806144, 2.915576931991285
0.12500590457813265, 2.846572390830724
0.12499887477565096, 2.7775678496701626
0.12499184497316924, 2.7085633085096013
0.12498481517068753, 2.6395587673490395
0.1249777853682058, 2.570554226188478
0.12497075556572408, 2.5015496850279173
0.12496372576324237, 2.4325451438673555
0.12495669596076063, 2.3635406027067942
0.12494990048502831, 2.296836212918251
0.12463801158158934, 2.2301318231297085
0.12493654386031304, 2.165727584713184
0.12492951405783133, 2.0967230435526227
0.12492248425534962, 2.0277185023920614
0.12491545445286788, 1.9587139612315
0.12490842465038617, 1.8897094200709388
0.12490139484790445, 1.8207048789103766
0.12489424788204802, 1.7505502620638067
0.124887335242941, 1.682695796589254
0.12488030544045929, 1.6136912554286926
0.12487327563797758, 1.5446867142681313
0.12486671448899463, 1.4802824758516078
0.12485827872601656, 1.397477026458934
0.12485124892353484, 1.3284724852983727
0.12484421912105313, 1.2594679441378114
0.12483730648194609, 1.1916134786632586
0.12483015951608968, 1.1214588618166879
0.12482344214927381, 1.0555211891521514
0.12481563125762747, 0.9788494767515274
0.1248095387621433, 0.9190455410790408
0.12449741553195494, 0.8500409999184795
0.1244903857294732, 0.7810364587579182
0.12448335592699149, 0.7120319175973568
0.12447632612450978, 0.6430273764367955
0.12446929632202806, 0.5740228352762342
0.12446226651954632, 0.5050182941156729
0.12445523671706461, 0.4360137529551107
0.1244482069145829, 0.3670092117945494
0.12444117711210116, 0.29800467063398806
0.12443414730961945, 0.22900012947342674
0.12442711750713774, 0.15999558831286542
0.12442008770465603, 0.0909910471523041
0.12441305790217429, 0.02198650599174279
0.12430386163695824, -0.051618337912856305
0.12698184815474445, 5.129308331032726
0.12644795139388282, 5.022515588760428
0.12644092159140108, 4.953511047599867
0.1264348290959169, 4.89370711192738
0.12642592467944008, 4.806301359790669
0.12641889487695834, 4.737296818630107
0.12641186507447666, 4.668292277469546
0.12640624123249128, 4.613088644541097
0.12951200796891504, 5.151324065593476
0.1298091342871424, 5.07311891894484
0.12980210448466067, 5.004114377784278
0.129795074682179, 4.935109836623717
0.12978804487969725, 4.866105295463155
0.1297810150772155, 4.797100754302594
0.12977398527473383, 4.728096213142033
0.1297669554722521, 4.6590916719814714
0.12975992566977035, 4.59008713082091
0.12975289586728866, 4.521082589660349
0.12974586606480693, 4.452078048499787
0.12973883626232519, 4.383073507339225
0.1297318064598435, 4.314068966178664
0.12972477665736176, 4.245064425018103
0.12971774685488002, 4.176059883857541
0.12971071705239834, 4.10705534269698
0.1297036872499166, 4.038050801536418
0.12969665744743486, 3.969046260375857
0.12968962764495318, 3.900041719215295
0.12968259784247144, 3.831037178054734
0.12967556803998975, 3.7620326368941726
0.129668538237508, 3.6930280957336112
0.12966150843502627, 3.6240235545730495
0.1296544786325446, 3.555019013412488
0.12964744883006285, 3.486014472251927
0.1296404190275811, 3.417009931091365
0.12963338922509943, 3.3480053899308038
0.1296263594226177, 3.2790008487702424
0.12961932962013595, 3.209996307609681
0.12961229981765426, 3.1409917664491194
0.12960527001517252, 3.071987225288558
0.12959824021269079, 3.0029826841279967
0.1295912104102091, 2.9339781429674354
0.12958418060772736, 2.8649736018068737
0.12957715080524562, 2.7959690606463123
0.12957012100276394, 2.726964519485751
0.1295630912002822, 2.6579599783251893
0.12955606139780051, 2.588955437164628
0.12954903159531878, 2.5199508960040666
0.12954200179283704, 2.4509463548435053
0.12953497199035535, 2.3819418136829436
0.1295279421878736, 2.3129372725223822
0.12952091238539187, 2.243932731361821
0.1295138825829102, 2.174928190201259
0.12950685278042845, 2.105923649040698
0.1294998229779467, 2.036919107880136
0.12949279317546503, 1.9679145667195748
0.1294857633729833, 1.8989100255590134
0.12947873357050155, 1.8299054843984521
0.12947170376801986, 1.7609009432378908
0.12946467396553812, 1.6918964020773295
0.12945764416305638, 1.6228918609167682
0.1294506143605747, 1.553887319756206
0.12944358455809296, 1.4848827785956447
0.12943655475561128, 1.4158782374350833
0.12942952495312954, 1.346873696274522
0.1294224951506478, 1.2778691551139607
0.12941546534816611, 1.2088646139533994
0.12940843554568437, 1.139860072792838
0.12940140574320264, 1.0708555316322759
0.12939437594072095, 1.0018509904717146
0.1293873461382392, 0.9328464493111532
0.12938031633575747, 0.8638419081505919
0.1293732865332758, 0.7948373669900306
0.12936625673079405, 0.7258328258294693
0.1293592269283123, 0.656828284668908
0.12945248897456985, 0.5740228352762342
0.1305641350736791, 0.5050182941156729
0.1305571052711974, 0.4360137529551107
0.13085516889642235, 0.3670092117945494
0.1308481390939406, 0.29800467063398806
0.13084110929145887, 0.22900012947342674
0.13083407948897718, 0.15999558831286542
0.13082704968649544, 0.0909910471523041
0.1308200198840137, 0.02198650599174279
0.1313337980196777, -0.06870517667642417
0.13371582985298353, 0.49581768862759734
0.13360522762727112, 0.4084119364908867
0.13359819782478938, 0.3394073953303254
0.13359116802230764, 0.2704028541697632
0.13358413821982595, 0.20139831300920186
0.13357710841734421, 0.13239377184864054
0.13357007861486253, 0.06338923068807922
0.1335630488123808, -0.0056153104724820935
0.13355672199014723, -0.06771939751698763
0.13505941256863968, 3.3024623927648333
0.1344994185029459, 3.1961953993775687
0.13449238870046415, 3.1271908582170074
0.1344853588979824, 3.0581863170564456
0.13447832909550073, 2.9891817758958843
0.134471299293019, 2.920177234735323
0.13446426949053725, 2.8511726935747617
0.13445723968805556, 2.7821681524142
0.13445020988557382, 2.7131636112536386
0.13444318008309208, 2.6441590700930773
0.1344361502806104, 2.5751545289325155
0.13442912047812866, 2.506149987771954
0.13442209067564698, 2.437145446611393
0.13441506087316524, 2.3681409054508316
0.1344080310706835, 2.29913636429027
0.13440100126820181, 2.2301318231297085
0.13439397146572007, 2.161127281969147
0.13438694166323834, 2.0921227408085854
0.13437991186075665, 2.0231181996480245
0.1343728820582749, 1.9541136584874623
0.13436585225579317, 1.885109117326901
0.1343588224533115, 1.8161045761663397
0.13435179265082975, 1.7471000350057784
0.134344762848348, 1.678095493845217
0.13433773304586633, 1.6090909526846557
0.13433070324338459, 1.5400864115240944
0.13432367344090285, 1.4710818703635322
0.13431664363842116, 1.402077329202971
0.13430961383593942, 1.3330727880424096
0.13430258403345774, 1.2640682468818483
0.134295554230976, 1.195063705721287
0.13428852442849426, 1.1260591645607256
0.13428149462601258, 1.0570546234001643
0.13427446482353084, 0.9880500822396021
0.1342674350210491, 0.9190455410790408
0.1342604052185674, 0.8500409999184795
0.13425337541608567, 0.7810364587579182
0.13424634561360393, 0.7120319175973568
0.13423931581112225, 0.6430273764367955
0.13423263749876457, 0.5774730623342617
0.13633883662031265, 5.080019373060896
0.136289487406891, 4.595607494113755
0.13615798323513295, 4.502681378684199
0.1361511877594006, 4.435976988895656
0.1362056921613089, 3.7730733634798623
0.13607456291234987, 3.683827490245536
0.13606753310986813, 3.614822949084975
0.13606050330738645, 3.5458184079244135
0.1360534735049047, 3.476813866763852
0.13604644370242297, 3.4078093256032904
0.13543297627251827, 3.3756072063950286
0.13651134797321407, 4.976512561320054
0.13650431817073233, 4.907508020159493
0.1364972883682506, 4.8385034789989305
0.1364902585657689, 4.769498937838369
0.13648322876328717, 4.700494396677808
0.13644807975087858, 4.355471690875001
0.13644104994839684, 4.28646714971444
0.13643402014591516, 4.217462608553878
0.13642699034343342, 4.1484580673933165
0.13641996054095168, 4.079453526232755
0.13641293073847, 4.010448985072194
0.13640590093598826, 3.941444443911632
0.13639887113350652, 3.8724399027510708
0.13866570124176192, 5.160064640807147
0.1395735299342512, 5.086919827176953
0.13956650013176947, 5.0179152860163905
0.13955947032928778, 4.948910744855829
0.13955244052680604, 4.879906203695268
0.1395454107243243, 4.8109016625347065
0.13953838092184262, 4.741897121374145
0.13953135111936088, 4.672892580213583
0.1395243213168792, 4.603888039053022
0.13951729151439746, 4.53488349789246
0.13951026171191572, 4.465878956731899
0.13950323190943403, 4.396874415571338
0.1394962021069523, 4.327869874410776
0.13948917230447055, 4.258865333250215
0.13948214250198887, 4.189860792089654
0.13947511269950713, 4.1208562509290925
0.1394680828970254, 4.05185170976853
0.1394610530945437, 3.982847168607969
0.13945402329206197, 3.9138426274474076
0.13944699348958023, 3.8448380862868463
0.13943996368709854, 3.775833545126285
0.1394329338846168, 3.7068290039657232
0.13942590408213507, 3.637824462805162
0.13941887427965338, 3.5688199216446006
0.13941184447717164, 3.499815380484039
0.13940481467468996, 3.4308108393234775
0.13939778487220822, 3.361806298162916
0.13939075506972648, 3.292801757002355
0.1393837252672448, 3.223797215841793
0.13937669546476306, 3.154792674681232
0.13936966566228132, 3.0857881335206705
0.13936263585979963, 3.0167835923601087
0.1393556060573179, 2.9477790511995474
0.13965120925167418, 2.8546229206327896
0.14116999807784975, 2.789068606530256
0.141162968275368, 2.720064065369695
0.14115593847288632, 2.6510595242091335
0.14114890867040458, 2.5820549830485717
0.1411418788679229, 2.5130504418880104
0.14113484906544116, 2.444045900727449
0.14112781926295942, 2.3750413595668873
0.14112078946047774, 2.306036818406326
0.141113759657996, 2.2370322772457647
0.14110672985551426, 2.1680277360852034
0.14109970005303257, 2.0990231949246416
0.14109267025055083, 2.0300186537640803
0.1410856404480691, 1.961014112603519
0.1410786106455874, 1.8920095714429577
0.14107158084310567, 1.8230050302823964
0.14106455104062393, 1.7540004891218341
0.14105752123814225, 1.6849959479612728
0.1410504914356605, 1.6159914068007115
0.14104346163317877, 1.5469868656401502
0.14103643183069708, 1.4779823244795889
0.14102940202821534, 1.4089777833190276
0.14102237222573366, 1.3399732421584662
0.14101534242325192, 1.270968700997904
0.14100831262077018, 1.2019641598373427
0.1410012828182885, 1.1329596186767814
0.14099425301580676, 1.06395507751622
0.14098722321332502, 0.9949505363556588
0.14098019341084334, 0.9259459951950975
0.1409731636083616, 0.8569414540345361
0.14096613380587986, 0.7879369128739739
0.14095910400339817, 0.7189323717134126
0.14095207420091643, 0.6499278305528513
0.1409450443984347, 0.58092328939229
0.140938014595953, 0.5119187482317287
0.14093098479347127, 0.44291420707116735
0.14092395499098953, 0.37390966591060604
0.14091692518850785, 0.3049051247500447
0.1409098953860261, 0.23590058358948252
0.14090286558354442, 0.1668960424289212
0.14089583578106268, 0.09789150126835988
0.14088880597858094, 0.028886960107798565
0.14153263546015676, -0.06870517667642417
0.14434395389834626, 1.0018509904717146
0.14402901874716523, 0.9052446328469292
0.1440219889446835, 0.836240091686367
0.14401495914220175, 0.7672355505258057
0.14400792933972006, 0.6982310093652444
0.14400089953723832, 0.6292264682046831
0.14399386973475659, 0.5602219270441218
0.1439868399322749, 0.49121738588356045
0.14397981012979316, 0.42221284472299914
0.14397278032731142, 0.35320830356243693
0.14396575052482974, 0.2842037624018756
0.143958720722348, 0.2151992212413143
0.14395169091986626, 0.14619468008075298
0.14394466111738458, 0.07719013892019166
0.14393763131490284, 0.008185597759630348
0.14382890370318557, -0.06081894340093097
0.1460527582856027, 4.598367675760177
0.14592144157524417, 4.507281681428236
0.14591441177276243, 4.438277140267674
0.14590738197028075, 4.369272599107113
0.145900352167799, 4.3002680579465515
0.14589332236531727, 4.23126351678599
0.14588629256283558, 4.162258975625429
0.14587926276035384, 4.093254434464868
0.1458722329578721, 4.024249893304306
0.14586520315539042, 3.9552453521437445
0.14585817335290868, 3.886240810983183
0.14585114355042694, 3.817236269822622
0.14584411374794526, 3.74823172866206
0.14583708394546352, 3.679227187501499
0.14583028846973117, 3.612522797712956
0.14551863389304165, 3.548118559296432
0.1455116040905599, 3.4791140181358706
0.14550457428807817, 3.4101094769753093
0.14549754448559649, 3.3411049358147475
0.14549051468311475, 3.2721003946541862
0.145483484880633, 3.203095853493625
0.14547645507815132, 3.1340913123330636
0.14546942527566958, 3.065086771172502
0.1454623954731879, 2.9960822300119405
0.14545536567070616, 2.927077688851379
0.14544833586822442, 2.8580731476908174
0.14544130606574274, 2.789068606530256
0.145434276263261, 2.720064065369695
0.14542724646077926, 2.6510595242091335
0.14542021665829757, 2.5820549830485717
0.14541318685581583, 2.5130504418880104
0.1454061570533341, 2.444045900727449
0.1453991272508524, 2.3750413595668873
0.14539209744837067, 2.306036818406326
0.14538506764588893, 2.2370322772457647
0.14537803784340725, 2.1680277360852034
0.1453710080409255, 2.0990231949246416
0.14536397823844377, 2.0300186537640803
0.14535694843596209, 1.961014112603519
0.14534991863348035, 1.8920095714429577
0.14534288883099866, 1.8230050302823964
0.14533585902851692, 1.7540004891218341
0.14532882922603518, 1.6849959479612728
0.1453217994235535, 1.6159914068007115
0.14531476962107176, 1.5469868656401502
0.14530773981859002, 1.4779823244795889
0.14530071001610834, 1.4089777833190276
0.1452936802136266, 1.3399732421584662
0.14528665041114486, 1.270968700997904
0.14527962060866317, 1.2019641598373427
0.14527259080618143, 1.1329596186767814
0.14526696696419605, 1.0777559857483325
0.14720663006495216, 5.143503550928612
0.14628136746230824, 5.045517102480615
0.1462743376598265, 4.976512561320054
0.14626730785734482, 4.907508020159493
0.14626027805486308, 4.8385034789989305
0.14625324825238134, 4.769498937838369
0.14624621844989966, 4.700494396677808
0.14964676823705692, 5.137523157361364
0.14963973843457518, 5.0685186162008025
0.14963270863209344, 4.999514075040241
0.14962567882961175, 4.93050953387968
0.14992280514783907, 4.852304387231043
0.14991577534535738, 4.783299846070482
0.14990874554287564, 4.71429530490992
0.15020540320760417, 4.631489855517247
0.15095934952376866, 4.545234179066545
0.15079871853706134, 4.465878956731899
0.15079168873457965, 4.396874415571338
0.15078465893209791, 4.327869874410776
0.15077762912961618, 4.258865333250215
0.1507705993271345, 4.189860792089654
0.15076356952465275, 4.1208562509290925
0.150756539722171, 4.05185170976853
0.15074950991968933, 3.982847168607969
0.1507424801172076, 3.9138426274474076
0.15073545031472585, 3.8448380862868463
0.15072842051224417, 3.775833545126285
0.15072139070976243, 3.7068290039657232
0.1507143609072807, 3.637824462805162
0.150707331104799, 3.5688199216446006
0.15070030130231726, 3.499815380484039
0.15069327149983558, 3.4308108393234775
0.15068624169735384, 3.361806298162916
0.1506792118948721, 3.292801757002355
0.15067218209239042, 3.223797215841793
0.15066515228990868, 3.154792674681232
0.15065812248742694, 3.0857881335206705
0.15065109268494525, 3.0167835923601087
0.15064406288246351, 2.9477790511995474
0.15063703307998177, 2.878774510038986
0.1506300032775001, 2.809769968878425
0.15062297347501835, 2.740765427717863
0.1506159436725366, 2.6717608865573017
0.15060891387005493, 2.6027563453967404
0.1506018840675732, 2.5337518042361786
0.15059485426509145, 2.4647472630756173
0.15058782446260977, 2.395742721915056
0.15058079466012803, 2.3267381807544947
0.15057376485764634, 2.257733639593933
0.1505667350551646, 2.1887290984333716
0.15055970525268286, 2.1197245572728103
0.15055267545020118, 2.050720016112249
0.15054564564771944, 1.9817154749516872
0.1505386158452377, 1.912710933791126
0.15053158604275602, 1.8437063926305646
0.15052455624027428, 1.7747018514700033
0.15051752643779254, 1.705697310309442
0.15051049663531085, 1.6366927691488797
0.1505034668328291, 1.5676882279883184
0.15049643703034737, 1.498683686827757
0.1504894072278657, 1.4296791456671958
0.15048237742538395, 1.3606746045066345
0.1504753476229022, 1.2916700633460731
0.15046831782042053, 1.2226655221855118
0.1504612880179388, 1.1536609810249496
0.1504542582154571, 1.0846564398643883
0.15044722841297536, 1.015651898703827
0.15044019861049363, 0.9466473575432657
0.15043316880801194, 0.8776428163827044
0.1504261390055302, 0.808638275222143
0.15041910920304846, 0.7396337340615817
0.15041207940056678, 0.6706291929010195
0.15040504959808504, 0.6016246517404582
0.1503980197956033, 0.5326201105798969
0.15039098999312162, 0.46361556941933557
0.15038396019063988, 0.39461102825877425
0.15037693038815814, 0.32560648709821294
0.15036990058567645, 0.2566019459376516
0.1503628707831947, 0.18759740477708942
0.15035584098071297, 0.1185928636165281
0.1503488111782313, 0.04958832245596678
0.15034178137574955, -0.019416218704594534
0.15155625005249146, -0.07738003327946608
0.1539986846267402, -0.06081894340093097
0.15583318188236978, 4.769498937838369
0.15570177144131153, 4.677492882957621
0.15569567894582736, 4.617688947285134
0.15538425869588718, 4.555584860240629
0.1558334630744691, 4.472779410847956
0.15537019909092376, 4.417575777919506
0.15536316928844202, 4.348571236758945
0.15535613948596028, 4.279566695598383
0.1553491096834786, 4.210562154437822
0.15534207988099685, 4.141557613277261
0.1553350500785151, 4.072553072116699
0.15532802027603343, 4.003548530956138
0.1553209904735517, 3.9345439897955763
0.15531396067107, 3.8655394486350145
0.15530693086858827, 3.796534907474453
0.15529990106610653, 3.727530366313892
0.15529287126362484, 3.65852582515333
0.1552858414611431, 3.589521283992769
0.15527881165866136, 3.5205167428322075
0.15527178185617968, 3.451512201671646
0.15526475205369794, 3.3825076605110844
0.1552577222512162, 3.313503119350523
0.15525069244873452, 3.244498578189962
0.15524366264625278, 3.1754940370294005
0.15523663284377104, 3.1064894958688387
0.15522960304128935, 3.0374849547082774
0.15522257323880762, 2.968480413547716
0.15521554343632588, 2.8994758723871543
0.1552085136338442, 2.830471331226593
0.15520148383136245, 2.7614667900660317
0.15519445402888077, 2.6924622489054704
0.15518742422639903, 2.6234577077449086
0.1551803944239173, 2.5544531665843473
0.1551733646214356, 2.485448625423786
0.15516633481895387, 2.416444084263224
0.15515930501647213, 2.347439543102663
0.15515227521399044, 2.2784350019421016
0.1551452454115087, 2.2094304607815403
0.15513821560902696, 2.1404259196209785
0.15513118580654528, 2.071421378460417
0.15512415600406354, 2.0024168372998554
0.1551171262015818, 1.933412296139294
0.15511009639910012, 1.8644077549787328
0.15510306659661838, 1.7954032138181715
0.15509603679413664, 1.7263986726576102
0.15508900699165495, 1.6573941314970488
0.15508197718917321, 1.5883895903364875
0.15507494738669153, 1.5193850491759253
0.1550679175842098, 1.450380508015364
0.15506088778172805, 1.3813759668548027
0.15505385797924637, 1.3123714256942414
0.15504682817676463, 1.24336688453368
0.1550397983742829, 1.1743623433731187
0.1550327685718012, 1.1053578022125574
0.15502573876931947, 1.0363532610519952
0.15501870896683773, 0.9673487198914339
0.15501167916435604, 0.8983441787308726
0.1550046493618743, 0.8293396375703113
0.15499761955939256, 0.7603350964097499
0.15499058975691088, 0.6913305552491886
0.15498355995442914, 0.6223260140886273
0.1549765301519474, 0.5533214729280651
0.15496950034946572, 0.4843169317675038
0.15496247054698398, 0.41531239060694247
0.1549554407445023, 0.34630784944638116
0.15494841094202055, 0.27730330828581984
0.15494138113953881, 0.20829876712525852
0.15493435133705713, 0.1392942259646972
0.1549273215345754, 0.070289684804135
0.15492029173209365, 0.001285143643573683
0.15635595314392287, 5.109346303054135
0.15604084224767983, 5.011014831900335
0.1560338124451981, 4.942010290739773
0.15602678264271636, 4.873005749579212
0.1588011644901519, 5.153164186691091
0.1603156651368136, 5.045517102480615
0.16030863533433187, 4.976512561320054
0.1603016055318502, 4.907508020159493
0.16029457572936845, 4.8385034789989305
0.1602875459268867, 4.769498937838369
0.16028051612440503, 4.700494396677808
0.1602734863219233, 4.631489855517247
0.16026645651944155, 4.562485314356685
0.16025942671695986, 4.493480773196124
0.16025239691447812, 4.424476232035563
0.16024536711199638, 4.355471690875001
0.1602383373095147, 4.28646714971444
0.16023130750703296, 4.217462608553878
0.16022427770455122, 4.1484580673933165
0.16021724790206954, 4.079453526232755
0.1602102180995878, 4.010448985072194
0.1602031882971061, 3.941444443911632
0.16019615849462437, 3.8724399027510708
0.16018912869214263, 3.8034353615905094
0.16018209888966095, 3.734430820429948
0.1601750690871792, 3.6654262792693864
0.16016803928469747, 3.596421738108825
0.1601610094822158, 3.5274171969482637
0.16015397967973405, 3.458412655787702
0.1601469498772523, 3.3894081146271406
0.16013992007477063, 3.3204035734665793
0.16013289027228889, 3.251399032306018
0.16012586046980715, 3.1823944911454563
0.16011883066732546, 3.113389949984895
0.16011180086484372, 3.0443854088243336
0.16010477106236198, 2.975380867663772
0.1600977412598803, 2.9063763265032105
0.16009071145739856, 2.837371785342649
0.16008368165491688, 2.768367244182088
0.16007665185243514, 2.699362703021526
0.1600696220499534, 2.630358161860965
0.1600625922474717, 2.5613536207004035
0.16005556244498997, 2.492349079539842
0.16004853264250823, 2.4233445383792804
0.16004150284002655, 2.354339997218719
0.1600344730375448, 2.285335456058158
0.16002744323506307, 2.216330914897596
0.1600204134325814, 2.1473263737370347
0.16001338363009965, 2.0783218325764734
0.1600063538276179, 2.009317291415912
0.15999932402513622, 1.9403127502553508
0.15999229422265449, 1.8713082090947886
0.15998526442017275, 1.8023036679342272
0.15997823461769106, 1.733299126773666
0.15997120481520932, 1.6642945856131046
0.15996417501272764, 1.5952900444525433
0.1599571452102459, 1.526285503291982
0.15995011540776416, 1.4572809621314207
0.15994308560528248, 1.3882764209708593
0.15993605580280074, 1.3192718798102971
0.159929026000319, 1.2502673386497358
0.1599219961978373, 1.1812627974891745
0.15991496639535557, 1.1122582563286132
0.15990793659287383, 1.0432537151680519
0.15990090679039215, 0.9742491740074906
0.1598938769879104, 0.9052446328469292
0.15988684718542867, 0.836240091686367
0.159879817382947, 0.7672355505258057
0.15987278758046525, 0.6982310093652444
0.1598657577779835, 0.6292264682046831
0.15985872797550182, 0.5602219270441218
0.15985169817302008, 0.49121738588356045
0.1598446683705384, 0.42221284472299914
0.15983763856805666, 0.35320830356243693
0.15983060876557492, 0.2842037624018756
0.15982357896309324, 0.2151992212413143
0.1598165491606115, 0.14619468008075298
0.15980951935812976, 0.07719013892019166
0.15969891713241735, -0.010215613216518982
0.16062778836700198, 5.114521643641177
0.16131980212330244, -0.07185966998662163
0.1637600340261069, -0.0769200030050623
0.16453888927573157, 0.3808101200266618
0.16455709646415922, 0.26005217299567907
0.16439623115070257, 0.17839679928901475
0.164389904328469, 0.11629271224450921
0.16407801542503003, 0.04958832245596678
0.1640709856225483, -0.019416218704594534
0.16562274422236317, 5.030336103425292
0.1651859122961491, 4.935109836623717
0.16517888249366736, 4.866105295463155
0.16517185269118562, 4.797100754302594
0.16516482288870393, 4.728096213142033
0.1651577930862222, 4.6590916719814714
0.16515076328374045, 4.59008713082091
0.16514373348125877, 4.521082589660349
0.16513670367877703, 4.452078048499787
0.1651296738762953, 4.383073507339225
0.1651226440738136, 4.314068966178664
0.16511561427133187, 4.245064425018103
0.16510858446885013, 4.176059883857541
0.16510155466636844, 4.10705534269698
0.1650945248638867, 4.038050801536418
0.16508749506140497, 3.969046260375857
0.16508046525892328, 3.900041719215295
0.16507343545644154, 3.831037178054734
0.16506640565395986, 3.7620326368941726
0.16505937585147812, 3.6930280957336112
0.16505234604899638, 3.6240235545730495
0.1650453162465147, 3.555019013412488
0.16503828644403296, 3.486014472251927
0.16503125664155122, 3.417009931091365
0.16502422683906953, 3.3480053899308038
0.1650171970365878, 3.2790008487702424
0.16501016723410605, 3.209996307609681
0.16500313743162437, 3.1409917664491194
0.16499610762914263, 3.071987225288558
0.1649890778266609, 3.0029826841279967
0.1649820480241792, 2.9339781429674354
0.16497501822169747, 2.8649736018068737
0.16496798841921573, 2.7959690606463123
0.16496095861673404, 2.726964519485751
0.1649539288142523, 2.6579599783251893
0.16494689901177062, 2.588955437164628
0.16493986920928888, 2.5199508960040666
0.16493283940680714, 2.4509463548435053
0.16492580960432546, 2.3819418136829436
0.16491877980184372, 2.3129372725223822
0.16491174999936198, 2.243932731361821
0.1649047201968803, 2.174928190201259
0.16489769039439856, 2.105923649040698
0.16489066059191682, 2.036919107880136
0.16488363078943513, 1.9679145667195748
0.1648766009869534, 1.8989100255590134
0.16486957118447165, 1.8299054843984521
0.16486254138198997, 1.7609009432378908
0.16485551157950823, 1.6918964020773295
0.1648484817770265, 1.6228918609167682
0.1648414519745448, 1.553887319756206
0.16483442217206307, 1.4848827785956447
0.16482739236958138, 1.4158782374350833
0.16482036256709964, 1.346873696274522
0.1648133327646179, 1.2778691551139607
0.16480630296213622, 1.2088646139533994
0.16479927315965448, 1.139860072792838
0.16479224335717274, 1.0708555316322759
0.16478521355469106, 1.0018509904717146
0.16477818375220932, 0.9328464493111532
0.16477115394972758, 0.8638419081505919
0.1647641241472459, 0.7948373669900306
0.16475709434476415, 0.7258328258294693
0.16475006454228242, 0.656828284668908
0.16474303473980073, 0.5878237435083458
0.164736004937319, 0.5188192023477844
0.16442528766762698, 0.46361556941933557
0.16734434285013633, 5.158684549983936
0.16978340311919382, 5.1421234601054016
0.16977637331671208, 5.07311891894484
0.1697693435142304, 5.004114377784278
0.16976231371174866, 4.935109836623717
0.16975528390926692, 4.866105295463155
0.16974825410678523, 4.797100754302594
0.1697412243043035, 4.728096213142033
0.16985173279931615, 4.614928765638712
0.16983092458397026, 4.41067532380345
0.16980308656614262, 4.137417340807627
0.1697604859631034, 3.7192498213746243
0.16969060972643513, 3.0333446822386434
0.16925569927956607, 2.9569796566876225
0.1697060752918949, 2.8856749641550423
0.16954532714181292, 2.805169666134387
0.16953829733933118, 2.7361651249738257
0.1695312675368495, 2.6671605838132644
0.16952423773436776, 2.5981560426527026
0.16951720793188602, 2.5291515014921413
0.16951017812940433, 2.4601469603315804
0.1695031483269226, 2.3911424191710187
0.16949611852444085, 2.3221378780104573
0.16948908872195917, 2.253133336849896
0.16948205891947743, 2.1841287956893343
0.1694750291169957, 2.115124254528773
0.169467999314514, 2.0461197133682116
0.16946096951203227, 1.9771151722076503
0.16945393970955053, 1.908110631047089
0.16944690990706884, 1.8391060898865277
0.1694398801045871, 1.7701015487259655
0.16943285030210536, 1.7010970075654042
0.16942582049962368, 1.6320924664048428
0.16941879069714194, 1.5630879252442815
0.16941176089466026, 1.4940833840837202
0.16940473109217852, 1.425078842923159
0.16939770128969678, 1.3560743017625976
0.1693906714872151, 1.2870697606020354
0.16938364168473335, 1.218065219441474
0.16937661188225162, 1.1490606782809127
0.16936958207976993, 1.0800561371203514
0.1693625522772882, 1.01105159595979
0.16935552247480645, 0.9420470547992288
0.16934849267232477, 0.8730425136386675
0.16934146286984303, 0.8040379724781053
0.1693344330673613, 0.735033431317544
0.1693274032648796, 0.6660288901569826
0.16932037346239787, 0.5970243489964213
0.1691607383643755, 0.5274447699928553
0.17002452534431683, 4.514182135544292
0.17000343593687167, 4.307168512062608
0.16999640613438993, 4.238163970902047
0.16997531672694477, 4.031150347420362
0.16996828692446309, 3.9621458062598007
0.16996125712198135, 3.8931412650992394
0.1699542273194996, 3.8241367239386777
0.16993313791205444, 3.6171231004569933
0.16992610810957276, 3.548118559296432
0.16991907830709102, 3.4791140181358706
0.16991204850460928, 3.4101094769753093
0.1699050187021276, 3.3411049358147475
0.16989798889964586, 3.2721003946541862
0.16989095909716412, 3.203095853493625
0.16988392929468243, 3.1340913123330636
0.1706458192876512, 0.43049338966226625
0.1703612528831912, 0.3325069412142687
0.17081116024202125, 0.2566019459376516
0.17080413043953951, 0.18759740477708942
0.17079710063705777, 0.1185928636165281
0.1707900708345761, 0.04958832245596678
0.17067993726236247, -0.033217126936706975
0.17230302492469185, -0.07323976080983208
0.17460894073474553, 3.3949284779199855
0.17447743656298753, 3.3020023624904296
0.1744704067605058, 3.232997821329868
0.17446337695802405, 3.1639932801693065
0.17445634715554237, 3.094988739008745
0.17444931735306063, 3.025984197848184
0.1744422875505789, 2.956979656687622
0.1744352577480972, 2.8879751155270608
0.17442822794561547, 2.8189705743664994
0.17442119814313373, 2.7499660332059377
0.17441416834065204, 2.6809614920453764
0.1744071385381703, 2.611956950884815
0.17440010873568856, 2.5429524097242537
0.17439307893320688, 2.4739478685636924
0.17438604913072514, 2.404943327403131
0.1743790193282434, 2.33593878624257
0.17437198952576172, 2.266934245082008
0.17436495972327998, 2.1979297039214467
0.1743579299207983, 2.1289251627608854
0.17435090011831655, 2.059920621600324
0.17434387031583481, 1.9909160804397628
0.17433684051335313, 1.9219115392792006
0.1743298107108714, 1.8529069981186392
0.17432278090838965, 1.783902456958078
0.17431575110590797, 1.7148979157975166
0.17430872130342623, 1.6458933746369553
0.1743016915009445, 1.576888833476394
0.1742946616984628, 1.5078842923158327
0.17428763189598107, 1.4388797511552713
0.17428060209349933, 1.3698752099947091
0.17427357229101764, 1.3008706688341478
0.1742665424885359, 1.2318661276735865
0.17425951268605416, 1.1628615865130252
0.17425248288357248, 1.0938570453524639
0.17424545308109074, 1.0248525041919025
0.17423842327860906, 0.9558479630313412
0.17423139347612732, 0.886843421870779
0.17422436367364558, 0.8178388807102177
0.1742173338711639, 0.7488343395496564
0.17421030406868215, 0.6798297983890951
0.17420327426620041, 0.6108252572285338
0.17419624446371873, 0.5418207160679724
0.17419015196823456, 0.4820167803954849
0.1738775600845474, 0.4084119364908867
0.17387053028206573, 0.3394073953303254
0.173863500479584, 0.2704028541697632
0.17416203275830766, 0.20599861575323963
0.17384944087462056, 0.13239377184864054
0.17384241107213882, 0.06338923068807922
0.17383538126965709, -0.0056153104724820935
0.17541532937742366, 3.5239669698902354
0.17413344489488203, -0.07461985163304341
0.17673615896571393, 5.109001280348332
0.17617630549606977, 5.004114377784278
0.1761692756935881, 4.935109836623717
0.17616224589110635, 4.866105295463155
0.1761552160886246, 4.797100754302594
0.17614818628614293, 4.728096213142033
0.1761411564836612, 4.6590916719814714
0.17613412668117945, 4.59008713082091
0.17612709687869776, 4.521082589660349
0.17612006707621602, 4.452078048499787
0.17611303727373429, 4.383073507339225
0.1761060074712526, 4.314068966178664
0.17609897766877086, 4.245064425018103
0.17609194786628912, 4.176059883857541
0.17608491806380744, 4.10705534269698
0.1760778882613257, 4.038050801536418
0.17607085845884396, 3.969046260375857
0.17606382865636228, 3.900041719215295
0.17605679885388054, 3.831037178054734
0.17604976905139885, 3.7620326368941726
0.1760427392489171, 3.6930280957336112
0.17603570944643537, 3.6240235545730495
0.17572639813723973, 3.5826208298767126
0.17924235384847187, 5.152474141279486
0.1795398316568233, 5.077719221688877
0.17953280185434162, 5.008714680528316
0.17952577205185988, 4.9397101393677545
0.17951874224937814, 4.870705598207193
0.17951171244689645, 4.801701057046632
0.17950468264441471, 4.7326965158860705
0.17949765284193298, 4.663691974725508
0.1794906230394513, 4.594687433564947
0.17948359323696955, 4.525682892404386
0.1794765634344878, 4.456678351243824
0.17946953363200613, 4.387673810083263
0.1794625038295244, 4.318669268922701
0.17945547402704265, 4.24966472776214
0.17944844422456097, 4.180660186601578
0.17944141442207923, 4.111655645441017
0.17943438461959754, 4.042651104280456
0.1794273548171158, 3.9736465631198943
0.17942032501463406, 3.904642021959333
0.17941329521215238, 3.8356374807987716
0.17940626540967064, 3.76663293963821
0.1793992356071889, 3.6976283984776486
0.17939220580470722, 3.6286238573170873
0.17938517600222548, 3.559619316156526
0.17937814619974374, 3.490614774995964
0.17937111639726205, 3.421610233835403
0.17936408659478031, 3.3526056926748415
0.17935705679229857, 3.28360115151428
0.1793500269898169, 3.2145966103537185
0.17934299718733515, 3.145592069193157
0.1793359673848534, 3.076587528032596
0.17932893758237173, 3.007582986872034
0.17932190777989, 2.9385784457114728
0.1793148779774083, 2.8695739045509114
0.17930784817492657, 2.8005693633903497
0.17930081837244483, 2.7315648222297884
0.17929378856996314, 2.662560281069227
0.1792867587674814, 2.5935557399086657
0.17927972896499966, 2.524551198748104
0.17927269916251798, 2.455546657587542
0.17926637234028442, 2.393442570543037
0.17895448343684545, 2.3267381807544947
0.17894745363436376, 2.257733639593933
0.17894042383188202, 2.1887290984333716
0.17893339402940028, 2.1197245572728103
0.17923005169412887, 2.036919107880136
0.18074848903018037, 1.9679145667195748
0.18074145922769863, 1.8989100255590134
0.1807344294252169, 1.8299054843984521
0.1807273996227352, 1.7609009432378908
0.18072036982025347, 1.6918964020773295
0.18071334001777173, 1.6228918609167682
0.18070631021529004, 1.553887319756206
0.1806992804128083, 1.4848827785956447
0.18069225061032662, 1.4158782374350833
0.18068522080784488, 1.346873696274522
0.18067819100536314, 1.2778691551139607
0.18067116120288146, 1.2088646139533994
0.18066413140039972, 1.139860072792838
0.18065710159791798, 1.0708555316322759
0.1806500717954363, 1.0018509904717146
0.18064304199295456, 0.9328464493111532
0.18063601219047282, 0.8638419081505919
0.18062898238799113, 0.7948373669900306
0.1806219525855094, 0.7258328258294693
0.18061492278302765, 0.656828284668908
0.18060789298054597, 0.5878237435083458
0.18060086317806423, 0.5188192023477844
0.1805938333755825, 0.44981466118722313
0.1805868035731008, 0.3808101200266618
0.18057977377061907, 0.3118055788661005
0.18057274396813738, 0.24280103770553918
0.18056571416565564, 0.17379649654497786
0.1805586843631739, 0.10479195538441566
0.18055165456069222, 0.03578741422385434
0.18119518276501873, -0.06476206003867802
0.18440609526141916, 1.933412296139294
0.18378676966277963, 1.8437063926305646
0.18377973986029789, 1.7747018514700033
0.1837727100578162, 1.705697310309442
0.18376568025533446, 1.6366927691488797
0.18375865045285278, 1.5676882279883184
0.18375162065037104, 1.498683686827757
0.1837445908478893, 1.4296791456671958
0.18373756104540762, 1.3606746045066345
0.18373053124292588, 1.2916700633460731
0.18372350144044414, 1.2226655221855118
0.18371647163796245, 1.1536609810249496
0.1837094418354807, 1.0846564398643883
0.18370241203299897, 1.015651898703827
0.1836953822305173, 0.9466473575432657
0.18368835242803555, 0.8776428163827044
0.1836813226255538, 0.808638275222143
0.18367429282307213, 0.7396337340615817
0.1836672630205904, 0.6706291929010195
0.1836602332181087, 0.6016246517404582
0.18365320341562696, 0.5326201105798969
0.18364617361314522, 0.46361556941933557
0.18363914381066354, 0.39461102825877425
0.1836321140081818, 0.32560648709821294
0.18362508420570006, 0.2566019459376516
0.18361805440321838, 0.18759740477708942
0.18361102460073664, 0.1185928636165281
0.1836039947982549, 0.04958832245596678
0.1835941530747805, -0.047018035168819416
0.18655932376156997, 5.100720735409064
0.18624391995689016, 4.999514075040241
0.18623689015440842, 4.93050953387968
0.18622986035192668, 4.8615049927191185
0.18622353352969312, 4.799400905674613
0.18591117597275536, 4.728096213142033
0.18590414617027362, 4.6590916719814714
0.18589711636779194, 4.59008713082091
0.1858900865653102, 4.521082589660349
0.18588305676282846, 4.452078048499787
0.18587602696034677, 4.383073507339225
0.18586899715786503, 4.314068966178664
0.1858619673553833, 4.245064425018103
0.18585493755290156, 4.176059883857541
0.18584790775041987, 4.10705534269698
0.18584087794793813, 4.038050801536418
0.1858338481454564, 3.969046260375857
0.1858268183429747, 3.900041719215295
0.18581978854049297, 3.831037178054734
0.18581275873801129, 3.7620326368941726
0.18580572893552955, 3.6930280957336112
0.1857986991330478, 3.6240235545730495
0.18579166933056612, 3.555019013412488
0.18578463952808438, 3.486014472251927
0.18577760972560264, 3.417009931091365
0.18577057992312096, 3.3480053899308038
0.18576355012063922, 3.2790008487702424
0.18575652031815748, 3.209996307609681
0.1857494905156758, 3.1409917664491194
0.18574246071319406, 3.071987225288558
0.18573543091071232, 3.0029826841279967
0.18572840110823063, 2.9339781429674354
0.1857213713057489, 2.8649736018068737
0.18571434150326716, 2.7959690606463123
0.18570731170078547, 2.726964519485751
0.18570028189830373, 2.6579599783251893
0.18569325209582205, 2.588955437164628
0.1856862222933403, 2.5199508960040666
0.18567919249085857, 2.4509463548435053
0.18567216268837688, 2.3819418136829436
0.18566513288589515, 2.3129372725223822
0.1856581030834134, 2.243932731361821
0.18565107328093172, 2.174928190201259
0.18564404347844998, 2.105923649040698
0.18563701367596824, 2.036919107880136
0.1853277023667726, 1.9955163831837996
0.18870060159750174, 5.155924368337514
0.18899796224247856, 5.080019373060896
0.18899093243999682, 5.011014831900335
0.18898390263751513, 4.942010290739773
0.1889768728350334, 4.873005749579212
0.18896984303255165, 4.804001208418651
0.18896281323006997, 4.7349966672580885
0.18895578342758823, 4.665992126097527
0.1889487536251065, 4.596987584936966
0.1889417238226248, 4.527983043776405
0.18893469402014307, 4.458978502615843
0.18892766421766133, 4.389973961455281
0.18892063441517964, 4.32096942029472
0.1889136046126979, 4.251964879134158
0.18890657481021622, 4.182960337973597
0.1892046384354411, 4.113955796813036
0.19045348284631858, 2.8960256453291264
0.19029261753286192, 2.814370271622462
0.19021315147397483, 2.0343314375866157
0.19020497932858982, 1.9541136584874623
0.19019794952610813, 1.885109117326901
0.1901909197236264, 1.8161045761663397
0.19018388992114466, 1.7471000350057784
0.19017686011866297, 1.678095493845217
0.19016983031618123, 1.6090909526846557
0.1901628005136995, 1.5400864115240944
0.1901557707112178, 1.4710818703635322
0.19014874090873607, 1.402077329202971
0.19014171110625433, 1.3330727880424096
0.19013468130377265, 1.2640682468818483
0.1901276515012909, 1.195063705721287
0.19012062169880917, 1.1260591645607256
0.19011359189632748, 1.0570546234001643
0.19010656209384574, 0.9880500822396021
0.19009953229136406, 0.9190455410790408
0.19009250248888232, 0.8500409999184795
0.19008547268640058, 0.7810364587579182
0.1900784428839189, 0.7120319175973568
0.19007141308143716, 0.6430273764367955
0.19006438327895542, 0.5740228352762342
0.1899037522922481, 0.4946676129415879
0.19072377875174074, 4.05185170976853
0.190716748949259, 3.982847168607969
0.1907097191467773, 3.9138426274474076
0.19070268934429557, 3.8448380862868463
0.1906956595418139, 3.775833545126285
0.19068862973933215, 3.7068290039657232
0.1906815999368504, 3.637824462805162
0.19067457013436873, 3.5688199216446006
0.190667540331887, 3.499815380484039
0.19066051052940525, 3.4308108393234775
0.19065348072692356, 3.361806298162916
0.19064645092444182, 3.292801757002355
0.19063942112196008, 3.223797215841793
0.1906323913194784, 3.154792674681232
0.19062536151699666, 3.0857881335206705
0.19061833171451492, 3.0167835923601087
0.19030761444482291, 2.96157995943166
0.19059021250458807, 2.740765427717863
0.19058318270210634, 2.6717608865573017
0.19057615289962465, 2.6027563453967404
0.1905691230971429, 2.5337518042361786
0.19056209329466117, 2.4647472630756173
0.1905550634921795, 2.395742721915056
0.19054803368969775, 2.3267381807544947
0.190541003887216, 2.257733639593933
0.19053397408473433, 2.1887290984333716
0.19052694428225259, 2.1197245572728103
0.19045477164344027, 0.4130122392349236
0.19034416941772786, 0.32560648709821294
0.19033713961524618, 0.2566019459376516
0.19033010981276444, 0.18759740477708942
0.1903230800102827, 0.1185928636165281
0.190316050207801, 0.04958832245596678
0.19020615096233673, -0.030916975564688087
0.19182900429791672, -0.07323976080983208
0.1942733017698231, -0.038392467523748586
0.19546327158491622, 4.454838230146209
0.19533204860525744, 4.364672296363076
0.1953250188027757, 4.295667755202515
0.195317989000294, 4.226663214041952
0.19531095919781227, 4.157658672881391
0.19530392939533053, 4.08865413172083
0.19529689959284885, 4.0196495905602685
0.1952898697903671, 3.950645049399707
0.19528283998788537, 3.8816405082391454
0.1952758101854037, 3.812635967078584
0.19526878038292195, 3.743631425918023
0.1952617505804402, 3.674626884757461
0.19525472077795852, 3.6056223435968997
0.19524769097547678, 3.5366178024363384
0.1952406611729951, 3.467613261275777
0.19523363137051336, 3.3986087201152153
0.19522660156803162, 3.329604178954654
0.19521957176554994, 3.2605996377940927
0.1952125419630682, 3.191595096633531
0.19520551216058646, 3.1225905554729696
0.19519848235810477, 3.0535860143124083
0.19519145255562304, 2.984581473151847
0.1951844227531413, 2.915576931991285
0.1951773929506596, 2.846572390830724
0.19517036314817787, 2.7775678496701626
0.19516333334569613, 2.7085633085096013
0.19515630354321445, 2.6395587673490395
0.1951492737407327, 2.570554226188478
0.19514224393825097, 2.5015496850279173
0.19513521413576929, 2.4325451438673555
0.19512818433328755, 2.3635406027067942
0.19512115453080586, 2.294536061546233
0.19511412472832412, 2.225531520385671
0.19510709492584238, 2.15652697922511
0.1951000651233607, 2.0875224380645485
0.19509303532087896, 2.0185178969039868
0.19508600551839722, 1.9495133557434254
0.19507897571591554, 1.8805088145828641
0.1950719459134338, 1.8115042734223028
0.19506491611095206, 1.7424997322617415
0.19505788630847037, 1.6734951911011802
0.19505085650598863, 1.604490649940618
0.1950438267035069, 1.5354861087800566
0.1950367969010252, 1.4664815676194953
0.19502976709854347, 1.397477026458934
0.19502273729606173, 1.3284724852983727
0.19501570749358005, 1.2594679441378114
0.1950086776910983, 1.19046340297725
0.19500164788861662, 1.1214588618166879
0.19499461808613489, 1.0524543206561265
0.19498758828365315, 0.9834497794955652
0.19498055848117146, 0.9144452383350039
0.19497352867868972, 0.8454406971744426
0.19496649887620798, 0.7764361560138813
0.1949594690737263, 0.70743161485332
0.19495243927124456, 0.6384270736927578
0.19494540946876282, 0.5694225325321964
0.19493837966628114, 0.5004179913716351
0.1949313498637994, 0.4314134502110738
0.19492525736831523, 0.37160951453858715
0.19461266548462813, 0.29800467063398806
0.1946056356821464, 0.22900012947342674
0.19459860587966465, 0.15999558831286542
0.19459157607718297, 0.0909910471523041
0.19428226476798732, 0.04958832245596678
0.19601739576553778, 5.102445848938078
0.1957022848692947, 5.004114377784278
0.195695255066813, 4.935109836623717
0.19568822526433127, 4.866105295463155
0.19568119546184953, 4.797100754302594
0.19567416565936785, 4.728096213142033
0.1956671358568861, 4.6590916719814714
0.19566010605440443, 4.59008713082091
0.19535079474520867, 4.548684406124573
0.19846316949596537, 5.15178409586788
0.20008091450840854, 5.059318010712728
0.1999700779559468, 4.969612107203998
0.19996304815346505, 4.900607566043436
0.19995601835098337, 4.831603024882875
0.19994898854850163, 4.762598483722313
0.19994195874601994, 4.693593942561752
0.1999349289435382, 4.624589401401191
0.19992789914105646, 4.555584860240629
0.19992086933857478, 4.486580319080067
0.19991383953609304, 4.417575777919506
0.1999068097336113, 4.348571236758945
0.19989977993112962, 4.279566695598383
0.19989275012864788, 4.210562154437822
0.19988572032616614, 4.141557613277261
0.19987869052368445, 4.072553072116699
0.19987166072120272, 4.003548530956138
0.19986463091872098, 3.9345439897955763
0.1998576011162393, 3.8655394486350145
0.19985057131375755, 3.796534907474453
0.1998435415112758, 3.727530366313892
0.19983651170879413, 3.65852582515333
0.1998294819063124, 3.589521283992769
0.1998224521038307, 3.5205167428322075
0.19981542230134897, 3.451512201671646
0.19980839249886723, 3.3825076605110844
0.19980136269638554, 3.313503119350523
0.1997943328939038, 3.244498578189962
0.19978730309142206, 3.1754940370294005
0.19978027328894038, 3.1064894958688387
0.19977324348645864, 3.0374849547082774
0.1997662136839769, 2.968480413547716
0.19975918388149522, 2.8994758723871543
0.19975215407901348, 2.830471331226593
0.19974512427653174, 2.7614667900660317
0.19973809447405005, 2.6924622489054704
0.19973106467156831, 2.6234577077449086
0.19972403486908658, 2.5544531665843473
0.1997170050666049, 2.485448625423786
0.19970997526412315, 2.416444084263224
0.19970294546164147, 2.347439543102663
0.19969591565915973, 2.2784350019421016
0.199688885856678, 2.2094304607815403
0.1996818560541963, 2.1404259196209785
0.19967482625171457, 2.071421378460417
0.19966779644923283, 2.0024168372998554
0.19966076664675114, 1.933412296139294
0.1996537368442694, 1.8644077549787328
0.19964670704178766, 1.7954032138181715
0.19963967723930598, 1.7263986726576102
0.19963264743682424, 1.6573941314970488
0.1996256176343425, 1.5883895903364875
0.19961858783186082, 1.5193850491759253
0.19961155802937908, 1.450380508015364
0.19960452822689734, 1.3813759668548027
0.19959749842441565, 1.3123714256942414
0.19959046862193391, 1.24336688453368
0.19958343881945223, 1.1743623433731187
0.1995764090169705, 1.1053578022125574
0.19956937921448875, 1.0363532610519952
0.19956234941200707, 0.9673487198914339
0.19955531960952533, 0.8983441787308726
0.1995482898070436, 0.8293396375703113
0.1995412600045619, 0.7603350964097499
0.19953423020208017, 0.6913305552491886
0.19952720039959843, 0.6223260140886273
0.19952017059711674, 0.5533214729280651
0.199513140794635, 0.4843169317675038
0.19950611099215326, 0.41531239060694247
0.19949908118967158, 0.34630784944638116
0.19949205138718984, 0.27730330828581984
0.1994850215847081, 0.20829876712525852
0.19947799178222642, 0.1392942259646972
0.19947096197974468, 0.070289684804135
0.19976738531772387, -0.014815915960557646
0.2011345647370436, -0.07116962457501597
0.20393207463464402, -0.06311909477295075
0.2053130793321779, 5.007564604842306
0.20515268267221998, 4.93050953387968
0.2048410280955304, 4.866105295463155
0.20483399829304866, 4.797100754302594
0.20482696849056697, 4.728096213142033
0.20481993868808523, 4.6590916719814714
0.20481290888560355, 4.59008713082091
0.2048058790831218, 4.521082589660349
0.20479884928064007, 4.452078048499787
0.2047918194781584, 4.383073507339225
0.20478478967567665, 4.314068966178664
0.2047777598731949, 4.245064425018103
0.20477073007071322, 4.176059883857541
0.20476370026823149, 4.10705534269698
0.20475667046574975, 4.038050801536418
0.20474964066326806, 3.969046260375857
0.20474261086078632, 3.900041719215295
0.20473558105830458, 3.831037178054734
0.2047285512558229, 3.7620326368941726
0.20472152145334116, 3.6930280957336112
0.20471449165085942, 3.6240235545730495
0.20470746184837774, 3.555019013412488
0.204700432045896, 3.486014472251927
0.2046934022434143, 3.417009931091365
0.20468637244093257, 3.3480053899308038
0.20467934263845083, 3.2790008487702424
0.20467231283596915, 3.209996307609681
0.2046652830334874, 3.1409917664491194
0.20465825323100567, 3.071987225288558
0.204651223428524, 3.0029826841279967
0.20464419362604225, 2.9339781429674354
0.2046371638235605, 2.8649736018068737
0.20463013402107882, 2.7959690606463123
0.20462310421859708, 2.726964519485751
0.20461607441611535, 2.6579599783251893
0.20460904461363366, 2.588955437164628
0.20460201481115192, 2.5199508960040666
0.20459498500867018, 2.4509463548435053
0.2045879552061885, 2.3819418136829436
0.20458092540370676, 2.3129372725223822
0.20457389560122508, 2.243932731361821
0.20456686579874334, 2.174928190201259
0.2045598359962616, 2.105923649040698
0.2045528061937799, 2.036919107880136
0.20454577639129817, 1.9679145667195748
0.20453874658881643, 1.8989100255590134
0.20453171678633475, 1.8299054843984521
0.204524686983853, 1.7609009432378908
0.20451765718137127, 1.6918964020773295
0.2045106273788896, 1.6228918609167682
0.20450359757640785, 1.553887319756206
0.2044965677739261, 1.4848827785956447
0.20448953797144442, 1.4158782374350833
0.20448250816896268, 1.346873696274522
0.20447547836648094, 1.2778691551139607
0.20446844856399926, 1.2088646139533994
0.20446141876151752, 1.139860072792838
0.20445438895903584, 1.0708555316322759
0.2044473591565541, 1.0018509904717146
0.20444032935407236, 0.9328464493111532
0.20443329955159067, 0.8638419081505919
0.20442626974910894, 0.7948373669900306
0.2044192399466272, 0.7258328258294693
0.2044122101441455, 0.656828284668908
0.20440518034166377, 0.5878237435083458
0.20439815053918203, 0.5188192023477844
0.20439112073670035, 0.44981466118722313
0.2043840909342186, 0.3808101200266618
0.20437706113173687, 0.3118055788661005
0.2043700313292552, 0.24280103770553918
0.20436300152677345, 0.17379649654497786
0.2043559717242917, 0.10479195538441566
0.20434894192181002, 0.03578741422385434
0.20577927240009064, 5.09152012992099
0.20761569113506523, 5.149023914221457
0.2095871992410635, 5.035166421306531
0.20942680258110563, 4.958111350343904
0.20941977277862395, 4.8891068091833425
0.2094127429761422, 4.820102268022781
0.20940571317366047, 4.75109772686222
0.2090958160475913, 4.703944623735836
0.2094427368000642, 5.114521643641177
0.20979891345913798, 4.617688947285134
0.20968877988692441, 4.53488349789246
0.20968175008444268, 4.465878956731899
0.20967472028196094, 4.396874415571338
0.20966769047947925, 4.327869874410776
0.2096606606769975, 4.258865333250215
0.20965363087451577, 4.189860792089654
0.2096466010720341, 4.1208562509290925
0.20963957126955235, 4.05185170976853
0.2096325414670706, 3.982847168607969
0.20962551166458893, 3.9138426274474076
0.2096184818621072, 3.8448380862868463
0.2096114520596255, 3.775833545126285
0.20960442225714376, 3.7068290039657232
0.20959739245466202, 3.637824462805162
0.20959036265218034, 3.5688199216446006
0.2095833328496986, 3.499815380484039
0.20957630304721686, 3.4308108393234775
0.20956927324473518, 3.361806298162916
0.20956224344225344, 3.292801757002355
0.2095552136397717, 3.223797215841793
0.20954818383729001, 3.154792674681232
0.20954115403480827, 3.0857881335206705
0.20953412423232654, 3.0167835923601087
0.20952709442984485, 2.9477790511995474
0.2095200646273631, 2.878774510038986
0.20951303482488137, 2.809769968878425
0.2095060050223997, 2.740765427717863
0.20949897521991795, 2.6717608865573017
0.20949194541743626, 2.6027563453967404
0.20948491561495453, 2.5337518042361786
0.20947788581247279, 2.4647472630756173
0.2094708560099911, 2.395742721915056
0.20946382620750936, 2.3267381807544947
0.20945679640502762, 2.257733639593933
0.20944976660254594, 2.1887290984333716
0.2094427368000642, 2.1197245572728103
0.20943570699758246, 2.050720016112249
0.20942867719510078, 1.9817154749516872
0.20942164739261904, 1.912710933791126
0.2094146175901373, 1.8437063926305646
0.2094075877876556, 1.7747018514700033
0.20940055798517387, 1.705697310309442
0.20939352818269213, 1.6366927691488797
0.20938649838021045, 1.5676882279883184
0.2093794685777287, 1.498683686827757
0.20937243877524703, 1.4296791456671958
0.2093654089727653, 1.3606746045066345
0.20935837917028355, 1.2916700633460731
0.20935134936780186, 1.2226655221855118
0.20934431956532012, 1.1536609810249496
0.20933728976283839, 1.0846564398643883
0.2093302599603567, 1.015651898703827
0.20932323015787496, 0.9466473575432657
0.20931620035539322, 0.8776428163827044
0.20930917055291154, 0.808638275222143
0.2093021407504298, 0.7396337340615817
0.20929511094794806, 0.6706291929010195
0.20928808114546638, 0.6016246517404582
0.20928105134298464, 0.5326201105798969
0.2092740215405029, 0.46361556941933557
0.2092669917380212, 0.39461102825877425
0.20925996193553947, 0.32560648709821294
0.2092529321330578, 0.2566019459376516
0.20924590233057605, 0.18759740477708942
0.2092388725280943, 0.1185928636165281
0.20923184272561263, 0.04958832245596678
0.20912241213364713, -0.02631667282065031
0.21135512426719122, -0.07185966998662163
0.21407790736441096, 1.498683686827757
0.21394649692335266, 1.4066776319470087
0.21393946712087092, 1.3376730907864474
0.21393243731838923, 1.2686685496258852
0.2139254075159075, 1.1996640084653238
0.21391790905992697, 1.1260591645607256
0.21391087925744529, 1.0570546234001643
0.21390384945496355, 0.9880500822396021
0.21389681965248186, 0.9190455410790408
0.21388978985000012, 0.8500409999184795
0.21388276004751838, 0.7810364587579182
0.2138759645717861, 0.7143320689693757
0.21386624001168636, 0.618875787030599
0.21385792141208299, 0.5372204133239338
0.21385089160960125, 0.46821587216337246
0.213995412632288, 0.38943568767173176
0.2135312699234324, 0.32560648709821294
0.21352424012095073, 0.2566019459376516
0.213517210318469, 0.18759740477708942
0.21351018051598725, 0.1185928636165281
0.21350315071350556, 0.04958832245596678
0.21349612091102382, -0.019416218704594534
0.21349049706903844, -0.07461985163304341
0.214874313687565, 4.524532816718376
0.21455973002650802, 4.431376686151618
0.21455270022402628, 4.362372144991057
0.21454567042154454, 4.293367603830496
0.21453864061906286, 4.224363062669934
0.21453161081658112, 4.155358521509372
0.21452458101409938, 4.086353980348811
0.2145175512116177, 4.01734943918825
0.21451052140913596, 3.9483448980276883
0.21450349160665422, 3.879340356867127
0.21449646180417253, 3.8103358157065657
0.2144894320016908, 3.741331274546004
0.2144824021992091, 3.6723267333854426
0.21447537239672737, 3.6033221922248813
0.21446834259424563, 3.53431765106432
0.21446131279176395, 3.465313109903758
0.2144542829892822, 3.396308568743197
0.21444725318680047, 3.3273040275826355
0.21444022338431878, 3.258299486422074
0.21443319358183704, 3.1892949452615125
0.2144261637793553, 3.120290404100951
0.21441913397687362, 3.05128586294039
0.21441210417439188, 2.982281321779828
0.21440507437191014, 2.9132767806192668
0.21439804456942846, 2.8442722394587054
0.21439101476694672, 2.7752676982981437
0.21438398496446498, 2.7062631571375824
0.2143769551619833, 2.637258615977021
0.21436992535950156, 2.5682540748164597
0.21436289555701987, 2.499249533655898
0.21435586575453813, 2.4302449924953367
0.2143488359520564, 2.3612404513347753
0.2143418061495747, 2.292235910174214
0.21433477634709297, 2.2232313690136523
0.21432774654461123, 2.154226827853091
0.21432071674212955, 2.0852222866925296
0.2143136869396478, 2.016217745531968
0.21430665713716607, 1.9472132043714065
0.21429962733468438, 1.8782086632108452
0.21429259753220264, 1.809204122050284
0.2142855677297209, 1.7401995808897226
0.21427853792723922, 1.6711950397291604
0.21427150812475748, 1.602190498568599
0.21639858575967624, 5.111761461994754
0.21583845109793282, 5.004114377784278
0.21583142129545113, 4.935109836623717
0.2158243914929694, 4.866105295463155
0.21581736169048765, 4.797100754302594
0.21581033188800597, 4.728096213142033
0.21580330208552423, 4.6590916719814714
0.2157973267534148, 4.600437811994994
0.21890485094045903, 5.155924368337514
0.21920244591218518, 5.082319524432915
0.21919541610970344, 5.013314983272354
0.21918838630722176, 4.944310442111792
0.21918135650474002, 4.875305900951231
0.21917432670225828, 4.806301359790669
0.2191672968997766, 4.737296818630107
0.21915356535226227, 4.602507948229811
0.2190046741356994, 1.9430729319017725
0.21887345115604068, 1.8529069981186392
0.218866421353559, 1.783902456958078
0.21885939155107725, 1.7148979157975166
0.21885236174859551, 1.6458933746369553
0.21869219941538698, 1.5711384550463467
0.21916073575079364, 4.672892580213583
0.21945106659328867, 4.527983043776405
0.21944403679080693, 4.458978502615843
0.2194370069883252, 4.389973961455281
0.2194299771858435, 4.32096942029472
0.21942294738336177, 4.251964879134158
0.21941591758088008, 4.182960337973597
0.21940888777839834, 4.113955796813036
0.2194018579759166, 4.0449512556524745
0.21939482817343492, 3.975946714491913
0.21938779837095318, 3.9069421733313514
0.21938076856847144, 3.83793763217079
0.21937373876598976, 3.7689330910102288
0.21936670896350802, 3.699928549849667
0.21935967916102628, 3.6309240086891057
0.2193526493585446, 3.5619194675285444
0.21934561955606285, 3.492914926367983
0.21933858975358111, 3.4239103852074213
0.21933155995109943, 3.35490584404686
0.2193245301486177, 3.2859013028862987
0.21931750034613595, 3.216896761725737
0.21931047054365427, 3.1478922205651756
0.21930344074117253, 3.0788876794046143
0.21929641093869084, 3.009883138244053
0.2192893811362091, 2.940878597083491
0.21928235133372737, 2.87187405592293
0.21927532153124568, 2.8028695147623686
0.21926829172876394, 2.733864973601807
0.2192612619262822, 2.6648604324412455
0.21925423212380052, 2.595855891280684
0.21924720232131878, 2.526851350120123
0.21924017251883704, 2.457846808959561
0.21923314271635536, 2.3888422677989998
0.21922611291387362, 2.3198377266384385
0.21921908311139188, 2.250833185477877
0.2192120533089102, 2.1818286443173154
0.21920502350642845, 2.112824103156754
0.21919799370394671, 2.0438195619961927
0.21944778601879716, 1.500983838199776
0.2204560940214252, 1.4158782374350833
0.22034525746896344, 1.3261723339263538
0.2203382276664817, 1.2571677927657925
0.22033119786399996, 1.1881632516052303
0.22032416806151828, 1.119158710444669
0.22031713825903654, 1.0501541692841077
0.2203101084565548, 0.9811496281235463
0.22030307865407311, 0.912145086962985
0.22029604885159138, 0.8431405458024237
0.22028901904910964, 0.7741360046418624
0.22028198924662795, 0.7051314634813011
0.2202749594441462, 0.6361269223207389
0.22026792964166447, 0.5671223811601775
0.2202608998391828, 0.49811783999961623
0.22025387003670105, 0.4291132988390549
0.2202468402342193, 0.3601087576784936
0.22023981043173763, 0.2911042165179323
0.2202327806292559, 0.22209967535737096
0.2202257508267742, 0.15309513419680876
0.22021872102429246, 0.08409059303624744
0.22021169122181072, 0.015086051875686124
0.22111867633800225, -0.0663393066937763
0.2239345340200799, 2.417824175086436
0.22380321730972136, 2.3267381807544947
0.22379618750723962, 2.257733639593933
0.22378915770475794, 2.1887290984333716
0.2237821279022762, 2.1197245572728103
0.22377509809979446, 2.050720016112249
0.22376806829731277, 1.9817154749516872
0.22376103849483103, 1.912710933791126
0.2237540086923493, 1.8437063926305646
0.2237469788898676, 1.7747018514700033
0.22373994908738587, 1.705697310309442
0.22373291928490413, 1.6366927691488797
0.22372588948242245, 1.5676882279883184
0.2237188596799407, 1.498683686827757
0.22371182987745902, 1.4296791456671958
0.22370503440172668, 1.3629747558786534
0.2233933798250371, 1.298570517462129
0.22338635002255536, 1.2295659763015676
0.22337932022007367, 1.1605614351410063
0.22337229041759193, 1.091556893980445
0.2233652606151102, 1.0225523528198837
0.2233582308126285, 0.9535478116593215
0.22335120101014677, 0.8845432704987601
0.2233441712076651, 0.8155387293381988
0.22333714140518335, 0.7465341881776375
0.2233301116027016, 0.6775296470170762
0.22332308180021992, 0.6085251058565149
0.22331605199773819, 0.5395205646959536
0.22330902219525645, 0.47051602353539135
0.22330199239277476, 0.40151148237483003
0.22329496259029302, 0.3325069412142687
0.22328793278781128, 0.2635024000537074
0.2232809029853296, 0.19449785889314608
0.22327387318284786, 0.12549331773258476
0.22326684338036612, 0.05648877657202345
0.22325981357788444, -0.012515764588538758
0.22325383824577494, -0.07116962457501597
0.2260364449621141, 5.081399463884107
0.22590512825175563, 4.9903134695521665
0.2258980984492739, 4.921308928391605
0.22589106864679215, 4.852304387231043
0.22588403884431046, 4.783299846070482
0.22587700904182872, 4.71429530490992
0.22587068221959516, 4.652191217865415
0.2255585589894068, 4.5831866767048535
0.22600846634823685, 4.507281681428236
0.22554449938444332, 4.445177594383731
0.22553746958196164, 4.3761730532231695
0.2255304397794799, 4.307168512062608
0.22552340997699816, 4.238163970902047
0.22551638017451647, 4.169159429741486
0.22550935037203473, 4.100154888580923
0.22550232056955305, 4.031150347420362
0.2254952907670713, 3.9621458062598007
0.22548826096458957, 3.8931412650992394
0.2254812311621079, 3.8241367239386777
0.22547420135962615, 3.7551321827781163
0.2254671715571444, 3.686127641617555
0.22546014175466272, 3.6171231004569933
0.2257572680728901, 3.5389179538083573
0.22544608214969925, 3.4791140181358706
0.22543905234721756, 3.4101094769753093
0.22543202254473582, 3.3411049358147475
0.22542499274225408, 3.2721003946541862
0.2254179629397724, 3.203095853493625
0.22541093313729066, 3.1340913123330636
0.22540390333480892, 3.065086771172502
0.22539687353232724, 2.9960822300119405
0.2253898437298455, 2.927077688851379
0.2253828139273638, 2.8580731476908174
0.22537578412488207, 2.789068606530256
0.22536875432240033, 2.720064065369695
0.22536172451991865, 2.6510595242091335
0.2253546947174369, 2.5820549830485717
0.22524573277897025, 2.5107502905159915
0.22836288779541442, 5.157304459160724
0.22927029469975485, 5.080019373060896
0.2292632648972731, 5.011014831900335
0.22925623509479143, 4.942010290739773
0.2292492052923097, 4.873005749579212
0.22924217548982795, 4.804001208418651
0.22923514568734626, 4.7349966672580885
0.22922811588486453, 4.665992126097527
0.22922108608238279, 4.596987584936966
0.2292140562799011, 4.527983043776405
0.22920702647741936, 4.458978502615843
0.22919999667493762, 4.389973961455281
0.22919296687245594, 4.32096942029472
0.2291859370699742, 4.251964879134158
0.22917890726749252, 4.182960337973597
0.22917187746501078, 4.113955796813036
0.22916484766252904, 4.0449512556524745
0.22915781786004735, 3.975946714491913
0.2291507880575656, 3.9069421733313514
0.22914375825508387, 3.83793763217079
0.2291367284526022, 3.7689330910102288
0.22912969865012045, 3.699928549849667
0.2291226688476387, 3.6309240086891057
0.22911563904515703, 3.5619194675285444
0.2290057397996928, 3.481414169507889
0.23032125017077199, 3.417009931091365
0.23031422036829025, 3.3480053899308038
0.2303071905658085, 3.2790008487702424
0.23030016076332682, 3.209996307609681
0.23029313096084508, 3.1409917664491194
0.23028610115836334, 3.071987225288558
0.23027907135588166, 3.0029826841279967
0.23027204155339992, 2.9339781429674354
0.23026501175091818, 2.8649736018068737
0.2302579819484365, 2.7959690606463123
0.23025095214595476, 2.726964519485751
0.23024392234347302, 2.6579599783251893
0.23023689254099133, 2.588955437164628
0.2302298627385096, 2.5199508960040666
0.23022283293602785, 2.4509463548435053
0.23021580313354617, 2.3819418136829436
0.23020877333106443, 2.3129372725223822
0.23020174352858275, 2.243932731361821
0.230194713726101, 2.174928190201259
0.23018768392361927, 2.105923649040698
0.23018065412113758, 2.036919107880136
0.23017362431865585, 1.9679145667195748
0.2301665945161741, 1.8989100255590134
0.23015956471369242, 1.8299054843984521
0.23015253491121068, 1.7609009432378908
0.23014550510872894, 1.6918964020773295
0.23013847530624726, 1.6228918609167682
0.23013144550376552, 1.553887319756206
0.23012441570128378, 1.4848827785956447
0.2301173858988021, 1.4158782374350833
0.23011035609632036, 1.346873696274522
0.23010332629383862, 1.2778691551139607
0.23009629649135693, 1.2088646139533994
0.2300892666888752, 1.139860072792838
0.2300822368863935, 1.0708555316322759
0.23007520708391177, 1.0018509904717146
0.23006817728143003, 0.9328464493111532
0.23006114747894835, 0.8638419081505919
0.2300541176764666, 0.7948373669900306
0.23004708787398487, 0.7258328258294693
0.2303453858259592, 0.6591284360409269
0.23003302826902144, 0.5878237435083458
0.23033015458724881, 0.5096185968597098
0.23032312478476707, 0.44061405569914847
0.23031609498228534, 0.37160951453858715
0.23030976816005178, 0.3095054274940816
0.22999787925661286, 0.24280103770553918
0.2302945369213414, 0.15999558831286542
0.2302875071188597, 0.0909910471523041
0.23028047731637796, 0.02198650599174279
0.23062031805349426, -0.06476206003867802
0.23346610260899414, 0.14619468008075298
0.23333492649468518, 0.05648877657202345
0.23302315475462093, -0.009065537530510426
0.23332227285021812, -0.06771939751698763
0.2339855347143684, 0.45326488824525146
0.2336702480730633, 0.35320830356243693
0.23366321827058156, 0.2842037624018756
0.23335390696138586, 0.24280103770553918
0.235772721399296, 4.819182207473974
0.23564140468893752, 4.728096213142033
0.23563437488645578, 4.6590916719814714
0.2356273450839741, 4.59008713082091
0.23531522185378573, 4.521082589660349
0.235308192051304, 4.452078048499787
0.2353011622488223, 4.383073507339225
0.23529413244634056, 4.314068966178664
0.23528710264385883, 4.245064425018103
0.23528007284137714, 4.176059883857541
0.2352730430388954, 4.10705534269698
0.23526601323641366, 4.038050801536418
0.23525898343393198, 3.969046260375857
0.23525195363145024, 3.900041719215295
0.2352449238289685, 3.831037178054734
0.23523789402648682, 3.7620326368941726
0.23523086422400508, 3.6930280957336112
0.23522383442152334, 3.6240235545730495
0.23521680461904165, 3.555019013412488
0.2352097748165599, 3.486014472251927
0.23520274501407823, 3.417009931091365
0.2351957152115965, 3.3480053899308038
0.23518868540911475, 3.2790008487702424
0.23518165560663307, 3.209996307609681
0.23517462580415133, 3.1409917664491194
0.2351675960016696, 3.071987225288558
0.2351605661991879, 3.0029826841279967
0.23515353639670616, 2.9339781429674354
0.23514650659422442, 2.8649736018068737
0.23513947679174274, 2.7959690606463123
0.235132446989261, 2.726964519485751
0.23512541718677926, 2.6579599783251893
0.23511838738429758, 2.588955437164628
0.23511135758181584, 2.5199508960040666
0.2351043277793341, 2.4509463548435053
0.23509729797685242, 2.3819418136829436
0.23509026817437068, 2.3129372725223822
0.235083238371889, 2.243932731361821
0.23507620856940725, 2.174928190201259
0.2350691787669255, 2.105923649040698
0.23506214896444383, 2.036919107880136
0.2350551191619621, 1.9679145667195748
0.23504808935948035, 1.8989100255590134
0.23504105955699867, 1.8299054843984521
0.23503402975451693, 1.7609009432378908
0.2350269999520352, 1.6918964020773295
0.2350199701495535, 1.6228918609167682
0.23501294034707176, 1.553887319756206
0.23500591054459002, 1.4848827785956447
0.23499888074210834, 1.4158782374350833
0.2349918509396266, 1.346873696274522
0.23498482113714486, 1.2778691551139607
0.23497779133466318, 1.2088646139533994
0.23497076153218144, 1.139860072792838
0.23496373172969975, 1.0708555316322759
0.23495670192721801, 1.0018509904717146
0.23494967212473628, 0.9328464493111532
0.2349426423222546, 0.8638419081505919
0.23493561251977285, 0.7948373669900306
0.2349285827172911, 0.7258328258294693
0.23492155291480943, 0.656828284668908
0.2349145231123277, 0.5878237435083458
0.23490854778021825, 0.5291698835218686
0.23680179075192004, 5.137523157361364
0.23597672626731553, 5.024815740132447
0.2359696964648338, 4.955811198971885
0.23565968217538996, 4.907508020159493
0.2396483921035178, 5.128322551873289
0.24024944021570482, 5.03861664836456
0.24024241041322308, 4.969612107203998
0.24023538061074134, 4.900607566043436
0.24022835080825966, 4.831603024882875
0.24022132100577792, 4.762598483722313
0.24021429120329624, 4.693593942561752
0.2402072614008145, 4.624589401401191
0.24020023159833276, 4.555584860240629
0.24019320179585107, 4.486580319080067
0.24018617199336934, 4.417575777919506
0.2401791421908876, 4.348571236758945
0.2401721123884059, 4.279566695598383
0.24016508258592417, 4.210562154437822
0.24015805278344243, 4.141557613277261
0.24015102298096075, 4.072553072116699
0.240143993178479, 4.003548530956138
0.24013696337599727, 3.9345439897955763
0.24012993357351559, 3.8655394486350145
0.24012290377103385, 3.796534907474453
0.2401158739685521, 3.727530366313892
0.24010884416607042, 3.65852582515333
0.24010181436358868, 3.589521283992769
0.240094784561107, 3.5205167428322075
0.24008775475862526, 3.451512201671646
0.24008072495614352, 3.3825076605110844
0.24007369515366184, 3.313503119350523
0.2400666653511801, 3.244498578189962
0.24005963554869836, 3.1754940370294005
0.24005260574621667, 3.1064894958688387
0.24004557594373493, 3.0374849547082774
0.2400385461412532, 2.968480413547716
0.2400315163387715, 2.8994758723871543
0.24002448653628977, 2.830471331226593
0.24001745673380803, 2.7614667900660317
0.24001042693132635, 2.6924622489054704
0.2400033971288446, 2.6234577077449086
0.23999636732636287, 2.5544531665843473
0.23998933752388119, 2.485448625423786
0.23998230772139945, 2.416444084263224
0.23997527791891776, 2.347439543102663
0.23996824811643602, 2.2784350019421016
0.23996121831395428, 2.2094304607815403
0.2399541885114726, 2.1404259196209785
0.23994715870899086, 2.071421378460417
0.23994012890650912, 2.0024168372998554
0.23993309910402744, 1.933412296139294
0.2399260693015457, 1.8644077549787328
0.23991903949906396, 1.7954032138181715
0.23991200969658227, 1.7263986726576102
0.23990497989410053, 1.6573941314970488
0.2398979500916188, 1.5883895903364875
0.2398909202891371, 1.5193850491759253
0.23988389048665537, 1.450380508015364
0.23987686068417363, 1.3813759668548027
0.23986983088169195, 1.3123714256942414
0.2398628010792102, 1.24336688453368
0.23985577127672852, 1.1743623433731187
0.23984874147424678, 1.1053578022125574
0.23984171167176505, 1.0363532610519952
0.23983468186928336, 0.9673487198914339
0.23982765206680162, 0.8983441787308726
0.23982062226431988, 0.8293396375703113
0.2398135924618382, 0.7603350964097499
0.23980656265935646, 0.6913305552491886
0.23979953285687472, 0.6223260140886273
0.23979250305439304, 0.5533214729280651
0.2397854732519113, 0.4843169317675038
0.23977844344942956, 0.41531239060694247
0.23977141364694787, 0.34630784944638116
0.23976438384446613, 0.27730330828581984
0.2397573540419844, 0.20829876712525852
0.2397503242395027, 0.1392942259646972
0.23974329443702097, 0.070289684804135
0.2396333951915568, -0.010215613216518982
0.24125428018244183, -0.07185966998662163
0.24400036707488842, -0.0694445110460018
0.2455588391360733, 5.046207147892221
0.24512390525652933, 4.969612107203998
0.2451168754540476, 4.900607566043436
0.2451098456515659, 4.831603024882875
0.24510281584908417, 4.762598483722313
0.24509578604660248, 4.693593942561752
0.24508875624412074, 4.624589401401191
0.245081726441639, 4.555584860240629
0.24507469663915732, 4.486580319080067
0.24506766683667558, 4.417575777919506
0.24506063703419384, 4.348571236758945
0.24505360723171216, 4.279566695598383
0.24504657742923042, 4.210562154437822
0.24503954762674868, 4.141557613277261
0.245032517824267, 4.072553072116699
0.24502548802178525, 4.003548530956138
0.24501845821930351, 3.9345439897955763
0.24501142841682183, 3.8655394486350145
0.2450043986143401, 3.796534907474453
0.24499736881185835, 3.727530366313892
0.24499033900937667, 3.65852582515333
0.24498330920689493, 3.589521283992769
0.24497627940441324, 3.5205167428322075
0.2449692496019315, 3.451512201671646
0.24496221979944977, 3.3825076605110844
0.24495518999696808, 3.313503119350523
0.24494816019448634, 3.244498578189962
0.2449411303920046, 3.1754940370294005
0.24493410058952292, 3.1064894958688387
0.24492707078704118, 3.0374849547082774
0.24492004098455944, 2.968480413547716
0.24491301118207776, 2.8994758723871543
0.24490598137959602, 2.830471331226593
0.24489895157711428, 2.7614667900660317
0.2448919217746326, 2.6924622489054704
0.24488489197215085, 2.6234577077449086
0.2448778621696691, 2.5544531665843473
0.24487083236718743, 2.485448625423786
0.2448638025647057, 2.416444084263224
0.244856772762224, 2.347439543102663
0.24484974295974227, 2.2784350019421016
0.24484271315726053, 2.2094304607815403
0.24483568335477884, 2.1404259196209785
0.2448286535522971, 2.071421378460417
0.24482162374981536, 2.0024168372998554
0.24481459394733368, 1.933412296139294
0.24480756414485194, 1.8644077549787328
0.2448005343423702, 1.7954032138181715
0.24479350453988852, 1.7263986726576102
0.24478647473740678, 1.6573941314970488
0.24477944493492504, 1.5883895903364875
0.24477241513244336, 1.5193850491759253
0.24476538532996162, 1.450380508015364
0.24475835552747988, 1.3813759668548027
0.2447513257249982, 1.3123714256942414
0.24474429592251645, 1.24336688453368
0.24473726612003477, 1.1743623433731187
0.24473023631755303, 1.1053578022125574
0.2447232065150713, 1.0363532610519952
0.2447161767125896, 0.9673487198914339
0.24470914691010787, 0.8983441787308726
0.24470211710762613, 0.8293396375703113
0.24469508730514444, 0.7603350964097499
0.2446880575026627, 0.6913305552491886
0.24468102770018096, 0.6223260140886273
0.24467399789769928, 0.5533214729280651
0.24466696809521754, 0.4843169317675038
0.2446599382927358, 0.41531239060694247
0.24465290849025412, 0.34630784944638116
0.24464587868777238, 0.27730330828581984
0.24463884888529064, 0.20829876712525852
0.24463181908280895, 0.1392942259646972
0.24462478928032722, 0.070289684804135
0.24461775947784553, 0.001285143643573683
0.24727825852507718, 5.153164186691091
0.2497146006038417, 5.10992134089714
0.24970757080136002, 5.0409167997365785
0.24954670548790336, 4.959261426029913
0.24999837029735378, 4.900607566043436
0.2499913404948721, 4.831603024882875
0.24998431069239035, 4.762598483722313
0.24997728088990867, 4.693593942561752
0.24997025108742693, 4.624589401401191
0.2499632212849452, 4.555584860240629
0.2499561914824635, 4.486580319080067
0.24994916167998177, 4.417575777919506
0.24994213187750003, 4.348571236758945
0.24993510207501834, 4.279566695598383
0.2499280722725366, 4.210562154437822
0.24992104247005487, 4.141557613277261
0.24991401266757318, 4.072553072116699
0.24990698286509144, 4.003548530956138
0.2498999530626097, 3.9345439897955763
0.24989292326012802, 3.8655394486350145
0.24988589345764628, 3.796534907474453
0.24987886365516454, 3.727530366313892
0.24987183385268286, 3.65852582515333
0.24986480405020112, 3.589521283992769
0.24985777424771943, 3.5205167428322075
0.2498507444452377, 3.451512201671646
0.24984371464275595, 3.3825076605110844
0.24983668484027427, 3.313503119350523
0.24982965503779253, 3.244498578189962
0.2498226252353108, 3.1754940370294005
0.2498155954328291, 3.1064894958688387
0.24980856563034737, 3.0374849547082774
0.24980153582786563, 2.968480413547716
0.24979450602538394, 2.8994758723871543
0.2497874762229022, 2.830471331226593
0.24978044642042047, 2.7614667900660317
0.24977341661793878, 2.6924622489054704
0.24976638681545704, 2.6234577077449086
0.2497593570129753, 2.5544531665843473
0.24975232721049362, 2.485448625423786
0.24974529740801188, 2.416444084263224
0.2497382676055302, 2.347439543102663
0.24973123780304846, 2.2784350019421016
0.24972420800056672, 2.2094304607815403
0.24971717819808503, 2.1404259196209785
0.2497101483956033, 2.071421378460417
0.24970311859312155, 2.0024168372998554
0.24969608879063987, 1.933412296139294
0.24968905898815813, 1.8644077549787328
0.2496820291856764, 1.7954032138181715
0.2496749993831947, 1.7263986726576102
0.24966796958071297, 1.6573941314970488
0.24966093977823123, 1.5883895903364875
0.24965390997574954, 1.5193850491759253
0.2496468801732678, 1.450380508015364
0.24963985037078606, 1.3813759668548027
0.24963282056830438, 1.3123714256942414
0.24962579076582264, 1.24336688453368
0.24961876096334096, 1.1743623433731187
0.24961173116085922, 1.1053578022125574
0.24960470135837748, 1.0363532610519952
0.2495976715558958, 0.9673487198914339
0.24959064175341406, 0.8983441787308726
0.24958361195093232, 0.8293396375703113
0.24957658214845063, 0.7603350964097499
0.2495695523459689, 0.6913305552491886
0.24956252254348715, 0.6223260140886273
0.24955549274100547, 0.5533214729280651
0.24954846293852373, 0.4843169317675038
0.249541433136042, 0.41531239060694247
0.2495344033335603, 0.34630784944638116
0.24952737353107857, 0.27730330828581984
0.24952034372859683, 0.20829876712525852
0.24951331392611514, 0.1392942259646972
0.2495062841236334, 0.070289684804135
0.24939591622467044, -0.014815915960557646
0.2510171292730046, -0.07323976080983208
0.25358117943018715, -0.06081894340093097
0.2537811070127672, 0.10479195538441566
0.2537740772102855, 0.03578741422385434
0.2549907016931218, 4.9903134695521665
0.2548805681209082, 4.907508020159493
0.2548735383184265, 4.8385034789989305
0.2548665085159448, 4.769498937838369
0.25485947871346304, 4.700494396677808
0.25485244891098136, 4.631489855517247
0.2548454191084996, 4.562485314356685
0.2548383893060179, 4.493480773196124
0.2548313595035362, 4.424476232035563
0.25482432970105445, 4.355471690875001
0.25481729989857277, 4.28646714971444
0.25481027009609103, 4.217462608553878
0.2548032402936093, 4.1484580673933165
0.2547962104911276, 4.079453526232755
0.25478918068864587, 4.010448985072194
0.2547821508861641, 3.941444443911632
0.25477512108368244, 3.8724399027510708
0.2547680912812007, 3.8034353615905094
0.25476106147871896, 3.734430820429948
0.2547540316762373, 3.6654262792693864
0.25474700187375554, 3.596421738108825
0.2547399720712738, 3.5274171969482637
0.2547329422687921, 3.458412655787702
0.2547259124663104, 3.3894081146271406
0.25471888266382864, 3.3204035734665793
0.25471185286134695, 3.251399032306018
0.2547048230588652, 3.1823944911454563
0.25469779325638353, 3.113389949984895
0.2546907634539018, 3.0443854088243336
0.25468373365142005, 2.975380867663772
0.25467670384893837, 2.9063763265032105
0.25466967404645663, 2.837371785342649
0.2546626442439749, 2.768367244182088
0.2546556144414932, 2.699362703021526
0.25464858463901147, 2.630358161860965
0.2546415548365297, 2.5613536207004035
0.25463452503404804, 2.492349079539842
0.2546274952315663, 2.4233445383792804
0.25462046542908456, 2.354339997218719
0.2546134356266029, 2.285335456058158
0.25460640582412114, 2.216330914897596
0.2545993760216394, 2.1473263737370347
0.2545923462191577, 2.0783218325764734
0.254585316416676, 2.009317291415912
0.2545782866141943, 1.9403127502553508
0.25457125681171255, 1.8713082090947886
0.2545642270092308, 1.8023036679342272
0.25455719720674913, 1.733299126773666
0.2545501674042674, 1.6642945856131046
0.25454313760178565, 1.5952900444525433
0.25453610779930397, 1.526285503291982
0.25452907799682223, 1.4572809621314207
0.2545220481943405, 1.3882764209708593
0.2545150183918588, 1.3192718798102971
0.25450798858937707, 1.2502673386497358
0.2545009587868953, 1.1812627974891745
0.25449392898441364, 1.1122582563286132
0.2544868991819319, 1.0432537151680519
0.25447986937945016, 0.9742491740074906
0.2544728395769685, 0.9052446328469292
0.25446580977448674, 0.836240091686367
0.25445877997200506, 0.7672355505258057
0.2544517501695233, 0.6982310093652444
0.2544447203670416, 0.6292264682046831
0.2544376905645599, 0.5602219270441218
0.25443066076207815, 0.49121738588356045
0.2544236309595964, 0.42221284472299914
0.25441660115711473, 0.35320830356243693
0.254409571354633, 0.2842037624018756
0.25440359602252355, 0.2255499024153984
0.2540932302429556, 0.17379649654497786
0.25581658632134924, 5.111071416583148
0.25826246549881393, 5.161444731630358
0.25947618432995784, 5.096120432665027
0.25946774856697974, 5.013314983272354
0.25946071876449806, 4.944310442111792
0.2594536889620163, 4.875305900951231
0.2594466591595346, 4.806301359790669
0.2594396293570529, 4.737296818630107
0.25943259955457115, 4.668292277469546
0.2594255697520894, 4.599287736308985
0.25941853994960773, 4.5302831951484235
0.259411510147126, 4.461278653987862
0.25940448034464425, 4.3922741128273
0.25939745054216257, 4.323269571666739
0.2593904207396808, 4.254265030506177
0.2593833909371991, 4.185260489345616
0.2593763611347174, 4.116255948185055
0.25936933133223566, 4.047251407024493
0.259362301529754, 3.9782468658639316
0.25935527172727224, 3.9092423247033703
0.2593482419247905, 3.8402377835428085
0.2593412121223088, 3.771233242382247
0.2593341823198271, 3.702228701221686
0.25932715251734534, 3.633224160061124
0.25932012271486365, 3.564219618900563
0.2593130929123819, 3.4952150777400015
0.2593060631099002, 3.42621053657944
0.2592990333074185, 3.3572059954188784
0.25929200350493675, 3.288201454258317
0.259284973702455, 3.219196913097756
0.25927794389997333, 3.1501923719371945
0.2592709140974916, 3.0811878307766327
0.25926388429500985, 3.0121832896160714
0.25925685449252817, 2.94317874845551
0.2592498246900464, 2.8741742072949483
0.25924279488756474, 2.805169666134387
0.259235765085083, 2.7361651249738257
0.25922873528260126, 2.6671605838132644
0.2592217054801196, 2.5981560426527026
0.25921467567763784, 2.5291515014921413
0.2592076458751561, 2.4601469603315804
0.2592006160726744, 2.3911424191710187
0.2591935862701927, 2.3221378780104573
0.25918655646771094, 2.253133336849896
0.25917952666522925, 2.1841287956893343
0.2591724968627475, 2.115124254528773
0.2591654670602658, 2.0461197133682116
0.2591584372577841, 1.9771151722076503
0.25915140745530235, 1.908110631047089
0.2591443776528206, 1.8391060898865277
0.25913734785033893, 1.7701015487259655
0.2591303180478572, 1.7010970075654042
0.2591232882453755, 1.6320924664048428
0.25911625844289377, 1.5630879252442815
0.259109228640412, 1.4940833840837202
0.25910219883793034, 1.425078842923159
0.2590951690354486, 1.3560743017625976
0.25908813923296686, 1.2870697606020354
0.2590811094304852, 1.218065219441474
0.25907407962800344, 1.1490606782809127
0.2590670498255217, 1.0800561371203514
0.2591801359147777, 0.9921903547092361
0.2605761140915976, 0.9190455410790408
0.26056908428911585, 0.8500409999184795
0.2605620544866341, 0.7810364587579182
0.2605550246841524, 0.7120319175973568
0.2605479948816707, 0.6430273764367955
0.26054096507918895, 0.5740228352762342
0.26053393527670726, 0.5050182941156729
0.2605269054742255, 0.4360137529551107
0.2605198756717438, 0.3670092117945494
0.2605128458692621, 0.29800467063398806
0.26050581606678036, 0.22900012947342674
0.2604987862642986, 0.15999558831286542
0.26049175646181694, 0.0909910471523041
0.2604847266593352, 0.02198650599174279
0.26128905322661866, -0.06886947320299619
0.26440356035079476, 3.150652402211598
0.26384356628510097, 3.0443854088243336
0.26383653648261923, 2.975380867663772
0.2641346001078442, 2.9063763265032105
0.26412850761236, 2.846572390830724
0.26381544707517407, 2.768367244182088
0.2638084172726924, 2.699362703021526
0.26380138747021065, 2.630358161860965
0.2637943576677289, 2.5613536207004035
0.2637873278652472, 2.492349079539842
0.2637802980627655, 2.4233445383792804
0.26377326826028374, 2.354339997218719
0.26376623845780206, 2.285335456058158
0.2637592086553203, 2.216330914897596
0.2637521788528386, 2.1473263737370347
0.2637451490503569, 2.0783218325764734
0.26373811924787516, 2.009317291415912
0.2637310894453935, 1.9403127502553508
0.26372405964291173, 1.8713082090947886
0.26371702984043, 1.8023036679342272
0.2637100000379483, 1.733299126773666
0.26370297023546657, 1.6642945856131046
0.26369594043298483, 1.5952900444525433
0.26368891063050315, 1.526285503291982
0.2636818808280214, 1.4572809621314207
0.26367485102553967, 1.3882764209708593
0.263667821223058, 1.3192718798102971
0.26366079142057625, 1.2502673386497358
0.2636537616180945, 1.1812627974891745
0.2636467318156128, 1.1122582563286132
0.2636397020131311, 1.0432537151680519
0.26363267221064934, 0.9742491740074906
0.26362564240816766, 0.9052446328469292
0.2636186126056859, 0.836240091686367
0.26361158280320424, 0.7672355505258057
0.2636045530007225, 0.6982310093652444
0.26359752319824076, 0.6292264682046831
0.2635904933957591, 0.5602219270441218
0.26358346359327733, 0.49121738588356045
0.2635764337907956, 0.42221284472299914
0.2635694039883139, 0.35320830356243693
0.26356237418583217, 0.2842037624018756
0.26355534438335043, 0.2151992212413143
0.26354831458086875, 0.14619468008075298
0.263541284778387, 0.07719013892019166
0.26353425497590527, 0.008185597759630348
0.26342529303743867, -0.06311909477295075
0.2664337673075154, 5.110381371171544
0.2658737732418216, 5.004114377784278
0.2658667434393399, 4.935109836623717
0.2658597136368582, 4.866105295463155
0.26585268383437644, 4.797100754302594
0.26584565403189475, 4.728096213142033
0.265838624229413, 4.6590916719814714
0.26583159442693133, 4.59008713082091
0.2658245646244496, 4.521082589660349
0.26581753482196785, 4.452078048499787
0.26581050501948617, 4.383073507339225
0.2658034752170044, 4.314068966178664
0.2657964454145227, 4.245064425018103
0.265789415612041, 4.176059883857541
0.26578238580955926, 4.10705534269698
0.2657753560070775, 4.038050801536418
0.26576832620459584, 3.969046260375857
0.2657612964021141, 3.900041719215295
0.26575426659963236, 3.831037178054734
0.2657472367971507, 3.7620326368941726
0.26574020699466894, 3.6930280957336112
0.2657331771921872, 3.6240235545730495
0.2657261473897055, 3.555019013412488
0.2657191175872238, 3.486014472251927
0.2657120877847421, 3.417009931091365
0.26570505798226035, 3.3480053899308038
0.2656980281797786, 3.2790008487702424
0.26569240433779323, 3.223797215841793
0.26894017308434776, 5.155924368337514
0.2692377680560739, 5.082319524432915
0.2692307382535922, 5.013314983272354
0.2692237084511105, 4.944310442111792
0.2690631946277779, 4.866105295463155
0.2693277963931898, 4.768118847015158
0.26918656766133203, 4.579736449646825
0.26917871771522744, 4.502681378684199
0.26917168791274576, 4.433676837523637
0.269164658110264, 4.364672296363076
0.2690043200319935, 4.288192263243453
0.26926494995900324, 4.151218249039739
0.26913372697934446, 4.061052315256605
0.2691266971768627, 3.992047774096044
0.26911966737438103, 3.9230432329354823
0.2691126375718993, 3.854038691774921
0.26910560776941755, 3.7850341506143597
0.26909857796693587, 3.716029609453798
0.26909154816445413, 3.6470250682932366
0.2690845183619724, 3.5780205271326753
0.2690774885594907, 3.509015985972114
0.26907045875700897, 3.440011444811552
0.26906342895452723, 3.371006903650991
0.26905639915204554, 3.3020023624904296
0.2690493693495638, 3.232997821329868
0.2690423395470821, 3.1639932801693065
0.2690353097446004, 3.094988739008745
0.26872470963828304, 3.0409351817663053
0.2691384135143323, 2.9091365081496328
0.2695004483421409, 4.665992126097527
0.2693116981455067, 2.8132201959364527
0.269762659974709, 4.245064425018103
0.2696361235300381, 3.0029826841279967
0.2705260965242238, 2.7545663359499755
0.2705190667217421, 2.685561794789414
0.27051203691926035, 2.6165572536288524
0.27050500711677866, 2.547552712468291
0.2704979773142969, 2.4785481713077298
0.2704909475118152, 2.4095436301471684
0.2704839177093335, 2.3405390889866067
0.27047688790685176, 2.2715345478260454
0.27046985810437, 2.202530006665484
0.27046282830188834, 2.1335254655049223
0.2704557984994066, 2.064520924344361
0.27044876869692486, 1.9955163831837996
0.2704417388944432, 1.9265118420232383
0.27043470909196143, 1.857507300862677
0.2704276792894797, 1.7885027597021157
0.270420649486998, 1.7194982185415535
0.27041361968451627, 1.6504936773809922
0.2704065898820346, 1.5814891362204309
0.27039956007955285, 1.5124845950598695
0.2703925302770711, 1.4434800538993082
0.2703855004745894, 1.374475512738747
0.2703784706721077, 1.3054709715781856
0.27037144086962595, 1.2364664304176234
0.27036441106714426, 1.167461889257062
0.2703573812646625, 1.0984573480965008
0.2703503514621808, 1.0294528069359394
0.2703433216596991, 0.9604482657753781
0.27033629185721736, 0.8914437246148168
0.2703292620547356, 0.8224391834542555
0.27032223225225394, 0.7534346422936933
0.2703152024497722, 0.684430101133132
0.27030817264729046, 0.6154255599725706
0.2703011428448088, 0.5464210188120093
0.27029411304232703, 0.477416477651448
0.27028708323984535, 0.4084119364908867
0.2702800534373636, 0.3394073953303254
0.27027302363488187, 0.2704028541697632
0.2702659938324002, 0.20139831300920186
0.27025896402991845, 0.13239377184864054
0.2702519342274367, 0.06338923068807922
0.270244904424955, -0.0056153104724820935
0.2711532955016428, -0.07323976080983208
0.27372782006452306, 1.2399166574756517
0.2734125334232179, 1.139860072792838
0.27340550362073623, 1.0708555316322759
0.2733984738182545, 1.0018509904717146
0.27339144401577276, 0.9328464493111532
0.27338441421329107, 0.8638419081505919
0.27337738441080933, 0.7948373669900306
0.2733703546083276, 0.7258328258294693
0.2733633248058459, 0.656828284668908
0.27335629500336417, 0.5878237435083458
0.27334926520088243, 0.5188192023477844
0.27334223539840075, 0.44981466118722313
0.273335205595919, 0.3808101200266618
0.27332817579343727, 0.3118055788661005
0.2733211459909556, 0.24280103770553918
0.27331411618847384, 0.17379649654497786
0.2733070863859921, 0.10479195538441566
0.2733000565835104, 0.03578741422385434
0.2732930267810287, -0.033217126936706975
0.2729844184520812, -0.06771939751698763
0.276050958890657, 4.877146022048845
0.2759193609881992, 4.783299846070482
0.27591233118571745, 4.71429530490992
0.2759053013832357, 4.645290763749359
0.27589827158075403, 4.576286222588798
0.2760427340217534, 4.496931000254152
0.275579118548084, 4.438277140267674
0.27557208874560224, 4.369272599107113
0.2755650589431205, 4.3002680579465515
0.2755580291406388, 4.23126351678599
0.2755509993381571, 4.162258975625429
0.27554396953567534, 4.093254434464868
0.27553693973319365, 4.024249893304306
0.2755299099307119, 3.9552453521437445
0.2755228801282302, 3.886240810983183
0.2755158503257485, 3.817236269822622
0.27550882052326675, 3.74823172866206
0.275501790720785, 3.679227187501499
0.2754947609183033, 3.6102226463409375
0.2754877311158216, 3.5412181051803757
0.27548070131333985, 3.4722135640198144
0.27547367151085816, 3.403209022859253
0.2754666417083764, 3.3342044816986918
0.27545961190589474, 3.26519994053813
0.275452582103413, 3.1961953993775687
0.27544555230093126, 3.1271908582170074
0.2754385224984496, 3.0581863170564456
0.27543149269596784, 2.9891817758958843
0.2754244628934861, 2.920177234735323
0.2754174330910044, 2.8511726935747617
0.2754104032885227, 2.7821681524142
0.27540337348604094, 2.7131636112536386
0.27539634368355925, 2.6441590700930773
0.2753893138810775, 2.5751545289325155
0.2753822840785958, 2.506149987771954
0.2753752542761141, 2.437145446611393
0.27536822447363235, 2.3681409054508316
0.2753611946711506, 2.29913636429027
0.2753541648686689, 2.2301318231297085
0.2753471350661872, 2.161127281969147
0.2753401052637055, 2.0921227408085854
0.27533307546122376, 2.0231181996480245
0.275326045658742, 1.9541136584874623
0.27531901585626034, 1.885109117326901
0.2753119860537786, 1.8161045761663397
0.27530495625129686, 1.7471000350057784
0.2752979264488152, 1.678095493845217
0.27529089664633344, 1.6090909526846557
0.2752838668438517, 1.5400864115240944
0.27527683704137, 1.4710818703635322
0.2752698072388883, 1.402077329202971
0.2751601423201735, 1.323872182554335
0.2770735373923229, 5.1317727789313174
0.2762483557443437, 5.0179152860163905
0.275939044435148, 4.976512561320054
0.2793126466461254, 5.149023914221457
0.27930561684364363, 5.080019373060896
0.2792985870411619, 5.011014831900335
0.2792915572386802, 4.942010290739773
0.27928452743619847, 4.873005749579212
0.27927749763371673, 4.804001208418651
0.27927046783123505, 4.7349966672580885
0.2793634955507431, 4.649891066493396
0.2804774849173463, 4.603888039053022
0.2804704551148646, 4.53488349789246
0.2804634253123829, 4.465878956731899
0.28045639550990115, 4.396874415571338
0.28044936570741946, 4.327869874410776
0.2804423359049377, 4.258865333250215
0.280435306102456, 4.189860792089654
0.2804282762999743, 4.1208562509290925
0.28042124649749256, 4.05185170976853
0.2804142166950108, 3.982847168607969
0.28040718689252914, 3.9138426274474076
0.2804001570900474, 3.8448380862868463
0.2803931272875657, 3.775833545126285
0.280386097485084, 3.7068290039657232
0.28037906768260223, 3.637824462805162
0.28037203788012055, 3.5688199216446006
0.2803650080776388, 3.499815380484039
0.28035797827515707, 3.4308108393234775
0.2803509484726754, 3.361806298162916
0.28034391867019365, 3.292801757002355
0.2803368888677119, 3.223797215841793
0.2803298590652302, 3.154792674681232
0.2803228292627485, 3.0857881335206705
0.28031579946026675, 3.0167835923601087
0.28030876965778506, 2.9477790511995474
0.2803017398553033, 2.878774510038986
0.2802947100528216, 2.809769968878425
0.2802876802503399, 2.740765427717863
0.28028065044785816, 2.6717608865573017
0.2802736206453765, 2.6027563453967404
0.28026659084289474, 2.5337518042361786
0.280259561040413, 2.4647472630756173
0.2802525312379313, 2.395742721915056
0.2802455014354496, 2.3267381807544947
0.28023847163296783, 2.257733639593933
0.28023144183048615, 2.1887290984333716
0.2802244120280044, 2.1197245572728103
0.28021738222552267, 2.050720016112249
0.280210352423041, 1.9817154749516872
0.28020332262055925, 1.912710933791126
0.2801962928180775, 1.8437063926305646
0.2801892630155958, 1.7747018514700033
0.2801822332131141, 1.705697310309442
0.28017520341063235, 1.6366927691488797
0.28016817360815066, 1.5676882279883184
0.2801611438056689, 1.498683686827757
0.28015411400318724, 1.4296791456671958
0.2801470842007055, 1.3606746045066345
0.28014005439822376, 1.2916700633460731
0.2801330245957421, 1.2226655221855118
0.28012599479326034, 1.1536609810249496
0.2801189649907786, 1.0846564398643883
0.2801119351882969, 1.015651898703827
0.2801049053858152, 0.9466473575432657
0.28009787558333343, 0.8776428163827044
0.28009084578085175, 0.808638275222143
0.28008381597837, 0.7396337340615817
0.28007678617588827, 0.6706291929010195
0.2800697563734066, 0.6016246517404582
0.28006272657092485, 0.5326201105798969
0.2800556967684431, 0.46361556941933557
0.2800486669659614, 0.39461102825877425
0.2800416371634797, 0.32560648709821294
0.280034607360998, 0.2566019459376516
0.28002757755851626, 0.18759740477708942
0.2800205477560345, 0.1185928636165281
0.28001351795355284, 0.04958832245596678
0.2803094726380332, -0.04011758105276275
0.28274656456239583, -0.07599994245625563
0.28458605297778744, 0.011635824817657792
0.2858358815610124, 5.092440190469797
0.28585598679611013, 4.9903134695521665
0.2853920198323166, 4.928209382507661
0.28538499002983486, 4.8592048413471
0.2853779602273532, 4.790200300186538
0.28537093042487144, 4.721195759025976
0.2853639006223897, 4.652191217865415
0.285356870819908, 4.5831866767048535
0.2853498410174263, 4.514182135544292
0.28534281121494454, 4.445177594383731
0.28533578141246285, 4.3761730532231695
0.2853287516099811, 4.307168512062608
0.2853217218074994, 4.238163970902047
0.2853146920050177, 4.169159429741486
0.28530766220253595, 4.100154888580923
0.28530063240005427, 4.031150347420362
0.2852936025975725, 3.9621458062598007
0.2852865727950908, 3.8931412650992394
0.2852795429926091, 3.8241367239386777
0.28527251319012736, 3.7551321827781163
0.2852654833876456, 3.686127641617555
0.28525845358516394, 3.6171231004569933
0.2852514237826822, 3.548118559296432
0.28524439398020046, 3.4791140181358706
0.2852373641777188, 3.4101094769753093
0.28523033437523704, 3.3411049358147475
0.2852233045727553, 3.2721003946541862
0.2852162747702736, 3.203095853493625
0.2852092449677919, 3.1340913123330636
0.28520221516531014, 3.065086771172502
0.28519518536282845, 2.9960822300119405
0.2851881555603467, 2.927077688851379
0.28518112575786503, 2.8580731476908174
0.2851740959553833, 2.789068606530256
0.28516706615290155, 2.720064065369695
0.28516003635041987, 2.6510595242091335
0.2851530065479381, 2.5820549830485717
0.2851459767454564, 2.5130504418880104
0.2851389469429747, 2.444045900727449
0.28513191714049296, 2.3750413595668873
0.2851248873380112, 2.306036818406326
0.28511785753552954, 2.2370322772457647
0.2851108277330478, 2.1680277360852034
0.28510379793056606, 2.0990231949246416
0.2850967681280844, 2.0300186537640803
0.28508973832560264, 1.961014112603519
0.2850827085231209, 1.8920095714429577
0.2850756787206392, 1.8230050302823964
0.2850686489181575, 1.7540004891218341
0.2850616191156758, 1.6849959479612728
0.28505458931319405, 1.6159914068007115
0.2850475595107123, 1.5469868656401502
0.2850405297082306, 1.4779823244795889
0.2850334999057489, 1.4089777833190276
0.28502647010326715, 1.3399732421584662
0.28501944030078546, 1.270968700997904
0.2850124104983037, 1.2019641598373427
0.285005380695822, 1.1329596186767814
0.2849983508933403, 1.06395507751622
0.28499132109085856, 0.9949505363556588
0.2849842912883768, 0.9259459951950975
0.28497726148589514, 0.8569414540345361
0.2849702316834134, 0.7879369128739739
0.28496320188093166, 0.7189323717134126
0.28495617207845, 0.6499278305528513
0.28494914227596824, 0.58092328939229
0.28494211247348655, 0.5119187482317287
0.2849350826710048, 0.44291420707116735
0.2849280528685231, 0.37390966591060604
0.2849210230660414, 0.3049051247500447
0.28491399326355965, 0.23590058358948252
0.2849069634610779, 0.1668960424289212
0.2848999336585962, 0.09789150126835988
0.28488341362276415, -0.0642691704589593
0.28816091843381636, 5.154544277514303
0.28998248085287964, 5.066218464828784
0.2899738107631522, 4.981112864064091
0.28996678096067047, 4.91210832290353
0.2899597511581888, 4.843103781742968
0.28979935449823085, 4.766048710780342
0.28990191931643916, 3.077507588581403
0.2895869372999082, 1.1835629488611934
0.29025031632743314, 4.700494396677808
0.29024328652495146, 4.631489855517247
0.2902362567224697, 4.562485314356685
0.290229226919988, 4.493480773196124
0.2902221971175063, 4.424476232035563
0.29021516731502456, 4.355471690875001
0.2902081375125429, 4.28646714971444
0.29020110771006113, 4.217462608553878
0.2901940779075794, 4.1484580673933165
0.2901870481050977, 4.079453526232755
0.29018001830261597, 4.010448985072194
0.29017298850013423, 3.941444443911632
0.29016595869765255, 3.8724399027510708
0.2901589288951708, 3.8034353615905094
0.29015189909268907, 3.734430820429948
0.2901448692902074, 3.6654262792693864
0.29013783948772565, 3.596421738108825
0.2901308096852439, 3.5274171969482637
0.2901237798827622, 3.458412655787702
0.2901167500802805, 3.3894081146271406
0.29010972027779874, 3.3204035734665793
0.29010269047531706, 3.251399032306018
0.2900956606728353, 3.1823944911454563
0.29007457126539016, 2.975380867663772
0.2900675414629085, 2.9063763265032105
0.29006051166042673, 2.837371785342649
0.290053481857945, 2.768367244182088
0.2900464520554633, 2.699362703021526
0.29003942225298157, 2.630358161860965
0.29003239245049983, 2.5613536207004035
0.29002536264801815, 2.492349079539842
0.2900183328455364, 2.4233445383792804
0.29001130304305467, 2.354339997218719
0.290004273240573, 2.285335456058158
0.28999724343809125, 2.216330914897596
0.2899902136356095, 2.1473263737370347
0.2899831838331278, 2.0783218325764734
0.2899761540306461, 2.009317291415912
0.2899691242281644, 1.9403127502553508
0.28996209442568266, 1.8713082090947886
0.2899550646232009, 1.8023036679342272
0.28994803482071924, 1.733299126773666
0.2899410050182375, 1.6642945856131046
0.28993397521575576, 1.5952900444525433
0.2899269454132741, 1.526285503291982
0.28991991561079233, 1.4572809621314207
0.2899128858083106, 1.3882764209708593
0.2899058560058289, 1.3192718798102971
0.28989882620334717, 1.2502673386497358
0.28988476659838375, 1.1122582563286132
0.289877736795902, 1.0432537151680519
0.28987070699342027, 0.9742491740074906
0.2898636771909386, 0.9052446328469292
0.28985664738845685, 0.836240091686367
0.28984961758597516, 0.7672355505258057
0.2898425877834934, 0.6982310093652444
0.2898355579810117, 0.6292264682046831
0.28982852817853, 0.5602219270441218
0.28982149837604826, 0.49121738588356045
0.2898144685735665, 0.42221284472299914
0.28980743877108484, 0.35320830356243693
0.2898004089686031, 0.2842037624018756
0.28979337916612136, 0.2151992212413143
0.2897863493636397, 0.14619468008075298
0.28977931956115793, 0.07719013892019166
0.2896687173354456, -0.010215613216518982
0.291289461730281, -0.07323976080983208
0.2937309472811947, -0.06599428398797347
0.2949583156454906, 4.794340572656171
0.2948267177430327, 4.700494396677808
0.294819687940551, 4.631489855517247
0.2948126581380693, 4.562485314356685
0.29480562833558754, 4.493480773196124
0.29479859853310586, 4.424476232035563
0.2947915687306241, 4.355471690875001
0.29478453892814244, 4.28646714971444
0.2947775091256607, 4.217462608553878
0.29477047932317896, 4.1484580673933165
0.2947634495206973, 4.079453526232755
0.29475641971821553, 4.010448985072194
0.2947493899157338, 3.941444443911632
0.2947423601132521, 3.8724399027510708
0.29473533031077037, 3.8034353615905094
0.29472830050828863, 3.734430820429948
0.29472127070580695, 3.6654262792693864
0.2947142409033252, 3.596421738108825
0.29470721110084347, 3.5274171969482637
0.2947001812983618, 3.458412655787702
0.29469315149588005, 3.3894081146271406
0.2946861216933983, 3.3204035734665793
0.2946790918909166, 3.251399032306018
0.2946720620884349, 3.1823944911454563
0.2946650322859532, 3.113389949984895
0.29465800248347146, 3.0443854088243336
0.2946509726809897, 2.975380867663772
0.29464394287850804, 2.9063763265032105
0.2946369130760263, 2.837371785342649
0.29462988327354456, 2.768367244182088
0.2946228534710629, 2.699362703021526
0.29461582366858113, 2.630358161860965
0.2946087938660994, 2.5613536207004035
0.2946017640636177, 2.492349079539842
0.29459473426113597, 2.4233445383792804
0.29458770445865423, 2.354339997218719
0.29458067465617255, 2.285335456058158
0.2945736448536908, 2.216330914897596
0.29456661505120907, 2.1473263737370347
0.2945595852487274, 2.0783218325764734
0.29455255544624565, 2.009317291415912
0.29454552564376396, 1.9403127502553508
0.2945384958412822, 1.8713082090947886
0.2945314660388005, 1.8023036679342272
0.2945244362363188, 1.733299126773666
0.29451740643383706, 1.6642945856131046
0.2945103766313553, 1.5952900444525433
0.29450334682887364, 1.526285503291982
0.2944963170263919, 1.4572809621314207
0.29448928722391016, 1.3882764209708593
0.2944822574214285, 1.3192718798102971
0.29447522761894673, 1.2502673386497358
0.294468197816465, 1.1812627974891745
0.2944611680139833, 1.1122582563286132
0.29445413821150157, 1.0432537151680519
0.29444710840901983, 0.9742491740074906
0.29444007860653815, 0.9052446328469292
0.2944330488040564, 0.836240091686367
0.2944260190015747, 0.7672355505258057
0.294418989199093, 0.6982310093652444
0.29441195939661124, 0.6292264682046831
0.29440492959412956, 0.5602219270441218
0.2943978997916478, 0.49121738588356045
0.2943908699891661, 0.42221284472299914
0.2943838401866844, 0.35320830356243693
0.29437681038420266, 0.2842037624018756
0.2943697805817209, 0.2151992212413143
0.2940583603317808, 0.15309513419680876
0.29405133052929905, 0.08409059303624744
0.2940443007268173, 0.015086051875686124
0.29547416255159914, 5.066218464828784
0.29515922740041806, 4.969612107203998
0.2951521975979363, 4.900607566043436
0.2973995250255924, 5.141137680945965
0.29944389201302635, 5.100720735409064
0.2994368622105446, 5.031716194248503
0.29942983240806287, 4.962711653087942
0.2994228026055812, 4.89370711192738
0.29941577280309944, 4.824702570766819
0.2994087430006177, 4.755698029606258
0.299401713198136, 4.686693488445696
0.2993946833956543, 4.617688947285134
0.29938765359317254, 4.548684406124573
0.29938062379069086, 4.4796798649640115
0.2993735939882091, 4.41067532380345
0.2993665641857274, 4.341670782642889
0.2993595343832457, 4.272666241482327
0.29935250458076396, 4.203661700321765
0.2993454747782822, 4.134657159161204
0.29933844497580053, 4.065652618000643
0.2993314151733188, 3.9966480768400814
0.2993243853708371, 3.92764353567952
0.29931735556835537, 3.8586389945189583
0.29931032576587363, 3.789634453358397
0.29930329596339195, 3.7206299121978357
0.2992962661609102, 3.6516253710372744
0.29928923635842847, 3.5826208298767126
0.2992822065559468, 3.5136162887161513
0.29927517675346504, 3.44461174755559
0.2992681469509833, 3.3756072063950286
0.2992611171485016, 3.306602665234467
0.2992540873460199, 3.2375981240739056
0.29924705754353814, 3.1685935829133443
0.29924002774105646, 3.0995890417527825
0.2992329979385747, 3.030584500592221
0.299225968136093, 2.96157995943166
0.2992189383336113, 2.8925754182710985
0.29921190853112956, 2.823570877110537
0.29920487872864787, 2.7545663359499755
0.29919784892616613, 2.685561794789414
0.2991908191236844, 2.6165572536288524
0.2991837893212027, 2.547552712468291
0.29917675951872097, 2.4785481713077298
0.29916972971623923, 2.4095436301471684
0.29916269991375755, 2.3405390889866067
0.2991556701112758, 2.2715345478260454
0.29914864030879407, 2.202530006665484
0.2991416105063124, 2.1335254655049223
0.29913458070383064, 2.064520924344361
0.2991275509013489, 1.9955163831837996
0.2991205210988672, 1.9265118420232383
0.2991134912963855, 1.857507300862677
0.29910646149390374, 1.7885027597021157
0.29909943169142206, 1.7194982185415535
0.2990924018889403, 1.6504936773809922
0.29908537208645863, 1.5814891362204309
0.2990783422839769, 1.5124845950598695
0.29907131248149516, 1.4434800538993082
0.29906428267901347, 1.374475512738747
0.29905725287653173, 1.3054709715781856
0.29905022307405, 1.2364664304176234
0.2990431932715683, 1.167461889257062
0.29903616346908657, 1.0984573480965008
0.29902913366660483, 1.0294528069359394
0.29902210386412315, 0.9604482657753781
0.2990150740616414, 0.8914437246148168
0.29900804425915967, 0.8224391834542555
0.299001014456678, 0.7534346422936933
0.29899398465419624, 0.684430101133132
0.2989869548517145, 0.6154255599725706
0.2989799250492328, 0.5464210188120093
0.2989728952467511, 0.477416477651448
0.2989658654442694, 0.4084119364908867
0.29895883564178766, 0.3394073953303254
0.2989518058393059, 0.2704028541697632
0.29894477603682423, 0.20139831300920186
0.29924237100855033, 0.12779346910460365
0.2992353412060686, 0.058788927944042335
0.2990753546179221, -0.014240878117552036
0.30044184277333125, -0.07738003327946608
0.302883105713833, -0.07231970026102452
0.3035227005762948, 0.21634929692732374
0.30351010551351504, 0.09271616068131827
0.303194994617272, -0.0056153104724820935
0.30482415134241053, 4.0069987580141655
0.30420447425364694, 3.9138426274474076
0.3041974444511652, 3.8448380862868463
0.3041904146486835, 3.775833545126285
0.3041833848462018, 3.7068290039657232
0.30417635504372004, 3.637824462805162
0.30416932524123835, 3.5688199216446006
0.3041622954387566, 3.499815380484039
0.3041552656362749, 3.4308108393234775
0.3041482358337932, 3.361806298162916
0.30414120603131145, 3.292801757002355
0.3041341762288297, 3.223797215841793
0.304127146426348, 3.154792674681232
0.3041201166238663, 3.0857881335206705
0.30411308682138455, 3.0167835923601087
0.30410605701890286, 2.9477790511995474
0.3040990272164211, 2.878774510038986
0.3040919974139394, 2.809769968878425
0.3040849676114577, 2.740765427717863
0.30407793780897596, 2.6717608865573017
0.3040709080064943, 2.6027563453967404
0.30406387820401254, 2.5337518042361786
0.3040568484015308, 2.4647472630756173
0.3040498185990491, 2.395742721915056
0.3040427887965674, 2.3267381807544947
0.30403575899408564, 2.257733639593933
0.30402872919160395, 2.1887290984333716
0.3040216993891222, 2.1197245572728103
0.3040146695866405, 2.050720016112249
0.3040076397841588, 1.9817154749516872
0.30400060998167705, 1.912710933791126
0.3039935801791953, 1.8437063926305646
0.3039865503767136, 1.7747018514700033
0.3039795205742319, 1.705697310309442
0.30397249077175015, 1.6366927691488797
0.30396546096926846, 1.5676882279883184
0.3039584311667867, 1.498683686827757
0.30395140136430504, 1.4296791456671958
0.3039443715618233, 1.3606746045066345
0.30393734175934156, 1.2916700633460731
0.3039303119568599, 1.2226655221855118
0.30392328215437814, 1.1536609810249496
0.3039162523518964, 1.0846564398643883
0.3039092225494147, 1.015651898703827
0.303902192746933, 0.9466473575432657
0.30389516294445124, 0.8776428163827044
0.30388813314196955, 0.808638275222143
0.3038811033394878, 0.7396337340615817
0.3038740735370061, 0.6706291929010195
0.3038670437345244, 0.6016246517404582
0.30386001393204265, 0.5326201105798969
0.3038529841295609, 0.46361556941933557
0.3038459543270792, 0.39461102825877425
0.3038389245245975, 0.32560648709821294
0.3062182314725604, 5.113141552817965
0.30553591884368464, 5.004114377784278
0.30552888904120296, 4.935109836623717
0.3055218592387212, 4.866105295463155
0.3055148294362395, 4.797100754302594
0.3055077996337578, 4.728096213142033
0.30550076983127605, 4.6590916719814714
0.30549374002879437, 4.59008713082091
0.30548671022631263, 4.521082589660349
0.3054796804238309, 4.452078048499787
0.3054726506213492, 4.383073507339225
0.30546562081886747, 4.314068966178664
0.3054585910163857, 4.245064425018103
0.30545156121390404, 4.176059883857541
0.3054445314114223, 4.10705534269698
0.30513522010222666, 4.065652618000643
0.3076852809524705, 5.138673233047373
0.3090182018010294, 5.045517102480615
0.3088867913599711, 4.953511047599867
0.3088797615574894, 4.884506506439305
0.3088727317550077, 4.815501965278743
0.30886570195252594, 4.746497424118182
0.30885867215004426, 4.677492882957621
0.3088516423475625, 4.6084883417970595
0.30884461254508083, 4.539483800636498
0.3088375827425991, 4.470479259475937
0.30883055294011735, 4.4014747183153755
0.30882352313763567, 4.332470177154814
0.30881649333515393, 4.263465635994253
0.3088094635326722, 4.194461094833691
0.3088024337301905, 4.125456553673129
0.30879540392770877, 4.056452012512568
0.308788374125227, 3.9874474713520067
0.3088948756328251, 2.0380691835661455
0.309085266116705, 3.9069421733313514
0.30907823631422326, 3.83793763217079
0.3090712065117416, 3.7689330910102288
0.30906417670925984, 3.699928549849667
0.3090571469067781, 3.6309240086891057
0.3090501171042964, 3.5619194675285444
0.3090430873018147, 3.492914926367983
0.30903605749933294, 3.4239103852074213
0.30902902769685126, 3.35490584404686
0.3090219978943695, 3.2859013028862987
0.3090149680918878, 3.216896761725737
0.3090079382894061, 3.1478922205651756
0.30900090848692435, 3.0788876794046143
0.30899387868444267, 3.009883138244053
0.30898684888196093, 2.940878597083491
0.3089798190794792, 2.87187405592293
0.3089727892769975, 2.8028695147623686
0.30896575947451577, 2.733864973601807
0.308958729672034, 2.6648604324412455
0.30895169986955234, 2.595855891280684
0.3089446700670706, 2.526851350120123
0.30893764026458886, 2.457846808959561
0.3089306104621072, 2.3888422677989998
0.30892358065962544, 2.3198377266384385
0.3089165508571437, 2.250833185477877
0.308909521054662, 2.1818286443173154
0.3085995067652182, 2.1335254655049223
0.3104075719635165, 1.912710933791126
0.31009474575308, 1.836805938514508
0.31008771595059825, 1.7678013973539466
0.3100806861481165, 1.6987968561933853
0.31007365634563483, 1.629792315032824
0.3100666265431531, 1.5607877738722626
0.31005959674067135, 1.4917832327117013
0.31005256693818967, 1.42277869155114
0.3100455371357079, 1.3537741503905778
0.3100385073332262, 1.2847696092300165
0.3100314775307445, 1.2157650680694552
0.31002444772826276, 1.1467605269088939
0.310017417925781, 1.0777559857483325
0.31001038812329934, 1.0087514445877712
0.3100033583208176, 0.9397469034272099
0.30999632851833586, 0.8707423622666477
0.3099892987158542, 0.8017378211060864
0.30998226891337244, 0.7327332799455251
0.30997523911089075, 0.6637287387849637
0.309968209308409, 0.5947241976244024
0.3099611795059273, 0.5257196564638411
0.3099541497034456, 0.4567151153032798
0.30994711990096385, 0.3877105741427176
0.3099400900984821, 0.3187060329821563
0.30993306029600043, 0.24970149182159496
0.3099260304935187, 0.18069695066103364
0.30991900069103695, 0.11169240950047232
0.30991197088855527, 0.042687868339911006
0.31005520311412027, -0.048743148697832694
0.3115775068415367, -0.07979519222008591
0.3138256025261783, 1.9223715695536043
0.31314357108940183, 1.8161045761663397
0.3131365412869201, 1.7471000350057784
0.3131295114844384, 1.678095493845217
0.31312248168195667, 1.6090909526846557
0.3131154518794749, 1.5400864115240944
0.31310842207699324, 1.4710818703635322
0.3131013922745115, 1.402077329202971
0.31309436247202976, 1.3330727880424096
0.3130873326695481, 1.2640682468818483
0.31308030286706634, 1.195063705721287
0.3130732730645846, 1.1260591645607256
0.3130662432621029, 1.0570546234001643
0.3130592134596212, 0.9880500822396021
0.3130521836571395, 0.9190455410790408
0.31304515385465775, 0.8500409999184795
0.313038124052176, 0.7810364587579182
0.31303109424969433, 0.7120319175973568
0.3130240644472126, 0.6430273764367955
0.31301703464473085, 0.5740228352762342
0.31301000484224917, 0.5050182941156729
0.31300297503976743, 0.4360137529551107
0.3129959452372857, 0.3670092117945494
0.312988915434804, 0.29800467063398806
0.31298188563232227, 0.22900012947342674
0.3129748558298405, 0.15999558831286542
0.31296782602735884, 0.0909910471523041
0.3129607962248771, 0.02198650599174279
0.3129541179125195, -0.043567808110791084
0.31560365046787964, 5.000664150726251
0.31559509754152687, 4.916708625647567
0.31558806773904513, 4.847704084487006
0.31558103793656345, 4.778699543326445
0.3155740081340817, 4.709695002165883
0.3155669783316, 4.640690461005322
0.3155599485291183, 4.57168591984476
0.31555291872663654, 4.502681378684199
0.31554588892415486, 4.433676837523637
0.3155388591216731, 4.364672296363076
0.3155318293191914, 4.295667755202515
0.3155247995167097, 4.226663214041952
0.31521244195977194, 4.155358521509372
0.3155090996245005, 4.072553072116699
0.3151983823548085, 4.01734943918825
0.3151913525523268, 3.9483448980276883
0.31518432274984504, 3.879340356867127
0.31517729294736335, 3.8103358157065657
0.3151702631448816, 3.741331274546004
0.31516323334239993, 3.6723267333854426
0.3151562035399182, 3.6033221922248813
0.31514917373743645, 3.53431765106432
0.31514214393495477, 3.465313109903758
0.315135114132473, 3.396308568743197
0.3151280843299913, 3.3273040275826355
0.3151210545275096, 3.258299486422074
0.31511402472502786, 3.1892949452615125
0.3151069949225461, 3.120290404100951
0.31509996512006444, 3.05128586294039
0.3150929353175827, 2.982281321779828
0.31508590551510096, 2.9132767806192668
0.3150788757126193, 2.8442722394587054
0.31507184591013754, 2.7752676982981437
0.3150648161076558, 2.7062631571375824
0.3150577863051741, 2.637258615977021
0.3150507565026924, 2.5682540748164597
0.3150437267002107, 2.499249533655898
0.31503669689772895, 2.4302449924953367
0.3150296670952472, 2.3612404513347753
0.31502263729276553, 2.292235910174214
0.3150156074902838, 2.2232313690136523
0.31500857768780205, 2.154226827853091
0.31500154788532037, 2.0852222866925296
0.31489141431310674, 2.0024168372998554
0.31673580015756064, 5.132922854617327
0.3189747922479884, 5.149023914221457
0.3189677624455067, 5.080019373060896
0.31896073264302494, 5.011014831900335
0.31895370284054325, 4.942010290739773
0.3189466730380615, 4.873005749579212
0.3189396432355798, 4.804001208418651
0.3189326134330981, 4.7349966672580885
0.31892558363061635, 4.665992126097527
0.3189185538281346, 4.596987584936966
0.3189115240256529, 4.527983043776405
0.3189044942231712, 4.458978502615843
0.31889746442068945, 4.389973961455281
0.31889043461820776, 4.32096942029472
0.318883404815726, 4.251964879134158
0.31887637501324434, 4.182960337973597
0.3188693452107626, 4.113955796813036
0.31886231540828086, 4.0449512556524745
0.3188552856057992, 3.975946714491913
0.31884825580331744, 3.9069421733313514
0.3188412260008357, 3.83793763217079
0.318834196198354, 3.7689330910102288
0.3188271663958723, 3.699928549849667
0.3187167984969093, 3.614822949084975
0.31972557515303607, 3.53431765106432
0.32002223281776465, 3.451512201671646
0.3200152030152829, 3.3825076605110844
0.32000817321280123, 3.313503119350523
0.3200011434103195, 3.244498578189962
0.31999411360783775, 3.1754940370294005
0.31998708380535607, 3.1064894958688387
0.3199800540028743, 3.0374849547082774
0.3199730242003926, 2.968480413547716
0.3199659943979109, 2.8994758723871543
0.31995896459542916, 2.830471331226593
0.3199519347929474, 2.7614667900660317
0.31994490499046574, 2.6924622489054704
0.319937875187984, 2.6234577077449086
0.31993084538550226, 2.5544531665843473
0.3199238155830206, 2.485448625423786
0.31991678578053884, 2.416444084263224
0.31990975597805715, 2.347439543102663
0.3199027261755754, 2.2784350019421016
0.3198956963730937, 2.2094304607815403
0.319888666570612, 2.1404259196209785
0.31988163676813025, 2.071421378460417
0.3198746069656485, 2.0024168372998554
0.3198675771631668, 1.933412296139294
0.3198605473606851, 1.8644077549787328
0.31985351755820335, 1.7954032138181715
0.31984648775572166, 1.7263986726576102
0.3198394579532399, 1.6573941314970488
0.3198324281507582, 1.5883895903364875
0.3198253983482765, 1.5193850491759253
0.31981836854579476, 1.450380508015364
0.319811338743313, 1.3813759668548027
0.31980430894083134, 1.3123714256942414
0.3197972791383496, 1.24336688453368
0.3197902493358679, 1.1743623433731187
0.3197832195333862, 1.1053578022125574
0.31977618973090444, 1.0363532610519952
0.31976915992842275, 0.9673487198914339
0.319762130125941, 0.8983441787308726
0.3197551003234593, 0.8293396375703113
0.3197480705209776, 0.7603350964097499
0.31974104071849585, 0.6913305552491886
0.3197340109160141, 0.6223260140886273
0.3197269811135324, 0.5533214729280651
0.3197199513110507, 0.4843169317675038
0.31971292150856895, 0.41531239060694247
0.31970589170608726, 0.34630784944638116
0.3196988619036055, 0.27730330828581984
0.3196918321011238, 0.20829876712525852
0.3196848022986421, 0.1392942259646972
0.31967777249616036, 0.070289684804135
0.3195674045971974, -0.014815915960557646
0.3211886176455316, -0.07323976080983208
0.32362992745138325, -0.06771939751698763
0.32462851089391154, 3.7447815016040322
0.32462019229430816, 3.663126127897368
0.32472418650568774, 3.486014472251927
0.32459277606462944, 3.3940084173711784
0.3245857462621477, 3.3250038762106167
0.324578716459666, 3.2559993350500553
0.3245716866571843, 3.186994793889494
0.32456465685470254, 3.1179902527289327
0.32455762705222085, 3.048985711568371
0.3245505972497391, 2.9799811704078096
0.3245435674472574, 2.9109766292472483
0.3245365376447757, 2.8419720880866866
0.32452950784229395, 2.7729675469261252
0.32452247803981227, 2.703963005765564
0.32451544823733053, 2.6349584646050026
0.3245084184348488, 2.565953923444441
0.3245013886323671, 2.496949382283879
0.32449435882988537, 2.4279448411233178
0.3244873290274036, 2.3589402999627564
0.32448029922492194, 2.2899357588021947
0.3244732694224402, 2.2209312176416334
0.32446623961995846, 2.151926676481072
0.3244592098174768, 2.0829221353205103
0.32445218001499504, 2.013917594159949
0.3244451502125133, 1.9449130529993877
0.3244381204100316, 1.8759085118388263
0.3244310906075499, 1.806903970678265
0.32442406080506814, 1.7378994295177037
0.32441703100258645, 1.6688948883571415
0.3244100012001047, 1.5998903471965802
0.3242497802852089, 1.5245603897629678
0.3244778622267283, 1.068095349985854
0.3244500242089007, 0.7948373669900306
0.32431884809459177, 0.7051314634813011
0.3244075642019111, 0.37804993838023915
0.3242699909673438, 0.2255499024153984
0.32426143804099106, 0.1415943773367161
0.3242544082385093, 0.07258983617615478
0.3242473784360276, 0.003585295015592571
0.3256218922826033, 5.110381371171544
0.3250618982169095, 5.004114377784278
0.3250548684144278, 4.935109836623717
0.3250478386119461, 4.866105295463155
0.32504080880946434, 4.797100754302594
0.32503377900698266, 4.728096213142033
0.3250267492045009, 4.6590916719814714
0.32501971940201924, 4.59008713082091
0.3250126895995375, 4.521082589660349
0.32500565979705576, 4.452078048499787
0.3249986299945741, 4.383073507339225
0.32499160019209233, 4.314068966178664
0.3249845703896106, 4.245064425018103
0.3249775405871289, 4.176059883857541
0.32497051078464717, 4.10705534269698
0.32496348098216543, 4.038050801536418
0.32495645117968375, 3.969046260375857
0.324949421377202, 3.900041719215295
0.32494239157472027, 3.831037178054734
0.32491778726603426, 3.589521283992769
0.324799452257592, 1.4296791456671958
0.32468931868537837, 1.346873696274522
0.32468228888289663, 1.2778691551139607
0.32467525908041495, 1.2088646139533994
0.3243659477712193, 1.167461889257062
0.3247502436402199, 0.9466473575432657
0.3243378285612924, 0.8914437246148168
0.32471509462781134, 0.6016246517404582
0.3246049610555977, 0.5188192023477844
0.32429564974640207, 0.477416477651448
0.3248861531548666, 0.2842037624018756
0.3281277708242496, 5.1507490277504715
0.32964357198437044, 5.0558677836546995
0.3296350190580177, 4.971912258576016
0.32962798925553594, 4.902907717415455
0.32962095945305425, 4.833903176254894
0.3296139296505725, 4.764898635094332
0.3296068998480908, 4.695894093933771
0.3295998700456091, 4.626889552773209
0.32959284024312735, 4.5578850116126475
0.32958581044064567, 4.488880470452086
0.3295787806381639, 4.419875929291525
0.3295717508356822, 4.3508713881309635
0.3295647210332005, 4.281866846970402
0.32955769123071876, 4.212862305809841
0.329550661428237, 4.14385776464928
0.32954363162575534, 4.074853223488717
0.3295366018232736, 4.005848682328156
0.32952957202079186, 3.9368441411675947
0.3295225422183102, 3.8678396000070334
0.32951551241582844, 3.7988350588464717
0.3295084826133467, 3.7298305176859103
0.329501452810865, 3.660825976525349
0.3294944230083833, 3.5918214353647877
0.32948739320590154, 3.522816894204226
0.32948036340341985, 3.4538123530436646
0.3294733336009381, 3.3848078118831033
0.32946630379845643, 3.3158032707225416
0.3294592739959747, 3.2467987295619802
0.32945224419349295, 3.177794188401419
0.32944521439101127, 3.1087896472408576
0.3294381845885295, 3.039785106080296
0.3294311547860478, 2.9707805649197345
0.3294241249835661, 2.901776023759173
0.32941709518108436, 2.8327714825986114
0.3294100653786026, 2.76376694143805
0.32940303557612094, 2.694762400277489
0.3293960057736392, 2.6257578591169275
0.32938897597115746, 2.5567533179563657
0.3293819461686758, 2.487748776795805
0.32937491636619404, 2.4187442356352435
0.3293678865637123, 2.349739694474682
0.3293608567612306, 2.2807351533141205
0.3293538269587489, 2.211730612153559
0.3293467971562672, 2.1427260709929974
0.32933976735378545, 2.073721529832436
0.3293327375513037, 2.0047169886718743
0.329325707748822, 1.935712447511313
0.3293186779463403, 1.8667079063507517
0.32931164814385855, 1.7977033651901904
0.32930461834137686, 1.728698824029629
0.3292975885388951, 1.6596942828690677
0.3292905587364134, 1.5906897417085064
0.3292835289339317, 1.5216852005479442
0.32927649913144996, 1.4526806593873829
0.3292694693289682, 1.3836761182268216
0.32926243952648654, 1.3146715770662603
0.3292554097240048, 1.245667035905699
0.32924837992152306, 1.1766624947451376
0.3292413501190414, 1.1076579535845763
0.32923432031655964, 1.038653412424014
0.32922729051407795, 0.9696488712634528
0.3292202607115962, 0.9006443301028915
0.3292132309091145, 0.8316397889423301
0.3292062011066328, 0.7626352477817688
0.32919917130415105, 0.6936307066212075
0.3291921415016693, 0.6246261654606462
0.3291851116991876, 0.5556216243000849
0.3291780818967059, 0.4866170831395227
0.32917105209422415, 0.41761254197896136
0.32916402229174246, 0.34860800081840004
0.3291569924892607, 0.2796034596578387
0.329149962686779, 0.2105989184972774
0.3291429328842973, 0.1415943773367161
0.32913590308181556, 0.07258983617615478
0.3291275844822122, -0.009065537530510426
0.3309520291202929, -0.06909948834019897
0.33339432309849204, -0.05391848928487519
0.334615680981666, 4.74741748466699
0.33448417680990794, 4.654491369237434
0.33447714700742626, 4.585486828076872
0.3344701172049445, 4.516482286916311
0.3344630874024628, 4.44747774575575
0.3344560575999811, 4.378473204595188
0.33444902779749935, 4.309468663434627
0.3344419979950176, 4.240464122274065
0.33443496819253593, 4.171459581113504
0.3344279383900542, 4.102455039952942
0.33442090858757245, 4.033450498792381
0.33441387878509077, 3.964445957631819
0.33440684898260903, 3.895441416471258
0.33439981918012734, 3.8264368753106965
0.3343927893776456, 3.757432334150135
0.33438575957516387, 3.6884277929895735
0.3343787297726822, 3.619423251829012
0.33437169997020044, 3.550418710668451
0.3343646701677187, 3.481414169507889
0.334357640365237, 3.4124096283473278
0.3343506105627553, 3.3434050871867664
0.33434358076027354, 3.2744005460262047
0.33433655095779186, 3.2053960048656434
0.3343295211553101, 3.136391463705082
0.3343224913528284, 3.0673869225445207
0.3343154615503467, 2.998382381383959
0.33430843174786495, 2.9293778402233976
0.3343014019453832, 2.8603732990628363
0.33429437214290153, 2.7913687579022746
0.3342873423404198, 2.7223642167417132
0.3342803125379381, 2.653359675581152
0.33427328273545637, 2.5843551344205906
0.33426625293297463, 2.515350593260029
0.33425922313049294, 2.446346052099468
0.3342521933280112, 2.3773415109389067
0.33424516352552947, 2.308336969778345
0.3342381337230478, 2.2393324286177836
0.33423110392056604, 2.1703278874572223
0.3342240741180843, 2.101323346296661
0.3342170443156026, 2.032318805136099
0.3342100145131209, 1.9633142639755379
0.33420298471063914, 1.8943097228149766
0.33419595490815746, 1.8253051816544152
0.3341889251056757, 1.756300640493854
0.334181895303194, 1.6872960993332917
0.3341748655007123, 1.6182915581727304
0.33416783569823055, 1.549287017012169
0.33416080589574887, 1.4802824758516078
0.33415377609326713, 1.4112779346910465
0.3341467462907854, 1.3422733935304851
0.3341397164883037, 1.2732688523699238
0.33413268668582197, 1.2042643112093616
0.3341256568833402, 1.1352597700488003
0.33411862708085854, 1.066255228888239
0.3341115972783768, 0.9972506877276777
0.33410456747589506, 0.9282461465671163
0.3340975376734134, 0.859241605406555
0.33409050787093164, 0.7902370642459937
0.3340834780684499, 0.7212325230854315
0.3340764482659682, 0.6522279819248702
0.3340694184634865, 0.5832234407643089
0.33406238866100474, 0.5142188996037476
0.33405535885852305, 0.44521435844318624
0.3340483290560413, 0.3762098172826249
0.33404129925355963, 0.3072052761220636
0.3340342694510779, 0.2382007349615014
0.33402723964859615, 0.1691961938009401
0.33402044417286386, 0.10249180401239677
0.3337085552694249, 0.03578741422385434
0.3351363081534622, 5.066218464828784
0.3348234819430257, 4.9903134695521665
0.33481645214054395, 4.921308928391605
0.3348094223380622, 4.852304387231043
0.33636553941541575, 5.153164186691091
0.3388058650489199, 5.149023914221457
0.33910322569389667, 5.07311891894484
0.33909619589141493, 5.004114377784278
0.33908916608893325, 4.935109836623717
0.3390821362864515, 4.866105295463155
0.33907510648396977, 4.797100754302594
0.3390680766814881, 4.728096213142033
0.33906104687900634, 4.6590916719814714
0.33905401707652466, 4.59008713082091
0.3390469872740429, 4.521082589660349
0.3393431762852727, 4.433676837523637
0.339336146482791, 4.364672296363076
0.33932911668030924, 4.295667755202515
0.33932208687782756, 4.226663214041952
0.3393150570753458, 4.157658672881391
0.3393080272728641, 4.08865413172083
0.3393009974703824, 4.0196495905602685
0.33929396766790065, 3.950645049399707
0.3392869378654189, 3.8816405082391454
0.33927990806293723, 3.812635967078584
0.33927381556745306, 3.752832031406098
0.33896262964426227, 3.6930280957336112
0.33895559984178053, 3.6240235545730495
0.3392527261600079, 3.5458184079244135
0.33924569635752616, 3.476813866763852
0.33923890088179387, 3.4101094769753093
0.3389274806318537, 3.3480053899308038
0.33892045082937194, 3.2790008487702424
0.33891342102689026, 3.209996307609681
0.3389063912244085, 3.1409917664491194
0.3388993614219268, 3.071987225288558
0.3388923316194451, 3.0029826841279967
0.3391894579376724, 2.9247775374793603
0.3388782720144816, 2.8649736018068737
0.3391758669862078, 2.7913687579022746
0.3391695401639742, 2.7292646708577695
0.33885718260703646, 2.6579599783251893
0.3391547775787626, 2.5843551344205906
0.33884312300207303, 2.5199508960040666
0.3388360931995913, 2.4509463548435053
0.33913368817131745, 2.3773415109389067
0.3391271270223345, 2.3129372725223822
0.3388150037921462, 2.243932731361821
0.33911154429350004, 2.159977206283138
0.33910463165439303, 2.0921227408085854
0.3390980705054101, 2.0277185023920614
0.3387868845822193, 1.9679145667195748
0.3390830735934491, 1.8805088145828641
0.33877282497725586, 1.8299054843984521
0.33922229297343076, 1.7496877052992996
0.3390619841860039, 1.6734951911011802
0.33905518871027157, 1.6067908013126369
0.33874470576732896, 1.553887319756206
0.3387376759648472, 1.4848827785956447
0.33873064616236553, 1.4158782374350833
0.3387236163598838, 1.346873696274522
0.33902074267811116, 1.2686685496258852
0.3390137128756294, 1.1996640084653238
0.33900715172664647, 1.1352597700488003
0.33869549714995695, 1.0708555316322759
0.3386884673474752, 1.0018509904717146
0.33868143754499347, 0.9328464493111532
0.3386744077425118, 0.8638419081505919
0.3389715340607391, 0.785636761501955
0.33896450425825736, 0.7166322203413937
0.3386533183350666, 0.656828284668908
0.3386462885325849, 0.5878237435083458
0.33863925873010314, 0.5188192023477844
0.33863222892762146, 0.44981466118722313
0.3386251991251397, 0.3808101200266618
0.338618169322658, 0.3118055788661005
0.33891482698738656, 0.22900012947342674
0.3389077971849048, 0.15999558831286542
0.33890076738242314, 0.0909910471523041
0.3387404878858399, 0.015086051875686124
0.3399014597656959, -0.06886947320299619
0.3425452513156961, -0.07231970026102452
0.34329284737695204, 0.078570229743403
0.34285714021913505, -0.0056153104724820935
0.34434281867562166, 4.395494324748126
0.3439080956901521, 4.32096942029472
0.3439010658876704, 4.251964879134158
0.3438940360851887, 4.182960337973597
0.34388700628270696, 4.113955796813036
0.3438799764802252, 4.0449512556524745
0.34387294667774354, 3.975946714491913
0.3438659168752618, 3.9069421733313514
0.34385888707278006, 3.83793763217079
0.3438518572702984, 3.7689330910102288
0.34384482746781664, 3.699928549849667
0.3438377976653349, 3.6309240086891057
0.3438307678628532, 3.5619194675285444
0.3438237380603715, 3.492914926367983
0.34381670825788974, 3.4239103852074213
0.34380967845540805, 3.35490584404686
0.3438026486529263, 3.2859013028862987
0.3437956188504446, 3.216896761725737
0.3437885890479629, 3.1478922205651756
0.34378155924548115, 3.0788876794046143
0.34377452944299947, 3.009883138244053
0.3437674996405177, 2.940878597083491
0.343760469838036, 2.87187405592293
0.3437534400355543, 2.8028695147623686
0.34374641023307256, 2.733864973601807
0.3437393804305908, 2.6648604324412455
0.34373235062810914, 2.595855891280684
0.3437253208256274, 2.526851350120123
0.34371829102314566, 2.457846808959561
0.343711261220664, 2.3888422677989998
0.34370423141818224, 2.3198377266384385
0.3436972016157005, 2.250833185477877
0.3436901718132188, 2.1818286443173154
0.3436831420107371, 2.112824103156754
0.34367611220825534, 2.0438195619961927
0.34366908240577365, 1.9748150208356314
0.3436620526032919, 1.9058104796750701
0.34365502280081023, 1.836805938514508
0.3436479929983285, 1.7678013973539466
0.34364096319584675, 1.6987968561933853
0.34363393339336507, 1.629792315032824
0.3436269035908833, 1.5607877738722626
0.3436198737884016, 1.4917832327117013
0.3436128439859199, 1.42277869155114
0.34360581418343816, 1.3537741503905778
0.3435987843809564, 1.2847696092300165
0.34359175457847474, 1.2157650680694552
0.343584724775993, 1.1467605269088939
0.34357769497351126, 1.0777559857483325
0.3435706651710296, 1.0087514445877712
0.34356363536854784, 0.9397469034272099
0.3435566055660661, 0.8707423622666477
0.3435495757635844, 0.8017378211060864
0.3435425459611027, 0.7327332799455251
0.343535516158621, 0.6637287387849637
0.34352848635613925, 0.5947241976244024
0.3435214565536575, 0.5257196564638411
0.3435144267511758, 0.4567151153032798
0.3435073969486941, 0.3877105741427176
0.34350036714621235, 0.3187060329821563
0.34349333734373066, 0.24970149182159496
0.3434863075412489, 0.18069695066103364
0.34562547643643626, 5.006874559430701
0.3454942534567775, 4.916708625647567
0.3454879266345439, 4.854604538603062
0.3451755690776062, 4.783299846070482
0.3451685392751245, 4.71429530490992
0.34516150947264274, 4.645290763749359
0.34515447967016105, 4.576286222588798
0.34514885582817567, 4.521082589660349
0.34483813855848366, 4.465878956731899
0.3465824082992604, 5.116246757170191
0.3482637613078257, 5.149023914221457
0.34886480942001274, 5.059318010712728
0.34885777961753106, 4.9903134695521665
0.3488507498150493, 4.921308928391605
0.3488437200125676, 4.852304387231043
0.3488366902100859, 4.783299846070482
0.34882966040760416, 4.71429530490992
0.3488226306051224, 4.645290763749359
0.34881560080264074, 4.576286222588798
0.348808571000159, 4.507281681428236
0.3488015411976773, 4.438277140267674
0.34879451139519557, 4.369272599107113
0.34878748159271383, 4.3002680579465515
0.34878045179023215, 4.23126351678599
0.3487734219877504, 4.162258975625429
0.34876639218526867, 4.093254434464868
0.348759362382787, 4.024249893304306
0.34875233258030525, 3.9552453521437445
0.3487453027778235, 3.886240810983183
0.3487382729753418, 3.817236269822622
0.3487312431728601, 3.74823172866206
0.34872421337037834, 3.679227187501499
0.34871718356789666, 3.6102226463409375
0.3487101537654149, 3.5412181051803757
0.3487031239629332, 3.4722135640198144
0.3486960941604515, 3.403209022859253
0.34868906435796976, 3.3342044816986918
0.3486820345554881, 3.26519994053813
0.34867500475300633, 3.1961953993775687
0.3486679749505246, 3.1271908582170074
0.3486609451480429, 3.0581863170564456
0.34865391534556117, 2.9891817758958843
0.34864688554307943, 2.920177234735323
0.34863985574059775, 2.8511726935747617
0.348632825938116, 2.7821681524142
0.34862579613563427, 2.7131636112536386
0.3486187663331526, 2.6441590700930773
0.34861173653067085, 2.5751545289325155
0.3486047067281891, 2.506149987771954
0.3485976769257074, 2.437145446611393
0.3485906471232257, 2.3681409054508316
0.34858361732074394, 2.29913636429027
0.34857658751826226, 2.2301318231297085
0.3485695577157805, 2.161127281969147
0.34856252791329884, 2.0921227408085854
0.3485554981108171, 2.0231181996480245
0.34854846830833536, 1.9541136584874623
0.3485414385058537, 1.885109117326901
0.34853440870337193, 1.8161045761663397
0.3485273789008902, 1.7471000350057784
0.3485203490984085, 1.678095493845217
0.34851331929592677, 1.6090909526846557
0.34850628949344503, 1.5400864115240944
0.34839639024798086, 1.4595811135034396
0.3494065728646039, 1.3928767237148962
0.34970346485608195, 1.3123714256942414
0.3496964350536002, 1.24336688453368
0.3496894052511185, 1.1743623433731187
0.3496823754486368, 1.1053578022125574
0.34967534564615504, 1.0363532610519952
0.34966831584367336, 0.9673487198914339
0.3496612860411916, 0.8983441787308726
0.3496542562387099, 0.8293396375703113
0.3496472264362282, 0.7603350964097499
0.34964019663374646, 0.6913305552491886
0.3496331668312647, 0.6223260140886273
0.34962613702878304, 0.5533214729280651
0.3496191072263013, 0.4843169317675038
0.34961207742381956, 0.41531239060694247
0.34960504762133787, 0.34630784944638116
0.34959801781885613, 0.27730330828581984
0.3495909880163744, 0.20829876712525852
0.3495839582138927, 0.1392942259646972
0.34957692841141097, 0.070289684804135
0.3495698986089293, 0.001285143643573683
0.35047786789746815, -0.07047957916340941
0.353198682649993, 2.678661340673358
0.35288445047906014, 2.588955437164628
0.3528774206765784, 2.5199508960040666
0.35287039087409666, 2.4509463548435053
0.352863361071615, 2.3819418136829436
0.35285633126913324, 2.3129372725223822
0.35284930146665155, 2.243932731361821
0.3528422716641698, 2.174928190201259
0.3528352418616881, 2.105923649040698
0.353133305486913, 2.036919107880136
0.3531262756844313, 1.9679145667195748
0.35311924588194954, 1.8989100255590134
0.35311221607946786, 1.8299054843984521
0.3531051862769861, 1.7609009432378908
0.35309909378150195, 1.7010970075654042
0.35278603324431607, 1.6228918609167682
0.3527790034418343, 1.553887319756206
0.3527719736393526, 1.4848827785956447
0.3527649438368709, 1.4158782374350833
0.35275791403438916, 1.346873696274522
0.3527508842319074, 1.2778691551139607
0.35274385442942574, 1.2088646139533994
0.352736824626944, 1.139860072792838
0.3527297948244623, 1.0708555316322759
0.3527227650219806, 1.0018509904717146
0.35271573521949884, 0.9328464493111532
0.35270870541701715, 0.8638419081505919
0.3527016756145354, 0.7948373669900306
0.3526946458120537, 0.7258328258294693
0.352687616009572, 0.656828284668908
0.35268058620709025, 0.5878237435083458
0.3526735564046085, 0.5188192023477844
0.35266652660212683, 0.44981466118722313
0.3526594967996451, 0.3808101200266618
0.35265246699716335, 0.3118055788661005
0.35264543719468167, 0.24280103770553918
0.3526384073921999, 0.17379649654497786
0.3526313775897182, 0.10479195538441566
0.3526243477872365, 0.03578741422385434
0.3526176694748789, -0.029766899878678643
0.3523087096558073, -0.06771939751698763
0.3547751861545435, 4.976512561320054
0.3546437757134852, 4.884506506439305
0.35463674591100347, 4.815501965278743
0.35462971610852173, 4.746497424118182
0.35462268630604005, 4.677492882957621
0.3546156565035583, 4.6084883417970595
0.3546086267010766, 4.539483800636498
0.3546015968985949, 4.470479259475937
0.35459456709611314, 4.4014747183153755
0.35458753729363146, 4.332470177154814
0.3545805074911497, 4.263465635994253
0.354573477688668, 4.194461094833691
0.3545664478861863, 4.125456553673129
0.35455941808370456, 4.056452012512568
0.3545523882812228, 3.9874474713520067
0.35454535847874113, 3.9184429301914454
0.3545383286762594, 3.8494383890308836
0.35453129887377766, 3.7804338478703223
0.35452426907129597, 3.711429306709761
0.35451723926881423, 3.6424247655491993
0.3545102094663325, 3.573420224388638
0.3545031796638508, 3.5044156832280766
0.35449614986136907, 3.4354111420675153
0.3544891200588874, 3.3664066009069535
0.35448209025640565, 3.2974020597463922
0.3544750604539239, 3.228397518585831
0.3544680306514422, 3.1593929774252696
0.3544610008489605, 3.090388436264708
0.35445397104647874, 3.0213838951041465
0.35444694124399706, 2.952379353943585
0.3544399114415153, 2.8833748127830234
0.3544328816390336, 2.814370271622462
0.3541227501862151, 2.7649170171240596
0.3552768680086514, 5.109346303054135
0.35741691562914896, 5.152474141279486
0.3580183152314601, 5.066218464828784
0.3580112854289784, 4.997213923668222
0.3580042556264967, 4.928209382507661
0.35799722582401494, 4.8592048413471
0.35799019602153326, 4.790200300186538
0.3579831662190515, 4.721195759025976
0.3579761364165698, 4.652191217865415
0.3579691066140881, 4.5831866767048535
0.35796207681160636, 4.514182135544292
0.3579550470091246, 4.445177594383731
0.35794801720664293, 4.3761730532231695
0.3579409874041612, 4.307168512062608
0.35793395760167945, 4.238163970902047
0.35792692779919777, 4.169159429741486
0.35791989799671603, 4.100154888580923
0.35791286819423435, 4.031150347420362
0.3579058383917526, 3.9621458062598007
0.35789880858927087, 3.8931412650992394
0.3578917787867892, 3.8241367239386777
0.35788474898430744, 3.7551321827781163
0.3578777191818257, 3.686127641617555
0.357870689379344, 3.6171231004569933
0.3578636595768623, 3.548118559296432
0.35785662977438054, 3.4791140181358706
0.35784959997189886, 3.4101094769753093
0.35773946639968524, 3.3273040275826355
0.35874988334305774, 3.2628997891661116
0.35904677533453566, 3.1823944911454563
0.359039745532054, 3.113389949984895
0.35903271572957224, 3.0443854088243336
0.3590256859270905, 2.975380867663772
0.3590186561246088, 2.9063763265032105
0.3590116263221271, 2.837371785342649
0.35900459651964534, 2.768367244182088
0.35899756671716365, 2.699362703021526
0.3589905369146819, 2.630358161860965
0.3589835071122002, 2.5613536207004035
0.3589764773097185, 2.492349079539842
0.35896944750723675, 2.4233445383792804
0.358962417704755, 2.354339997218719
0.3589553879022733, 2.285335456058158
0.3589483580997916, 2.216330914897596
0.35894132829730985, 2.1473263737370347
0.35893429849482816, 2.0783218325764734
0.3589272686923464, 2.009317291415912
0.35892023888986474, 1.9403127502553508
0.358913209087383, 1.8713082090947886
0.35890617928490126, 1.8023036679342272
0.3588991494824196, 1.733299126773666
0.35889211967993784, 1.6642945856131046
0.3588850898774561, 1.5952900444525433
0.3588780600749744, 1.526285503291982
0.3588710302724927, 1.4572809621314207
0.35886400047001094, 1.3882764209708593
0.35885697066752925, 1.3192718798102971
0.3588499408650475, 1.2502673386497358
0.3588429110625658, 1.1812627974891745
0.3588358812600841, 1.1122582563286132
0.35882885145760235, 1.0432537151680519
0.3588218216551206, 0.9742491740074906
0.3588147918526389, 0.9052446328469292
0.3588077620501572, 0.836240091686367
0.3588007322476755, 0.7672355505258057
0.35879370244519376, 0.6982310093652444
0.3590917660704187, 0.6292264682046831
0.35923587702129395, 0.5464210188120093
0.3587726130377486, 0.49121738588356045
0.35876558323526686, 0.42221284472299914
0.35906317820699307, 0.34860800081840004
0.35905614840451133, 0.2796034596578387
0.3590491186020296, 0.2105989184972774
0.3590420887995479, 0.1415943773367161
0.35903505899706617, 0.07258983617615478
0.35902802919458443, 0.003585295015592571
0.35963081132471697, -0.06909948834019897
0.36220371903302645, 0.030267050931009898
0.36191985560881457, -0.06081894340093097
0.36244638781469535, 0.6154255599725706
0.36243935801221366, 0.5464210188120093
0.3624323282097319, 0.477416477651448
0.36242529840725024, 0.4084119364908867
0.3624182686047685, 0.3394073953303254
0.36241123880228676, 0.2704028541697632
0.3624042089998051, 0.20139831300920186
0.36239717919732334, 0.13239377184864054
0.36437642008605153, 4.586636903762882
0.36436833581319755, 4.507281681428236
0.36436130601071587, 4.438277140267674
0.3643545105349835, 4.371572750479132
0.3640414499977976, 4.293367603830496
0.3640344201953159, 4.224363062669934
0.36402739039283416, 4.155358521509372
0.3640203605903524, 4.086353980348811
0.36401333078787074, 4.01734943918825
0.364006300985389, 3.9483448980276883
0.36399927118290726, 3.879340356867127
0.3639922413804256, 3.8103358157065657
0.36398521157794383, 3.741331274546004
0.36397818177546215, 3.6723267333854426
0.3639711519729804, 3.6033221922248813
0.36396412217049867, 3.53431765106432
0.363957092368017, 3.465313109903758
0.36395006256553525, 3.396308568743197
0.3639430327630535, 3.3273040275826355
0.3639360029605718, 3.258299486422074
0.3639289731580901, 3.1892949452615125
0.36392194335560835, 3.120290404100951
0.36391491355312666, 3.05128586294039
0.3639078837506449, 2.982281321779828
0.3639008539481632, 2.9132767806192668
0.3638938241456815, 2.8442722394587054
0.36388679434319976, 2.7752676982981437
0.363879764540718, 2.7062631571375824
0.36387273473823634, 2.637258615977021
0.3638657049357546, 2.5682540748164597
0.3638586751332729, 2.499249533655898
0.3638516453307912, 2.4302449924953367
0.36384461552830943, 2.3612404513347753
0.36383758572582775, 2.292235910174214
0.363830555923346, 2.2232313690136523
0.36382352612086427, 2.154226827853091
0.3638164963183826, 2.0852222866925296
0.36380946651590085, 2.016217745531968
0.3638024367134191, 1.9472132043714065
0.3637954069109374, 1.8782086632108452
0.3637883771084557, 1.809204122050284
0.36378134730597395, 1.7401995808897226
0.36377431750349226, 1.6711950397291604
0.3637672877010105, 1.602190498568599
0.3637602578985288, 1.5331859574080378
0.3637532280960471, 1.4641814162474764
0.36374619829356536, 1.3951768750869151
0.3637391684910837, 1.3261723339263538
0.36373213868860194, 1.2571677927657925
0.3637251088861202, 1.1881632516052303
0.3637180790836385, 1.119158710444669
0.3637110492811568, 1.0501541692841077
0.36370401947867503, 0.9811496281235463
0.36369698967619335, 0.912145086962985
0.3636899598737116, 0.8431405458024237
0.36368293007122987, 0.7741360046418624
0.3635734994792645, 0.6982310093652444
0.3655290967989791, 5.120042006934022
0.3647254497792689, 5.0179152860163905
0.3647184199767872, 4.948910744855829
0.3647113901743055, 4.879906203695268
0.36470436037182374, 4.8109016625347065
0.36469733056934206, 4.741897121374145
0.3646903007668603, 4.672892580213583
0.3665683124998518, 5.138673233047373
0.3683939522043544, 5.09037005423498
0.36909704961590106, 5.004114377784278
0.3689869160436875, 4.921308928391605
0.36897988624120576, 4.852304387231043
0.3689728564387241, 4.783299846070482
0.36896582663624233, 4.71429530490992
0.3689587968337606, 4.645290763749359
0.3689517670312789, 4.576286222588798
0.36894473722879717, 4.507281681428236
0.3689377074263155, 4.438277140267674
0.36893067762383375, 4.369272599107113
0.368923647821352, 4.3002680579465515
0.3689166180188703, 4.23126351678599
0.3689095882163886, 4.162258975625429
0.36890255841390684, 4.093254434464868
0.36889552861142516, 4.024249893304306
0.3688884988089434, 3.9552453521437445
0.3688814690064617, 3.886240810983183
0.36887443920398, 3.817236269822622
0.36886740940149826, 3.74823172866206
0.3688603795990165, 3.679227187501499
0.36885334979653484, 3.6102226463409375
0.3688463199940531, 3.5412181051803757
0.36883929019157136, 3.4722135640198144
0.3688322603890897, 3.403209022859253
0.36882523058660793, 3.3342044816986918
0.36881820078412625, 3.26519994053813
0.3688111709816445, 3.1961953993775687
0.36880414117916277, 3.1271908582170074
0.3687971113766811, 3.0581863170564456
0.36879008157419935, 2.9891817758958843
0.3687830517717176, 2.920177234735323
0.3687760219692359, 2.8511726935747617
0.3687689921667542, 2.7821681524142
0.36876196236427244, 2.7131636112536386
0.36875493256179076, 2.6441590700930773
0.368747902759309, 2.5751545289325155
0.3687408729568273, 2.506149987771954
0.3687338431543456, 2.437145446611393
0.36872681335186386, 2.3681409054508316
0.3687197835493821, 2.29913636429027
0.36871275374690043, 2.2301318231297085
0.3687057239444187, 2.161127281969147
0.368698694141937, 2.0921227408085854
0.36869166433945527, 2.0231181996480245
0.36868463453697353, 1.9541136584874623
0.36867760473449185, 1.885109117326901
0.3686705749320101, 1.8161045761663397
0.36866354512952837, 1.7471000350057784
0.3686565153270467, 1.678095493845217
0.36864948552456495, 1.6090909526846557
0.3686424557220832, 1.5400864115240944
0.3686354259196015, 1.4710818703635322
0.3686283961171198, 1.402077329202971
0.36862136631463804, 1.3330727880424096
0.36861433651215636, 1.2640682468818483
0.3686073067096746, 1.195063705721287
0.3686002769071929, 1.1260591645607256
0.3685932471047112, 1.0570546234001643
0.36858621730222946, 0.9880500822396021
0.3685791874997478, 0.9190455410790408
0.36857215769726603, 0.8500409999184795
0.3685651278947843, 0.7810364587579182
0.3685580980923026, 0.7120319175973568
0.36855106828982087, 0.6430273764367955
0.36854403848733913, 0.5740228352762342
0.36853700868485745, 0.5050182941156729
0.3685299788823757, 0.4360137529551107
0.36852294907989397, 0.3670092117945494
0.3685159192774123, 0.29800467063398806
0.36850888947493055, 0.22900012947342674
0.3685018596724488, 0.15999558831286542
0.3684948298699671, 0.0909910471523041
0.3684878000674854, 0.02198650599174279
0.36909113286547895, -0.04529292163980525
0.3718335642606351, -0.07876012410267741
0.3743369472224003, 5.028265967190475
0.37417608190894364, 4.94661059348381
0.37386419300550466, 4.879906203695268
0.3738571632030229, 4.8109016625347065
0.37385013340054124, 4.741897121374145
0.3738431035980595, 4.672892580213583
0.37383607379557776, 4.603888039053022
0.3738290439930961, 4.53488349789246
0.37382201419061434, 4.465878956731899
0.3738149843881326, 4.396874415571338
0.3738079545856509, 4.327869874410776
0.3738009247831692, 4.258865333250215
0.37379389498068744, 4.189860792089654
0.37378686517820575, 4.1208562509290925
0.373779835375724, 4.05185170976853
0.3737728055732423, 3.982847168607969
0.3737657757707606, 3.9138426274474076
0.37375874596827885, 3.8448380862868463
0.37375171616579717, 3.775833545126285
0.3737446863633154, 3.7068290039657232
0.3737376565608337, 3.637824462805162
0.373730626758352, 3.5688199216446006
0.37372359695587026, 3.499815380484039
0.3737165671533885, 3.4308108393234775
0.37370953735090684, 3.361806298162916
0.3737025075484251, 3.292801757002355
0.37369547774594336, 3.223797215841793
0.3736884479434617, 3.154792674681232
0.37368141814097994, 3.0857881335206705
0.3736743883384982, 3.0167835923601087
0.3736673585360165, 2.9477790511995474
0.3736603287335348, 2.878774510038986
0.37365329893105304, 2.809769968878425
0.37364626912857135, 2.740765427717863
0.3736392393260896, 2.6717608865573017
0.3736322095236079, 2.6027563453967404
0.3736251797211262, 2.5337518042361786
0.37361814991864445, 2.4647472630756173
0.37361112011616276, 2.395742721915056
0.373604090313681, 2.3267381807544947
0.3735970605111993, 2.257733639593933
0.3735900307087176, 2.1887290984333716
0.37358300090623586, 2.1197245572728103
0.3735759711037541, 2.050720016112249
0.37356894130127244, 1.9817154749516872
0.3735619114987907, 1.912710933791126
0.37355488169630896, 1.8437063926305646
0.3735478518938273, 1.7747018514700033
0.37354082209134554, 1.705697310309442
0.3735337922888638, 1.6366927691488797
0.3735267624863821, 1.5676882279883184
0.3735197326839004, 1.498683686827757
0.3735127028814187, 1.4296791456671958
0.37350567307893695, 1.3606746045066345
0.3734986432764552, 1.2916700633460731
0.3734916134739735, 1.2226655221855118
0.3734845836714918, 1.1536609810249496
0.37347755386901005, 1.0846564398643883
0.37347052406652836, 1.015651898703827
0.3734634942640466, 0.9466473575432657
0.3734564644615649, 0.8776428163827044
0.3734494346590832, 0.808638275222143
0.37344240485660146, 0.7396337340615817
0.3734353750541197, 0.6706291929010195
0.37342834525163804, 0.6016246517404582
0.3734213154491563, 0.5326201105798969
0.37341428564667456, 0.46361556941933557
0.3734072558441929, 0.39461102825877425
0.37340022604171114, 0.32560648709821294
0.37339319623922945, 0.2566019459376516
0.3733861664367477, 0.18759740477708942
0.373379136634266, 0.1185928636165281
0.3733721068317843, 0.04958832245596678
0.3734651345512923, -0.035517278308725864
0.3748033746170624, 5.114521643641177
0.37663632531614605, 5.137983187635768
0.37857800362694694, 5.030796133699695
0.3787506087105481, 4.928209382507661
0.37874357890806637, 4.8592048413471
0.3787365491055847, 4.790200300186538
0.37872951930310295, 4.721195759025976
0.3787224895006212, 4.652191217865415
0.3787154596981395, 4.5831866767048535
0.3787084298956578, 4.514182135544292
0.37870140009317604, 4.445177594383731
0.37869437029069436, 4.3761730532231695
0.3786873404882126, 4.307168512062608
0.3786803106857309, 4.238163970902047
0.3786732808832492, 4.169159429741486
0.37866625108076746, 4.100154888580923
0.3786592212782858, 4.031150347420362
0.37865219147580403, 3.9621458062598007
0.3786451616733223, 3.8931412650992394
0.3786381318708406, 3.8241367239386777
0.37863110206835887, 3.7551321827781163
0.37862407226587713, 3.686127641617555
0.37861704246339545, 3.6171231004569933
0.3786100126609137, 3.548118559296432
0.37860298285843197, 3.4791140181358706
0.3785959530559503, 3.4101094769753093
0.37858892325346855, 3.3411049358147475
0.3785818934509868, 3.2721003946541862
0.3785748636485051, 3.203095853493625
0.3785678338460234, 3.1340913123330636
0.37856080404354164, 3.065086771172502
0.37855377424105996, 2.9960822300119405
0.3785467444385782, 2.927077688851379
0.37853971463609654, 2.8580731476908174
0.3785326848336148, 2.789068606530256
0.37852565503113306, 2.720064065369695
0.3785186252286514, 2.6510595242091335
0.37851159542616963, 2.5820549830485717
0.3785045656236879, 2.5130504418880104
0.3784975358212062, 2.444045900727449
0.37849050601872447, 2.3750413595668873
0.37848347621624273, 2.306036818406326
0.37847644641376105, 2.2370322772457647
0.3784694166112793, 2.1680277360852034
0.37846238680879757, 2.0990231949246416
0.3784553570063159, 2.0300186537640803
0.37844832720383415, 1.961014112603519
0.3784412974013524, 1.8920095714429577
0.3784342675988707, 1.8230050302823964
0.378427237796389, 1.7540004891218341
0.3784202079939073, 1.6849959479612728
0.37841317819142556, 1.6159914068007115
0.3784061483889438, 1.5469868656401502
0.37839911858646214, 1.4779823244795889
0.3783920887839804, 1.4089777833190276
0.37838505898149866, 1.3399732421584662
0.378378029179017, 1.270968700997904
0.37837099937653523, 1.2019641598373427
0.3783639695740535, 1.1329596186767814
0.3783569397715718, 1.06395507751622
0.37834990996909007, 0.9949505363556588
0.37834288016660833, 0.9259459951950975
0.37833585036412665, 0.8569414540345361
0.3783288205616449, 0.7879369128739739
0.37832179075916317, 0.7189323717134126
0.3783147609566815, 0.6499278305528513
0.37830773115419974, 0.58092328939229
0.37830070135171806, 0.5119187482317287
0.3782936715492363, 0.44291420707116735
0.3782866417467546, 0.37390966591060604
0.3782796119442729, 0.3049051247500447
0.37827258214179116, 0.23590058358948252
0.3782655523393094, 0.1668960424289212
0.37825852253682773, 0.09789150126835988
0.378251492734346, 0.028886960107798565
0.3791579154663389, -0.05805876175450919
0.381901893418041, -0.07634496516205758
0.38346163084367263, 4.752247802548229
0.3833005312034665, 4.668292277469546
0.3832935014009848, 4.599287736308985
0.3832864715985031, 4.5302831951484235
0.38327944179602136, 4.461278653987862
0.3832724119935396, 4.3922741128273
0.38326538219105794, 4.323269571666739
0.3832583523885762, 4.254265030506177
0.38325132258609446, 4.185260489345616
0.38324429278361277, 4.116255948185055
0.38323726298113103, 4.047251407024493
0.38323023317864935, 3.9782468658639316
0.3832232033761676, 3.9092423247033703
0.38321617357368587, 3.8402377835428085
0.3832091437712042, 3.771233242382247
0.38320211396872245, 3.702228701221686
0.3831950841662407, 3.633224160061124
0.383188054363759, 3.564219618900563
0.3831810245612773, 3.4952150777400015
0.38317399475879554, 3.42621053657944
0.38316696495631386, 3.3572059954188784
0.3831599351538321, 3.288201454258317
0.3831529053513504, 3.219196913097756
0.3831458755488687, 3.1501923719371945
0.38313884574638696, 3.0811878307766327
0.3831318159439052, 3.0121832896160714
0.38312478614142353, 2.94317874845551
0.3831177563389418, 2.8741742072949483
0.3831107265364601, 2.805169666134387
0.38310369673397837, 2.7361651249738257
0.38309666693149663, 2.6671605838132644
0.38308963712901495, 2.5981560426527026
0.3830826073265332, 2.5291515014921413
0.38307557752405147, 2.4601469603315804
0.3830685477215698, 2.3911424191710187
0.38306151791908805, 2.3221378780104573
0.3830544881166063, 2.253133336849896
0.3830474583141246, 2.1841287956893343
0.3830404285116429, 2.115124254528773
0.38303339870916114, 2.0461197133682116
0.38302636890667946, 1.9771151722076503
0.3830193391041977, 1.908110631047089
0.383012309301716, 1.8391060898865277
0.3830052794992343, 1.7701015487259655
0.38299824969675256, 1.7010970075654042
0.3829912198942709, 1.6320924664048428
0.38298419009178913, 1.5630879252442815
0.3829771602893074, 1.4940833840837202
0.3829701304868257, 1.425078842923159
0.38296310068434397, 1.3560743017625976
0.38295607088186223, 1.2870697606020354
0.38294904107938055, 1.218065219441474
0.3829420112768988, 1.1490606782809127
0.38293498147441707, 1.0800561371203514
0.3829279516719354, 1.01105159595979
0.38292092186945365, 0.9420470547992288
0.3829138920669719, 0.8730425136386675
0.3829068622644902, 0.8040379724781053
0.3828998324620085, 0.735033431317544
0.38289280265952674, 0.6660288901569826
0.38288577285704506, 0.5970243489964213
0.3828787430545633, 0.52801980783586
0.38287171325208164, 0.4590152666752987
0.38256005867539206, 0.39461102825877425
0.3825530288729103, 0.32560648709821294
0.38254599907042863, 0.2566019459376516
0.3825389692679469, 0.18759740477708942
0.38253193946546515, 0.1185928636165281
0.38252490966298347, 0.04958832245596678
0.38251787986050173, -0.019416218704594534
0.3839487961556558, 5.042066875422587
0.38363350951435066, 4.942010290739773
0.3836264797118689, 4.873005749579212
0.38331505946192873, 4.8109016625347065
0.3851810502326764, 5.158684549983936
0.38762151646223025, 5.155924368337514
0.387918877107207, 5.080019373060896
0.3879118473047253, 5.011014831900335
0.3879048175022436, 4.942010290739773
0.38789778769976185, 4.873005749579212
0.3878907578972801, 4.804001208418651
0.38788372809479843, 4.7349966672580885
0.3878766982923167, 4.665992126097527
0.38786966848983495, 4.596987584936966
0.38786263868735327, 4.527983043776405
0.3878556088848715, 4.458978502615843
0.3878485790823898, 4.389973961455281
0.3878415492799081, 4.32096942029472
0.38783451947742636, 4.251964879134158
0.3878274896749447, 4.182960337973597
0.38782045987246294, 4.113955796813036
0.3878134300699812, 4.0449512556524745
0.3878064002674995, 3.975946714491913
0.3877993704650178, 3.9069421733313514
0.38779234066253604, 3.83793763217079
0.38778531086005436, 3.7689330910102288
0.3877782810575726, 3.699928549849667
0.3877712512550909, 3.6309240086891057
0.3877642214526092, 3.5619194675285444
0.38775719165012745, 3.492914926367983
0.3877501618476457, 3.4239103852074213
0.38774313204516403, 3.35490584404686
0.3877361022426823, 3.2859013028862987
0.38772907244020055, 3.216896761725737
0.38772204263771887, 3.1478922205651756
0.3877150128352371, 3.0788876794046143
0.38770798303275544, 3.009883138244053
0.3877009532302737, 2.940878597083491
0.38769392342779196, 2.87187405592293
0.3876868936253103, 2.8028695147623686
0.38767986382282854, 2.733864973601807
0.3876728340203468, 2.6648604324412455
0.3876658042178651, 2.595855891280684
0.3876587744153834, 2.526851350120123
0.38765174461290164, 2.457846808959561
0.38764471481041995, 2.3888422677989998
0.3876376850079382, 2.3198377266384385
0.3876306552054565, 2.250833185477877
0.3876236254029748, 2.1818286443173154
0.38761659560049305, 2.112824103156754
0.3876095657980113, 2.0438195619961927
0.38760253599552963, 1.9748150208356314
0.3875955061930479, 1.9058104796750701
0.3875884763905662, 1.836805938514508
0.38758144658808447, 1.7678013973539466
0.3875744167856027, 1.6987968561933853
0.38756738698312104, 1.629792315032824
0.3875603571806393, 1.5607877738722626
0.38755332737815756, 1.4917832327117013
0.3875462975756759, 1.42277869155114
0.38753926777319414, 1.3537741503905778
0.3875322379707124, 1.2847696092300165
0.3875252081682307, 1.2157650680694552
0.387518178365749, 1.1467605269088939
0.38751114856326724, 1.0777559857483325
0.38750411876078555, 1.0087514445877712
0.3874970889583038, 0.9397469034272099
0.3874900591558221, 0.8707423622666477
0.3874830293533404, 0.8017378211060864
0.38747599955085865, 0.7327332799455251
0.38746896974837697, 0.6637287387849637
0.38735907050291274, 0.5832234407643089
0.38836925311953585, 0.5165190509757656
0.3886661451110138, 0.4360137529551107
0.3886591153085321, 0.3670092117945494
0.3889571789337571, 0.29800467063398806
0.38895014913127535, 0.22900012947342674
0.3889431193287936, 0.15999558831286542
0.3889360895263119, 0.0909910471523041
0.3889290597238302, 0.02198650599174279
0.38935586916022025, -0.0667336183575511
0.3920245629486307, 0.4594752969497016
0.39197108958441973, -0.06541924614496875
0.39271999787547224, 3.292801757002355
0.39260986430325867, 3.209996307609681
0.39260283450077693, 3.1409917664491194
0.3925958046982952, 3.071987225288558
0.3925887748958135, 3.0029826841279967
0.39258174509333177, 2.9339781429674354
0.39257471529085003, 2.8649736018068737
0.39256768548836835, 2.7959690606463123
0.3925606556858866, 2.726964519485751
0.39255362588340487, 2.6579599783251893
0.3925465960809232, 2.588955437164628
0.39253956627844144, 2.5199508960040666
0.3925325364759597, 2.4509463548435053
0.392525506673478, 2.3819418136829436
0.3925184768709963, 2.3129372725223822
0.3925114470685146, 2.243932731361821
0.39250441726603286, 2.174928190201259
0.3924973874635511, 2.105923649040698
0.39249035766106943, 2.036919107880136
0.3924833278585877, 1.9679145667195748
0.39247629805610595, 1.8989100255590134
0.39246926825362427, 1.8299054843984521
0.39246223845114253, 1.7609009432378908
0.3924552086486608, 1.6918964020773295
0.3924481788461791, 1.6228918609167682
0.39244114904369737, 1.553887319756206
0.39243411924121563, 1.4848827785956447
0.39242708943873394, 1.4158782374350833
0.3924200596362522, 1.346873696274522
0.39241302983377047, 1.2778691551139607
0.3924060000312888, 1.2088646139533994
0.39239897022880704, 1.139860072792838
0.39239194042632536, 1.0708555316322759
0.3923849106238436, 1.0018509904717146
0.3923778808213619, 0.9328464493111532
0.3923708510188802, 0.8638419081505919
0.39236382121639846, 0.7948373669900306
0.3923567914139167, 0.7258328258294693
0.39234976161143503, 0.656828284668908
0.3923427318089533, 0.5878237435083458
0.39203342049975765, 0.5464210188120093
0.39232164240150813, 0.3808101200266618
0.3923146125990264, 0.3118055788661005
0.3923075827965447, 0.24280103770553918
0.39230055299406297, 0.17379649654497786
0.39229352319158123, 0.10479195538441566
0.39228649338909954, 0.03578741422385434
0.3919771820799039, -0.0056153104724820935
0.3938478125202895, 3.3825076605110844
0.3949383106302663, 5.102445848938078
0.39462319973402316, 5.004114377784278
0.39461616993154147, 4.935109836623717
0.39460914012905973, 4.866105295463155
0.394602110326578, 4.797100754302594
0.3945950805240963, 4.728096213142033
0.39458805072161457, 4.6590916719814714
0.3945810209191329, 4.59008713082091
0.39457399111665115, 4.521082589660349
0.3945669613141694, 4.452078048499787
0.3945599315116877, 4.383073507339225
0.394552901709206, 4.314068966178664
0.39454587190672424, 4.245064425018103
0.39453884210424256, 4.176059883857541
0.3945318123017608, 4.10705534269698
0.3945247824992791, 4.038050801536418
0.3945177526967974, 3.969046260375857
0.39451072289431566, 3.900041719215295
0.3945036930918339, 3.831037178054734
0.39449666328935223, 3.7620326368941726
0.3944896334868705, 3.6930280957336112
0.39448260368438876, 3.6240235545730495
0.39447557388190707, 3.555019013412488
0.39446854407942533, 3.486014472251927
0.3941592327702297, 3.44461174755559
0.3970795884661981, 5.157649481866528
0.3976818667938195, 5.080019373060896
0.39767483699133777, 5.011014831900335
0.3976678071888561, 4.942010290739773
0.39766077738637434, 4.873005749579212
0.3976537475838926, 4.804001208418651
0.3976467177814109, 4.7349966672580885
0.3976396879789292, 4.665992126097527
0.39763265817644744, 4.596987584936966
0.39762562837396576, 4.527983043776405
0.397618598571484, 4.458978502615843
0.3976115687690023, 4.389973961455281
0.3976045389665206, 4.32096942029472
0.39759750916403885, 4.251964879134158
0.39759047936155717, 4.182960337973597
0.39758344955907543, 4.113955796813036
0.3975764197565937, 4.0449512556524745
0.397569389954112, 3.975946714491913
0.39756236015163027, 3.9069421733313514
0.39755533034914853, 3.83793763217079
0.39754830054666684, 3.7689330910102288
0.3975412707441851, 3.699928549849667
0.39753424094170337, 3.6309240086891057
0.3975272111392217, 3.5619194675285444
0.39752018133673994, 3.492914926367983
0.3975131515342582, 3.4239103852074213
0.3975061217317765, 3.35490584404686
0.3974990919292948, 3.2859013028862987
0.39749206212681304, 3.216896761725737
0.39748503232433136, 3.1478922205651756
0.3974780025218496, 3.0788876794046143
0.39747097271936793, 3.009883138244053
0.3974639429168862, 2.940878597083491
0.39745691311440445, 2.87187405592293
0.39744988331192277, 2.8028695147623686
0.39744285350944103, 2.733864973601807
0.3974358237069593, 2.6648604324412455
0.397426509218671, 2.573429415403502
0.3989426618689159, 2.4819983983657576
0.3989348119228113, 2.404943327403131
0.39892778212032964, 2.33593878624257
0.3989207523178479, 2.266934245082008
0.39891372251536616, 2.1979297039214467
0.3989066927128845, 2.1289251627608854
0.39889966291040274, 2.059920621600324
0.39889263310792106, 1.9909160804397628
0.3988856033054393, 1.9219115392792006
0.3988785735029576, 1.8529069981186392
0.3988715437004759, 1.783902456958078
0.39886451389799416, 1.7148979157975166
0.3988574840955124, 1.6458933746369553
0.39885045429303073, 1.576888833476394
0.398843424490549, 1.5078842923158327
0.39883639468806725, 1.4388797511552713
0.39882936488558557, 1.3698752099947091
0.39882233508310383, 1.3008706688341478
0.3988153052806221, 1.2318661276735865
0.3988082754781404, 1.1628615865130252
0.39880124567565867, 1.0938570453524639
0.3987942158731769, 1.0248525041919025
0.39878718607069524, 0.9558479630313412
0.3987801562682135, 0.886843421870779
0.3987731264657318, 0.8178388807102177
0.3987660966632501, 0.7488343395496564
0.39875906686076834, 0.6798297983890951
0.39875203705828666, 0.6108252572285338
0.3987450072558049, 0.5418207160679724
0.3987379774533232, 0.4728161749074111
0.3987309476508415, 0.4038116337468489
0.39872391784835975, 0.3348070925862876
0.398716888045878, 0.2658025514257263
0.39870985824339633, 0.19679801026516497
0.3987028284409146, 0.12779346910460365
0.39869802474255206, 0.08064036597822
0.39868941323451196, -0.0038901969434679273
0.3999023002056955, -0.07738003327946608
0.40222424396540746, -0.045637944345607195
0.4031190675233056, 0.053038549513995115
0.40394443663268437, 2.4647472630756173
0.403508870070917, 2.3819418136829436
0.4035018402684353, 2.3129372725223822
0.4038010755274071, 2.255433488221914
0.40348778066347185, 2.174928190201259
0.40378584428869674, 2.105923649040698
0.40377881448621505, 2.036919107880136
0.4037717846837333, 1.9679145667195748
0.4037647548812516, 1.8989100255590134
0.4037577250787699, 1.8299054843984521
0.40375069527628815, 1.7609009432378908
0.4037436654738064, 1.6918964020773295
0.40373663567132473, 1.6228918609167682
0.403729605868843, 1.553887319756206
0.40372304471986004, 1.4894830813396824
0.40341045283617294, 1.4158782374350833
0.4037094537683954, 1.3560743017625976
0.40339639323120946, 1.2778691551139607
0.4033893634287278, 1.2088646139533994
0.40338233362624604, 1.139860072792838
0.40337530382376435, 1.0708555316322759
0.4033682740212826, 1.0018509904717146
0.4033612442188009, 0.9328464493111532
0.4033542144163192, 0.8638419081505919
0.40334718461383745, 0.7948373669900306
0.4033401548113557, 0.7258328258294693
0.403333125008874, 0.656828284668908
0.4033260952063923, 0.5878237435083458
0.40331906540391055, 0.5188192023477844
0.40331203560142886, 0.44981466118722313
0.4033050057989471, 0.3808101200266618
0.4032979759964654, 0.3118055788661005
0.4032909461939837, 0.24280103770553918
0.40328391639150196, 0.17379649654497786
0.4029746050823063, 0.13239377184864054
0.40484699297331234, 5.035166421306531
0.40468659631335446, 4.958111350343904
0.40468050381787035, 4.898307414671418
0.40436931789467956, 4.8385034789989305
0.4043622880921978, 4.769498937838369
0.4043552582897161, 4.700494396677808
0.4043482284872344, 4.631489855517247
0.40434119868475266, 4.562485314356685
0.4043341688822709, 4.493480773196124
0.40432713907978923, 4.424476232035563
0.4043201092773075, 4.355471690875001
0.4043130794748258, 4.28646714971444
0.40430604967234407, 4.217462608553878
0.40429901986986233, 4.1484580673933165
0.40429199006738065, 4.079453526232755
0.4042849602648989, 4.010448985072194
0.40427793046241717, 3.941444443911632
0.4042709006599355, 3.8724399027510708
0.40426387085745374, 3.8034353615905094
0.404256841054972, 3.734430820429948
0.4042498112524903, 3.6654262792693864
0.4042427814500086, 3.596421738108825
0.40423575164752684, 3.5274171969482637
0.40422872184504516, 3.458412655787702
0.4042216920425634, 3.3894081146271406
0.4042146622400817, 3.3204035734665793
0.4042076324376, 3.251399032306018
0.40420060263511826, 3.1823944911454563
0.40419357283263657, 3.113389949984895
0.40418654303015483, 3.0443854088243336
0.4041795132276731, 2.975380867663772
0.4041724834251914, 2.9063763265032105
0.40416545362270967, 2.837371785342649
0.40415842382022793, 2.768367244182088
0.40415139401774625, 2.699362703021526
0.4041443642152645, 2.630358161860965
0.40413733441278277, 2.5613536207004035
0.40612840880235523, 5.135223005989345
0.40754163342793026, 5.031716194248503
0.4074307968754685, 4.942010290739773
0.4074237670729868, 4.873005749579212
0.40741673727050504, 4.804001208418651
0.40740970746802335, 4.7349966672580885
0.4077063651327519, 4.652191217865415
0.4077562767303721, 5.1421234601054016
0.40903823151093854, 4.548684406124573
0.40890682106988024, 4.456678351243824
0.40874677590004643, 4.383073507339225
0.40885485911320285, 3.9466197844986746
0.4089644654502304, 3.8245967542130814
0.40883324247057157, 3.734430820429948
0.4086731387190504, 3.6602509386823443
0.4086647029560724, 2.0800469461054876
0.4086563257747816, 1.9978165345558185
0.40876055431291064, 1.8230050302823964
0.40874378823399166, 1.3589494909776203
0.4084433696249354, 1.1053578022125574
0.4086549666796352, 0.7865568220507626
0.40852346250787713, 0.6936307066212075
0.4085164327053954, 0.6246261654606462
0.40863834119676584, 0.32388137356919877
0.4091966832588765, 4.307168512062608
0.40918965345639474, 4.238163970902047
0.40918262365391306, 4.169159429741486
0.4091755938514313, 4.100154888580923
0.40916856404894963, 4.031150347420362
0.40922269352805885, 3.564219618900563
0.40911232562909583, 3.4791140181358706
0.40910529582661415, 3.4101094769753093
0.4090982660241324, 3.3411049358147475
0.40909123622165067, 3.2721003946541862
0.409084206419169, 3.203095853493625
0.40907717661668724, 3.1340913123330636
0.4090701468142055, 3.065086771172502
0.4090631170117238, 2.9960822300119405
0.4090560872092421, 2.927077688851379
0.4090490574067604, 2.8580731476908174
0.40904202760427866, 2.789068606530256
0.4090349978017969, 2.720064065369695
0.40902796799931523, 2.6510595242091335
0.4090209381968335, 2.5820549830485717
0.40901390839435176, 2.5130504418880104
0.40900687859187007, 2.444045900727449
0.40899984878938833, 2.3750413595668873
0.4089928189869066, 2.306036818406326
0.4089857891844249, 2.2370322772457647
0.40897875938194317, 2.1680277360852034
0.40895415507325716, 1.9265118420232383
0.4090328888610524, 1.7010970075654042
0.4089225209620894, 1.6159914068007115
0.4089154911596077, 1.5469868656401502
0.408908461357126, 1.4779823244795889
0.40859844706768217, 1.4296791456671958
0.40888737194968083, 1.270968700997904
0.4088803421471991, 1.2019641598373427
0.4089625908362352, 1.01105159595979
0.4088522229372722, 0.9259459951950975
0.40854220864782836, 0.8776428163827044
0.40891338221886314, 0.52801980783586
0.4088030143199002, 0.44291420707116735
0.40849300003045635, 0.39461102825877425
0.408781924912455, 0.23590058358948252
0.4087748951099733, 0.1668960424289212
0.4087678653074916, 0.09789150126835988
0.40865796606202737, 0.017386203247705012
0.41017429445733433, -0.07231970026102452
0.4127186143022181, -0.05391848928487519
0.41394629900762564, 4.809521571711495
0.4135108730419079, 4.728096213142033
0.4135038432394262, 4.6590916719814714
0.4134968134369445, 4.59008713082091
0.41348978363446276, 4.521082589660349
0.413482753831981, 4.452078048499787
0.41347572402949934, 4.383073507339225
0.4134686942270176, 4.314068966178664
0.41346166442453586, 4.245064425018103
0.4134546346220542, 4.176059883857541
0.41344760481957243, 4.10705534269698
0.4134405750170907, 4.038050801536418
0.413433545214609, 3.969046260375857
0.41342651541212727, 3.900041719215295
0.41341948560964553, 3.831037178054734
0.41341245580716385, 3.7620326368941726
0.4134054260046821, 3.6930280957336112
0.41339839620220037, 3.6240235545730495
0.4133913663997187, 3.555019013412488
0.41338433659723695, 3.486014472251927
0.41337730679475526, 3.417009931091365
0.4133702769922735, 3.3480053899308038
0.4133632471897918, 3.2790008487702424
0.4133562173873101, 3.209996307609681
0.41334918758482836, 3.1409917664491194
0.4133421577823466, 3.071987225288558
0.41333512797986494, 3.0029826841279967
0.4133280981773832, 2.9339781429674354
0.41332106837490146, 2.8649736018068737
0.4133140385724198, 2.7959690606463123
0.41330700876993803, 2.726964519485751
0.4132999789674563, 2.6579599783251893
0.4132929491649746, 2.588955437164628
0.41328591936249287, 2.5199508960040666
0.41327888956001113, 2.4509463548435053
0.41327185975752945, 2.3819418136829436
0.4132648299550477, 2.3129372725223822
0.413257800152566, 2.243932731361821
0.4132507703500843, 2.174928190201259
0.41324374054760254, 2.105923649040698
0.41323671074512086, 2.036919107880136
0.4132296809426391, 1.9679145667195748
0.4132226511401574, 1.8989100255590134
0.4132156213376757, 1.8299054843984521
0.41320859153519396, 1.7609009432378908
0.4132015617327122, 1.6918964020773295
0.41319453193023054, 1.6228918609167682
0.4131875021277488, 1.553887319756206
0.41318047232526706, 1.4848827785956447
0.4131734425227854, 1.4158782374350833
0.41316641272030363, 1.346873696274522
0.4131593829178219, 1.2778691551139607
0.4131523531153402, 1.2088646139533994
0.41314532331285847, 1.139860072792838
0.4131382935103768, 1.0708555316322759
0.41313126370789505, 1.0018509904717146
0.4131242339054133, 0.9328464493111532
0.4131172041029316, 0.8638419081505919
0.4131101743004499, 0.7948373669900306
0.41310314449796814, 0.7258328258294693
0.41309611469548646, 0.656828284668908
0.4130890848930047, 0.5878237435083458
0.413082055090523, 0.5188192023477844
0.4130750252880413, 0.44981466118722313
0.41306799548555956, 0.3808101200266618
0.4130609656830778, 0.3118055788661005
0.41305393588059613, 0.24280103770553918
0.4130469060781144, 0.17379649654497786
0.41303987627563266, 0.10479195538441566
0.41303284647315097, 0.03578741422385434
0.4144609508473124, 5.069668691886812
0.4141463671862554, 4.976512561320054
0.4141393373837737, 4.907508020159493
0.41650240548800377, 5.143273535791411
0.4184289228581191, 5.086919827176953
0.4184218930556374, 5.0179152860163905
0.4184148632531557, 4.948910744855829
0.41840783345067395, 4.879906203695268
0.4184008036481922, 4.8109016625347065
0.4183937738457105, 4.741897121374145
0.4183867440432288, 4.672892580213583
0.41837971424074705, 4.603888039053022
0.41837268443826536, 4.53488349789246
0.4183656546357836, 4.465878956731899
0.4183586248333019, 4.396874415571338
0.4183515950308202, 4.327869874410776
0.41834456522833846, 4.258865333250215
0.4183375354258567, 4.189860792089654
0.41833050562337504, 4.1208562509290925
0.4183234758208933, 4.05185170976853
0.41831644601841156, 3.982847168607969
0.4183094162159299, 3.9138426274474076
0.41830238641344814, 3.8448380862868463
0.41829535661096645, 3.775833545126285
0.4182883268084847, 3.7068290039657232
0.418281297006003, 3.637824462805162
0.4182742672035213, 3.5688199216446006
0.41826723740103955, 3.499815380484039
0.4182602075985578, 3.4308108393234775
0.4182531777960761, 3.361806298162916
0.4182461479935944, 3.292801757002355
0.41823911819111265, 3.223797215841793
0.41823208838863096, 3.154792674681232
0.4182250585861492, 3.0857881335206705
0.4182180287836675, 3.0167835923601087
0.4182109989811858, 2.9477790511995474
0.41820396917870406, 2.878774510038986
0.4181969393762223, 2.809769968878425
0.41818990957374064, 2.740765427717863
0.4181828797712589, 2.6717608865573017
0.4181758499687772, 2.6027563453967404
0.4181688201662955, 2.5337518042361786
0.41816179036381373, 2.4647472630756173
0.41815476056133205, 2.395742721915056
0.4181477307588503, 2.3267381807544947
0.41814070095636857, 2.257733639593933
0.4181336711538869, 2.1887290984333716
0.41812664135140515, 2.1197245572728103
0.4181196115489234, 2.050720016112249
0.4181125817464417, 1.9817154749516872
0.41810555194396, 1.912710933791126
0.41809852214147825, 1.8437063926305646
0.41809149233899656, 1.7747018514700033
0.4180844625365148, 1.705697310309442
0.4180774327340331, 1.6366927691488797
0.4180704029315514, 1.5676882279883184
0.41806337312906966, 1.498683686827757
0.418056343326588, 1.4296791456671958
0.41804931352410624, 1.3606746045066345
0.4180422837216245, 1.2916700633460731
0.4180352539191428, 1.2226655221855118
0.4180282241166611, 1.1536609810249496
0.41802119431417933, 1.0846564398643883
0.41801416451169765, 1.015651898703827
0.4180071347092159, 0.9466473575432657
0.41800010490673417, 0.8776428163827044
0.4179930751042525, 0.808638275222143
0.41798604530177075, 0.7396337340615817
0.417979015499289, 0.6706291929010195
0.4179719856968073, 0.6016246517404582
0.4179649558943256, 0.5326201105798969
0.41795792609184385, 0.46361556941933557
0.41795089628936216, 0.39461102825877425
0.4179438664868804, 0.32560648709821294
0.41793683668439874, 0.2566019459376516
0.417929806881917, 0.18759740477708942
0.41792277707943526, 0.1185928636165281
0.4179157472769536, 0.04958832245596678
0.41821498253592543, -0.007915461844500982
0.42003902881853217, -0.07185966998662163
0.422696012964523, 0.8528011815649021
0.42256385267786667, 0.7534346422936933
0.42255682287538493, 0.684430101133132
0.4225497930729032, 0.6154255599725706
0.4225427632704215, 0.5464210188120093
0.42253573346793977, 0.477416477651448
0.4225287036654581, 0.4084119364908867
0.42252167386297634, 0.3394073953303254
0.42236148223892417, 0.2643649568182145
0.42261812275302557, 0.08823086550588144
0.4224874621575653, 0.003585295015592571
0.42217580758087575, -0.06081894340093097
0.4236119962278911, 5.052417556596671
0.42329706107671, 4.955811198971885
0.4232900312742283, 4.886806657811324
0.4232830014717466, 4.817802116650762
0.42327597166926484, 4.748797575490201
0.42326894186678315, 4.67979303432964
0.4232619120643014, 4.610788493169078
0.4232548822618197, 4.541783952008517
0.423247852459338, 4.472779410847956
0.42324082265685625, 4.403774869687394
0.42323379285437457, 4.334770328526832
0.42322676305189283, 4.265765787366271
0.4232197332494111, 4.19676124620571
0.4232127034469294, 4.127756705045148
0.42320567364444767, 4.058752163884587
0.4231986438419659, 3.989747622724025
0.42319161403948424, 3.920743081563464
0.4231845842370025, 3.8517385404029025
0.42317755443452076, 3.7827339992423408
0.4231705246320391, 3.7137294580817795
0.42316349482955734, 3.644724916921218
0.4231564650270756, 3.575720375760657
0.4231494352245939, 3.506715834600095
0.4231424054221122, 3.4377112934395337
0.42313537561963044, 3.3687067522789724
0.42312834581714875, 3.2997022111184107
0.423121316014667, 3.2306976699578493
0.42311428621218533, 3.161693128797288
0.4231072564097036, 3.0926885876367267
0.42310022660722185, 3.023684046476165
0.42309319680474017, 2.9546795053156036
0.42308616700225843, 2.8856749641550423
0.4230791371997767, 2.8166704229944806
0.423072107397295, 2.7476658818339192
0.42306507759481327, 2.678661340673358
0.4230580477923315, 2.6096567995127966
0.42305101798984984, 2.540652258352235
0.4230439881873681, 2.4716477171916735
0.42303695838488636, 2.402643176031112
0.4230299285824047, 2.3336386348705505
0.42302289877992294, 2.264634093709989
0.4230158689774412, 2.195629552549428
0.4230088391749595, 2.1266250113888665
0.4230018093724778, 2.0576204702283047
0.4229947795699961, 1.9886159290677439
0.42298774976751435, 1.9196113879071817
0.4229807199650326, 1.8506068467466203
0.42297369016255093, 1.781602305586059
0.4229666603600692, 1.7125977644254977
0.42295963055758745, 1.6435932232649364
0.42295260075510577, 1.574588682104375
0.42294557095262403, 1.5055841409438138
0.4229385411501423, 1.4365795997832516
0.4229315113476606, 1.3675750586226902
0.42292448154517887, 1.298570517462129
0.4229174517426971, 1.2295659763015676
0.42291042194021544, 1.1605614351410063
0.4229033921377337, 1.091556893980445
0.42289636233525196, 1.0225523528198837
0.4228893325327703, 0.9535478116593215
0.42281200470547137, 0.19449785889314608
0.42545296090180384, 5.154544277514303
0.42758664655105544, 5.135223005989345
0.4275796167485737, 5.066218464828784
0.427572586946092, 4.997213923668222
0.4275655571436103, 4.928209382507661
0.4278633864420858, 4.856904689975081
0.4278549506791078, 4.774099240582407
0.42784792087662604, 4.705094699421846
0.42784089107414436, 4.636090158261284
0.4278338612716626, 4.567085617100723
0.4278268314691809, 4.498081075940161
0.4278198016666992, 4.4290765347795995
0.42781277186421746, 4.360071993619038
0.4278057420617357, 4.291067452458477
0.42779871225925403, 4.2220629112979156
0.4277916824567723, 4.153058370137354
0.42778465265429055, 4.084053828976793
0.42777762285180887, 4.015049287816231
0.42777059304932713, 3.94604474665567
0.42776356324684545, 3.8770402054951085
0.4277565334443637, 3.8080356643345468
0.42774950364188197, 3.7390311231739854
0.4277424738394003, 3.670026582013424
0.42773544403691854, 3.601022040852863
0.4277284142344368, 3.532017499692301
0.4277213844319551, 3.4630129585317397
0.4277143546294734, 3.3940084173711784
0.42770732482699164, 3.3250038762106167
0.42770029502450996, 3.2559993350500553
0.4276932652220282, 3.186994793889494
0.4276862354195465, 3.1179902527289327
0.4276792056170648, 3.048985711568371
0.42767217581458306, 2.9799811704078096
0.4276651460121013, 2.9109766292472483
0.42765811620961963, 2.8419720880866866
0.4276510864071379, 2.7729675469261252
0.4276440566046562, 2.703963005765564
0.42763702680217447, 2.6349584646050026
0.42762999699969273, 2.565953923444441
0.42762296719721105, 2.496949382283879
0.4276159373947293, 2.4279448411233178
0.42760890759224757, 2.3589402999627564
0.4276018777897659, 2.2899357588021947
0.42759484798728414, 2.2209312176416334
0.4275878181848024, 2.151926676481072
0.4275807883823207, 2.0829221353205103
0.427573758579839, 2.013917594159949
0.42756672877735724, 1.9449130529993877
0.42755969897487556, 1.8759085118388263
0.4275526691723938, 1.806903970678265
0.4275456393699121, 1.7378994295177037
0.4275386095674304, 1.6688948883571415
0.42753157976494865, 1.5998903471965802
0.4275223238583477, 1.5090343680018412
0.42781476364158727, 1.384826193912831
0.4287897972458018, 0.4739662505934197
0.42862869760559574, 0.39001072551473737
0.428621667803114, 0.32100618435417516
0.428614755164007, 0.2531517188796233
0.4283029834239427, 0.18759740477708942
0.42829595362146095, 0.1185928636165281
0.42828892381897926, 0.04958832245596678
0.4284624193442281, -0.04425785352239675
0.4290249441388153, 1.2847696092300165
0.42901791433633363, 1.2157650680694552
0.4290108845338519, 1.1467605269088939
0.42900385473137015, 1.0777559857483325
0.42899682492888846, 1.0087514445877712
0.4289897951264067, 0.9397469034272099
0.428982765323925, 0.8707423622666477
0.4289757355214433, 0.8017378211060864
0.42896870571896156, 0.7327332799455251
0.4289616759164799, 0.6637287387849637
0.42895464611399814, 0.5947241976244024
0.42864322586405795, 0.5326201105798969
0.4304113617842601, -0.08014021492588785
0.43282005330659656, 4.396874415571338
0.43268864286553826, 4.304868360690589
0.4326816130630565, 4.235863819530028
0.43267458326057484, 4.166859278369467
0.4326675534580931, 4.097854737208905
0.43266099230911015, 4.033450498792381
0.43234793177192427, 3.9552453521437445
0.4323409019694425, 3.886240810983183
0.4326384969411687, 3.812635967078584
0.4323268423644791, 3.74823172866206
0.43231981256199736, 3.679227187501499
0.4323127827595157, 3.6102226463409375
0.43230575295703394, 3.5412181051803757
0.4322987231545522, 3.4722135640198144
0.4322916933520705, 3.403209022859253
0.4322846635495888, 3.3342044816986918
0.4322776337471071, 3.26519994053813
0.43227060394462535, 3.1961953993775687
0.4322635741421436, 3.1271908582170074
0.43225654433966193, 3.0581863170564456
0.4322495145371802, 2.9891817758958843
0.43224248473469845, 2.920177234735323
0.43223545493221677, 2.8511726935747617
0.432228425129735, 2.7821681524142
0.4322213953272533, 2.7131636112536386
0.43251852164548066, 2.6349584646050026
0.4325121948232471, 2.572854377560497
0.4322003059198081, 2.506149987771954
0.43219327611732644, 2.437145446611393
0.43249040243555376, 2.3589402999627564
0.43217921651236296, 2.29913636429027
0.4321721867098813, 2.2301318231297085
0.43216515690739954, 2.161127281969147
0.43215812710491786, 2.0921227408085854
0.4321510973024361, 2.0231181996480245
0.4321440674999544, 1.9541136584874623
0.4321370376974727, 1.885109117326901
0.43213000789499095, 1.8161045761663397
0.4321229780925092, 1.7471000350057784
0.43211594829002753, 1.678095493845217
0.4321089184875458, 1.6090909526846557
0.43210188868506405, 1.5400864115240944
0.43209485888258237, 1.4710818703635322
0.4320878290801006, 1.402077329202971
0.4320807992776189, 1.3330727880424096
0.4320737694751372, 1.2640682468818483
0.43206673967265546, 1.195063705721287
0.4320597098701737, 1.1260591645607256
0.43205268006769204, 1.0570546234001643
0.4320456502652103, 0.9880500822396021
0.4320386204627286, 0.9190455410790408
0.4320315906602469, 0.8500409999184795
0.43202456085776514, 0.7810364587579182
0.43201753105528345, 0.7120319175973568
0.4320105012528017, 0.6430273764367955
0.43200347145032, 0.5740228352762342
0.4319964416478383, 0.5050182941156729
0.43198941184535655, 0.4360137529551107
0.4319823820428748, 0.3670092117945494
0.43197535224039313, 0.29800467063398806
0.4319683224379114, 0.22900012947342674
0.43196129263542965, 0.15999558831286542
0.43195426283294797, 0.0909910471523041
0.4319472330304662, 0.02198650599174279
0.4319405547181086, -0.043567808110791084
0.43413543479796357, 5.029991080719489
0.4339725191254497, 4.928209382507661
0.4339645520159704, 4.850004235859025
0.4336519601322833, 4.776399391954426
0.43364493032980156, 4.7073948507938645
0.4336379005273199, 4.638390309633303
0.43363087072483814, 4.569385768472742
0.4336238409223564, 4.50038122731218
0.4346026237545612, 5.123722249129251
0.4367419098131233, 5.159374595395541
0.4373440123956825, 5.080019373060896
0.4373369825932008, 5.011014831900335
0.4373299527907191, 4.942010290739773
0.43732292298823744, 4.873005749579212
0.43731589318575564, 4.804001208418651
0.43730886338327396, 4.7349966672580885
0.4373018335807923, 4.665992126097527
0.4372948037783105, 4.596987584936966
0.4372877739758288, 4.527983043776405
0.4372807441733471, 4.458978502615843
0.4372737143708653, 4.389973961455281
0.43726668456838363, 4.32096942029472
0.43725965476590195, 4.251964879134158
0.43725262496342016, 4.182960337973597
0.43724559516093847, 4.113955796813036
0.4372385653584568, 4.0449512556524745
0.437231535555975, 3.975946714491913
0.4372245057534933, 3.9069421733313514
0.4372174759510116, 3.83793763217079
0.43721044614852983, 3.7689330910102288
0.43720341634604815, 3.699928549849667
0.4371962107985044, 3.6291988951600915
0.43718935674108467, 3.5619194675285444
0.437182326938603, 3.492914926367983
0.4371752971361213, 3.4239103852074213
0.4371682673336395, 3.35490584404686
0.4371612375311578, 3.2859013028862987
0.43715420772867614, 3.216896761725737
0.43714717792619434, 3.1478922205651756
0.43714014812371266, 3.0788876794046143
0.437133118321231, 3.009883138244053
0.4371260885187492, 2.940878597083491
0.4371190587162675, 2.87187405592293
0.43711238040390993, 2.8063197418203965
0.4372031820192987, 2.699362703021526
0.43709304844708513, 2.6165572536288524
0.43708601864460345, 2.547552712468291
0.43707898884212165, 2.4785481713077298
0.43707195903963997, 2.4095436301471684
0.4370649292371583, 2.3405390889866067
0.4370578994346766, 2.2715345478260454
0.4369482345159617, 2.193329401177409
0.43764260325609355, 2.0213930861190104
0.437346121336427, 2.105923649040698
0.43895500879774324, 1.9265118420232383
0.43884417224528144, 1.836805938514508
0.43883714244279975, 1.7678013973539466
0.43883011264031807, 1.6987968561933853
0.4388230828378363, 1.629792315032824
0.4388160530353546, 1.5607877738722626
0.4388090232328729, 1.4917832327117013
0.4388019934303911, 1.42277869155114
0.43879496362790943, 1.3537741503905778
0.43878793382542775, 1.2847696092300165
0.43878090402294595, 1.2157650680694552
0.43877387422046427, 1.1467605269088939
0.4387668444179826, 1.0777559857483325
0.4387598146155008, 1.0087514445877712
0.4387527848130191, 0.9397469034272099
0.4387457550105374, 0.8707423622666477
0.4387387252080556, 0.8017378211060864
0.43873169540557394, 0.7327332799455251
0.43872466560309226, 0.6637287387849637
0.43871763580061046, 0.5947241976244024
0.4387106059981288, 0.5257196564638411
0.4387035761956471, 0.4567151153032798
0.4386965463931653, 0.3877105741427176
0.4386895165906836, 0.3187060329821563
0.43868248678820193, 0.24970149182159496
0.43867545698572025, 0.18069695066103364
0.43866842718323845, 0.11169240950047232
0.43866139738075677, 0.042687868339911006
0.4392005832311046, -0.055298580108086526
0.44017467952832173, -0.0769200030050623
0.4422105103270277, 1.9380125988833319
0.4418972154630925, 1.857507300862677
0.4418901856606107, 1.7885027597021157
0.44188315585812904, 1.7194982185415535
0.44187612605564736, 1.6504936773809922
0.44186909625316556, 1.5814891362204309
0.4418620664506839, 1.5124845950598695
0.4418550366482022, 1.4434800538993082
0.4418480068457204, 1.374475512738747
0.4418409770432387, 1.3054709715781856
0.44183394724075703, 1.2364664304176234
0.44182691743827524, 1.167461889257062
0.44181988763579355, 1.0984573480965008
0.44181285783331187, 1.0294528069359394
0.4418058280308301, 0.9604482657753781
0.4417987982283484, 0.8914437246148168
0.4417917684258667, 0.8224391834542555
0.4417847386233849, 0.7534346422936933
0.4417777088209032, 0.684430101133132
0.44177067901842154, 0.6154255599725706
0.44176364921593975, 0.5464210188120093
0.44175661941345806, 0.477416477651448
0.4417495896109764, 0.4084119364908867
0.4417425598084946, 0.3394073953303254
0.4417355300060129, 0.2704028541697632
0.4417285002035312, 0.20139831300920186
0.4417214704010494, 0.13239377184864054
0.44171444059856774, 0.06338923068807922
0.44180723399132643, -0.024016521448631423
0.44351983447192295, 4.0090688942489825
0.44362197750198246, 3.8137860427645935
0.44361342457562963, 3.7298305176859103
0.44360639477314795, 3.660825976525349
0.44359936497066627, 3.5918214353647877
0.44359233516818447, 3.522816894204226
0.4435853053657028, 3.4538123530436646
0.4435782755632211, 3.3848078118831033
0.4435712457607393, 3.3158032707225416
0.4435642159582576, 3.2467987295619802
0.44355718615577594, 3.177794188401419
0.44355015635329414, 3.1087896472408576
0.44354312655081246, 3.039785106080296
0.4435360967483308, 2.9707805649197345
0.443529066945849, 2.901776023759173
0.4435220371433673, 2.8327714825986114
0.4435150073408856, 2.76376694143805
0.4435079775384038, 2.694762400277489
0.44350094773592214, 2.6257578591169275
0.44349391793344045, 2.5567533179563657
0.44348688813095866, 2.487748776795805
0.443479858328477, 2.4187442356352435
0.4434728285259953, 2.349739694474682
0.4434657987235135, 2.2807351533141205
0.4434587689210318, 2.211730612153559
0.4434517391185501, 2.1427260709929974
0.44344470931606833, 2.073721529832436
0.4434379138403361, 2.007017140043893
0.4446084696842421, 5.111761461994754
0.44450615090912077, 5.005839491313292
0.4440413052200169, 4.935109836623717
0.4440342754175352, 4.866105295463155
0.4440272456150535, 4.797100754302594
0.44402021581257173, 4.728096213142033
0.44401318601009004, 4.6590916719814714
0.44400615620760836, 4.59008713082091
0.44399912640512657, 4.521082589660349
0.4439920966026449, 4.452078048499787
0.4439850668001632, 4.383073507339225
0.4439780369976814, 4.314068966178664
0.4439710071951997, 4.245064425018103
0.44396397739271803, 4.176059883857541
0.44395694759023635, 4.10705534269698
0.44403896195252296, 3.9138426274474076
0.4471147348650248, 5.155924368337514
0.447412329836751, 5.082319524432915
0.4474053000342693, 5.013314983272354
0.4473982702317875, 4.944310442111792
0.44739124042930584, 4.875305900951231
0.44738421062682415, 4.806301359790669
0.44737718082434236, 4.737296818630107
0.4472164912559477, 4.657366558452457
0.4476679803203362, 4.596987584936966
0.44766095051785454, 4.527983043776405
0.44765392071537286, 4.458978502615843
0.44764689091289106, 4.389973961455281
0.4476398611104094, 4.32096942029472
0.4476328313079277, 4.251964879134158
0.4476258015054459, 4.182960337973597
0.4476187717029642, 4.113955796813036
0.44761174190048253, 4.0449512556524745
0.44760471209800073, 3.975946714491913
0.44759768229551905, 3.9069421733313514
0.44759065249303737, 3.83793763217079
0.44758362269055557, 3.7689330910102288
0.4475765928880739, 3.699928549849667
0.4475695630855922, 3.6309240086891057
0.4482711373732677, 1.5331859574080378
0.4482537971938128, 1.3629747558786534
0.44878360997418515, 3.5688199216446006
0.44877658017170335, 3.499815380484039
0.44876955036922167, 3.4308108393234775
0.44876252056674, 3.361806298162916
0.4487554907642582, 3.292801757002355
0.4487484609617765, 3.223797215841793
0.4487414311592948, 3.154792674681232
0.44873440135681314, 3.0857881335206705
0.44872737155433134, 3.0167835923601087
0.44872034175184966, 2.9477790511995474
0.448713311949368, 2.878774510038986
0.4487062821468862, 2.809769968878425
0.4486992523444045, 2.740765427717863
0.4486922225419228, 2.6717608865573017
0.448685192739441, 2.6027563453967404
0.44867816293695933, 2.5337518042361786
0.44867113313447765, 2.4647472630756173
0.44866410333199586, 2.395742721915056
0.44865707352951417, 2.3267381807544947
0.4486500437270325, 2.257733639593933
0.4486430139245507, 2.1887290984333716
0.448635984122069, 2.1197245572728103
0.4486289543195873, 2.050720016112249
0.44862192451710553, 1.9817154749516872
0.44861489471462385, 1.912710933791126
0.44860786491214216, 1.8437063926305646
0.44860083510966037, 1.7747018514700033
0.4485938053071787, 1.705697310309442
0.448586775504697, 1.6366927691488797
0.44856568609725184, 1.4296791456671958
0.44855162649228836, 1.2916700633460731
0.4485445966898067, 1.2226655221855118
0.4485375668873249, 1.1536609810249496
0.4485305370848432, 1.0846564398643883
0.4485235072823615, 1.015651898703827
0.4485164774798797, 0.9466473575432657
0.44850944767739803, 0.8776428163827044
0.44850241787491635, 0.808638275222143
0.44849538807243466, 0.7396337340615817
0.44848835826995287, 0.6706291929010195
0.4484813284674712, 0.6016246517404582
0.4484742986649895, 0.5326201105798969
0.4484672688625077, 0.46361556941933557
0.448460239060026, 0.39461102825877425
0.44845320925754434, 0.32560648709821294
0.44844617945506254, 0.2566019459376516
0.44843914965258086, 0.18759740477708942
0.4484321198500992, 0.1185928636165281
0.4484250900476174, 0.04958832245596678
0.44892280006332314, -0.05621864065689408
0.45095558461428714, -0.06771939751698763
0.4518207189730375, 0.4383139043271296
0.4515069554556033, 0.35320830356243693
0.45149992565312164, 0.2842037624018756
0.45149289585063995, 0.2151992212413143
0.45148586604815816, 0.14619468008075298
0.4514788362456765, 0.07719013892019166
0.4514718064431948, 0.008185597759630348
0.453184547519841, 3.0443854088243336
0.4533402576448112, 2.1769983264360757
0.4532086363096783, 2.0829221353205103
0.4532016065071966, 2.013917594159949
0.453181366534218, 1.8152420194018326
0.45317301864377096, 1.733299126773666
0.45316598884128917, 1.6642945856131046
0.4531589590388075, 1.5952900444525433
0.4531519292363258, 1.526285503291982
0.453144899433844, 1.4572809621314207
0.4531378696313623, 1.3882764209708593
0.45313083982888064, 1.3192718798102971
0.45312381002639895, 1.2502673386497358
0.45311678022391716, 1.1812627974891745
0.45295632498227195, 1.1036326886835433
0.45307829205532973, 0.8034629346351005
0.45276388413933494, 0.7120319175973568
0.45275685433685314, 0.6430273764367955
0.45274982453437146, 0.5740228352762342
0.4527431462220139, 0.5084685211737003
0.45412625986029215, 5.100720735409064
0.4538113247091112, 5.004114377784278
0.4538042949066294, 4.935109836623717
0.4537972651041477, 4.866105295463155
0.453790235301666, 4.797100754302594
0.4537832054991842, 4.728096213142033
0.45377617569670253, 4.6590916719814714
0.45376914589422085, 4.59008713082091
0.45376211609173905, 4.521082589660349
0.45375508628925737, 4.452078048499787
0.4537480564867757, 4.383073507339225
0.4537410266842939, 4.314068966178664
0.4537339968818122, 4.245064425018103
0.4537269670793305, 4.176059883857541
0.45371993727684884, 4.10705534269698
0.45371290747436704, 4.038050801536418
0.45370587767188536, 3.969046260375857
0.4536988478694037, 3.900041719215295
0.4536918180669219, 3.831037178054734
0.4536847882644402, 3.7620326368941726
0.4536777584619585, 3.6930280957336112
0.4536707286594767, 3.6240235545730495
0.45366369885699503, 3.555019013412488
0.45365666905451335, 3.486014472251927
0.45364963925203156, 3.417009931091365
0.45364260944954987, 3.3480053899308038
0.4536355796470682, 3.2790008487702424
0.4536285498445864, 3.209996307609681
0.4536215200421047, 3.1409917664491194
0.45370353440439143, 2.9477790511995474
0.45359340083217786, 2.8649736018068737
0.45358637102969607, 2.7959690606463123
0.4535793412272144, 2.726964519485751
0.4535723114247327, 2.6579599783251893
0.4535652816222509, 2.588955437164628
0.4535582518197692, 2.5199508960040666
0.45355122201728754, 2.4509463548435053
0.45354419221480574, 2.3819418136829436
0.45353716241232406, 2.3129372725223822
0.4532278511031284, 2.2715345478260454
0.4535980873671656, 1.912710933791126
0.45340711106641224, 1.0363532610519952
0.45309428485597564, 0.9604482657753781
0.45308725505349395, 0.8914437246148168
0.45657206873973205, 5.150404005044669
0.458086850578493, 5.045517102480615
0.45807982077601134, 4.976512561320054
0.45807279097352965, 4.907508020159493
0.45806576117104786, 4.8385034789989305
0.4580587313685662, 4.769498937838369
0.4580517015660845, 4.700494396677808
0.4580446717636027, 4.631489855517247
0.458037641961121, 4.562485314356685
0.4580306121586393, 4.493480773196124
0.45802358235615753, 4.424476232035563
0.45801655255367585, 4.355471690875001
0.45800952275119416, 4.28646714971444
0.45800249294871237, 4.217462608553878
0.4579954631462307, 4.1484580673933165
0.457988433343749, 4.079453526232755
0.4579814035412672, 4.010448985072194
0.4579743737387855, 3.941444443911632
0.45796734393630384, 3.8724399027510708
0.45796031413382204, 3.8034353615905094
0.45795328433134036, 3.734430820429948
0.4579462545288587, 3.6654262792693864
0.457939224726377, 3.596421738108825
0.4579321949238952, 3.5274171969482637
0.4579251651214135, 3.458412655787702
0.45791813531893183, 3.3894081146271406
0.45791110551645003, 3.3204035734665793
0.45790407571396835, 3.251399032306018
0.45789704591148667, 3.1823944911454563
0.45789001610900487, 3.113389949984895
0.4578829863065232, 3.0443854088243336
0.4578759565040415, 2.975380867663772
0.4578689267015597, 2.9063763265032105
0.457861896899078, 2.837371785342649
0.45785486709659634, 2.768367244182088
0.45784783729411455, 2.699362703021526
0.45784080749163286, 2.630358161860965
0.4578337776891512, 2.5613536207004035
0.4578267478866694, 2.492349079539842
0.4578197180841877, 2.4233445383792804
0.457812688281706, 2.354339997218719
0.4578056584792242, 2.285335456058158
0.45779862867674254, 2.216330914897596
0.45779159887426085, 2.1473263737370347
0.45778456907177906, 2.0783218325764734
0.4577775392692974, 2.009317291415912
0.4577705094668157, 1.9403127502553508
0.4577634796643339, 1.8713082090947886
0.4577564498618522, 1.8023036679342272
0.4577494200593705, 1.733299126773666
0.45774239025688873, 1.6642945856131046
0.45773536045440705, 1.5952900444525433
0.45772833065192536, 1.526285503291982
0.45772130084944357, 1.4572809621314207
0.4577142710469619, 1.3882764209708593
0.4577072412444802, 1.3192718798102971
0.4577002114419985, 1.2502673386497358
0.4576931816395167, 1.1812627974891745
0.45768615183703504, 1.1122582563286132
0.45767912203455335, 1.0432537151680519
0.45767209223207156, 0.9742491740074906
0.4576650624295899, 0.9052446328469292
0.4576580326271082, 0.836240091686367
0.4576510028246264, 0.7672355505258057
0.4576439730221447, 0.6982310093652444
0.45763694321966303, 0.6292264682046831
0.45762991341718123, 0.5602219270441218
0.45762288361469955, 0.49121738588356045
0.45761585381221787, 0.42221284472299914
0.45760882400973607, 0.35320830356243693
0.4576017942072544, 0.2842037624018756
0.4575947644047727, 0.2151992212413143
0.457891890723, 0.13699407459267743
0.45788486092051833, 0.06798953343211611
0.45772428851549835, -0.010790651059524592
0.4583989738086815, 5.114521643641177
0.4590907063728827, -0.07461985163304341
0.4618377774376768, -0.06254405692994514
0.4633845097287171, 4.937870018270139
0.46325328674905836, 4.847704084487006
0.4632462569465767, 4.778699543326445
0.463239227144095, 4.709695002165883
0.4632321973416132, 4.640690461005322
0.4632251675391315, 4.57168591984476
0.4632181377366498, 4.502681378684199
0.46321110793416803, 4.433676837523637
0.46320407813168635, 4.364672296363076
0.46319704832920466, 4.295667755202515
0.46319001852672287, 4.226663214041952
0.4631829887242412, 4.157658672881391
0.4631759589217595, 4.08865413172083
0.4631689291192777, 4.0196495905602685
0.463161899316796, 3.950645049399707
0.46315486951431434, 3.8816405082391454
0.46314783971183254, 3.812635967078584
0.46314080990935086, 3.743631425918023
0.4631337801068692, 3.674626884757461
0.4631267503043874, 3.6056223435968997
0.4631197205019057, 3.5366178024363384
0.463112690699424, 3.467613261275777
0.4631056608969422, 3.3986087201152153
0.46309863109446053, 3.329604178954654
0.46309160129197885, 3.2605996377940927
0.46308457148949705, 3.191595096633531
0.46307754168701537, 3.1225905554729696
0.4630705118845337, 3.0535860143124083
0.463063482082052, 2.984581473151847
0.4630564522795702, 2.915576931991285
0.46304965680383786, 2.8488725422027428
0.46273847088064707, 2.789068606530256
0.4630363001791226, 2.7177639139976764
0.46302927037664093, 2.6487593728371146
0.46302224057415914, 2.5797548316765533
0.46301521077167745, 2.5107502905159915
0.46300818096919577, 2.44174574935543
0.4630011511667141, 2.3727412081948684
0.46299505867122986, 2.3129372725223822
0.4629866229082518, 2.2301318231297085
0.46297959310577014, 2.161127281969147
0.46297256330328834, 2.0921227408085854
0.46296553350080666, 2.0231181996480245
0.4626541132508664, 1.961014112603519
0.46264708344838473, 1.8920095714429577
0.46294538140035907, 1.8253051816544152
0.4629383515978774, 1.756300640493854
0.4629313217953956, 1.6872960993332917
0.4629242919929139, 1.6182915581727304
0.4629172621904322, 1.549287017012169
0.4629107010414492, 1.4848827785956447
0.4625978748310126, 1.4089777833190276
0.46289664143648585, 1.346873696274522
0.46288961163400405, 1.2778691551139607
0.46288258183152237, 1.2088646139533994
0.4628755520290407, 1.139860072792838
0.4628685222265589, 1.0708555316322759
0.4628614924240772, 1.0018509904717146
0.4628544626215955, 0.9328464493111532
0.4628474328191137, 0.8638419081505919
0.46284040301663204, 0.7948373669900306
0.46283337321415036, 0.7258328258294693
0.46282634341166856, 0.656828284668908
0.4628193136091869, 0.5878237435083458
0.4628122838067052, 0.5188192023477844
0.4628052540042234, 0.44981466118722313
0.4629498921902849, 0.37218455238159187
0.4624853979913051, 0.3049051247500447
0.46247836818882343, 0.23590058358948252
0.46247133838634175, 0.1668960424289212
0.46246430858385995, 0.09789150126835988
0.46245727878137827, 0.028886960107798565
0.4621472644919345, -0.019416218704594534
0.46388591039072574, 5.067943578357798
0.46572529335908025, 5.154544277514303
0.46785546410709095, 5.100720735409064
0.46784843430460915, 5.031716194248503
0.46784140450212747, 4.962711653087942
0.4678343746996458, 4.89370711192738
0.467827344897164, 4.824702570766819
0.4678203150946823, 4.755698029606258
0.4678132852922006, 4.686693488445696
0.46780625548971894, 4.617688947285134
0.46779922568723714, 4.548684406124573
0.46779219588475546, 4.4796798649640115
0.4677851660822738, 4.41067532380345
0.467778136279792, 4.341670782642889
0.4677711064773103, 4.272666241482327
0.4677640766748286, 4.203661700321765
0.4680621403000535, 4.134657159161204
0.46805534482432115, 4.067952769372662
0.46774298726738345, 3.9966480768400814
0.46773595746490165, 3.92764353567952
0.46772892766241997, 3.8586389945189583
0.4677218978599383, 3.789634453358397
0.4677148680574565, 3.7206299121978357
0.4677078382549748, 3.6516253710372744
0.4677008084524931, 3.5826208298767126
0.4676937786500113, 3.5136162887161513
0.46768674884752964, 3.44461174755559
0.46767971904504796, 3.3756072063950286
0.46767268924256616, 3.306602665234467
0.4676656594400845, 3.2375981240739056
0.4676586296376028, 3.1685935829133443
0.467651599835121, 3.0995890417527825
0.467949663460346, 3.030584500592221
0.46763754023015763, 2.96157995943166
0.46763051042767584, 2.8925754182710985
0.46792810539940205, 2.8189705743664994
0.46761645082271247, 2.7545663359499755
0.4676094210202307, 2.685561794789414
0.467602391217749, 2.6165572536288524
0.4675953614152673, 2.547552712468291
0.4675883316127855, 2.4785481713077298
0.46758130181030383, 2.4095436301471684
0.46757427200782214, 2.3405390889866067
0.46756724220534046, 2.2715345478260454
0.46756021240285867, 2.202530006665484
0.467553182600377, 2.1335254655049223
0.4675461527978953, 2.064520924344361
0.4675391229954135, 1.9955163831837996
0.4675320931929318, 1.9265118420232383
0.46752506339045014, 1.857507300862677
0.46751803358796834, 1.7885027597021157
0.46751100378548666, 1.7194982185415535
0.467503973983005, 1.6504936773809922
0.4674969441805232, 1.5814891362204309
0.4674899143780415, 1.5124845950598695
0.4674828845755598, 1.4434800538993082
0.467475854773078, 1.374475512738747
0.46746882497059633, 1.3054709715781856
0.46746179516811465, 1.2364664304176234
0.46745476536563285, 1.167461889257062
0.46744773556315117, 1.0984573480965008
0.4674407057606695, 1.0294528069359394
0.4674336759581877, 0.9604482657753781
0.467426646155706, 0.8914437246148168
0.4674196163532243, 0.8224391834542555
0.4674125865507425, 0.7534346422936933
0.46740555674826084, 0.684430101133132
0.46739852694577916, 0.6154255599725706
0.46739149714329736, 0.5464210188120093
0.4673844673408157, 0.477416477651448
0.467377437538334, 0.4084119364908867
0.4673704077358522, 0.3394073953303254
0.4673633779333705, 0.2704028541697632
0.46735634813088883, 0.20139831300920186
0.46734931832840704, 0.13239377184864054
0.46723895042944413, 0.047288171083947894
0.46824866439256846, -0.024016521448631423
0.46946346112675946, -0.07876012410267741
0.4719056848069338, -0.0642691704589593
0.473103914639943, 4.510041863074658
0.47297269166028405, 4.419875929291525
0.47296613051130115, 4.355471690875001
0.472654710261361, 4.293367603830496
0.47264768045887934, 4.224363062669934
0.47264065065639765, 4.155358521509372
0.47263362085391586, 4.086353980348811
0.4726265910514342, 4.01734943918825
0.4726195612489525, 3.9483448980276883
0.4726125314464707, 3.879340356867127
0.472605501643989, 3.8103358157065657
0.47259847184150733, 3.741331274546004
0.47259144203902553, 3.6723267333854426
0.47258441223654385, 3.6033221922248813
0.47257738243406217, 3.53431765106432
0.47257035263158037, 3.465313109903758
0.4725633228290987, 3.396308568743197
0.472556293026617, 3.3273040275826355
0.4725492632241352, 3.258299486422074
0.4725422334216535, 3.1892949452615125
0.47253520361917184, 3.120290404100951
0.47252817381669004, 3.05128586294039
0.47252114401420836, 2.982281321779828
0.4725141142117267, 2.9132767806192668
0.4725070844092449, 2.8442722394587054
0.4725000546067632, 2.7752676982981437
0.4724930248042815, 2.7062631571375824
0.4724859950017997, 2.637258615977021
0.47247896519931804, 2.5682540748164597
0.47247193539683635, 2.499249533655898
0.47246490559435456, 2.4302449924953367
0.47245787579187287, 2.3612404513347753
0.4724508459893912, 2.292235910174214
0.4724438161869094, 2.2232313690136523
0.4724367863844277, 2.154226827853091
0.472429756581946, 2.0852222866925296
0.47242272677946434, 2.016217745531968
0.47241569697698255, 1.9472132043714065
0.47240866717450086, 1.8782086632108452
0.4724016373720192, 1.809204122050284
0.4723946075695374, 1.7401995808897226
0.4723875777670557, 1.6711950397291604
0.472380547964574, 1.602190498568599
0.4723735181620922, 1.5331859574080378
0.47236648835961054, 1.4641814162474764
0.47235945855712885, 1.3951768750869151
0.47235242875464706, 1.3261723339263538
0.4723453989521654, 1.2571677927657925
0.4723383691496837, 1.1881632516052303
0.4723313393472019, 1.119158710444669
0.4723243095447202, 1.0501541692841077
0.4723172797422385, 0.9811496281235463
0.47231024993975673, 0.912145086962985
0.47230322013727505, 0.8431405458024237
0.47229619033479336, 0.7741360046418624
0.47228916053231157, 0.7051314634813011
0.4722821307298299, 0.6361269223207389
0.4722751009273482, 0.5671223811601775
0.4722680711248664, 0.49811783999961623
0.4722610413223847, 0.4291132988390549
0.47225401151990304, 0.3601087576784936
0.47224698171742124, 0.2911042165179323
0.47223995191493956, 0.22209967535737096
0.4722329221124579, 0.15309513419680876
0.4722258923099761, 0.08409059303624744
0.4722188625074944, 0.015086051875686124
0.47437012266295026, 4.959951471441519
0.4742385247604925, 4.866105295463155
0.4742314949580108, 4.797100754302594
0.4743759573990101, 4.717745531967949
0.47391234192534065, 4.6590916719814714
0.4739063665932312, 4.600437811994994
0.475385085545261, 5.139823308733383
0.4742582082074413, 5.059318010712728
0.4776226716751924, 5.1421234601054016
0.4776156418727107, 5.07311891894484
0.47760861207022903, 5.004114377784278
0.47760158226774724, 4.935109836623717
0.47759455246526555, 4.866105295463155
0.47758752266278387, 4.797100754302594
0.4775804928603021, 4.728096213142033
0.4775734630578204, 4.6590916719814714
0.4775664332553387, 4.59008713082091
0.4775594034528569, 4.521082589660349
0.47755237365037523, 4.452078048499787
0.47754534384789354, 4.383073507339225
0.47753831404541175, 4.314068966178664
0.47753128424293007, 4.245064425018103
0.4775242544404484, 4.176059883857541
0.4775172246379667, 4.10705534269698
0.4775101948354849, 4.038050801536418
0.4775031650330032, 3.969046260375857
0.47749613523052153, 3.900041719215295
0.47748910542803974, 3.831037178054734
0.47748207562555806, 3.7620326368941726
0.47747504582307637, 3.6930280957336112
0.4774680160205946, 3.6240235545730495
0.4774609862181129, 3.555019013412488
0.4774539564156312, 3.486014472251927
0.4774469266131494, 3.417009931091365
0.47743989681066773, 3.3480053899308038
0.47743286700818605, 3.2790008487702424
0.47742583720570425, 3.209996307609681
0.47741880740322257, 3.1409917664491194
0.4774117776007409, 3.071987225288558
0.4774047477982591, 3.0029826841279967
0.4773977179957774, 2.9339781429674354
0.4773906881932957, 2.8649736018068737
0.4773836583908139, 2.7959690606463123
0.47737662858833224, 2.726964519485751
0.47736959878585056, 2.6579599783251893
0.47736256898336876, 2.588955437164628
0.4773555391808871, 2.5199508960040666
0.4773485093784054, 2.4509463548435053
0.4773414795759236, 2.3819418136829436
0.4773344497734419, 2.3129372725223822
0.47732741997096023, 2.243932731361821
0.47732039016847844, 2.174928190201259
0.47731336036599675, 2.105923649040698
0.47730633056351507, 2.036919107880136
0.4772993007610333, 1.9679145667195748
0.4772922709585516, 1.8989100255590134
0.4772852411560699, 1.8299054843984521
0.4772782113535882, 1.7609009432378908
0.4772711815511064, 1.6918964020773295
0.47726415174862474, 1.6228918609167682
0.47725712194614306, 1.553887319756206
0.47725009214366126, 1.4848827785956447
0.4772430623411796, 1.4158782374350833
0.4772360325386979, 1.346873696274522
0.4772290027362161, 1.2778691551139607
0.47721933675780376, 1.1829879110181887
0.47843109896059016, 1.0984573480965008
0.4784240691581085, 1.0294528069359394
0.4784170393556267, 0.9604482657753781
0.478410009553145, 0.8914437246148168
0.4784029797506633, 0.8224391834542555
0.4783959499481815, 0.7534346422936933
0.47838892014569984, 0.684430101133132
0.47838189034321815, 0.6154255599725706
0.47837486054073636, 0.5464210188120093
0.4783678307382547, 0.477416477651448
0.478360800935773, 0.4084119364908867
0.4786579272540004, 0.3302067898422498
0.4786513661050174, 0.2658025514257263
0.4783397115283278, 0.20139831300920186
0.4786377751535527, 0.13239377184864054
0.47863074535107103, 0.06338923068807922
0.47846976287423965, -0.019416218704594534
0.4800413923824028, -0.06541924614496875
0.48203738763371246, 2.3571001788651413
0.48190569600055494, 2.2623339423379702
0.48189866619807314, 2.193329401177409
0.48189163639559146, 2.124324860016847
0.4818846065931098, 2.055320318856286
0.481877576790628, 1.986315777695724
0.48171718013067005, 1.9092607067330976
0.48197411941137697, 1.7360593084200886
0.48168914879327424, 1.6341050988553594
0.4818138399147937, 1.3606746045066345
0.481806810112312, 1.2916700633460731
0.48179978030983034, 1.2226655221855118
0.48179275050734854, 1.1536609810249496
0.48178572070486686, 1.0846564398643883
0.4817786909023852, 1.015651898703827
0.4817716610999034, 0.9466473575432657
0.4817646312974217, 0.8776428163827044
0.48175760149494, 0.808638275222143
0.48175057169245833, 0.7396337340615817
0.48174354188997653, 0.6706291929010195
0.48173651208749485, 0.6016246517404582
0.48172948228501317, 0.5326201105798969
0.48172245248253137, 0.46361556941933557
0.4817154226800497, 0.39461102825877425
0.481708392877568, 0.32560648709821294
0.4817013630750862, 0.2566019459376516
0.48138923984489784, 0.18759740477708942
0.48138221004241616, 0.1185928636165281
0.48137518023993436, 0.04958832245596678
0.4828721766784167, 2.7649170171240596
0.48225249958965305, 2.6717608865573017
0.48224546978717125, 2.6027563453967404
0.48223843998468957, 2.5337518042361786
0.4822314101822079, 2.4647472630756173
0.4821681419598724, 1.8437063926305646
0.48214002274994544, 1.5676882279883184
0.48213299294746376, 1.498683686827757
0.4821259631449821, 1.4296791456671958
0.48167043194416664, -0.047018035168819416
0.48411363979668837, 4.469329183789927
0.4839512513593606, 4.372722826165141
0.48394293275975725, 4.291067452458477
0.48393590295727545, 4.2220629112979156
0.48392887315479377, 4.153058370137354
0.4839218433523121, 4.084053828976793
0.4839148135498303, 4.015049287816231
0.4839077837473486, 3.94604474665567
0.4839007539448669, 3.8770402054951085
0.48389372414238513, 3.8080356643345468
0.48388669433990344, 3.7390311231739854
0.48387966453742176, 3.670026582013424
0.48387263473493997, 3.601022040852863
0.4838656049324583, 3.532017499692301
0.4838585751299766, 3.4630129585317397
0.4838515453274949, 3.3940084173711784
0.4838445155250131, 3.3250038762106167
0.48383748572253144, 3.2559993350500553
0.4835255968190925, 3.1892949452615125
0.48351856701661083, 3.120290404100951
0.48351153721412904, 3.05128586294039
0.48350450741164736, 2.982281321779828
0.48349747760916567, 2.9132767806192668
0.4834904478066839, 2.8442722394587054
0.4846356026309561, 5.100720735409064
0.48432066747977504, 5.004114377784278
0.48431363767729324, 4.935109836623717
0.48430660787481156, 4.866105295463155
0.4842995780723299, 4.797100754302594
0.4842925482698481, 4.728096213142033
0.4842855184673664, 4.6590916719814714
0.4842784886648847, 4.59008713082091
0.48396917735568895, 4.548684406124573
0.48677705621194994, 5.157649481866528
0.4873793345395712, 5.080019373060896
0.48737230473708953, 5.011014831900335
0.48736527493460785, 4.942010290739773
0.48735824513212617, 4.873005749579212
0.48735121532964437, 4.804001208418651
0.4873441855271627, 4.7349966672580885
0.487337155724681, 4.665992126097527
0.4873301259221992, 4.596987584936966
0.4873230961197175, 4.527983043776405
0.48731606631723584, 4.458978502615843
0.48730903651475405, 4.389973961455281
0.48730200671227236, 4.32096942029472
0.4872949769097907, 4.251964879134158
0.4872879471073089, 4.182960337973597
0.4872809173048272, 4.113955796813036
0.4872738875023455, 4.0449512556524745
0.4872668576998637, 3.975946714491913
0.48725982789738204, 3.9069421733313514
0.48725279809490035, 3.83793763217079
0.48724576829241856, 3.7689330910102288
0.4872387384899369, 3.699928549849667
0.4872317086874552, 3.6309240086891057
0.4872246788849734, 3.5619194675285444
0.4871143109860105, 3.476813866763852
0.4881240249491348, 3.4055091742312715
0.4887241357543242, 3.306602665234467
0.48871710595184253, 3.2375981240739056
0.48871007614936085, 3.1685935829133443
0.48870304634687906, 3.0995890417527825
0.48869601654439737, 3.030584500592221
0.4886889867419157, 2.96157995943166
0.4886819569394339, 2.8925754182710985
0.48867516146370166, 2.8258710284825557
0.4886678973344705, 2.7545663359499755
0.48866086753198873, 2.685561794789414
0.48865383772950705, 2.6165572536288524
0.48864680792702536, 2.547552712468291
0.488640012451293, 2.4808483226797486
0.48832906085485167, 2.4233445383792804
0.48832203105237, 2.354339997218719
0.4883150012498882, 2.285335456058158
0.4883079714474065, 2.216330914897596
0.4883009416449248, 2.1473263737370347
0.48829391184244303, 2.0783218325764734
0.48828688203996135, 2.009317291415912
0.48827985223747966, 1.9403127502553508
0.48827282243499787, 1.8713082090947886
0.4882657926325162, 1.8023036679342272
0.4882587628300345, 1.733299126773666
0.4882517330275527, 1.6642945856131046
0.488244703225071, 1.5952900444525433
0.48823767342258934, 1.526285503291982
0.48823064362010754, 1.4572809621314207
0.48822361381762586, 1.3882764209708593
0.4882165840151442, 1.3192718798102971
0.4882095542126625, 1.2502673386497358
0.4882025244101807, 1.1812627974891745
0.488195494607699, 1.1122582563286132
0.4881884648052173, 1.0432537151680519
0.48818143500273553, 0.9742491740074906
0.48817440520025385, 0.9052446328469292
0.48816737539777216, 0.836240091686367
0.48816034559529037, 0.7672355505258057
0.4884574719135177, 0.6890304038771697
0.488146285990327, 0.6292264682046831
0.4881392561878452, 0.5602219270441218
0.4881322263853635, 0.49121738588356045
0.48812519658288184, 0.42221284472299914
0.48811816678040004, 0.35320830356243693
0.48811113697791836, 0.2842037624018756
0.4881041071754367, 0.2151992212413143
0.4880970773729549, 0.14619468008075298
0.4880900475704732, 0.07719013892019166
0.4880830177679915, 0.008185597759630348
0.48899028407628214, -0.07047957916340941
0.4914333212050293, -0.04800381432825507
0.491888015524597, 0.42221284472299914
0.4917778819523833, 0.3394073953303254
0.4917708521499016, 0.2704028541697632
0.49176382234741994, 0.20139831300920186
0.49175679254493815, 0.13239377184864054
0.49174976274245646, 0.06338923068807922
0.4936502698433894, 3.7447815016040322
0.4936417169170367, 3.660825976525349
0.493634687114555, 3.5918214353647877
0.4937790909738669, 3.511891175187137
0.4933152997551354, 3.451512201671646
0.49361266040011226, 3.3756072063950286
0.4936063335778787, 3.313503119350523
0.4932942103476902, 3.244498578189962
0.49328718054520854, 3.1754940370294005
0.49328015074272685, 3.1064894958688387
0.4935775113877036, 3.030584500592221
0.49357048158522193, 2.96157995943166
0.49356345178274014, 2.8925754182710985
0.49355642198025845, 2.823570877110537
0.49354939217777677, 2.7545663359499755
0.493542362375295, 2.685561794789414
0.4935353325728133, 2.6165572536288524
0.4935283027703316, 2.547552712468291
0.49352080431435114, 2.4739478685636924
0.49351377451186934, 2.404943327403131
0.49350674470938766, 2.33593878624257
0.493499714906906, 2.266934245082008
0.4934926851044242, 2.1979297039214467
0.4934856553019425, 2.1289251627608854
0.4934786254994608, 2.059920621600324
0.493471595696979, 1.9909160804397628
0.4934650345479961, 1.9265118420232383
0.4931536142980559, 1.8644077549787328
0.4931465844955742, 1.7954032138181715
0.4931395546930924, 1.7263986726576102
0.4931325248906107, 1.6573941314970488
0.49312549508812903, 1.5883895903364875
0.49311846528564723, 1.5193850491759253
0.49311143548316555, 1.450380508015364
0.49310440568068387, 1.3813759668548027
0.49309737587820207, 1.3123714256942414
0.4930903460757204, 1.24336688453368
0.4930833162732387, 1.1743623433731187
0.4930762864707569, 1.1053578022125574
0.4930692566682752, 1.0363532610519952
0.49306222686579354, 0.9673487198914339
0.49305519706331175, 0.8983441787308726
0.49304816726083006, 0.8293396375703113
0.4930411374583484, 0.7603350964097499
0.4930341076558666, 0.6913305552491886
0.4930270778533849, 0.6223260140886273
0.4930200480509032, 0.5533214729280651
0.4930144242089178, 0.49811783999961623
0.49464379182813095, 5.111761461994754
0.4940836571663875, 5.004114377784278
0.49407662736390573, 4.935109836623717
0.49406959756142405, 4.866105295463155
0.49406256775894236, 4.797100754302594
0.49405553795646057, 4.728096213142033
0.4940485081539789, 4.6590916719814714
0.4940414783514972, 4.59008713082091
0.4940344485490154, 4.521082589660349
0.4940274187465337, 4.452078048499787
0.49402038894405204, 4.383073507339225
0.49401335914157024, 4.314068966178664
0.49400632933908856, 4.245064425018103
0.4939992995366069, 4.176059883857541
0.4939922697341252, 4.10705534269698
0.4939852399316434, 4.038050801536418
0.4939782101291617, 3.969046260375857
0.49397118032668, 3.900041719215295
0.49396415052419823, 3.831037178054734
0.4968459008882045, 5.165124973825589
0.49743605280654485, 4.968462031517989
0.49775251108159696, 5.080019373060896
0.4977314216741519, 4.873005749579212
0.4977243918716701, 4.804001208418651
0.49771736206918843, 4.7349966672580885
0.4980137854071676, 4.649891066493396
0.4986164738066004, 4.576286222588798
0.4986094440041187, 4.507281681428236
0.4986024142016369, 4.438277140267674
0.49859538439915524, 4.369272599107113
0.49858835459667356, 4.3002680579465515
0.49858132479419176, 4.23126351678599
0.4985742949917101, 4.162258975625429
0.4985672651892284, 4.093254434464868
0.4985602353867466, 4.024249893304306
0.4985532055842649, 3.9552453521437445
0.49854617578178323, 3.886240810983183
0.49853914597930143, 3.817236269822622
0.49853211617681975, 3.74823172866206
0.49852508637433807, 3.679227187501499
0.49851805657185627, 3.6102226463409375
0.4985110267693746, 3.5412181051803757
0.4985039969668929, 3.4722135640198144
0.4984969671644111, 3.403209022859253
0.4984899373619294, 3.3342044816986918
0.49848290755944774, 3.26519994053813
0.49847587775696595, 3.1961953993775687
0.49846884795448426, 3.1271908582170074
0.4984618181520026, 3.0581863170564456
0.4984547883495208, 2.9891817758958843
0.4984477585470391, 2.920177234735323
0.4984407287445574, 2.8511726935747617
0.4984336989420756, 2.7821681524142
0.49842666913959394, 2.7131636112536386
0.49841963933711225, 2.6441590700930773
0.49841260953463057, 2.5751545289325155
0.4984055797321488, 2.506149987771954
0.4983985499296671, 2.437145446611393
0.4983915201271854, 2.3681409054508316
0.4983844903247036, 2.29913636429027
0.4983774605222219, 2.2301318231297085
0.49837043071974024, 2.161127281969147
0.49836340091725845, 2.0921227408085854
0.49835637111477676, 2.0231181996480245
0.4983493413122951, 1.9541136584874623
0.4983423115098133, 1.885109117326901
0.4983352817073316, 1.8161045761663397
0.4983282519048499, 1.7471000350057784
0.4983212221023681, 1.678095493845217
0.49831419229988644, 1.6090909526846557
0.49830716249740475, 1.5400864115240944
0.49830013269492296, 1.4710818703635322
0.4982931028924413, 1.402077329202971
0.4982860730899596, 1.3330727880424096
0.4982790432874778, 1.2640682468818483
0.4982720134849961, 1.195063705721287
0.49826498368251443, 1.1260591645607256
0.49825795388003263, 1.0570546234001643
0.49825092407755095, 0.9880500822396021
0.49824389427506927, 0.9190455410790408
0.49823686447258747, 0.8500409999184795
0.4982298346701058, 0.7810364587579182
0.4982228048676241, 0.7120319175973568
0.4982157750651423, 0.6430273764367955
0.4982087452626606, 0.5740228352762342
0.49820171546017894, 0.5050182941156729
0.49819468565769714, 0.4360137529551107
0.49818765585521546, 0.3670092117945494
0.4981806260527338, 0.29800467063398806
0.4981735962502521, 0.22900012947342674
0.4981665664477703, 0.15999558831286542
0.4981595366452886, 0.0909910471523041
0.49815250684280693, 0.02198650599174279
0.49814435227192805, -0.05805876175450919
