Tiempo_s,Tiempo_ms,Resistencia_Ohm
0.0,0.0,494862.44678924343
0.0001,0.1,494720.3621536556
0.0002,0.2,494574.6724640956
0.00030000000000000003,0.30000000000000004,494425.30339802627
0.0004,0.4,494272.17997770826
0.0005,0.5,494115.226610918
0.0006000000000000001,0.6000000000000001,493954.3671342269
0.0007,0.7,493789.5248588713
0.0008,0.8,493620.6226192387
0.0009000000000000001,0.9000000000000001,493447.5828239871
0.001,1.0,493270.3275098086
0.0011,1.1,493088.7783978383
0.0012000000000000001,1.2000000000000002,492902.8569527047
0.0013000000000000002,1.3000000000000003,492712.48444420536
0.0014,1.4,492517.5820115844
0.0015,1.5,492318.07073037804
0.0016,1.6,492113.87168178416
0.0017000000000000001,1.7000000000000002,491904.90602450125
0.0018000000000000002,1.8000000000000003,491691.0950689709
0.0019,1.9,491472.36035394645
0.002,2.0,491248.6237252998
0.0021000000000000003,2.1,491019.80741696386
0.0022,2.2,490785.8341338994
0.0023,2.3,490546.62713696004
0.0024000000000000002,2.4000000000000004,490302.1103295165
0.0025,2.5,490052.2083456918
0.0026000000000000003,2.6000000000000005,489796.84664004314
0.0027,2.7,489535.9515785156
0.0028,2.8,489269.45053048123
0.0029000000000000002,2.9000000000000004,488997.2719616639
0.003,3.0,488719.3455277397
0.0031000000000000003,3.1000000000000005,488435.6021683916
0.0032,3.2,488145.97420158744
0.0033,3.3,487850.3954178389
0.0034000000000000002,3.4000000000000004,487548.80117419135
0.0035,3.5,487241.1284876872
0.0036000000000000003,3.6000000000000005,486927.31612803554
0.0037,3.7,486607.3047092174
0.0038,3.8,486281.03677974956
0.0039000000000000003,3.9000000000000004,485948.4569113261
0.004,4.0,485609.5117855542
0.0041,4.1000000000000005,485264.15027850016
0.004200000000000001,4.2,484912.3235427602
0.0043,4.3,484553.9850867743
0.0044,4.4,484189.09085110127
0.0045000000000000005,4.500000000000001,483817.5992813825
0.0046,4.6,483439.47139772115
0.0047,4.7,483054.67086021847
0.0048000000000000004,4.800000000000001,482663.1640304127
0.0049,4.8999999999999995,482264.92002837866
0.005,5.0,481859.9107852593
0.0051,5.1000000000000005,481448.1110910105
0.005200000000000001,5.200000000000001,481029.49863716116
0.0053,5.3,480604.05405439984
0.0054,5.4,480171.7609448238
0.0055000000000000005,5.500000000000001,479732.605908699
0.0056,5.6,479286.5785656035
0.0057,5.7,478833.67156984576
0.0058000000000000005,5.800000000000001,478373.88062006974
0.0059,5.8999999999999995,477907.2044629837
0.006,6.0,477433.6448911692
0.0061,6.1000000000000005,476953.20673495147
0.006200000000000001,6.200000000000001,476465.89784833643
0.0063,6.3,475971.72908904054
0.0064,6.4,475470.7142926653
0.006500000000000001,6.500000000000001,474962.87024109025
0.0066,6.6,474448.2166251803
0.0067,6.7,473926.77600192826
0.0068000000000000005,6.800000000000001,473398.57374616974
0.006900000000000001,6.9,472863.63799703505
0.007,7.0,472321.99959931494
0.0071,7.1000000000000005,471773.69203994266
0.007200000000000001,7.200000000000001,471218.7513798068
0.0073,7.3,470657.216181129
0.0074,7.4,470089.1274306529
0.007500000000000001,7.500000000000001,469514.5284589062
0.0076,7.6,468933.46485580783
0.0077,7.7,468345.98438290274
0.0078000000000000005,7.800000000000001,467752.13688251615
0.0079,7.9,467151.9741841246
0.008,8.0,466545.5500082479
0.0081,8.1,465932.9198681686
0.0082,8.200000000000001,465314.1409697885
0.0083,8.3,464689.27210992965
0.008400000000000001,8.4,464058.3735733916
0.0085,8.5,463421.5070290659
0.0086,8.6,462778.735425413
0.008700000000000001,8.700000000000001,462130.1228855951
0.0088,8.8,461475.7346025544
0.0089,8.9,460815.63673431845
0.009000000000000001,9.000000000000002,460149.89629980363
0.0091,9.1,459478.5810753781
0.0092,9.2,458801.75949243724
0.009300000000000001,9.3,458119.50053622643
0.0094,9.4,457431.87364614155
0.0095,9.5,456738.94861771766
0.009600000000000001,9.600000000000001,456040.7955065058
0.0097,9.700000000000001,455337.48453402455
0.0098,9.799999999999999,454629.0859959554
0.0099,9.9,453915.6701727412
0.01,10.0,453197.3072427268
0.010100000000000001,10.100000000000001,452474.06719797227
0.0102,10.200000000000001,451746.01976284944
0.0103,10.3,451013.23431552155
0.010400000000000001,10.400000000000002,450275.7798123904
0.0105,10.5,449533.72471558163
0.0106,10.6,448787.1369235258
0.010700000000000001,10.700000000000001,448036.08370467904
0.0108,10.8,447280.63163441664
0.0109,10.9,446520.8465351168
0.011000000000000001,11.000000000000002,445756.793419446
0.0111,11.1,444988.53643684153
0.0112,11.2,444216.1388231792
0.011300000000000001,11.3,443439.66285360354
0.0114,11.4,442659.16979849
0.0115,11.5,441874.71988249785
0.011600000000000001,11.600000000000001,441086.3722466681
0.0117,11.700000000000001,440294.1849135109
0.0118,11.799999999999999,439498.21475502173
0.0119,11.9,438698.51746355905
0.012,12.0,437895.147525513
0.012100000000000001,12.100000000000001,437088.1581976869
0.0122,12.200000000000001,436277.60148631176
0.0123,12.3,435463.5281286101
0.012400000000000001,12.400000000000002,434645.9875768216
0.0125,12.5,433825.0279846014
0.0126,12.6,433000.6961957001
0.012700000000000001,12.700000000000001,432173.0377348325
0.0128,12.8,431342.09680064186
0.0129,12.9,430507.9162606642
0.013000000000000001,13.000000000000002,429670.5376482004
0.0131,13.100000000000001,428830.00116099924
0.0132,13.2,427986.3456616589
0.013300000000000001,13.3,427139.60867965396
0.0134,13.4,426289.826414895
0.0135,13.5,425437.0337427302
0.013600000000000001,13.600000000000001,424581.2642203006
0.0137,13.700000000000001,423722.5500941594
0.013800000000000002,13.8,422860.9223090721
0.013900000000000001,13.9,421996.4105179115
0.014,14.0,421129.0430925676
0.014100000000000001,14.100000000000001,420258.84713579225
0.0142,14.200000000000001,419385.8484939026
0.0143,14.3,418510.0717702674
0.014400000000000001,14.400000000000002,417631.54033950635
0.0145,14.5,416750.2763623311
0.0146,14.6,415866.30080096243
0.014700000000000001,14.700000000000001,414979.6334350589
0.0148,14.8,414090.2928780959
0.0149,14.9,413198.2965941353
0.015000000000000001,15.000000000000002,412303.66091493017
0.0151,15.100000000000001,411406.4010573104
0.0152,15.2,410506.5311407979
0.015300000000000001,15.3,409604.06420540257
0.0154,15.4,408699.0122295534
0.0155,15.5,407791.3861481196
0.015600000000000001,15.600000000000001,406881.19587048044
0.015700000000000002,15.700000000000003,405968.45029860584
0.0158,15.8,405053.1573451089
0.0159,15.9,404135.32395123603
0.016,16.0,403214.9561047618
0.0161,16.1,402292.0588577577
0.0162,16.2,401366.6363442066
0.016300000000000002,16.3,400438.6917974335
0.0164,16.400000000000002,399508.2275673303
0.0165,16.5,398575.245137349
0.0166,16.6,397639.74514124193
0.0167,16.7,396701.72737952886
0.016800000000000002,16.8,395761.19083567185
0.016900000000000002,16.900000000000002,394818.133691941
0.017,17.0,393872.5533449535
0.0171,17.1,392924.4464208739
0.0172,17.2,391973.80879025854
0.0173,17.3,391020.63558253495
0.017400000000000002,17.400000000000002,390064.921200103
0.0175,17.5,389106.659332048
0.0176,17.6,388145.84296745586
0.0177,17.7,387182.46440832363
0.0178,17.8,386216.51528205595
0.0179,17.9,385247.9865535403
0.018000000000000002,18.000000000000004,384276.8685367979
0.0181,18.1,383303.1509062015
0.0182,18.2,382326.82270725747
0.0183,18.3,381347.87236694654
0.0184,18.4,380366.2877036215
0.018500000000000003,18.500000000000004,379382.055936457
0.018600000000000002,18.6,378395.1636944494
0.0187,18.700000000000003,377405.59702496487
0.0188,18.8,376413.3414018331
0.0189,18.9,375418.3817329862
0.019,19.0,374420.7023676398
0.019100000000000002,19.1,373420.2871030179
0.019200000000000002,19.200000000000003,372417.11919061805
0.0193,19.3,371411.18134201877
0.0194,19.400000000000002,370402.455734227
0.0195,19.5,369390.9240145669
0.0196,19.599999999999998,368376.5673051079
0.019700000000000002,19.700000000000003,367359.3662066359
0.0198,19.8,366339.3008021617
0.0199,19.900000000000002,365316.35065997316
0.02,20.0,364290.4948362264
0.0201,20.1,363261.71187707904
0.020200000000000003,20.200000000000003,362229.97982036404
0.020300000000000002,20.3,361195.27619680436
0.0204,20.400000000000002,360157.578030769
0.0205,20.5,359116.8618405704
0.0206,20.6,358073.1036383009
0.0207,20.7,357026.27892921073
0.020800000000000003,20.800000000000004,355976.36271062476
0.020900000000000002,20.900000000000002,354923.32947039854
0.021,21.0,353867.153184911
0.0211,21.1,352807.8073165948
0.0212,21.2,351745.2648110012
0.0213,21.3,350679.4980933983
0.021400000000000002,21.400000000000002,349610.4790649002
0.021500000000000002,21.5,348538.179098126
0.0216,21.6,347462.5690323844
0.0217,21.7,346383.6191683816
0.0218,21.8,345301.2992624498
0.0219,21.9,344215.5785202914
0.022000000000000002,22.000000000000004,343126.42559023504
0.0221,22.1,342033.8085559998
0.0222,22.2,340937.69492896093
0.0223,22.3,339838.05163991277
0.0224,22.4,338734.8450303226
0.022500000000000003,22.500000000000004,337628.040843068
0.022600000000000002,22.6,336517.6042126514
0.0227,22.700000000000003,335403.49965488416
0.0228,22.8,334285.6910560306
0.0229,22.9,333164.1416614045
0.023,23.0,332038.8140634065
0.023100000000000002,23.1,330909.6701889942
0.023200000000000002,23.200000000000003,329776.6712865714
0.0233,23.3,328639.77791228605
0.0234,23.400000000000002,327498.949915723
0.0235,23.5,326354.146424979
0.0236,23.599999999999998,325205.3258311033
0.023700000000000002,23.700000000000003,324052.4457718908
0.0238,23.8,322895.4631150085
0.0239,23.900000000000002,321734.33394043887
0.024,24.0,320569.0135222215
0.0241,24.1,319399.4563094714
0.024200000000000003,24.200000000000003,318225.61590665486
0.024300000000000002,24.3,317047.4450530978
0.0244,24.400000000000002,315864.895601704
0.0245,24.5,314677.9184968583
0.0246,24.6,313486.4637514851
0.0247,24.7,312290.4804232366
0.024800000000000003,24.800000000000004,311089.91658977844
0.024900000000000002,24.900000000000002,309884.71932314086
0.025,25.0,308674.8346631018
0.0251,25.1,307460.20758956554
0.0252,25.2,306240.7819938979
0.0253,25.3,305016.5006491795
0.025400000000000002,25.400000000000002,303787.3051793314
0.025500000000000002,25.500000000000004,302553.1360270703
0.0256,25.6,301313.9324206441
0.0257,25.7,300069.6323392966
0.0258,25.8,298820.17247740837
0.025900000000000003,25.900000000000002,297565.48820725665
0.026000000000000002,26.000000000000004,296305.5135403332
0.0261,26.1,295040.1810871569
0.0262,26.200000000000003,293769.4220155133
0.0263,26.3,292493.1660070496
0.0264,26.4,291211.34121214814
0.026500000000000003,26.500000000000004,289923.87420299905
0.026600000000000002,26.6,288630.68992478645
0.0267,26.700000000000003,287331.71164489683
0.0268,26.8,286026.86090005504
0.0269,26.9,284716.0574412848
0.027,27.0,283399.21917658666
0.027100000000000003,27.1,282076.2621112178
0.027200000000000002,27.200000000000003,280747.1002854523
0.0273,27.3,279411.6457096932
0.0274,27.400000000000002,278069.8082967961
0.0275,27.5,276721.4957914617
0.027600000000000003,27.6,275366.6136965385
0.027700000000000002,27.700000000000003,274005.06519607076
0.027800000000000002,27.8,272636.7510749168
0.0279,27.900000000000002,271261.56963474717
0.028,28.0,269879.4166062235
0.0281,28.1,268490.1850571449
0.028200000000000003,28.200000000000003,267093.76529633167
0.028300000000000002,28.3,265690.04477300454
0.0284,28.400000000000002,264278.9079713981
0.0285,28.5,262860.2363003299
0.0286,28.6,261433.90797742753
0.0287,28.7,259999.79790769485
0.028800000000000003,28.800000000000004,258557.77755607484
0.028900000000000002,28.900000000000002,257107.71481364316
0.029,29.0,255649.47385703961
0.0291,29.1,254182.91500071407
0.0292,29.2,252707.89454153433
0.029300000000000003,29.300000000000004,251224.26459526698
0.029400000000000003,29.400000000000002,249731.87292440663
0.029500000000000002,29.500000000000004,248230.5627567874
0.0296,29.6,246720.17259436674
0.0297,29.7,245200.53601152266
0.0298,29.8,243671.48144215427
0.029900000000000003,29.900000000000002,242132.8319548157
0.030000000000000002,30.000000000000004,240584.40501505247
0.030100000000000002,30.1,239026.01223403847
0.0302,30.200000000000003,237457.45910253713
0.0303,30.3,235878.54470912548
0.0304,30.4,234289.06144153024
0.030500000000000003,30.500000000000004,232688.79466982186
0.030600000000000002,30.6,231077.52241010248
0.0307,30.700000000000003,229455.01496720104
0.0308,30.8,227821.0345547521
0.0309,30.900000000000002,226175.33489088592
0.031,31.0,224517.6607675905
0.031100000000000003,31.1,222847.7475916211
0.031200000000000002,31.200000000000003,221165.32089462943
0.0313,31.3,219470.09580995454
0.031400000000000004,31.400000000000006,217761.77651326568
0.0315,31.5,216040.0556239615
0.0316,31.6,214304.61356391595
0.0317,31.7,212555.11786980386
0.0318,31.8,210791.22245484483
0.031900000000000005,31.900000000000006,209012.56681535603
0.032,32.0,207218.7751770034
0.032100000000000004,32.1,205409.45557507657
0.0322,32.2,203584.1988624744
0.0323,32.300000000000004,201742.57763836687
0.0324,32.4,199884.1450896837
0.0325,32.5,198008.43373665313
0.032600000000000004,32.6,196114.9540725595
0.0327,32.7,194203.19308669
0.0328,32.800000000000004,192272.61265806796
0.0329,32.9,190322.64780600363
0.033,33.0,188352.70478169195
0.033100000000000004,33.1,186362.15898302183
0.0332,33.2,184350.35267237492
0.0333,33.300000000000004,182316.592474442
0.0334,33.4,180260.1466278939
0.0335,33.5,178180.24196104298
0.033600000000000005,33.6,176076.06055731775
0.0337,33.7,173946.73607133707
0.033800000000000004,33.800000000000004,171791.34965047144
0.0339,33.9,169608.92540984545
0.034,34.0,167398.42540056372
0.0341,34.1,165158.7440012751
0.0342,34.2,162888.70165171378
0.034300000000000004,34.300000000000004,160587.03783318435
0.0344,34.4,158252.40318460492
0.0345,34.5,155883.35062308545
0.0346,34.6,153478.32531433986
0.0347,34.7,151035.65330954755
0.034800000000000005,34.800000000000004,148553.52863038302
0.0349,34.9,146029.99854125638
0.035,35.0,143462.94669536612
0.0351,35.1,140850.07377636465
0.0352,35.2,138188.8751769198
0.035300000000000005,35.300000000000004,135476.61515480437
0.0354,35.4,132710.2967805386
0.035500000000000004,35.50000000000001,129886.6268302798
0.0356,35.6,127001.97457318607
0.0357,35.7,124052.32313975497
0.0358,35.8,121033.21181736058
0.0359,35.9,117939.66717471973
0.036000000000000004,36.00000000000001,114766.12033110944
0.0361,36.1,111506.30690630883
0.0362,36.2,108153.14513838904
0.0363,36.3,104698.58622997974
0.0364,36.4,101133.42901998838
0.036500000000000005,36.50000000000001,97447.08833923956
0.0366,36.6,93627.30253507651
0.0367,36.7,89659.7600865394
0.0368,36.8,85527.61710601448
0.0369,36.900000000000006,81210.86543552061
0.037000000000000005,37.00000000000001,76685.49269820303
0.0371,37.1,71922.34719015667
0.037200000000000004,37.2,66885.57520189644
0.0373,37.3,61530.42430745844
0.0374,37.400000000000006,55800.08134980284
0.0375,37.5,49620.99623781006
0.0376,37.6,42895.74882177161
0.037700000000000004,37.7,35491.774576539654
0.0378,37.8,27222.817693663746
0.0379,37.900000000000006,17817.146748997493
0.038,38.0,6862.362412217879
0.0381,38.1,100.0
0.038200000000000005,38.2,100.0
0.0383,38.3,100.0
0.038400000000000004,38.400000000000006,100.0
0.0385,38.5,100.0
0.0386,38.6,100.0
0.038700000000000005,38.7,100.0
0.0388,38.800000000000004,100.0
0.038900000000000004,38.900000000000006,100.0
0.039,39.0,100.0
0.0391,39.1,100.0
0.0392,39.199999999999996,100.0
0.0393,39.300000000000004,100.0
0.039400000000000004,39.400000000000006,100.0
0.0395,39.5,100.0
0.0396,39.6,100.0
0.0397,39.699999999999996,100.0
0.0398,39.800000000000004,100.0
0.039900000000000005,39.900000000000006,100.0
0.04,40.0,100.0
0.040100000000000004,40.1,100.0
0.0402,40.2,100.0
0.0403,40.300000000000004,100.0
0.040400000000000005,40.400000000000006,100.0
0.0405,40.5,100.0
0.040600000000000004,40.6,100.0
0.0407,40.7,100.0
0.0408,40.800000000000004,100.0
0.0409,40.9,100.0
0.041,41.0,100.0
0.041100000000000005,41.1,100.0
0.0412,41.2,100.0
0.0413,41.300000000000004,100.0
0.0414,41.4,100.0
0.0415,41.5,100.0
0.041600000000000005,41.60000000000001,100.0
0.0417,41.7,100.0
0.041800000000000004,41.800000000000004,100.0
0.0419,41.9,100.0
0.042,42.0,100.0
0.042100000000000005,42.10000000000001,100.0
0.0422,42.2,100.0
0.042300000000000004,42.300000000000004,100.0
0.0424,42.4,100.0
0.0425,42.5,100.0
0.0426,42.6,100.0
0.0427,42.7,100.0
0.042800000000000005,42.800000000000004,100.0
0.0429,42.9,100.0
0.043000000000000003,43.0,100.0
0.0431,43.1,100.0
0.0432,43.2,100.0
0.043300000000000005,43.300000000000004,100.0
0.0434,43.4,100.0
0.043500000000000004,43.50000000000001,100.0
0.0436,43.6,100.0
0.0437,43.7,100.0
0.0438,43.8,100.0
0.0439,43.9,100.0
0.044000000000000004,44.00000000000001,100.0
0.0441,44.1,100.0
0.0442,44.2,100.0
0.0443,44.3,100.0
0.0444,44.4,100.0
0.044500000000000005,44.50000000000001,100.0
0.0446,44.6,100.0
0.044700000000000004,44.7,100.0
0.0448,44.8,100.0
0.0449,44.900000000000006,100.0
0.045000000000000005,45.00000000000001,100.0
0.0451,45.1,100.0
0.045200000000000004,45.2,100.0
0.0453,45.3,100.0
0.0454,45.400000000000006,100.0
0.0455,45.5,100.0
0.0456,45.6,100.0
0.045700000000000005,45.7,100.0
0.0458,45.8,100.0
0.0459,45.900000000000006,100.0
0.046,46.0,100.0
0.0461,46.1,100.0
0.046200000000000005,46.2,100.0
0.0463,46.300000000000004,100.0
0.046400000000000004,46.400000000000006,100.0
0.0465,46.5,100.0
0.0466,46.6,100.0
0.046700000000000005,46.7,100.0
0.0468,46.800000000000004,100.0
0.046900000000000004,46.900000000000006,100.0
0.047,47.0,100.0
0.0471,47.1,100.0
0.0472,47.199999999999996,100.0
0.0473,47.300000000000004,100.0
0.047400000000000005,47.400000000000006,100.0
0.0475,47.5,100.0
0.0476,47.6,100.0
0.0477,47.7,100.0
0.0478,47.800000000000004,100.0
0.047900000000000005,47.900000000000006,100.0
0.048,48.0,100.0
0.048100000000000004,48.1,100.0
0.0482,48.2,100.0
0.0483,48.300000000000004,100.0
0.048400000000000006,48.400000000000006,100.0
0.0485,48.5,100.0
0.048600000000000004,48.6,100.0
0.0487,48.7,100.0
0.0488,48.800000000000004,100.0
0.0489,48.9,100.0
0.049,49.0,100.0
0.049100000000000005,49.1,100.0
0.0492,49.2,100.0
0.049300000000000004,49.300000000000004,100.0
0.0494,49.4,100.0
0.0495,49.5,100.0
0.049600000000000005,49.60000000000001,100.0
0.0497,49.7,100.0
0.049800000000000004,49.800000000000004,100.0
0.0499,49.9,100.0
0.05,50.0,100.0
0.050100000000000006,50.10000000000001,100.0
0.0502,50.2,100.0
0.050300000000000004,50.300000000000004,100.0
0.0504,50.4,100.0
0.0505,50.5,100.0
0.0506,50.6,100.0
0.0507,50.7,100.0
0.050800000000000005,50.800000000000004,100.0
0.0509,50.9,100.0
0.051000000000000004,51.00000000000001,100.0
0.0511,51.1,100.0
0.0512,51.2,100.0
0.051300000000000005,51.300000000000004,100.0
0.0514,51.4,100.0
0.051500000000000004,51.50000000000001,100.0
0.0516,51.6,100.0
0.0517,51.7,100.0
0.051800000000000006,51.800000000000004,100.0
0.0519,51.9,100.0
0.052000000000000005,52.00000000000001,100.0
0.0521,52.1,100.0
0.0522,52.2,100.0
0.0523,52.3,100.0
0.0524,52.400000000000006,100.0
0.052500000000000005,52.50000000000001,100.0
0.0526,52.6,100.0
0.052700000000000004,52.7,100.0
0.0528,52.8,100.0
0.0529,52.900000000000006,100.0
0.053000000000000005,53.00000000000001,100.0
0.0531,53.1,100.0
0.053200000000000004,53.2,100.0
0.0533,53.3,100.0
0.0534,53.400000000000006,100.0
0.053500000000000006,53.50000000000001,100.0
0.0536,53.6,100.0
0.053700000000000005,53.7,100.0
0.0538,53.8,100.0
0.0539,53.900000000000006,100.0
0.054,54.0,100.0
0.0541,54.1,100.0
0.054200000000000005,54.2,100.0
0.0543,54.300000000000004,100.0
0.054400000000000004,54.400000000000006,100.0
0.0545,54.5,100.0
0.0546,54.6,100.0
0.054700000000000006,54.7,100.0
0.0548,54.800000000000004,100.0
0.054900000000000004,54.900000000000006,100.0
0.055,55.0,100.0
0.0551,55.1,100.0
0.055200000000000006,55.2,100.0
0.0553,55.300000000000004,100.0
0.055400000000000005,55.400000000000006,100.0
0.0555,55.5,100.0
0.055600000000000004,55.6,100.0
0.0557,55.7,100.0
0.0558,55.800000000000004,100.0
0.055900000000000005,55.900000000000006,100.0
0.056,56.0,100.0
0.056100000000000004,56.1,100.0
0.0562,56.2,100.0
0.0563,56.300000000000004,100.0
0.056400000000000006,56.400000000000006,100.0
0.0565,56.5,100.0
0.056600000000000004,56.6,100.0
0.0567,56.7,100.0
0.0568,56.800000000000004,100.0
0.056900000000000006,56.900000000000006,100.0
0.057,57.0,100.0
0.057100000000000005,57.1,100.0
0.0572,57.2,100.0
0.057300000000000004,57.300000000000004,100.0
0.0574,57.4,100.0
0.0575,57.5,100.0
0.057600000000000005,57.60000000000001,100.0
0.0577,57.7,100.0
0.057800000000000004,57.800000000000004,100.0
0.0579,57.9,100.0
0.058,58.0,100.0
0.058100000000000006,58.10000000000001,100.0
0.0582,58.2,100.0
0.058300000000000005,58.300000000000004,100.0
0.0584,58.4,100.0
0.0585,58.5,100.0
0.058600000000000006,58.60000000000001,100.0
0.0587,58.7,100.0
0.058800000000000005,58.800000000000004,100.0
0.0589,58.9,100.0
0.059000000000000004,59.00000000000001,100.0
0.0591,59.1,100.0
0.0592,59.2,100.0
0.059300000000000005,59.300000000000004,100.0
0.0594,59.4,100.0
0.059500000000000004,59.50000000000001,100.0
0.0596,59.6,100.0
0.0597,59.7,100.0
0.059800000000000006,59.800000000000004,100.0
0.0599,59.9,100.0
0.060000000000000005,60.00000000000001,100.0
0.0601,60.1,100.0
0.060200000000000004,60.2,100.0
0.0603,60.3,100.0
0.0604,60.400000000000006,100.0
0.060500000000000005,60.50000000000001,100.0
0.0606,60.6,100.0
0.060700000000000004,60.7,100.0
0.0608,60.8,100.0
0.0609,60.900000000000006,100.0
0.061000000000000006,61.00000000000001,100.0
0.0611,61.1,100.0
0.061200000000000004,61.2,100.0
0.0613,61.3,100.0
0.0614,61.400000000000006,100.0
0.061500000000000006,61.50000000000001,100.0
0.0616,61.6,100.0
0.061700000000000005,61.7,100.0
0.0618,61.800000000000004,100.0
0.061900000000000004,61.900000000000006,100.0
0.062,62.0,100.0
0.0621,62.1,100.0
0.062200000000000005,62.2,100.0
0.0623,62.300000000000004,100.0
0.062400000000000004,62.400000000000006,100.0
0.0625,62.5,100.0
0.0626,62.6,100.0
0.0627,62.7,100.0
0.06280000000000001,62.80000000000001,100.0
0.0629,62.9,100.0
0.063,63.0,100.0
0.0631,63.1,100.0
0.0632,63.2,100.0
0.06330000000000001,63.30000000000001,100.0
0.0634,63.4,100.0
0.0635,63.5,100.0
0.0636,63.6,100.0
0.0637,63.70000000000001,100.0
0.06380000000000001,63.80000000000001,100.0
0.0639,63.9,100.0
0.064,64.0,100.0
0.0641,64.10000000000001,100.0
0.06420000000000001,64.2,100.0
0.06430000000000001,64.30000000000001,100.0
0.0644,64.4,100.0
0.0645,64.5,100.0
0.0646,64.60000000000001,100.0
0.06470000000000001,64.7,100.0
0.0648,64.8,100.0
0.0649,64.9,100.0
0.065,65.0,100.0
0.0651,65.10000000000001,100.0
0.06520000000000001,65.2,100.0
0.0653,65.3,100.0
0.0654,65.4,100.0
0.0655,65.5,100.0
0.0656,65.60000000000001,100.0
0.06570000000000001,65.7,100.0
0.0658,65.8,100.0
0.0659,65.9,100.0
0.066,66.0,100.0
0.0661,66.10000000000001,100.0
0.06620000000000001,66.2,100.0
0.0663,66.3,100.0
0.0664,66.4,100.0
0.0665,66.5,100.0
0.0666,66.60000000000001,100.0
0.06670000000000001,66.7,100.0
0.0668,66.8,100.0
0.0669,66.9,100.0
0.067,67.0,100.0
0.0671,67.10000000000001,100.0
0.06720000000000001,67.2,100.0
0.0673,67.3,100.0
0.0674,67.4,100.0
0.0675,67.5,100.0
0.06760000000000001,67.60000000000001,100.0
0.06770000000000001,67.70000000000002,100.0
0.0678,67.8,100.0
0.0679,67.9,100.0
0.068,68.0,100.0
0.06810000000000001,68.10000000000001,100.0
0.0682,68.2,100.0
0.0683,68.3,100.0
0.0684,68.4,100.0
0.0685,68.5,100.0
0.06860000000000001,68.60000000000001,100.0
0.0687,68.7,100.0
0.0688,68.8,100.0
0.0689,68.9,100.0
0.069,69.0,100.0
0.06910000000000001,69.10000000000001,100.0
0.0692,69.2,100.0
0.0693,69.3,100.0
0.0694,69.4,100.0
0.0695,69.5,100.0
0.06960000000000001,69.60000000000001,100.0
0.0697,69.7,100.0
0.0698,69.8,100.0
0.0699,69.9,100.0
0.07,70.0,100.0
0.07010000000000001,70.10000000000001,100.0
0.0702,70.2,100.0
0.0703,70.3,100.0
0.0704,70.4,100.0
0.07050000000000001,70.5,100.0
0.07060000000000001,70.60000000000001,100.0
0.0707,70.7,100.0
0.0708,70.8,100.0
0.0709,70.9,100.0
0.07100000000000001,71.00000000000001,100.0
0.0711,71.1,100.0
0.0712,71.2,100.0
0.0713,71.3,100.0
0.0714,71.4,100.0
0.07150000000000001,71.50000000000001,100.0
0.0716,71.6,100.0
0.0717,71.7,100.0
0.0718,71.8,100.0
0.0719,71.9,100.0
0.07200000000000001,72.00000000000001,100.0
0.0721,72.1,100.0
0.0722,72.2,100.0
0.0723,72.3,100.0
0.0724,72.4,100.0
0.07250000000000001,72.50000000000001,100.0
0.0726,72.6,100.0
0.0727,72.7,100.0
0.0728,72.8,100.0
0.0729,72.9,100.0
0.07300000000000001,73.00000000000001,100.0
0.0731,73.1,100.0
0.0732,73.2,100.0
0.0733,73.3,100.0
0.0734,73.4,100.0
0.07350000000000001,73.50000000000001,100.0
0.0736,73.6,100.0
0.0737,73.7,100.0
0.0738,73.80000000000001,100.0
0.07390000000000001,73.9,100.0
0.07400000000000001,74.00000000000001,100.0
0.0741,74.1,100.0
0.0742,74.2,100.0
0.0743,74.30000000000001,100.0
0.07440000000000001,74.4,100.0
0.0745,74.5,100.0
0.0746,74.6,100.0
0.0747,74.7,100.0
0.0748,74.80000000000001,100.0
0.07490000000000001,74.9,100.0
0.075,75.0,100.0
0.0751,75.1,100.0
0.0752,75.2,100.0
0.0753,75.30000000000001,100.0
0.07540000000000001,75.4,100.0
0.0755,75.5,100.0
0.0756,75.6,100.0
0.0757,75.7,100.0
0.0758,75.80000000000001,100.0
0.07590000000000001,75.9,100.0
0.076,76.0,100.0
0.0761,76.1,100.0
0.0762,76.2,100.0
0.0763,76.30000000000001,100.0
0.07640000000000001,76.4,100.0
0.0765,76.5,100.0
0.0766,76.6,100.0
0.0767,76.7,100.0
0.07680000000000001,76.80000000000001,100.0
0.07690000000000001,76.9,100.0
0.077,77.0,100.0
0.0771,77.10000000000001,100.0
0.0772,77.2,100.0
0.07730000000000001,77.30000000000001,100.0
0.07740000000000001,77.4,100.0
0.0775,77.5,100.0
0.0776,77.60000000000001,100.0
0.0777,77.7,100.0
0.07780000000000001,77.80000000000001,100.0
0.0779,77.89999999999999,100.0
0.078,78.0,100.0
0.0781,78.10000000000001,100.0
0.0782,78.2,100.0
0.07830000000000001,78.30000000000001,100.0
0.0784,78.39999999999999,100.0
0.0785,78.5,100.0
0.0786,78.60000000000001,100.0
0.0787,78.7,100.0
0.07880000000000001,78.80000000000001,100.0
0.0789,78.89999999999999,100.0
0.079,79.0,100.0
0.0791,79.10000000000001,100.0
0.0792,79.2,100.0
0.07930000000000001,79.30000000000001,100.0
0.0794,79.39999999999999,100.0
0.0795,79.5,100.0
0.0796,79.60000000000001,100.0
0.07970000000000001,79.7,100.0
0.07980000000000001,79.80000000000001,100.0
0.0799,79.9,100.0
0.08,80.0,100.0
0.0801,80.10000000000001,100.0
0.08020000000000001,80.2,100.0
0.08030000000000001,80.30000000000001,100.0
0.0804,80.4,100.0
0.0805,80.5,100.0
0.0806,80.60000000000001,100.0
0.08070000000000001,80.7,100.0
0.08080000000000001,80.80000000000001,100.0
0.0809,80.9,100.0
0.081,81.0,100.0
0.0811,81.10000000000001,100.0
0.08120000000000001,81.2,100.0
0.0813,81.3,100.0
0.0814,81.4,100.0
0.0815,81.5,100.0
0.0816,81.60000000000001,100.0
0.08170000000000001,81.7,100.0
0.0818,81.8,100.0
0.0819,81.9,100.0
0.082,82.0,100.0
0.0821,82.10000000000001,100.0
0.08220000000000001,82.2,100.0
0.0823,82.3,100.0
0.0824,82.4,100.0
0.0825,82.5,100.0
0.0826,82.60000000000001,100.0
0.08270000000000001,82.7,100.0
0.0828,82.8,100.0
0.0829,82.9,100.0
0.083,83.0,100.0
0.08310000000000001,83.10000000000001,100.0
0.08320000000000001,83.20000000000002,100.0
0.0833,83.3,100.0
0.0834,83.4,100.0
0.0835,83.5,100.0
0.08360000000000001,83.60000000000001,100.0
0.08370000000000001,83.70000000000002,100.0
0.0838,83.8,100.0
0.0839,83.9,100.0
0.084,84.0,100.0
0.08410000000000001,84.10000000000001,100.0
0.08420000000000001,84.20000000000002,100.0
0.0843,84.3,100.0
0.0844,84.4,100.0
0.0845,84.5,100.0
0.08460000000000001,84.60000000000001,100.0
0.0847,84.7,100.0
0.0848,84.8,100.0
0.0849,84.9,100.0
0.085,85.0,100.0
0.08510000000000001,85.10000000000001,100.0
0.0852,85.2,100.0
0.0853,85.3,100.0
0.0854,85.4,100.0
0.0855,85.5,100.0
0.08560000000000001,85.60000000000001,100.0
0.0857,85.7,100.0
0.0858,85.8,100.0
0.0859,85.9,100.0
0.08600000000000001,86.0,100.0
0.08610000000000001,86.10000000000001,100.0
0.0862,86.2,100.0
0.0863,86.3,100.0
0.0864,86.4,100.0
0.08650000000000001,86.50000000000001,100.0
0.08660000000000001,86.60000000000001,100.0
0.0867,86.7,100.0
0.0868,86.8,100.0
0.0869,86.9,100.0
0.08700000000000001,87.00000000000001,100.0
0.08710000000000001,87.10000000000001,100.0
0.0872,87.2,100.0
0.0873,87.3,100.0
0.0874,87.4,100.0
0.08750000000000001,87.50000000000001,100.0
0.0876,87.6,100.0
0.0877,87.7,100.0
0.0878,87.8,100.0
0.0879,87.9,100.0
0.08800000000000001,88.00000000000001,100.0
0.0881,88.1,100.0
0.0882,88.2,100.0
0.0883,88.3,100.0
0.0884,88.4,100.0
0.08850000000000001,88.50000000000001,100.0
0.0886,88.6,100.0
0.0887,88.7,100.0
0.0888,88.8,100.0
0.0889,88.9,100.0
0.08900000000000001,89.00000000000001,100.0
0.0891,89.1,100.0
0.0892,89.2,100.0
0.0893,89.30000000000001,100.0
0.08940000000000001,89.4,100.0
0.08950000000000001,89.50000000000001,100.0
0.0896,89.6,100.0
0.0897,89.7,100.0
0.0898,89.80000000000001,100.0
0.08990000000000001,89.9,100.0
0.09000000000000001,90.00000000000001,100.0
0.0901,90.1,100.0
0.0902,90.2,100.0
0.0903,90.30000000000001,100.0
0.09040000000000001,90.4,100.0
0.09050000000000001,90.50000000000001,100.0
0.0906,90.6,100.0
0.0907,90.7,100.0
0.0908,90.80000000000001,100.0
0.09090000000000001,90.9,100.0
0.091,91.0,100.0
0.0911,91.1,100.0
0.0912,91.2,100.0
0.0913,91.30000000000001,100.0
0.09140000000000001,91.4,100.0
0.0915,91.5,100.0
0.0916,91.6,100.0
0.0917,91.7,100.0
0.0918,91.80000000000001,100.0
0.09190000000000001,91.9,100.0
0.092,92.0,100.0
0.0921,92.1,100.0
0.0922,92.2,100.0
0.09230000000000001,92.30000000000001,100.0
0.09240000000000001,92.4,100.0
0.0925,92.5,100.0
0.0926,92.60000000000001,100.0
0.0927,92.7,100.0
0.09280000000000001,92.80000000000001,100.0
0.09290000000000001,92.9,100.0
0.093,93.0,100.0
0.0931,93.10000000000001,100.0
0.0932,93.2,100.0
0.09330000000000001,93.30000000000001,100.0
0.09340000000000001,93.4,100.0
0.0935,93.5,100.0
0.0936,93.60000000000001,100.0
0.0937,93.7,100.0
0.09380000000000001,93.80000000000001,100.0
0.09390000000000001,93.9,100.0
0.094,94.0,100.0
0.0941,94.10000000000001,100.0
0.0942,94.2,100.0
0.09430000000000001,94.30000000000001,100.0
0.0944,94.39999999999999,100.0
0.0945,94.5,100.0
0.0946,94.60000000000001,100.0
0.0947,94.7,100.0
0.09480000000000001,94.80000000000001,100.0
0.0949,94.89999999999999,100.0
0.095,95.0,100.0
0.0951,95.10000000000001,100.0
0.0952,95.2,100.0
0.09530000000000001,95.30000000000001,100.0
0.0954,95.4,100.0
0.0955,95.5,100.0
0.0956,95.60000000000001,100.0
0.09570000000000001,95.7,100.0
0.09580000000000001,95.80000000000001,100.0
0.0959,95.9,100.0
0.096,96.0,100.0
0.0961,96.10000000000001,100.0
0.09620000000000001,96.2,100.0
0.09630000000000001,96.30000000000001,100.0
0.0964,96.4,100.0
0.0965,96.5,100.0
0.0966,96.60000000000001,100.0
0.09670000000000001,96.7,100.0
0.09680000000000001,96.80000000000001,100.0
0.0969,96.9,100.0
0.097,97.0,100.0
0.0971,97.10000000000001,100.0
0.09720000000000001,97.2,100.0
0.09730000000000001,97.30000000000001,100.0
0.0974,97.4,100.0
0.0975,97.5,100.0
0.0976,97.60000000000001,100.0
0.09770000000000001,97.7,100.0
0.0978,97.8,100.0
0.0979,97.9,100.0
0.098,98.0,100.0
0.0981,98.10000000000001,100.0
0.09820000000000001,98.2,100.0
0.0983,98.3,100.0
0.0984,98.4,100.0
0.0985,98.5,100.0
0.09860000000000001,98.60000000000001,100.0
0.09870000000000001,98.70000000000002,100.0
0.0988,98.8,100.0
0.0989,98.9,100.0
0.099,99.0,100.0
0.09910000000000001,99.10000000000001,100.0
0.09920000000000001,99.20000000000002,100.0
0.0993,99.3,100.0
0.0994,99.4,100.0
0.0995,99.5,100.0
0.09960000000000001,99.60000000000001,100.0
0.09970000000000001,99.70000000000002,100.0
0.0998,99.8,100.0
0.0999,99.9,100.0
0.1,100.0,100.0
0.10010000000000001,100.10000000000001,100.0
0.10020000000000001,100.20000000000002,100.0
0.1003,100.3,100.0
0.1004,100.4,100.0
0.1005,100.5,100.0
0.10060000000000001,100.60000000000001,100.0
0.10070000000000001,100.70000000000002,100.0
0.1008,100.8,100.0
0.1009,100.9,100.0
0.101,101.0,100.0
0.10110000000000001,101.10000000000001,100.0
0.1012,101.2,100.0
0.1013,101.3,100.0
0.1014,101.4,100.0
0.1015,101.5,100.0
0.10160000000000001,101.60000000000001,100.0
0.1017,101.7,100.0
0.1018,101.8,100.0
0.1019,101.9,100.0
0.10200000000000001,102.00000000000001,100.0
0.10210000000000001,102.10000000000001,100.0
0.1022,102.2,100.0
0.1023,102.3,100.0
0.1024,102.4,100.0
0.10250000000000001,102.50000000000001,100.0
0.10260000000000001,102.60000000000001,100.0
0.1027,102.7,100.0
0.1028,102.8,100.0
0.1029,102.9,100.0
0.10300000000000001,103.00000000000001,100.0
0.10310000000000001,103.10000000000001,100.0
0.1032,103.2,100.0
0.1033,103.3,100.0
0.1034,103.4,100.0
0.10350000000000001,103.50000000000001,100.0
0.10360000000000001,103.60000000000001,100.0
0.1037,103.7,100.0
0.1038,103.8,100.0
0.1039,103.9,100.0
0.10400000000000001,104.00000000000001,100.0
0.1041,104.1,100.0
0.1042,104.2,100.0
0.1043,104.3,100.0
0.1044,104.4,100.0
0.10450000000000001,104.50000000000001,100.0
0.1046,104.6,100.0
0.1047,104.7,100.0
0.1048,104.80000000000001,100.0
0.10490000000000001,104.9,100.0
0.10500000000000001,105.00000000000001,100.0
0.1051,105.1,100.0
0.1052,105.2,100.0
0.1053,105.30000000000001,100.0
0.10540000000000001,105.4,100.0
0.10550000000000001,105.50000000000001,100.0
0.1056,105.6,100.0
0.1057,105.7,100.0
0.1058,105.80000000000001,100.0
0.10590000000000001,105.9,100.0
0.10600000000000001,106.00000000000001,100.0
0.1061,106.1,100.0
0.1062,106.2,100.0
0.1063,106.30000000000001,100.0
0.10640000000000001,106.4,100.0
0.10650000000000001,106.50000000000001,100.0
0.1066,106.6,100.0
0.1067,106.7,100.0
0.1068,106.80000000000001,100.0
0.10690000000000001,106.9,100.0
0.10700000000000001,107.00000000000001,100.0
0.1071,107.1,100.0
0.1072,107.2,100.0
0.1073,107.30000000000001,100.0
0.10740000000000001,107.4,100.0
0.1075,107.5,100.0
0.1076,107.6,100.0
0.1077,107.7,100.0
0.1078,107.80000000000001,100.0
0.10790000000000001,107.9,100.0
0.108,108.0,100.0
0.1081,108.10000000000001,100.0
0.1082,108.2,100.0
0.10830000000000001,108.30000000000001,100.0
0.10840000000000001,108.4,100.0
0.1085,108.5,100.0
0.1086,108.60000000000001,100.0
0.1087,108.7,100.0
0.10880000000000001,108.80000000000001,100.0
0.10890000000000001,108.9,100.0
0.109,109.0,100.0
0.1091,109.10000000000001,100.0
0.1092,109.2,100.0
0.10930000000000001,109.30000000000001,100.0
0.10940000000000001,109.4,100.0
0.1095,109.5,100.0
0.1096,109.60000000000001,100.0
0.1097,109.7,100.0
0.10980000000000001,109.80000000000001,100.0
0.10990000000000001,109.9,100.0
0.11,110.0,100.0
0.1101,110.10000000000001,100.0
0.1102,110.2,100.0
0.11030000000000001,110.30000000000001,100.0
0.11040000000000001,110.4,100.0
0.1105,110.5,100.0
0.1106,110.60000000000001,100.0
0.1107,110.7,100.0
0.11080000000000001,110.80000000000001,100.0
0.1109,110.9,100.0
0.111,111.0,100.0
0.1111,111.10000000000001,100.0
0.11120000000000001,111.2,100.0
0.11130000000000001,111.30000000000001,100.0
0.1114,111.4,100.0
0.1115,111.5,100.0
0.1116,111.60000000000001,100.0
0.11170000000000001,111.7,100.0
0.11180000000000001,111.80000000000001,100.0
0.1119,111.9,100.0
0.112,112.0,100.0
0.1121,112.10000000000001,100.0
0.11220000000000001,112.2,100.0
0.11230000000000001,112.30000000000001,100.0
0.1124,112.4,100.0
0.1125,112.5,100.0
0.1126,112.60000000000001,100.0
0.11270000000000001,112.7,100.0
0.11280000000000001,112.80000000000001,100.0
0.1129,112.9,100.0
0.113,113.0,100.0
0.1131,113.10000000000001,100.0
0.11320000000000001,113.2,100.0
0.11330000000000001,113.30000000000001,100.0
0.1134,113.4,100.0
0.1135,113.5,100.0
0.1136,113.60000000000001,100.0
0.11370000000000001,113.7,100.0
0.11380000000000001,113.80000000000001,100.0
0.1139,113.9,100.0
0.114,114.0,100.0
0.11410000000000001,114.10000000000001,100.0
0.11420000000000001,114.2,100.0
0.1143,114.3,100.0
0.1144,114.4,100.0
0.1145,114.5,100.0
0.11460000000000001,114.60000000000001,100.0
0.11470000000000001,114.70000000000002,100.0
0.1148,114.8,100.0
0.1149,114.9,100.0
0.115,115.0,100.0
0.11510000000000001,115.10000000000001,100.0
0.11520000000000001,115.20000000000002,100.0
0.1153,115.3,100.0
0.1154,115.4,100.0
0.1155,115.5,100.0
0.11560000000000001,115.60000000000001,100.0
0.11570000000000001,115.70000000000002,100.0
0.1158,115.8,100.0
0.1159,115.9,100.0
0.116,116.0,100.0
0.11610000000000001,116.10000000000001,100.0
0.11620000000000001,116.20000000000002,100.0
0.1163,116.3,100.0
0.1164,116.4,100.0
0.1165,116.5,100.0
0.11660000000000001,116.60000000000001,100.0
0.11670000000000001,116.70000000000002,100.0
0.1168,116.8,100.0
0.1169,116.9,100.0
0.117,117.0,100.0
0.11710000000000001,117.10000000000001,100.0
0.11720000000000001,117.20000000000002,100.0
0.1173,117.3,100.0
0.1174,117.4,100.0
0.11750000000000001,117.50000000000001,100.0
0.11760000000000001,117.60000000000001,100.0
0.1177,117.7,100.0
0.1178,117.8,100.0
0.1179,117.9,100.0
0.11800000000000001,118.00000000000001,100.0
0.11810000000000001,118.10000000000001,100.0
0.1182,118.2,100.0
0.1183,118.3,100.0
0.1184,118.4,100.0
0.11850000000000001,118.50000000000001,100.0
0.11860000000000001,118.60000000000001,100.0
0.1187,118.7,100.0
0.1188,118.8,100.0
0.1189,118.9,100.0
0.11900000000000001,119.00000000000001,100.0
0.11910000000000001,119.10000000000001,100.0
0.1192,119.2,100.0
0.1193,119.3,100.0
0.1194,119.4,100.0
0.11950000000000001,119.50000000000001,100.0
0.11960000000000001,119.60000000000001,100.0
0.1197,119.7,100.0
0.1198,119.8,100.0
0.1199,119.9,100.0
0.12000000000000001,120.00000000000001,100.0
0.12010000000000001,120.10000000000001,100.0
0.1202,120.2,100.0
0.1203,120.3,100.0
0.12040000000000001,120.4,100.0
0.12050000000000001,120.50000000000001,100.0
0.1206,120.6,100.0
0.1207,120.7,100.0
0.1208,120.80000000000001,100.0
0.12090000000000001,120.9,100.0
0.12100000000000001,121.00000000000001,100.0
0.1211,121.1,100.0
0.1212,121.2,100.0
0.1213,121.30000000000001,100.0
0.12140000000000001,121.4,100.0
0.12150000000000001,121.50000000000001,100.0
0.1216,121.6,100.0
0.1217,121.7,100.0
0.1218,121.80000000000001,100.0
0.12190000000000001,121.9,100.0
0.12200000000000001,122.00000000000001,100.0
0.1221,122.1,100.0
0.1222,122.2,100.0
0.1223,122.30000000000001,100.0
0.12240000000000001,122.4,100.0
0.12250000000000001,122.50000000000001,100.0
0.1226,122.6,100.0
0.1227,122.7,100.0
0.1228,122.80000000000001,100.0
0.12290000000000001,122.9,100.0
0.12300000000000001,123.00000000000001,100.0
0.1231,123.1,100.0
0.1232,123.2,100.0
0.1233,123.30000000000001,100.0
0.12340000000000001,123.4,100.0
0.12350000000000001,123.50000000000001,100.0
0.1236,123.60000000000001,100.0
0.1237,123.7,100.0
0.12380000000000001,123.80000000000001,100.0
0.12390000000000001,123.9,100.0
0.124,124.0,100.0
0.1241,124.10000000000001,100.0
0.1242,124.2,100.0
0.12430000000000001,124.30000000000001,100.0
0.12440000000000001,124.4,100.0
0.1245,124.5,100.0
0.1246,124.60000000000001,100.0
0.1247,124.7,100.0
0.12480000000000001,124.80000000000001,100.0
0.12490000000000001,124.9,100.0
0.125,125.0,100.0
0.12510000000000002,125.10000000000002,100.0
0.1252,125.2,100.0
0.1253,125.3,100.0
0.1254,125.4,100.0
0.1255,125.5,100.0
0.12560000000000002,125.60000000000002,100.0
0.1257,125.7,100.0
0.1258,125.8,100.0
0.1259,125.9,100.0
0.126,126.0,100.0
0.12610000000000002,126.10000000000002,100.0
0.1262,126.2,100.0
0.1263,126.3,100.0
0.1264,126.4,100.0
0.1265,126.5,100.0
0.12660000000000002,126.60000000000002,100.0
0.1267,126.7,100.0
0.1268,126.8,100.0
0.1269,126.9,100.0
0.127,127.0,100.0
0.12710000000000002,127.10000000000002,100.0
0.1272,127.2,100.0
0.1273,127.3,100.0
0.1274,127.40000000000002,100.0
0.1275,127.5,100.0
0.12760000000000002,127.60000000000002,100.0
0.1277,127.7,100.0
0.1278,127.8,100.0
0.1279,127.90000000000002,100.0
0.128,128.0,100.0
0.12810000000000002,128.10000000000002,100.0
0.1282,128.20000000000002,100.0
0.1283,128.3,100.0
0.12840000000000001,128.4,100.0
0.1285,128.5,100.0
0.12860000000000002,128.60000000000002,100.0
0.1287,128.70000000000002,100.0
0.1288,128.8,100.0
0.12890000000000001,128.9,100.0
0.129,129.0,100.0
0.1291,129.1,100.0
0.1292,129.20000000000002,100.0
0.1293,129.3,100.0
0.12940000000000002,129.4,100.0
0.1295,129.5,100.0
0.1296,129.6,100.0
0.1297,129.70000000000002,100.0
0.1298,129.8,100.0
0.12990000000000002,129.9,100.0
0.13,130.0,100.0
0.1301,130.1,100.0
0.1302,130.20000000000002,100.0
0.1303,130.3,100.0
0.13040000000000002,130.4,100.0
0.1305,130.5,100.0
0.1306,130.6,100.0
0.1307,130.70000000000002,100.0
0.1308,130.8,100.0
0.13090000000000002,130.9,100.0
0.131,131.0,100.0
0.1311,131.1,100.0
0.1312,131.20000000000002,100.0
0.1313,131.3,100.0
0.13140000000000002,131.4,100.0
0.1315,131.5,100.0
0.1316,131.6,100.0
0.1317,131.70000000000002,100.0
0.1318,131.8,100.0
0.13190000000000002,131.9,100.0
0.132,132.0,100.0
0.1321,132.1,100.0
0.1322,132.20000000000002,100.0
0.1323,132.3,100.0
0.13240000000000002,132.4,100.0
0.1325,132.5,100.0
0.1326,132.6,100.0
0.1327,132.70000000000002,100.0
0.1328,132.8,100.0
0.13290000000000002,132.9,100.0
0.133,133.0,100.0
0.1331,133.1,100.0
0.1332,133.20000000000002,100.0
0.1333,133.3,100.0
0.13340000000000002,133.4,100.0
0.1335,133.5,100.0
0.1336,133.6,100.0
0.1337,133.70000000000002,100.0
0.1338,133.8,100.0
0.13390000000000002,133.9,100.0
0.134,134.0,100.0
0.1341,134.1,100.0
0.1342,134.20000000000002,100.0
0.1343,134.3,100.0
0.13440000000000002,134.4,100.0
0.1345,134.5,100.0
0.1346,134.6,100.0
0.13470000000000001,134.70000000000002,100.0
0.1348,134.8,100.0
0.13490000000000002,134.90000000000003,100.0
0.135,135.0,100.0
0.1351,135.1,100.0
0.13520000000000001,135.20000000000002,100.0
0.1353,135.3,100.0
0.13540000000000002,135.40000000000003,100.0
0.1355,135.5,100.0
0.1356,135.6,100.0
0.13570000000000002,135.70000000000002,100.0
0.1358,135.8,100.0
0.1359,135.9,100.0
0.136,136.0,100.0
0.1361,136.1,100.0
0.13620000000000002,136.20000000000002,100.0
0.1363,136.3,100.0
0.1364,136.4,100.0
0.1365,136.5,100.0
0.1366,136.6,100.0
0.13670000000000002,136.70000000000002,100.0
0.1368,136.8,100.0
0.1369,136.9,100.0
0.137,137.0,100.0
0.1371,137.1,100.0
0.13720000000000002,137.20000000000002,100.0
0.1373,137.3,100.0
0.1374,137.4,100.0
0.1375,137.5,100.0
0.1376,137.6,100.0
0.13770000000000002,137.70000000000002,100.0
0.1378,137.8,100.0
0.1379,137.9,100.0
0.138,138.0,100.0
0.1381,138.1,100.0
0.13820000000000002,138.20000000000002,100.0
0.1383,138.3,100.0
0.1384,138.4,100.0
0.1385,138.5,100.0
0.1386,138.6,100.0
0.13870000000000002,138.70000000000002,100.0
0.1388,138.8,100.0
0.1389,138.9,100.0
0.139,139.0,100.0
0.1391,139.1,100.0
0.13920000000000002,139.20000000000002,100.0
0.1393,139.3,100.0
0.1394,139.4,100.0
0.1395,139.5,100.0
0.1396,139.6,100.0
0.13970000000000002,139.70000000000002,100.0
0.1398,139.8,100.0
0.1399,139.9,100.0
0.14,140.0,100.0
0.1401,140.1,100.0
0.14020000000000002,140.20000000000002,100.0
0.1403,140.3,100.0
0.1404,140.4,100.0
0.1405,140.5,100.0
0.1406,140.6,100.0
0.14070000000000002,140.70000000000002,100.0
0.1408,140.8,100.0
0.1409,140.9,100.0
0.14100000000000001,141.0,100.0
0.1411,141.1,100.0
0.14120000000000002,141.20000000000002,100.0
0.1413,141.3,100.0
0.1414,141.4,100.0
0.14150000000000001,141.50000000000003,100.0
0.1416,141.6,100.0
0.14170000000000002,141.70000000000002,100.0
0.1418,141.8,100.0
0.1419,141.9,100.0
0.14200000000000002,142.00000000000003,100.0
0.1421,142.1,100.0
0.1422,142.2,100.0
0.1423,142.3,100.0
0.1424,142.4,100.0
0.14250000000000002,142.50000000000003,100.0
0.1426,142.6,100.0
0.1427,142.7,100.0
0.1428,142.8,100.0
0.1429,142.9,100.0
0.14300000000000002,143.00000000000003,100.0
0.1431,143.1,100.0
0.1432,143.2,100.0
0.1433,143.3,100.0
0.1434,143.4,100.0
0.14350000000000002,143.50000000000003,100.0
0.1436,143.6,100.0
0.1437,143.7,100.0
0.1438,143.8,100.0
0.1439,143.9,100.0
0.14400000000000002,144.00000000000003,100.0
0.1441,144.1,100.0
0.1442,144.2,100.0
0.1443,144.3,100.0
0.1444,144.4,100.0
0.14450000000000002,144.50000000000003,100.0
0.1446,144.6,100.0
0.1447,144.7,100.0
0.1448,144.8,100.0
0.1449,144.9,100.0
0.14500000000000002,145.00000000000003,100.0
0.1451,145.1,100.0
0.1452,145.2,100.0
0.1453,145.3,100.0
0.1454,145.4,100.0
0.14550000000000002,145.50000000000003,100.0
0.1456,145.6,100.0
0.1457,145.7,100.0
0.1458,145.8,100.0
0.1459,145.9,100.0
0.14600000000000002,146.00000000000003,100.0
0.1461,146.1,100.0
0.1462,146.2,100.0
0.1463,146.3,100.0
0.1464,146.4,100.0
0.14650000000000002,146.50000000000003,100.0
0.1466,146.6,100.0
0.1467,146.7,100.0
0.1468,146.8,100.0
0.1469,146.9,100.0
0.14700000000000002,147.00000000000003,100.0
0.1471,147.10000000000002,100.0
0.1472,147.2,100.0
0.14730000000000001,147.3,100.0
0.1474,147.4,100.0
0.14750000000000002,147.50000000000003,100.0
0.1476,147.60000000000002,100.0
0.1477,147.7,100.0
0.14780000000000001,147.8,100.0
0.1479,147.9,100.0
0.14800000000000002,148.00000000000003,100.0
0.1481,148.10000000000002,100.0
0.1482,148.2,100.0
0.14830000000000002,148.3,100.0
0.1484,148.4,100.0
0.14850000000000002,148.50000000000003,100.0
0.1486,148.60000000000002,100.0
0.1487,148.7,100.0
0.14880000000000002,148.8,100.0
0.1489,148.9,100.0
0.149,149.0,100.0
0.1491,149.10000000000002,100.0
0.1492,149.2,100.0
0.14930000000000002,149.3,100.0
0.1494,149.4,100.0
0.1495,149.5,100.0
0.1496,149.60000000000002,100.0
0.1497,149.7,100.0
0.14980000000000002,149.8,100.0
0.1499,149.9,100.0
0.15,150.0,100.0
0.1501,150.10000000000002,100.0
0.1502,150.2,100.0
0.15030000000000002,150.3,100.0
0.1504,150.4,100.0
0.1505,150.5,100.0
0.1506,150.60000000000002,100.0
0.1507,150.7,100.0
0.15080000000000002,150.8,100.0
0.1509,150.9,100.0
0.151,151.0,100.0
0.1511,151.10000000000002,100.0
0.1512,151.2,100.0
0.15130000000000002,151.3,100.0
0.1514,151.4,100.0
0.1515,151.5,100.0
0.1516,151.60000000000002,100.0
0.1517,151.7,100.0
0.15180000000000002,151.8,100.0
0.1519,151.9,100.0
0.152,152.0,100.0
0.1521,152.10000000000002,100.0
0.1522,152.2,100.0
0.15230000000000002,152.3,100.0
0.1524,152.4,100.0
0.1525,152.5,100.0
0.1526,152.60000000000002,100.0
0.1527,152.7,100.0
0.15280000000000002,152.8,100.0
0.1529,152.9,100.0
0.153,153.0,100.0
0.1531,153.10000000000002,100.0
0.1532,153.2,100.0
0.15330000000000002,153.3,100.0
0.1534,153.4,100.0
0.1535,153.5,100.0
0.15360000000000001,153.60000000000002,100.0
0.1537,153.70000000000002,100.0
0.15380000000000002,153.8,100.0
0.1539,153.9,100.0
0.154,154.0,100.0
0.15410000000000001,154.10000000000002,100.0
0.1542,154.20000000000002,100.0
0.15430000000000002,154.3,100.0
0.1544,154.4,100.0
0.1545,154.5,100.0
0.15460000000000002,154.60000000000002,100.0
0.1547,154.70000000000002,100.0
0.15480000000000002,154.8,100.0
0.1549,154.9,100.0
0.155,155.0,100.0
0.15510000000000002,155.10000000000002,100.0
0.1552,155.20000000000002,100.0
0.1553,155.29999999999998,100.0
0.1554,155.4,100.0
0.1555,155.5,100.0
0.15560000000000002,155.60000000000002,100.0
0.1557,155.70000000000002,100.0
0.1558,155.79999999999998,100.0
0.1559,155.9,100.0
0.156,156.0,100.0
0.15610000000000002,156.10000000000002,100.0
0.1562,156.20000000000002,100.0
0.1563,156.29999999999998,100.0
0.1564,156.4,100.0
0.1565,156.5,100.0
0.15660000000000002,156.60000000000002,100.0
0.1567,156.70000000000002,100.0
0.1568,156.79999999999998,100.0
0.1569,156.9,100.0
0.157,157.0,100.0
0.15710000000000002,157.10000000000002,100.0
0.1572,157.20000000000002,100.0
0.1573,157.29999999999998,100.0
0.1574,157.4,100.0
0.1575,157.5,100.0
0.15760000000000002,157.60000000000002,100.0
0.1577,157.70000000000002,100.0
0.1578,157.79999999999998,100.0
0.1579,157.9,100.0
0.158,158.0,100.0
0.15810000000000002,158.10000000000002,100.0
0.1582,158.20000000000002,100.0
0.1583,158.29999999999998,100.0
0.1584,158.4,100.0
0.1585,158.5,100.0
0.15860000000000002,158.60000000000002,100.0
0.1587,158.70000000000002,100.0
0.1588,158.79999999999998,100.0
0.1589,158.9,100.0
0.159,159.0,100.0
0.15910000000000002,159.10000000000002,100.0
0.1592,159.20000000000002,100.0
0.1593,159.3,100.0
0.15940000000000001,159.4,100.0
0.1595,159.5,100.0
0.15960000000000002,159.60000000000002,100.0
0.1597,159.70000000000002,100.0
0.1598,159.8,100.0
0.15990000000000001,159.9,100.0
0.16,160.0,100.0
0.16010000000000002,160.10000000000002,100.0
0.1602,160.20000000000002,100.0
0.1603,160.3,100.0
0.16040000000000001,160.4,100.0
0.1605,160.5,100.0
0.16060000000000002,160.60000000000002,100.0
0.1607,160.70000000000002,100.0
0.1608,160.8,100.0
0.16090000000000002,160.9,100.0
0.161,161.0,100.0
0.16110000000000002,161.10000000000002,100.0
0.1612,161.20000000000002,100.0
0.1613,161.3,100.0
0.16140000000000002,161.4,100.0
0.1615,161.5,100.0
0.16160000000000002,161.60000000000002,100.0
0.1617,161.70000000000002,100.0
0.1618,161.8,100.0
0.16190000000000002,161.9,100.0
0.162,162.0,100.0
0.1621,162.1,100.0
0.1622,162.20000000000002,100.0
0.1623,162.3,100.0
0.16240000000000002,162.4,100.0
0.1625,162.5,100.0
0.1626,162.6,100.0
0.1627,162.70000000000002,100.0
0.1628,162.8,100.0
0.16290000000000002,162.9,100.0
0.163,163.0,100.0
0.1631,163.1,100.0
0.1632,163.20000000000002,100.0
0.1633,163.3,100.0
0.16340000000000002,163.4,100.0
0.1635,163.5,100.0
0.1636,163.6,100.0
0.1637,163.70000000000002,100.0
0.1638,163.8,100.0
0.16390000000000002,163.9,100.0
0.164,164.0,100.0
0.1641,164.1,100.0
0.1642,164.20000000000002,100.0
0.1643,164.3,100.0
0.16440000000000002,164.4,100.0
0.1645,164.5,100.0
0.1646,164.6,100.0
0.1647,164.70000000000002,100.0
0.1648,164.8,100.0
0.16490000000000002,164.9,100.0
0.165,165.0,100.0
0.1651,165.1,100.0
0.1652,165.20000000000002,100.0
0.1653,165.3,100.0
0.16540000000000002,165.4,100.0
0.1655,165.5,100.0
0.1656,165.6,100.0
0.16570000000000001,165.70000000000002,100.0
0.1658,165.8,100.0
0.16590000000000002,165.9,100.0
0.166,166.0,100.0
0.1661,166.1,100.0
0.16620000000000001,166.20000000000002,100.0
0.1663,166.3,100.0
0.16640000000000002,166.40000000000003,100.0
0.1665,166.5,100.0
0.1666,166.6,100.0
0.16670000000000001,166.70000000000002,100.0
0.1668,166.8,100.0
0.16690000000000002,166.90000000000003,100.0
0.167,167.0,100.0
0.1671,167.1,100.0
0.16720000000000002,167.20000000000002,100.0
0.1673,167.3,100.0
0.16740000000000002,167.40000000000003,100.0
0.1675,167.5,100.0
0.1676,167.6,100.0
0.16770000000000002,167.70000000000002,100.0
0.1678,167.8,100.0
0.16790000000000002,167.90000000000003,100.0
0.168,168.0,100.0
0.1681,168.1,100.0
0.16820000000000002,168.20000000000002,100.0
0.1683,168.3,100.0
0.16840000000000002,168.40000000000003,100.0
0.1685,168.5,100.0
0.1686,168.6,100.0
0.16870000000000002,168.70000000000002,100.0
0.1688,168.8,100.0
0.1689,168.9,100.0
0.169,169.0,100.0
0.1691,169.1,100.0
0.16920000000000002,169.20000000000002,100.0
0.1693,169.3,100.0
0.1694,169.4,100.0
0.1695,169.5,100.0
0.1696,169.6,100.0
0.16970000000000002,169.70000000000002,100.0
0.1698,169.8,100.0
0.1699,169.9,100.0
0.17,170.0,100.0
0.1701,170.1,100.0
0.17020000000000002,170.20000000000002,100.0
0.1703,170.3,100.0
0.1704,170.4,100.0
0.1705,170.5,100.0
0.1706,170.6,100.0
0.17070000000000002,170.70000000000002,100.0
0.1708,170.8,100.0
0.1709,170.9,100.0
0.171,171.0,100.0
0.1711,171.1,100.0
0.17120000000000002,171.20000000000002,100.0
0.1713,171.3,100.0
0.1714,171.4,100.0
0.1715,171.5,100.0
0.1716,171.6,100.0
0.17170000000000002,171.70000000000002,100.0
0.1718,171.8,100.0
0.1719,171.9,100.0
0.17200000000000001,172.0,100.0
0.1721,172.1,100.0
0.17220000000000002,172.20000000000002,100.0
0.1723,172.3,100.0
0.1724,172.4,100.0
0.17250000000000001,172.50000000000003,100.0
0.1726,172.6,100.0
0.17270000000000002,172.70000000000002,100.0
0.1728,172.8,100.0
0.1729,172.9,100.0
0.17300000000000001,173.00000000000003,100.0
0.1731,173.1,100.0
0.17320000000000002,173.20000000000002,100.0
0.1733,173.3,100.0
0.1734,173.4,100.0
0.17350000000000002,173.50000000000003,100.0
0.1736,173.6,100.0
0.17370000000000002,173.70000000000002,100.0
0.1738,173.8,100.0
0.1739,173.9,100.0
0.17400000000000002,174.00000000000003,100.0
0.1741,174.1,100.0
0.17420000000000002,174.20000000000002,100.0
0.1743,174.3,100.0
0.1744,174.4,100.0
0.17450000000000002,174.50000000000003,100.0
0.1746,174.6,100.0
0.17470000000000002,174.70000000000002,100.0
0.1748,174.8,100.0
0.1749,174.9,100.0
0.17500000000000002,175.00000000000003,100.0
0.1751,175.1,100.0
0.1752,175.2,100.0
0.1753,175.3,100.0
0.1754,175.4,100.0
0.17550000000000002,175.50000000000003,100.0
0.1756,175.6,100.0
0.1757,175.7,100.0
0.1758,175.8,100.0
0.1759,175.9,100.0
0.17600000000000002,176.00000000000003,100.0
0.1761,176.1,100.0
0.1762,176.2,100.0
0.1763,176.3,100.0
0.1764,176.4,100.0
0.17650000000000002,176.50000000000003,100.0
0.1766,176.6,100.0
0.1767,176.7,100.0
0.1768,176.8,100.0
0.1769,176.9,100.0
0.17700000000000002,177.00000000000003,100.0
0.1771,177.1,100.0
0.1772,177.2,100.0
0.1773,177.3,100.0
0.1774,177.4,100.0
0.17750000000000002,177.50000000000003,100.0
0.1776,177.6,100.0
0.1777,177.7,100.0
0.1778,177.8,100.0
0.1779,177.9,100.0
0.17800000000000002,178.00000000000003,100.0
0.1781,178.1,100.0
0.1782,178.2,100.0
0.17830000000000001,178.3,100.0
0.1784,178.4,100.0
0.17850000000000002,178.50000000000003,100.0
0.1786,178.60000000000002,100.0
0.1787,178.7,100.0
0.17880000000000001,178.8,100.0
0.1789,178.9,100.0
0.17900000000000002,179.00000000000003,100.0
0.1791,179.10000000000002,100.0
0.1792,179.2,100.0
0.17930000000000001,179.3,100.0
0.1794,179.4,100.0
0.17950000000000002,179.50000000000003,100.0
0.1796,179.60000000000002,100.0
0.1797,179.7,100.0
0.17980000000000002,179.8,100.0
0.1799,179.9,100.0
0.18000000000000002,180.00000000000003,100.0
0.1801,180.10000000000002,100.0
0.1802,180.2,100.0
0.18030000000000002,180.3,100.0
0.1804,180.4,100.0
0.18050000000000002,180.50000000000003,100.0
0.1806,180.60000000000002,100.0
0.1807,180.7,100.0
0.18080000000000002,180.8,100.0
0.1809,180.9,100.0
0.18100000000000002,181.00000000000003,100.0
0.1811,181.10000000000002,100.0
0.1812,181.2,100.0
0.18130000000000002,181.3,100.0
0.1814,181.4,100.0
0.18150000000000002,181.50000000000003,100.0
0.1816,181.60000000000002,100.0
0.1817,181.7,100.0
0.18180000000000002,181.8,100.0
0.1819,181.9,100.0
0.182,182.0,100.0
0.1821,182.10000000000002,100.0
0.1822,182.2,100.0
0.18230000000000002,182.3,100.0
0.1824,182.4,100.0
0.1825,182.5,100.0
0.1826,182.60000000000002,100.0
0.1827,182.7,100.0
0.18280000000000002,182.8,100.0
0.1829,182.9,100.0
0.183,183.0,100.0
0.1831,183.10000000000002,100.0
0.1832,183.2,100.0
0.18330000000000002,183.3,100.0
0.1834,183.4,100.0
0.1835,183.5,100.0
0.1836,183.60000000000002,100.0
0.1837,183.7,100.0
0.18380000000000002,183.8,100.0
0.1839,183.9,100.0
0.184,184.0,100.0
0.1841,184.10000000000002,100.0
0.1842,184.2,100.0
0.18430000000000002,184.3,100.0
0.1844,184.4,100.0
0.1845,184.5,100.0
0.18460000000000001,184.60000000000002,100.0
0.1847,184.70000000000002,100.0
0.18480000000000002,184.8,100.0
0.1849,184.9,100.0
0.185,185.0,100.0
0.18510000000000001,185.10000000000002,100.0
0.1852,185.20000000000002,100.0
0.18530000000000002,185.3,100.0
0.1854,185.4,100.0
0.1855,185.5,100.0
0.18560000000000001,185.60000000000002,100.0
0.1857,185.70000000000002,100.0
0.18580000000000002,185.8,100.0
0.1859,185.9,100.0
0.186,186.0,100.0
0.18610000000000002,186.10000000000002,100.0
0.1862,186.20000000000002,100.0
0.18630000000000002,186.3,100.0
0.1864,186.4,100.0
0.1865,186.5,100.0
0.18660000000000002,186.60000000000002,100.0
0.1867,186.70000000000002,100.0
0.18680000000000002,186.8,100.0
0.1869,186.9,100.0
0.187,187.0,100.0
0.18710000000000002,187.10000000000002,100.0
0.1872,187.20000000000002,100.0
0.18730000000000002,187.3,100.0
0.1874,187.4,100.0
0.1875,187.5,100.0
0.18760000000000002,187.60000000000002,100.0
0.1877,187.70000000000002,100.0
0.18780000000000002,187.8,100.0
0.1879,187.9,100.0
0.188,188.0,100.0
0.18810000000000002,188.10000000000002,100.0
0.1882,188.20000000000002,100.0
0.1883,188.29999999999998,100.0
0.1884,188.4,100.0
0.1885,188.5,100.0
0.18860000000000002,188.60000000000002,100.0
0.1887,188.70000000000002,100.0
0.1888,188.79999999999998,100.0
0.1889,188.9,100.0
0.189,189.0,100.0
0.18910000000000002,189.10000000000002,100.0
0.1892,189.20000000000002,100.0
0.1893,189.29999999999998,100.0
0.1894,189.4,100.0
0.1895,189.5,100.0
0.18960000000000002,189.60000000000002,100.0
0.1897,189.70000000000002,100.0
0.1898,189.79999999999998,100.0
0.1899,189.9,100.0
0.19,190.0,100.0
0.19010000000000002,190.10000000000002,100.0
0.1902,190.20000000000002,100.0
0.1903,190.29999999999998,100.0
0.1904,190.4,100.0
0.1905,190.5,100.0
0.19060000000000002,190.60000000000002,100.0
0.1907,190.70000000000002,100.0
0.1908,190.8,100.0
0.19090000000000001,190.9,100.0
0.191,191.0,100.0
0.19110000000000002,191.10000000000002,100.0
0.1912,191.20000000000002,100.0
0.1913,191.3,100.0
0.19140000000000001,191.4,100.0
0.1915,191.5,100.0
0.19160000000000002,191.60000000000002,100.0
0.1917,191.70000000000002,100.0
0.1918,191.8,100.0
0.19190000000000002,191.9,100.0
0.192,192.0,100.0
0.19210000000000002,192.10000000000002,100.0
0.1922,192.20000000000002,100.0
0.1923,192.3,100.0
0.19240000000000002,192.4,100.0
0.1925,192.5,100.0
0.19260000000000002,192.60000000000002,100.0
0.1927,192.70000000000002,100.0
0.1928,192.8,100.0
0.19290000000000002,192.9,100.0
0.193,193.0,100.0
0.19310000000000002,193.10000000000002,100.0
0.1932,193.20000000000002,100.0
0.1933,193.3,100.0
0.19340000000000002,193.4,100.0
0.1935,193.5,100.0
0.19360000000000002,193.60000000000002,100.0
0.1937,193.70000000000002,100.0
0.1938,193.8,100.0
0.19390000000000002,193.9,100.0
0.194,194.0,100.0
0.19410000000000002,194.10000000000002,100.0
0.1942,194.20000000000002,100.0
0.1943,194.3,100.0
0.19440000000000002,194.4,100.0
0.1945,194.5,100.0
0.19460000000000002,194.60000000000002,100.0
0.1947,194.70000000000002,100.0
0.1948,194.8,100.0
0.19490000000000002,194.9,100.0
0.195,195.0,100.0
0.1951,195.1,100.0
0.1952,195.20000000000002,100.0
0.1953,195.3,100.0
0.19540000000000002,195.4,100.0
0.1955,195.5,100.0
0.1956,195.6,100.0
0.1957,195.70000000000002,100.0
0.1958,195.8,100.0
0.19590000000000002,195.9,100.0
0.196,196.0,100.0
0.1961,196.1,100.0
0.1962,196.20000000000002,100.0
0.1963,196.3,100.0
0.19640000000000002,196.4,100.0
0.1965,196.5,100.0
0.1966,196.6,100.0
0.1967,196.70000000000002,100.0
0.1968,196.8,100.0
0.19690000000000002,196.9,100.0
0.197,197.0,100.0
0.1971,197.1,100.0
0.19720000000000001,197.20000000000002,100.0
0.1973,197.3,100.0
0.19740000000000002,197.40000000000003,100.0
0.1975,197.5,100.0
0.1976,197.6,100.0
0.19770000000000001,197.70000000000002,100.0
0.1978,197.8,100.0
0.19790000000000002,197.90000000000003,100.0
0.198,198.0,100.0
0.1981,198.1,100.0
0.19820000000000002,198.20000000000002,100.0
0.1983,198.3,100.0
0.19840000000000002,198.40000000000003,100.0
0.1985,198.5,100.0
0.1986,198.6,100.0
0.19870000000000002,198.70000000000002,100.0
0.1988,198.8,100.0
0.19890000000000002,198.90000000000003,100.0
0.199,199.0,100.0
0.1991,199.1,100.0
0.19920000000000002,199.20000000000002,100.0
0.1993,199.3,100.0
0.19940000000000002,199.40000000000003,100.0
0.1995,199.5,100.0
0.1996,199.6,100.0
0.19970000000000002,199.70000000000002,100.0
0.1998,199.8,100.0
0.19990000000000002,199.90000000000003,100.0
0.2,200.0,100.0
0.2001,200.1,100.0
0.20020000000000002,200.20000000000002,100.0
0.2003,200.3,100.0
0.20040000000000002,200.40000000000003,100.0
0.2005,200.5,100.0
0.2006,200.6,100.0
0.20070000000000002,200.70000000000002,100.0
0.2008,200.8,100.0
0.20090000000000002,200.90000000000003,100.0
0.201,201.0,100.0
0.2011,201.1,100.0
0.20120000000000002,201.20000000000002,100.0
0.2013,201.3,100.0
0.20140000000000002,201.40000000000003,100.0
0.2015,201.5,100.0
0.2016,201.6,100.0
0.20170000000000002,201.70000000000002,100.0
0.2018,201.8,100.0
0.2019,201.9,100.0
0.202,202.0,100.0
0.2021,202.1,100.0
0.20220000000000002,202.20000000000002,100.0
0.2023,202.3,100.0
0.2024,202.4,100.0
0.2025,202.5,100.0
0.2026,202.6,100.0
0.20270000000000002,202.70000000000002,100.0
0.2028,202.8,100.0
0.2029,202.9,100.0
0.203,203.0,100.0
0.2031,203.1,100.0
0.20320000000000002,203.20000000000002,100.0
0.2033,203.3,100.0
0.2034,203.4,100.0
0.20350000000000001,203.5,100.0
0.2036,203.6,100.0
0.20370000000000002,203.70000000000002,100.0
0.2038,203.8,100.0
0.2039,203.9,100.0
0.20400000000000001,204.00000000000003,100.0
0.2041,204.1,100.0
0.20420000000000002,204.20000000000002,100.0
0.2043,204.3,100.0
0.2044,204.4,100.0
0.20450000000000002,204.50000000000003,100.0
0.2046,204.6,100.0
0.20470000000000002,204.70000000000002,100.0
0.2048,204.8,100.0
0.2049,204.9,100.0
0.20500000000000002,205.00000000000003,100.0
0.2051,205.1,100.0
0.20520000000000002,205.20000000000002,100.0
0.2053,205.3,100.0
0.2054,205.4,100.0
0.20550000000000002,205.50000000000003,100.0
0.2056,205.6,100.0
0.20570000000000002,205.70000000000002,100.0
0.2058,205.8,100.0
0.2059,205.9,100.0
0.20600000000000002,206.00000000000003,100.0
0.2061,206.1,100.0
0.20620000000000002,206.20000000000002,100.0
0.2063,206.3,100.0
0.2064,206.4,100.0
0.20650000000000002,206.50000000000003,100.0
0.2066,206.6,100.0
0.20670000000000002,206.70000000000002,100.0
0.2068,206.8,100.0
0.2069,206.9,100.0
0.20700000000000002,207.00000000000003,100.0
0.2071,207.1,100.0
0.20720000000000002,207.20000000000002,100.0
0.2073,207.3,100.0
0.2074,207.4,100.0
0.20750000000000002,207.50000000000003,100.0
0.2076,207.6,100.0
0.20770000000000002,207.70000000000002,100.0
0.2078,207.8,100.0
0.2079,207.9,100.0
0.20800000000000002,208.00000000000003,100.0
0.2081,208.1,100.0
0.2082,208.2,100.0
0.2083,208.3,100.0
0.2084,208.4,100.0
0.20850000000000002,208.50000000000003,100.0
0.2086,208.6,100.0
0.2087,208.7,100.0
0.2088,208.8,100.0
0.2089,208.9,100.0
0.20900000000000002,209.00000000000003,100.0
0.2091,209.1,100.0
0.2092,209.2,100.0
0.2093,209.3,100.0
0.2094,209.4,100.0
0.20950000000000002,209.50000000000003,100.0
0.2096,209.60000000000002,100.0
0.2097,209.7,100.0
0.20980000000000001,209.8,100.0
0.2099,209.9,100.0
0.21000000000000002,210.00000000000003,100.0
0.2101,210.10000000000002,100.0
0.2102,210.2,100.0
0.21030000000000001,210.3,100.0
0.2104,210.4,100.0
0.21050000000000002,210.50000000000003,100.0
0.2106,210.60000000000002,100.0
0.2107,210.7,100.0
0.21080000000000002,210.8,100.0
0.2109,210.9,100.0
0.21100000000000002,211.00000000000003,100.0
0.2111,211.10000000000002,100.0
0.2112,211.2,100.0
0.21130000000000002,211.3,100.0
0.2114,211.4,100.0
0.21150000000000002,211.50000000000003,100.0
0.2116,211.60000000000002,100.0
0.2117,211.7,100.0
0.21180000000000002,211.8,100.0
0.2119,211.9,100.0
0.21200000000000002,212.00000000000003,100.0
0.2121,212.10000000000002,100.0
0.2122,212.2,100.0
0.21230000000000002,212.3,100.0
0.2124,212.4,100.0
0.21250000000000002,212.50000000000003,100.0
0.2126,212.60000000000002,100.0
0.2127,212.7,100.0
0.21280000000000002,212.8,100.0
0.2129,212.9,100.0
0.21300000000000002,213.00000000000003,100.0
0.2131,213.10000000000002,100.0
0.2132,213.2,100.0
0.21330000000000002,213.3,100.0
0.2134,213.4,100.0
0.21350000000000002,213.50000000000003,100.0
0.2136,213.60000000000002,100.0
0.2137,213.7,100.0
0.21380000000000002,213.8,100.0
0.2139,213.9,100.0
0.21400000000000002,214.00000000000003,100.0
0.2141,214.10000000000002,100.0
0.2142,214.2,100.0
0.21430000000000002,214.3,100.0
0.2144,214.4,100.0
0.21450000000000002,214.50000000000003,100.0
0.2146,214.60000000000002,100.0
0.2147,214.7,100.0
0.21480000000000002,214.8,100.0
0.2149,214.9,100.0
0.215,215.0,100.0
0.2151,215.10000000000002,100.0
0.2152,215.2,100.0
0.21530000000000002,215.3,100.0
0.2154,215.4,100.0
0.2155,215.5,100.0
0.2156,215.60000000000002,100.0
0.2157,215.7,100.0
0.21580000000000002,215.8,100.0
0.2159,215.9,100.0
0.216,216.0,100.0
0.21610000000000001,216.10000000000002,100.0
0.2162,216.20000000000002,100.0
0.21630000000000002,216.3,100.0
0.2164,216.4,100.0
0.2165,216.5,100.0
0.21660000000000001,216.60000000000002,100.0
0.2167,216.70000000000002,100.0
0.21680000000000002,216.8,100.0
0.2169,216.9,100.0
0.217,217.0,100.0
0.21710000000000002,217.10000000000002,100.0
0.2172,217.20000000000002,100.0
0.21730000000000002,217.3,100.0
0.2174,217.4,100.0
0.2175,217.5,100.0
0.21760000000000002,217.60000000000002,100.0
0.2177,217.70000000000002,100.0
0.21780000000000002,217.8,100.0
0.2179,217.9,100.0
0.218,218.0,100.0
0.21810000000000002,218.10000000000002,100.0
0.2182,218.20000000000002,100.0
0.21830000000000002,218.3,100.0
0.2184,218.4,100.0
0.2185,218.5,100.0
0.21860000000000002,218.60000000000002,100.0
0.2187,218.70000000000002,100.0
0.21880000000000002,218.8,100.0
0.2189,218.9,100.0
0.219,219.0,100.0
0.21910000000000002,219.10000000000002,100.0
0.2192,219.20000000000002,100.0
0.21930000000000002,219.3,100.0
0.2194,219.4,100.0
0.2195,219.5,100.0
0.21960000000000002,219.60000000000002,100.0
0.2197,219.70000000000002,100.0
0.21980000000000002,219.8,100.0
0.2199,219.9,100.0
0.22,220.0,100.0
0.22010000000000002,220.10000000000002,100.0
0.2202,220.20000000000002,100.0
0.22030000000000002,220.3,100.0
0.2204,220.4,100.0
0.2205,220.5,100.0
0.22060000000000002,220.60000000000002,100.0
0.2207,220.70000000000002,100.0
0.22080000000000002,220.8,100.0
0.2209,220.9,100.0
0.221,221.0,100.0
0.22110000000000002,221.10000000000002,100.0
0.2212,221.20000000000002,100.0
0.22130000000000002,221.3,100.0
0.2214,221.4,100.0
0.2215,221.5,100.0
0.22160000000000002,221.60000000000002,100.0
0.2217,221.70000000000002,100.0
0.2218,221.8,100.0
0.22190000000000001,221.9,100.0
0.222,222.0,100.0
0.22210000000000002,222.10000000000002,100.0
0.2222,222.20000000000002,100.0
0.2223,222.3,100.0
0.22240000000000001,222.4,100.0
0.2225,222.5,100.0
0.22260000000000002,222.60000000000002,100.0
0.2227,222.70000000000002,100.0
0.2228,222.8,100.0
0.22290000000000001,222.9,100.0
0.223,223.0,100.0
0.22310000000000002,223.10000000000002,100.0
0.2232,223.20000000000002,100.0
0.2233,223.3,100.0
0.22340000000000002,223.4,100.0
0.2235,223.5,100.0
0.22360000000000002,223.60000000000002,100.0
0.2237,223.70000000000002,100.0
0.2238,223.8,100.0
0.22390000000000002,223.9,100.0
0.224,224.0,100.0
0.22410000000000002,224.10000000000002,100.0
0.2242,224.20000000000002,100.0
0.2243,224.3,100.0
0.22440000000000002,224.4,100.0
0.2245,224.5,100.0
0.22460000000000002,224.60000000000002,100.0
0.2247,224.70000000000002,100.0
0.2248,224.8,100.0
0.22490000000000002,224.9,100.0
0.225,225.0,100.0
0.22510000000000002,225.10000000000002,100.0
0.2252,225.20000000000002,100.0
0.2253,225.3,100.0
0.22540000000000002,225.4,100.0
0.2255,225.5,100.0
0.22560000000000002,225.60000000000002,100.0
0.2257,225.70000000000002,100.0
0.2258,225.8,100.0
0.22590000000000002,225.9,100.0
0.226,226.0,100.0
0.22610000000000002,226.10000000000002,100.0
0.2262,226.20000000000002,100.0
0.2263,226.3,100.0
0.22640000000000002,226.4,100.0
0.2265,226.5,100.0
0.22660000000000002,226.60000000000002,100.0
0.2267,226.70000000000002,100.0
0.2268,226.8,100.0
0.22690000000000002,226.9,100.0
0.227,227.0,100.0
0.22710000000000002,227.10000000000002,100.0
0.2272,227.20000000000002,100.0
0.2273,227.3,100.0
0.22740000000000002,227.4,100.0
0.2275,227.5,100.0
0.22760000000000002,227.60000000000002,100.0
0.2277,227.70000000000002,100.0
0.2278,227.8,100.0
0.22790000000000002,227.9,100.0
0.228,228.0,100.0
0.2281,228.1,100.0
0.22820000000000001,228.20000000000002,100.0
0.2283,228.3,100.0
0.22840000000000002,228.4,100.0
0.2285,228.5,100.0
0.2286,228.6,100.0
0.22870000000000001,228.70000000000002,100.0
0.2288,228.8,100.0
0.22890000000000002,228.90000000000003,100.0
0.229,229.0,100.0
0.2291,229.1,100.0
0.22920000000000001,229.20000000000002,100.0
0.2293,229.3,100.0
0.22940000000000002,229.40000000000003,100.0
0.2295,229.5,100.0
0.2296,229.6,100.0
0.22970000000000002,229.70000000000002,100.0
0.2298,229.8,100.0
0.22990000000000002,229.90000000000003,100.0
0.23,230.0,100.0
0.2301,230.1,100.0
0.23020000000000002,230.20000000000002,100.0
0.2303,230.3,100.0
0.23040000000000002,230.40000000000003,100.0
0.2305,230.5,100.0
0.2306,230.6,100.0
0.23070000000000002,230.70000000000002,100.0
0.2308,230.8,100.0
0.23090000000000002,230.90000000000003,100.0
0.231,231.0,100.0
0.2311,231.1,100.0
0.23120000000000002,231.20000000000002,100.0
0.2313,231.3,100.0
0.23140000000000002,231.40000000000003,100.0
0.2315,231.5,100.0
0.2316,231.6,100.0
0.23170000000000002,231.70000000000002,100.0
0.2318,231.8,100.0
0.23190000000000002,231.90000000000003,100.0
0.232,232.0,100.0
0.2321,232.1,100.0
0.23220000000000002,232.20000000000002,100.0
0.2323,232.3,100.0
0.23240000000000002,232.40000000000003,100.0
0.2325,232.5,100.0
0.2326,232.6,100.0
0.23270000000000002,232.70000000000002,100.0
0.2328,232.8,100.0
0.23290000000000002,232.90000000000003,100.0
0.233,233.0,100.0
0.2331,233.1,100.0
0.23320000000000002,233.20000000000002,100.0
0.2333,233.3,100.0
0.23340000000000002,233.40000000000003,100.0
0.2335,233.5,100.0
0.2336,233.6,100.0
0.23370000000000002,233.70000000000002,100.0
0.2338,233.8,100.0
0.23390000000000002,233.90000000000003,100.0
0.234,234.0,100.0
0.2341,234.1,100.0
0.23420000000000002,234.20000000000002,100.0
0.2343,234.3,100.0
0.23440000000000003,234.40000000000003,100.0
0.23450000000000001,234.5,100.0
0.2346,234.6,100.0
0.23470000000000002,234.70000000000002,100.0
0.2348,234.8,100.0
0.2349,234.9,100.0
0.23500000000000001,235.00000000000003,100.0
0.2351,235.1,100.0
0.23520000000000002,235.20000000000002,100.0
0.2353,235.3,100.0
0.2354,235.4,100.0
0.23550000000000001,235.50000000000003,100.0
0.2356,235.6,100.0
0.23570000000000002,235.70000000000002,100.0
0.2358,235.8,100.0
0.2359,235.9,100.0
0.23600000000000002,236.00000000000003,100.0
0.2361,236.1,100.0
0.23620000000000002,236.20000000000002,100.0
0.2363,236.3,100.0
0.2364,236.4,100.0
0.23650000000000002,236.50000000000003,100.0
0.2366,236.6,100.0
0.23670000000000002,236.70000000000002,100.0
0.2368,236.8,100.0
0.2369,236.9,100.0
0.23700000000000002,237.00000000000003,100.0
0.2371,237.1,100.0
0.23720000000000002,237.20000000000002,100.0
0.2373,237.3,100.0
0.2374,237.4,100.0
0.23750000000000002,237.50000000000003,100.0
0.2376,237.6,100.0
0.23770000000000002,237.70000000000002,100.0
0.2378,237.8,100.0
0.2379,237.9,100.0
0.23800000000000002,238.00000000000003,100.0
0.2381,238.1,100.0
0.23820000000000002,238.20000000000002,100.0
0.2383,238.3,100.0
0.2384,238.4,100.0
0.23850000000000002,238.50000000000003,100.0
0.2386,238.6,100.0
0.23870000000000002,238.70000000000002,100.0
0.2388,238.8,100.0
0.2389,238.9,100.0
0.23900000000000002,239.00000000000003,100.0
0.2391,239.1,100.0
0.23920000000000002,239.20000000000002,100.0
0.2393,239.3,100.0
0.2394,239.4,100.0
0.23950000000000002,239.50000000000003,100.0
0.2396,239.6,100.0
0.23970000000000002,239.70000000000002,100.0
0.2398,239.8,100.0
0.2399,239.9,100.0
0.24000000000000002,240.00000000000003,100.0
0.2401,240.1,100.0
0.24020000000000002,240.20000000000002,100.0
0.2403,240.3,100.0
0.2404,240.4,100.0
0.24050000000000002,240.50000000000003,100.0
0.2406,240.6,100.0
0.24070000000000003,240.70000000000002,100.0
0.24080000000000001,240.8,100.0
0.2409,240.9,100.0
0.24100000000000002,241.00000000000003,100.0
0.2411,241.10000000000002,100.0
0.2412,241.2,100.0
0.24130000000000001,241.3,100.0
0.2414,241.4,100.0
0.24150000000000002,241.50000000000003,100.0
0.2416,241.60000000000002,100.0
0.2417,241.7,100.0
0.24180000000000001,241.8,100.0
0.2419,241.9,100.0
0.24200000000000002,242.00000000000003,100.0
0.2421,242.10000000000002,100.0
0.2422,242.2,100.0
0.24230000000000002,242.3,100.0
0.2424,242.4,100.0
0.24250000000000002,242.50000000000003,100.0
0.2426,242.60000000000002,100.0
0.2427,242.7,100.0
0.24280000000000002,242.8,100.0
0.2429,242.9,100.0
0.24300000000000002,243.00000000000003,100.0
0.2431,243.10000000000002,100.0
0.2432,243.2,100.0
0.24330000000000002,243.3,100.0
0.2434,243.4,100.0
0.24350000000000002,243.50000000000003,100.0
0.2436,243.60000000000002,100.0
0.2437,243.7,100.0
0.24380000000000002,243.8,100.0
0.2439,243.9,100.0
0.24400000000000002,244.00000000000003,100.0
0.2441,244.10000000000002,100.0
0.2442,244.2,100.0
0.24430000000000002,244.3,100.0
0.2444,244.4,100.0
0.24450000000000002,244.50000000000003,100.0
0.2446,244.60000000000002,100.0
0.2447,244.7,100.0
0.24480000000000002,244.8,100.0
0.2449,244.9,100.0
0.24500000000000002,245.00000000000003,100.0
0.2451,245.10000000000002,100.0
0.2452,245.2,100.0
0.24530000000000002,245.3,100.0
0.2454,245.4,100.0
0.24550000000000002,245.50000000000003,100.0
0.2456,245.60000000000002,100.0
0.2457,245.7,100.0
0.24580000000000002,245.8,100.0
0.2459,245.9,100.0
0.24600000000000002,246.00000000000003,100.0
0.2461,246.10000000000002,100.0
0.2462,246.2,100.0
0.24630000000000002,246.3,100.0
0.2464,246.4,100.0
0.24650000000000002,246.50000000000003,100.0
0.2466,246.60000000000002,100.0
0.2467,246.7,100.0
0.24680000000000002,246.8,100.0
0.2469,246.9,100.0
0.24700000000000003,247.00000000000003,100.0
0.24710000000000001,247.10000000000002,100.0
0.2472,247.20000000000002,100.0
0.24730000000000002,247.3,100.0
0.2474,247.4,100.0
0.24750000000000003,247.50000000000003,100.0
0.24760000000000001,247.60000000000002,100.0
0.2477,247.70000000000002,100.0
0.24780000000000002,247.8,100.0
0.2479,247.9,100.0
0.248,248.0,100.0
0.24810000000000001,248.10000000000002,100.0
0.2482,248.20000000000002,100.0
0.24830000000000002,248.3,100.0
0.2484,248.4,100.0
0.2485,248.5,100.0
0.24860000000000002,248.60000000000002,100.0
0.2487,248.70000000000002,100.0
0.24880000000000002,248.8,100.0
0.2489,248.9,100.0
0.249,249.0,100.0
0.24910000000000002,249.10000000000002,100.0
0.2492,249.20000000000002,100.0
0.24930000000000002,249.3,100.0
0.2494,249.4,100.0
0.2495,249.5,100.0
0.24960000000000002,249.60000000000002,100.0
0.2497,249.70000000000002,100.0
0.24980000000000002,249.8,100.0
0.2499,249.9,100.0
0.25,250.0,100.0
0.2501,250.1,100.0
0.25020000000000003,250.20000000000005,100.0
0.2503,250.3,100.0
0.2504,250.4,100.0
0.2505,250.5,100.0
0.2506,250.6,100.0
0.25070000000000003,250.70000000000005,100.0
0.2508,250.8,100.0
0.2509,250.9,100.0
0.251,251.0,100.0
0.2511,251.1,100.0
0.25120000000000003,251.20000000000005,100.0
0.2513,251.3,100.0
0.2514,251.4,100.0
0.2515,251.5,100.0
0.2516,251.6,100.0
0.25170000000000003,251.70000000000005,100.0
0.2518,251.8,100.0
0.2519,251.9,100.0
0.252,252.0,100.0
0.2521,252.1,100.0
0.25220000000000004,252.20000000000005,100.0
0.2523,252.3,100.0
0.2524,252.4,100.0
0.2525,252.5,100.0
0.2526,252.6,100.0
0.25270000000000004,252.70000000000005,100.0
0.2528,252.8,100.0
0.2529,252.9,100.0
0.253,253.0,100.0
0.2531,253.1,100.0
0.25320000000000004,253.20000000000005,100.0
0.2533,253.3,100.0
0.2534,253.4,100.0
0.2535,253.5,100.0
0.2536,253.6,100.0
0.25370000000000004,253.70000000000005,100.0
0.2538,253.8,100.0
0.2539,253.9,100.0
0.254,254.0,100.0
0.2541,254.1,100.0
0.25420000000000004,254.20000000000005,100.0
0.2543,254.30000000000004,100.0
0.2544,254.4,100.0
0.2545,254.5,100.0
0.2546,254.6,100.0
0.25470000000000004,254.70000000000005,100.0
0.2548,254.80000000000004,100.0
0.2549,254.9,100.0
0.255,255.0,100.0
0.2551,255.1,100.0
0.25520000000000004,255.20000000000005,100.0
0.2553,255.30000000000004,100.0
0.2554,255.4,100.0
0.2555,255.5,100.0
0.2556,255.6,100.0
0.25570000000000004,255.70000000000005,100.0
0.2558,255.80000000000004,100.0
0.2559,255.9,100.0
0.256,256.0,100.0
0.2561,256.1,100.0
0.25620000000000004,256.20000000000005,100.0
0.25630000000000003,256.3,100.0
0.2564,256.40000000000003,100.0
0.2565,256.5,100.0
0.2566,256.6,100.0
0.25670000000000004,256.70000000000005,100.0
0.25680000000000003,256.8,100.0
0.2569,256.90000000000003,100.0
0.257,257.0,100.0
0.2571,257.1,100.0
0.25720000000000004,257.20000000000005,100.0
0.25730000000000003,257.3,100.0
0.2574,257.40000000000003,100.0
0.2575,257.5,100.0
0.2576,257.6,100.0
0.2577,257.7,100.0
0.25780000000000003,257.8,100.0
0.2579,257.90000000000003,100.0
0.258,258.0,100.0
0.2581,258.1,100.0
0.2582,258.2,100.0
0.25830000000000003,258.3,100.0
0.2584,258.40000000000003,100.0
0.2585,258.5,100.0
0.2586,258.6,100.0
0.2587,258.7,100.0
0.25880000000000003,258.8,100.0
0.2589,258.90000000000003,100.0
0.259,259.0,100.0
0.2591,259.1,100.0
0.2592,259.2,100.0
0.25930000000000003,259.3,100.0
0.2594,259.40000000000003,100.0
0.2595,259.5,100.0
0.2596,259.6,100.0
0.2597,259.7,100.0
0.25980000000000003,259.8,100.0
0.2599,259.90000000000003,100.0
0.26,260.0,100.0
0.2601,260.1,100.0
0.2602,260.2,100.0
0.26030000000000003,260.3,100.0
0.2604,260.40000000000003,100.0
0.2605,260.5,100.0
0.2606,260.6,100.0
0.2607,260.7,100.0
0.26080000000000003,260.8,100.0
0.2609,260.90000000000003,100.0
0.261,261.0,100.0
0.2611,261.1,100.0
0.2612,261.2,100.0
0.26130000000000003,261.3,100.0
0.2614,261.40000000000003,100.0
0.2615,261.5,100.0
0.2616,261.6,100.0
0.2617,261.7,100.0
0.26180000000000003,261.8,100.0
0.2619,261.90000000000003,100.0
0.262,262.0,100.0
0.2621,262.1,100.0
0.2622,262.2,100.0
0.26230000000000003,262.3,100.0
0.2624,262.40000000000003,100.0
0.2625,262.5,100.0
0.2626,262.6,100.0
0.2627,262.7,100.0
0.26280000000000003,262.8,100.0
0.2629,262.90000000000003,100.0
0.263,263.0,100.0
0.2631,263.1,100.0
0.2632,263.2,100.0
0.26330000000000003,263.3,100.0
0.2634,263.40000000000003,100.0
0.2635,263.5,100.0
0.2636,263.6,100.0
0.2637,263.7,100.0
0.26380000000000003,263.8,100.0
0.2639,263.90000000000003,100.0
0.264,264.0,100.0
0.2641,264.1,100.0
0.2642,264.2,100.0
0.26430000000000003,264.3,100.0
0.2644,264.40000000000003,100.0
0.2645,264.5,100.0
0.2646,264.6,100.0
0.2647,264.7,100.0
0.26480000000000004,264.8,100.0
0.2649,264.90000000000003,100.0
0.265,265.0,100.0
0.2651,265.1,100.0
0.2652,265.2,100.0
0.26530000000000004,265.3,100.0
0.2654,265.40000000000003,100.0
0.2655,265.5,100.0
0.2656,265.6,100.0
0.2657,265.7,100.0
0.26580000000000004,265.8,100.0
0.2659,265.90000000000003,100.0
0.266,266.0,100.0
0.2661,266.1,100.0
0.2662,266.2,100.0
0.26630000000000004,266.3,100.0
0.2664,266.40000000000003,100.0
0.2665,266.5,100.0
0.2666,266.6,100.0
0.2667,266.7,100.0
0.26680000000000004,266.8,100.0
0.2669,266.90000000000003,100.0
0.267,267.0,100.0
0.2671,267.1,100.0
0.2672,267.2,100.0
0.26730000000000004,267.3,100.0
0.2674,267.40000000000003,100.0
0.2675,267.5,100.0
0.2676,267.6,100.0
0.2677,267.7,100.0
0.26780000000000004,267.8,100.0
0.2679,267.90000000000003,100.0
0.268,268.0,100.0
0.2681,268.1,100.0
0.2682,268.2,100.0
0.26830000000000004,268.3,100.0
0.2684,268.40000000000003,100.0
0.2685,268.5,100.0
0.2686,268.6,100.0
0.2687,268.7,100.0
0.26880000000000004,268.8,100.0
0.26890000000000003,268.90000000000003,100.0
0.269,269.0,100.0
0.2691,269.1,100.0
0.2692,269.2,100.0
0.26930000000000004,269.3,100.0
0.26940000000000003,269.40000000000003,100.0
0.2695,269.5,100.0
0.2696,269.6,100.0
0.2697,269.7,100.0
0.26980000000000004,269.80000000000007,100.0
0.26990000000000003,269.90000000000003,100.0
0.27,270.0,100.0
0.2701,270.1,100.0
0.2702,270.2,100.0
0.27030000000000004,270.30000000000007,100.0
0.27040000000000003,270.40000000000003,100.0
0.2705,270.5,100.0
0.2706,270.6,100.0
0.2707,270.7,100.0
0.27080000000000004,270.80000000000007,100.0
0.27090000000000003,270.90000000000003,100.0
0.271,271.0,100.0
0.2711,271.1,100.0
0.2712,271.2,100.0
0.2713,271.3,100.0
0.27140000000000003,271.40000000000003,100.0
0.2715,271.5,100.0
0.2716,271.6,100.0
0.2717,271.7,100.0
0.2718,271.8,100.0
0.27190000000000003,271.90000000000003,100.0
0.272,272.0,100.0
0.2721,272.1,100.0
0.2722,272.2,100.0
0.2723,272.3,100.0
0.27240000000000003,272.40000000000003,100.0
0.2725,272.5,100.0
0.2726,272.6,100.0
0.2727,272.7,100.0
0.2728,272.8,100.0
0.27290000000000003,272.90000000000003,100.0
0.273,273.0,100.0
0.2731,273.1,100.0
0.2732,273.2,100.0
0.2733,273.3,100.0
0.27340000000000003,273.40000000000003,100.0
0.2735,273.5,100.0
0.2736,273.6,100.0
0.2737,273.7,100.0
0.2738,273.8,100.0
0.27390000000000003,273.90000000000003,100.0
0.274,274.0,100.0
0.2741,274.1,100.0
0.2742,274.2,100.0
0.2743,274.3,100.0
0.27440000000000003,274.40000000000003,100.0
0.2745,274.5,100.0
0.2746,274.6,100.0
0.2747,274.7,100.0
0.2748,274.8,100.0
0.27490000000000003,274.90000000000003,100.0
0.275,275.0,100.0
0.2751,275.1,100.0
0.2752,275.2,100.0
0.2753,275.3,100.0
0.27540000000000003,275.40000000000003,100.0
0.2755,275.5,100.0
0.2756,275.6,100.0
0.2757,275.7,100.0
0.2758,275.8,100.0
0.27590000000000003,275.90000000000003,100.0
0.276,276.0,100.0
0.2761,276.1,100.0
0.2762,276.2,100.0
0.2763,276.3,100.0
0.27640000000000003,276.40000000000003,100.0
0.2765,276.5,100.0
0.2766,276.6,100.0
0.2767,276.7,100.0
0.2768,276.8,100.0
0.27690000000000003,276.90000000000003,100.0
0.277,277.0,100.0
0.2771,277.1,100.0
0.2772,277.2,100.0
0.2773,277.3,100.0
0.27740000000000004,277.40000000000003,100.0
0.2775,277.5,100.0
0.2776,277.6,100.0
0.2777,277.7,100.0
0.2778,277.8,100.0
0.27790000000000004,277.90000000000003,100.0
0.278,278.0,100.0
0.2781,278.1,100.0
0.2782,278.2,100.0
0.2783,278.3,100.0
0.27840000000000004,278.40000000000003,100.0
0.2785,278.5,100.0
0.2786,278.6,100.0
0.2787,278.7,100.0
0.2788,278.8,100.0
0.27890000000000004,278.90000000000003,100.0
0.279,279.0,100.0
0.2791,279.1,100.0
0.2792,279.2,100.0
0.2793,279.3,100.0
0.27940000000000004,279.40000000000003,100.0
0.2795,279.5,100.0
0.2796,279.6,100.0
0.2797,279.7,100.0
0.2798,279.8,100.0
0.27990000000000004,279.90000000000003,100.0
0.28,280.0,100.0
0.2801,280.1,100.0
0.2802,280.2,100.0
0.2803,280.3,100.0
0.28040000000000004,280.40000000000003,100.0
0.2805,280.5,100.0
0.2806,280.6,100.0
0.2807,280.7,100.0
0.2808,280.8,100.0
0.28090000000000004,280.90000000000003,100.0
0.281,281.0,100.0
0.2811,281.1,100.0
0.2812,281.2,100.0
0.2813,281.3,100.0
0.28140000000000004,281.40000000000003,100.0
0.28150000000000003,281.5,100.0
0.2816,281.6,100.0
0.2817,281.7,100.0
0.2818,281.8,100.0
0.28190000000000004,281.90000000000003,100.0
0.28200000000000003,282.0,100.0
0.2821,282.1,100.0
0.2822,282.2,100.0
0.2823,282.3,100.0
0.28240000000000004,282.40000000000003,100.0
0.28250000000000003,282.50000000000006,100.0
0.2826,282.6,100.0
0.2827,282.7,100.0
0.2828,282.8,100.0
0.28290000000000004,282.90000000000003,100.0
0.28300000000000003,283.00000000000006,100.0
0.2831,283.1,100.0
0.2832,283.2,100.0
0.2833,283.3,100.0
0.28340000000000004,283.40000000000003,100.0
0.28350000000000003,283.50000000000006,100.0
0.2836,283.6,100.0
0.2837,283.7,100.0
0.2838,283.8,100.0
0.28390000000000004,283.90000000000003,100.0
0.28400000000000003,284.00000000000006,100.0
0.2841,284.1,100.0
0.2842,284.2,100.0
0.2843,284.3,100.0
0.2844,284.4,100.0
0.28450000000000003,284.50000000000006,100.0
0.2846,284.6,100.0
0.2847,284.7,100.0
0.2848,284.8,100.0
0.2849,284.9,100.0
0.28500000000000003,285.00000000000006,100.0
0.2851,285.1,100.0
0.2852,285.2,100.0
0.2853,285.3,100.0
0.2854,285.4,100.0
0.28550000000000003,285.50000000000006,100.0
0.2856,285.6,100.0
0.2857,285.7,100.0
0.2858,285.8,100.0
0.2859,285.9,100.0
0.28600000000000003,286.00000000000006,100.0
0.2861,286.1,100.0
0.2862,286.2,100.0
0.2863,286.3,100.0
0.2864,286.4,100.0
0.28650000000000003,286.50000000000006,100.0
0.2866,286.6,100.0
0.2867,286.7,100.0
0.2868,286.8,100.0
0.2869,286.9,100.0
0.28700000000000003,287.00000000000006,100.0
0.2871,287.1,100.0
0.2872,287.2,100.0
0.2873,287.3,100.0
0.2874,287.4,100.0
0.28750000000000003,287.50000000000006,100.0
0.2876,287.6,100.0
0.2877,287.7,100.0
0.2878,287.8,100.0
0.2879,287.9,100.0
0.28800000000000003,288.00000000000006,100.0
0.2881,288.1,100.0
0.2882,288.2,100.0
0.2883,288.3,100.0
0.2884,288.4,100.0
0.28850000000000003,288.50000000000006,100.0
0.2886,288.6,100.0
0.2887,288.7,100.0
0.2888,288.8,100.0
0.2889,288.9,100.0
0.28900000000000003,289.00000000000006,100.0
0.2891,289.1,100.0
0.2892,289.2,100.0
0.2893,289.3,100.0
0.2894,289.4,100.0
0.28950000000000004,289.50000000000006,100.0
0.2896,289.6,100.0
0.2897,289.7,100.0
0.2898,289.8,100.0
0.2899,289.9,100.0
0.29000000000000004,290.00000000000006,100.0
0.2901,290.1,100.0
0.2902,290.2,100.0
0.2903,290.3,100.0
0.2904,290.4,100.0
0.29050000000000004,290.50000000000006,100.0
0.2906,290.6,100.0
0.2907,290.7,100.0
0.2908,290.8,100.0
0.2909,290.9,100.0
0.29100000000000004,291.00000000000006,100.0
0.2911,291.1,100.0
0.2912,291.2,100.0
0.2913,291.3,100.0
0.2914,291.4,100.0
0.29150000000000004,291.50000000000006,100.0
0.2916,291.6,100.0
0.2917,291.7,100.0
0.2918,291.8,100.0
0.2919,291.9,100.0
0.29200000000000004,292.00000000000006,100.0
0.2921,292.1,100.0
0.2922,292.2,100.0
0.2923,292.3,100.0
0.2924,292.4,100.0
0.29250000000000004,292.50000000000006,100.0
0.2926,292.6,100.0
0.2927,292.7,100.0
0.2928,292.8,100.0
0.2929,292.9,100.0
0.29300000000000004,293.00000000000006,100.0
0.2931,293.1,100.0
0.2932,293.2,100.0
0.2933,293.3,100.0
0.2934,293.4,100.0
0.29350000000000004,293.50000000000006,100.0
0.2936,293.6,100.0
0.2937,293.7,100.0
0.2938,293.8,100.0
0.2939,293.9,100.0
0.29400000000000004,294.00000000000006,100.0
0.29410000000000003,294.1,100.0
0.2942,294.20000000000005,100.0
0.2943,294.3,100.0
0.2944,294.4,100.0
0.29450000000000004,294.50000000000006,100.0
0.29460000000000003,294.6,100.0
0.2947,294.70000000000005,100.0
0.2948,294.8,100.0
0.2949,294.9,100.0
0.29500000000000004,295.00000000000006,100.0
0.29510000000000003,295.1,100.0
0.2952,295.20000000000005,100.0
0.2953,295.3,100.0
0.2954,295.4,100.0
0.29550000000000004,295.50000000000006,100.0
0.29560000000000003,295.6,100.0
0.2957,295.70000000000005,100.0
0.2958,295.8,100.0
0.2959,295.9,100.0
0.29600000000000004,296.00000000000006,100.0
0.29610000000000003,296.1,100.0
0.2962,296.20000000000005,100.0
0.2963,296.3,100.0
0.2964,296.4,100.0
0.29650000000000004,296.50000000000006,100.0
0.29660000000000003,296.6,100.0
0.2967,296.70000000000005,100.0
0.2968,296.8,100.0
0.2969,296.9,100.0
0.29700000000000004,297.00000000000006,100.0
0.29710000000000003,297.1,100.0
0.2972,297.20000000000005,100.0
0.2973,297.3,100.0
0.2974,297.4,100.0
0.2975,297.5,100.0
0.29760000000000003,297.6,100.0
0.2977,297.70000000000005,100.0
0.2978,297.8,100.0
0.2979,297.9,100.0
0.298,298.0,100.0
0.29810000000000003,298.1,100.0
0.2982,298.20000000000005,100.0
0.2983,298.3,100.0
0.2984,298.4,100.0
0.2985,298.5,100.0
0.29860000000000003,298.6,100.0
0.2987,298.70000000000005,100.0
0.2988,298.8,100.0
0.2989,298.9,100.0
0.299,299.0,100.0
0.29910000000000003,299.1,100.0
0.2992,299.20000000000005,100.0
0.2993,299.3,100.0
0.2994,299.4,100.0
0.2995,299.5,100.0
0.29960000000000003,299.6,100.0
0.2997,299.70000000000005,100.0
0.2998,299.8,100.0
0.2999,299.9,100.0
0.3,300.0,100.0
0.30010000000000003,300.1,100.0
0.3002,300.20000000000005,100.0
0.3003,300.3,100.0
0.3004,300.4,100.0
0.3005,300.5,100.0
0.30060000000000003,300.6,100.0
0.3007,300.70000000000005,100.0
0.3008,300.8,100.0
0.3009,300.9,100.0
0.301,301.0,100.0
0.30110000000000003,301.1,100.0
0.3012,301.20000000000005,100.0
0.3013,301.3,100.0
0.3014,301.4,100.0
0.3015,301.5,100.0
0.30160000000000003,301.6,100.0
0.3017,301.70000000000005,100.0
0.3018,301.8,100.0
0.3019,301.9,100.0
0.302,302.0,100.0
0.30210000000000004,302.1,100.0
0.3022,302.20000000000005,100.0
0.3023,302.3,100.0
0.3024,302.4,100.0
0.3025,302.5,100.0
0.30260000000000004,302.6,100.0
0.3027,302.70000000000005,100.0
0.3028,302.8,100.0
0.3029,302.9,100.0
0.303,303.0,100.0
0.30310000000000004,303.1,100.0
0.3032,303.20000000000005,100.0
0.3033,303.3,100.0
0.3034,303.4,100.0
0.3035,303.5,100.0
0.30360000000000004,303.6,100.0
0.3037,303.70000000000005,100.0
0.3038,303.8,100.0
0.3039,303.9,100.0
0.304,304.0,100.0
0.30410000000000004,304.1,100.0
0.3042,304.20000000000005,100.0
0.3043,304.3,100.0
0.3044,304.4,100.0
0.3045,304.5,100.0
0.30460000000000004,304.6,100.0
0.3047,304.70000000000005,100.0
0.3048,304.8,100.0
0.3049,304.9,100.0
0.305,305.0,100.0
0.30510000000000004,305.1,100.0
0.3052,305.20000000000005,100.0
0.3053,305.3,100.0
0.3054,305.4,100.0
0.3055,305.5,100.0
0.30560000000000004,305.6,100.0
0.3057,305.70000000000005,100.0
0.3058,305.8,100.0
0.3059,305.9,100.0
0.306,306.0,100.0
0.30610000000000004,306.1,100.0
0.3062,306.20000000000005,100.0
0.3063,306.3,100.0
0.3064,306.4,100.0
0.3065,306.5,100.0
0.30660000000000004,306.6,100.0
0.30670000000000003,306.70000000000005,100.0
0.3068,306.8,100.0
0.3069,306.90000000000003,100.0
0.307,307.0,100.0
0.30710000000000004,307.1,100.0
0.30720000000000003,307.20000000000005,100.0
0.3073,307.3,100.0
0.3074,307.40000000000003,100.0
0.3075,307.5,100.0
0.30760000000000004,307.6,100.0
0.30770000000000003,307.70000000000005,100.0
0.3078,307.8,100.0
0.3079,307.90000000000003,100.0
0.308,308.0,100.0
0.30810000000000004,308.1,100.0
0.30820000000000003,308.20000000000005,100.0
0.3083,308.3,100.0
0.3084,308.40000000000003,100.0
0.3085,308.5,100.0
0.30860000000000004,308.6,100.0
0.30870000000000003,308.70000000000005,100.0
0.3088,308.8,100.0
0.3089,308.90000000000003,100.0
0.309,309.0,100.0
0.30910000000000004,309.1,100.0
0.30920000000000003,309.20000000000005,100.0
0.3093,309.3,100.0
0.3094,309.40000000000003,100.0
0.3095,309.5,100.0
0.30960000000000004,309.6,100.0
0.30970000000000003,309.70000000000005,100.0
0.3098,309.8,100.0
0.3099,309.90000000000003,100.0
0.31,310.0,100.0
0.31010000000000004,310.1,100.0
0.31020000000000003,310.20000000000005,100.0
0.3103,310.3,100.0
0.3104,310.40000000000003,100.0
0.3105,310.5,100.0
0.3106,310.59999999999997,100.0
0.31070000000000003,310.70000000000005,100.0
0.3108,310.8,100.0
0.3109,310.90000000000003,100.0
0.311,311.0,100.0
0.3111,311.09999999999997,100.0
0.31120000000000003,311.20000000000005,100.0
0.3113,311.3,100.0
0.3114,311.40000000000003,100.0
0.3115,311.5,100.0
0.3116,311.59999999999997,100.0
0.31170000000000003,311.70000000000005,100.0
0.3118,311.8,100.0
0.3119,311.90000000000003,100.0
0.312,312.0,100.0
0.3121,312.09999999999997,100.0
0.31220000000000003,312.20000000000005,100.0
0.3123,312.3,100.0
0.3124,312.40000000000003,100.0
0.3125,312.5,100.0
0.3126,312.59999999999997,100.0
0.31270000000000003,312.70000000000005,100.0
0.3128,312.8,100.0
0.3129,312.90000000000003,100.0
0.313,313.0,100.0
0.3131,313.09999999999997,100.0
0.31320000000000003,313.20000000000005,100.0
0.3133,313.3,100.0
0.3134,313.40000000000003,100.0
0.3135,313.5,100.0
0.3136,313.59999999999997,100.0
0.31370000000000003,313.70000000000005,100.0
0.3138,313.8,100.0
0.3139,313.90000000000003,100.0
0.314,314.0,100.0
0.3141,314.09999999999997,100.0
0.31420000000000003,314.20000000000005,100.0
0.3143,314.3,100.0
0.3144,314.40000000000003,100.0
0.3145,314.5,100.0
0.3146,314.59999999999997,100.0
0.31470000000000004,314.70000000000005,100.0
0.3148,314.8,100.0
0.3149,314.90000000000003,100.0
0.315,315.0,100.0
0.3151,315.09999999999997,100.0
0.31520000000000004,315.20000000000005,100.0
0.3153,315.3,100.0
0.3154,315.40000000000003,100.0
0.3155,315.5,100.0
0.3156,315.59999999999997,100.0
0.31570000000000004,315.70000000000005,100.0
0.3158,315.8,100.0
0.3159,315.90000000000003,100.0
0.316,316.0,100.0
0.3161,316.09999999999997,100.0
0.31620000000000004,316.20000000000005,100.0
0.3163,316.3,100.0
0.3164,316.40000000000003,100.0
0.3165,316.5,100.0
0.3166,316.59999999999997,100.0
0.31670000000000004,316.70000000000005,100.0
0.3168,316.8,100.0
0.3169,316.90000000000003,100.0
0.317,317.0,100.0
0.3171,317.09999999999997,100.0
0.31720000000000004,317.20000000000005,100.0
0.3173,317.3,100.0
0.3174,317.40000000000003,100.0
0.3175,317.5,100.0
0.3176,317.59999999999997,100.0
0.31770000000000004,317.70000000000005,100.0
0.3178,317.8,100.0
0.3179,317.90000000000003,100.0
0.318,318.0,100.0
0.3181,318.09999999999997,100.0
0.31820000000000004,318.20000000000005,100.0
0.3183,318.3,100.0
0.3184,318.40000000000003,100.0
0.3185,318.5,100.0
0.3186,318.6,100.0
0.31870000000000004,318.70000000000005,100.0
0.31880000000000003,318.8,100.0
0.3189,318.90000000000003,100.0
0.319,319.0,100.0
0.3191,319.1,100.0
0.31920000000000004,319.20000000000005,100.0
0.31930000000000003,319.3,100.0
0.3194,319.40000000000003,100.0
0.3195,319.5,100.0
0.3196,319.6,100.0
0.31970000000000004,319.70000000000005,100.0
0.31980000000000003,319.8,100.0
0.3199,319.90000000000003,100.0
0.32,320.0,100.0
0.3201,320.1,100.0
0.32020000000000004,320.20000000000005,100.0
0.32030000000000003,320.3,100.0
0.3204,320.40000000000003,100.0
0.3205,320.5,100.0
0.3206,320.6,100.0
0.32070000000000004,320.70000000000005,100.0
0.32080000000000003,320.8,100.0
0.3209,320.90000000000003,100.0
0.321,321.0,100.0
0.3211,321.1,100.0
0.32120000000000004,321.20000000000005,100.0
0.32130000000000003,321.3,100.0
0.3214,321.40000000000003,100.0
0.3215,321.5,100.0
0.3216,321.6,100.0
0.32170000000000004,321.70000000000005,100.0
0.32180000000000003,321.8,100.0
0.3219,321.90000000000003,100.0
0.322,322.0,100.0
0.3221,322.1,100.0
0.32220000000000004,322.20000000000005,100.0
0.32230000000000003,322.3,100.0
0.3224,322.40000000000003,100.0
0.3225,322.5,100.0
0.3226,322.6,100.0
0.32270000000000004,322.70000000000005,100.0
0.32280000000000003,322.8,100.0
0.3229,322.90000000000003,100.0
0.323,323.0,100.0
0.3231,323.1,100.0
0.32320000000000004,323.20000000000005,100.0
0.32330000000000003,323.3,100.0
0.3234,323.40000000000003,100.0
0.3235,323.5,100.0
0.3236,323.6,100.0
0.32370000000000004,323.70000000000005,100.0
0.32380000000000003,323.8,100.0
0.3239,323.90000000000003,100.0
0.324,324.0,100.0
0.3241,324.1,100.0
0.3242,324.2,100.0
0.32430000000000003,324.3,100.0
0.3244,324.40000000000003,100.0
0.3245,324.5,100.0
0.3246,324.6,100.0
0.3247,324.7,100.0
0.32480000000000003,324.8,100.0
0.3249,324.90000000000003,100.0
0.325,325.0,100.0
0.3251,325.1,100.0
0.3252,325.2,100.0
0.32530000000000003,325.3,100.0
0.3254,325.40000000000003,100.0
0.3255,325.5,100.0
0.3256,325.6,100.0
0.3257,325.7,100.0
0.32580000000000003,325.8,100.0
0.3259,325.90000000000003,100.0
0.326,326.0,100.0
0.3261,326.1,100.0
0.3262,326.2,100.0
0.32630000000000003,326.3,100.0
0.3264,326.40000000000003,100.0
0.3265,326.5,100.0
0.3266,326.6,100.0
0.3267,326.7,100.0
0.32680000000000003,326.8,100.0
0.3269,326.90000000000003,100.0
0.327,327.0,100.0
0.3271,327.1,100.0
0.3272,327.2,100.0
0.32730000000000004,327.3,100.0
0.3274,327.40000000000003,100.0
0.3275,327.5,100.0
0.3276,327.6,100.0
0.3277,327.7,100.0
0.32780000000000004,327.8,100.0
0.3279,327.90000000000003,100.0
0.328,328.0,100.0
0.3281,328.1,100.0
0.3282,328.2,100.0
0.32830000000000004,328.3,100.0
0.3284,328.40000000000003,100.0
0.3285,328.5,100.0
0.3286,328.6,100.0
0.3287,328.7,100.0
0.32880000000000004,328.8,100.0
0.3289,328.90000000000003,100.0
0.329,329.0,100.0
0.3291,329.1,100.0
0.3292,329.2,100.0
0.32930000000000004,329.3,100.0
0.3294,329.40000000000003,100.0
0.3295,329.5,100.0
0.3296,329.6,100.0
0.3297,329.7,100.0
0.32980000000000004,329.8,100.0
0.3299,329.90000000000003,100.0
0.33,330.0,100.0
0.3301,330.1,100.0
0.3302,330.2,100.0
0.33030000000000004,330.3,100.0
0.3304,330.40000000000003,100.0
0.3305,330.5,100.0
0.3306,330.6,100.0
0.3307,330.7,100.0
0.33080000000000004,330.8,100.0
0.3309,330.90000000000003,100.0
0.331,331.0,100.0
0.3311,331.1,100.0
0.3312,331.2,100.0
0.33130000000000004,331.3,100.0
0.33140000000000003,331.40000000000003,100.0
0.3315,331.5,100.0
0.3316,331.6,100.0
0.3317,331.7,100.0
0.33180000000000004,331.8,100.0
0.33190000000000003,331.90000000000003,100.0
0.332,332.0,100.0
0.3321,332.1,100.0
0.3322,332.2,100.0
0.33230000000000004,332.30000000000007,100.0
0.33240000000000003,332.40000000000003,100.0
0.3325,332.5,100.0
0.3326,332.6,100.0
0.3327,332.7,100.0
0.33280000000000004,332.80000000000007,100.0
0.33290000000000003,332.90000000000003,100.0
0.333,333.0,100.0
0.3331,333.1,100.0
0.3332,333.2,100.0
0.33330000000000004,333.30000000000007,100.0
0.33340000000000003,333.40000000000003,100.0
0.3335,333.5,100.0
0.3336,333.6,100.0
0.3337,333.7,100.0
0.33380000000000004,333.80000000000007,100.0
0.33390000000000003,333.90000000000003,100.0
0.334,334.0,100.0
0.3341,334.1,100.0
0.3342,334.2,100.0
0.33430000000000004,334.30000000000007,100.0
0.33440000000000003,334.40000000000003,100.0
0.3345,334.5,100.0
0.3346,334.6,100.0
0.3347,334.7,100.0
0.33480000000000004,334.80000000000007,100.0
0.33490000000000003,334.90000000000003,100.0
0.335,335.0,100.0
0.3351,335.1,100.0
0.3352,335.2,100.0
0.33530000000000004,335.30000000000007,100.0
0.33540000000000003,335.40000000000003,100.0
0.3355,335.5,100.0
0.3356,335.6,100.0
0.3357,335.7,100.0
0.33580000000000004,335.80000000000007,100.0
0.33590000000000003,335.90000000000003,100.0
0.336,336.0,100.0
0.3361,336.1,100.0
0.3362,336.2,100.0
0.33630000000000004,336.30000000000007,100.0
0.33640000000000003,336.40000000000003,100.0
0.3365,336.5,100.0
0.3366,336.6,100.0
0.3367,336.7,100.0
0.33680000000000004,336.80000000000007,100.0
0.33690000000000003,336.90000000000003,100.0
0.337,337.0,100.0
0.3371,337.1,100.0
0.3372,337.2,100.0
0.3373,337.3,100.0
0.33740000000000003,337.40000000000003,100.0
0.3375,337.5,100.0
0.3376,337.6,100.0
0.3377,337.7,100.0
0.3378,337.8,100.0
0.33790000000000003,337.90000000000003,100.0
0.338,338.0,100.0
0.3381,338.1,100.0
0.3382,338.2,100.0
0.3383,338.3,100.0
0.33840000000000003,338.40000000000003,100.0
0.3385,338.5,100.0
0.3386,338.6,100.0
0.3387,338.7,100.0
0.3388,338.8,100.0
0.33890000000000003,338.90000000000003,100.0
0.339,339.0,100.0
0.3391,339.1,100.0
0.3392,339.2,100.0
0.3393,339.3,100.0
0.33940000000000003,339.40000000000003,100.0
0.3395,339.5,100.0
0.3396,339.6,100.0
0.3397,339.7,100.0
0.3398,339.8,100.0
0.33990000000000004,339.90000000000003,100.0
0.34,340.0,100.0
0.3401,340.1,100.0
0.3402,340.2,100.0
0.3403,340.3,100.0
0.34040000000000004,340.40000000000003,100.0
0.3405,340.5,100.0
0.3406,340.6,100.0
0.3407,340.7,100.0
0.3408,340.8,100.0
0.34090000000000004,340.90000000000003,100.0
0.341,341.0,100.0
0.3411,341.1,100.0
0.3412,341.2,100.0
0.3413,341.3,100.0
0.34140000000000004,341.40000000000003,100.0
0.3415,341.5,100.0
0.3416,341.6,100.0
0.3417,341.7,100.0
0.3418,341.8,100.0
0.34190000000000004,341.90000000000003,100.0
0.342,342.0,100.0
0.3421,342.1,100.0
0.3422,342.2,100.0
0.3423,342.3,100.0
0.34240000000000004,342.40000000000003,100.0
0.3425,342.5,100.0
0.3426,342.6,100.0
0.3427,342.7,100.0
0.3428,342.8,100.0
0.34290000000000004,342.90000000000003,100.0
0.343,343.0,100.0
0.3431,343.1,100.0
0.3432,343.2,100.0
0.3433,343.3,100.0
0.34340000000000004,343.40000000000003,100.0
0.3435,343.5,100.0
0.3436,343.6,100.0
0.3437,343.7,100.0
0.3438,343.8,100.0
0.34390000000000004,343.90000000000003,100.0
0.34400000000000003,344.0,100.0
0.3441,344.1,100.0
0.3442,344.2,100.0
0.3443,344.3,100.0
0.34440000000000004,344.40000000000003,100.0
0.34450000000000003,344.5,100.0
0.3446,344.6,100.0
0.3447,344.7,100.0
0.3448,344.8,100.0
0.34490000000000004,344.90000000000003,100.0
0.34500000000000003,345.00000000000006,100.0
0.3451,345.1,100.0
0.3452,345.2,100.0
0.3453,345.3,100.0
0.34540000000000004,345.40000000000003,100.0
0.34550000000000003,345.50000000000006,100.0
0.3456,345.6,100.0
0.3457,345.7,100.0
0.3458,345.8,100.0
0.34590000000000004,345.90000000000003,100.0
0.34600000000000003,346.00000000000006,100.0
0.3461,346.1,100.0
0.3462,346.2,100.0
0.3463,346.3,100.0
0.34640000000000004,346.40000000000003,100.0
0.34650000000000003,346.50000000000006,100.0
0.3466,346.6,100.0
0.3467,346.7,100.0
0.3468,346.8,100.0
0.34690000000000004,346.90000000000003,100.0
0.34700000000000003,347.00000000000006,100.0
0.3471,347.1,100.0
0.3472,347.2,100.0
0.3473,347.3,100.0
0.34740000000000004,347.40000000000003,100.0
0.34750000000000003,347.50000000000006,100.0
0.3476,347.6,100.0
0.3477,347.7,100.0
0.3478,347.8,100.0
0.34790000000000004,347.90000000000003,100.0
0.34800000000000003,348.00000000000006,100.0
0.3481,348.1,100.0
0.3482,348.2,100.0
0.3483,348.3,100.0
0.34840000000000004,348.40000000000003,100.0
0.34850000000000003,348.50000000000006,100.0
0.3486,348.6,100.0
0.3487,348.7,100.0
0.3488,348.8,100.0
0.34890000000000004,348.90000000000003,100.0
0.34900000000000003,349.00000000000006,100.0
0.3491,349.1,100.0
0.3492,349.2,100.0
0.3493,349.3,100.0
0.34940000000000004,349.40000000000003,100.0
0.34950000000000003,349.50000000000006,100.0
0.3496,349.6,100.0
0.3497,349.7,100.0
0.3498,349.8,100.0
0.34990000000000004,349.90000000000003,100.0
0.35000000000000003,350.00000000000006,100.0
0.3501,350.1,100.0
0.3502,350.2,100.0
0.3503,350.3,100.0
0.3504,350.4,100.0
0.35050000000000003,350.50000000000006,100.0
0.3506,350.6,100.0
0.3507,350.7,100.0
0.3508,350.8,100.0
0.3509,350.9,100.0
0.35100000000000003,351.00000000000006,100.0
0.3511,351.1,100.0
0.3512,351.2,100.0
0.3513,351.3,100.0
0.3514,351.4,100.0
0.35150000000000003,351.50000000000006,100.0
0.3516,351.6,100.0
0.3517,351.7,100.0
0.3518,351.8,100.0
0.3519,351.9,100.0
0.35200000000000004,352.00000000000006,100.0
0.3521,352.1,100.0
0.3522,352.2,100.0
0.3523,352.3,100.0
0.3524,352.4,100.0
0.35250000000000004,352.50000000000006,100.0
0.3526,352.6,100.0
0.3527,352.7,100.0
0.3528,352.8,100.0
0.3529,352.9,100.0
0.35300000000000004,353.00000000000006,100.0
0.3531,353.1,100.0
0.3532,353.2,100.0
0.3533,353.3,100.0
0.3534,353.4,100.0
0.35350000000000004,353.50000000000006,100.0
0.3536,353.6,100.0
0.3537,353.7,100.0
0.3538,353.8,100.0
0.3539,353.9,100.0
0.35400000000000004,354.00000000000006,100.0
0.3541,354.1,100.0
0.3542,354.2,100.0
0.3543,354.3,100.0
0.3544,354.4,100.0
0.35450000000000004,354.50000000000006,100.0
0.3546,354.6,100.0
0.3547,354.7,100.0
0.3548,354.8,100.0
0.3549,354.9,100.0
0.35500000000000004,355.00000000000006,100.0
0.3551,355.1,100.0
0.3552,355.2,100.0
0.3553,355.3,100.0
0.3554,355.4,100.0
0.35550000000000004,355.50000000000006,100.0
0.3556,355.6,100.0
0.3557,355.7,100.0
0.3558,355.8,100.0
0.3559,355.9,100.0
0.35600000000000004,356.00000000000006,100.0
0.3561,356.1,100.0
0.3562,356.2,100.0
0.3563,356.3,100.0
0.3564,356.4,100.0
0.35650000000000004,356.50000000000006,100.0
0.35660000000000003,356.6,100.0
0.3567,356.70000000000005,100.0
0.3568,356.8,100.0
0.3569,356.9,100.0
0.35700000000000004,357.00000000000006,100.0
0.35710000000000003,357.1,100.0
0.3572,357.20000000000005,100.0
0.3573,357.3,100.0
0.3574,357.4,100.0
0.35750000000000004,357.50000000000006,100.0
0.35760000000000003,357.6,100.0
0.3577,357.70000000000005,100.0
0.3578,357.8,100.0
0.3579,357.9,100.0
0.35800000000000004,358.00000000000006,100.0
0.35810000000000003,358.1,100.0
0.3582,358.20000000000005,100.0
0.3583,358.3,100.0
0.3584,358.4,100.0
0.35850000000000004,358.50000000000006,100.0
0.35860000000000003,358.6,100.0
0.3587,358.70000000000005,100.0
0.3588,358.8,100.0
0.3589,358.9,100.0
0.35900000000000004,359.00000000000006,100.0
0.35910000000000003,359.1,100.0
0.3592,359.20000000000005,100.0
0.3593,359.3,100.0
0.3594,359.4,100.0
0.35950000000000004,359.50000000000006,100.0
0.35960000000000003,359.6,100.0
0.3597,359.70000000000005,100.0
0.3598,359.8,100.0
0.3599,359.9,100.0
0.36000000000000004,360.00000000000006,100.0
0.36010000000000003,360.1,100.0
0.3602,360.20000000000005,100.0
0.3603,360.3,100.0
0.3604,360.4,100.0
0.36050000000000004,360.50000000000006,100.0
0.36060000000000003,360.6,100.0
0.3607,360.70000000000005,100.0
0.3608,360.8,100.0
0.3609,360.9,100.0
0.36100000000000004,361.00000000000006,100.0
0.36110000000000003,361.1,100.0
0.3612,361.20000000000005,100.0
0.3613,361.3,100.0
0.3614,361.4,100.0
0.36150000000000004,361.50000000000006,100.0
0.36160000000000003,361.6,100.0
0.3617,361.70000000000005,100.0
0.3618,361.8,100.0
0.3619,361.9,100.0
0.36200000000000004,362.00000000000006,100.0
0.36210000000000003,362.1,100.0
0.3622,362.20000000000005,100.0
0.3623,362.3,100.0
0.3624,362.4,100.0
0.36250000000000004,362.50000000000006,100.0
0.36260000000000003,362.6,100.0
0.3627,362.70000000000005,100.0
0.3628,362.8,100.0
0.3629,362.9,100.0
0.36300000000000004,363.00000000000006,100.0
0.36310000000000003,363.1,100.0
0.3632,363.20000000000005,100.0
0.3633,363.3,100.0
0.3634,363.4,100.0
0.3635,363.5,100.0
0.36360000000000003,363.6,100.0
0.3637,363.70000000000005,100.0
0.3638,363.8,100.0
0.3639,363.9,100.0
0.364,364.0,100.0
0.36410000000000003,364.1,100.0
0.3642,364.20000000000005,100.0
0.3643,364.3,100.0
0.3644,364.4,100.0
0.3645,364.5,100.0
0.36460000000000004,364.6,100.0
0.3647,364.70000000000005,100.0
0.3648,364.8,100.0
0.3649,364.9,100.0
0.365,365.0,100.0
0.36510000000000004,365.1,100.0
0.3652,365.20000000000005,100.0
0.3653,365.3,100.0
0.3654,365.4,100.0
0.3655,365.5,100.0
0.36560000000000004,365.6,100.0
0.3657,365.70000000000005,100.0
0.3658,365.8,100.0
0.3659,365.9,100.0
0.366,366.0,100.0
0.36610000000000004,366.1,100.0
0.3662,366.20000000000005,100.0
0.3663,366.3,100.0
0.3664,366.4,100.0
0.3665,366.5,100.0
0.36660000000000004,366.6,100.0
0.3667,366.70000000000005,100.0
0.3668,366.8,100.0
0.3669,366.9,100.0
0.367,367.0,100.0
0.36710000000000004,367.1,100.0
0.3672,367.20000000000005,100.0
0.3673,367.3,100.0
0.3674,367.4,100.0
0.3675,367.5,100.0
0.36760000000000004,367.6,100.0
0.3677,367.70000000000005,100.0
0.3678,367.8,100.0
0.3679,367.9,100.0
0.368,368.0,100.0
0.36810000000000004,368.1,100.0
0.3682,368.20000000000005,100.0
0.3683,368.3,100.0
0.3684,368.4,100.0
0.3685,368.5,100.0
0.36860000000000004,368.6,100.0
0.3687,368.70000000000005,100.0
0.3688,368.8,100.0
0.3689,368.9,100.0
0.369,369.0,100.0
0.36910000000000004,369.1,100.0
0.36920000000000003,369.20000000000005,100.0
0.3693,369.3,100.0
0.3694,369.40000000000003,100.0
0.3695,369.5,100.0
0.36960000000000004,369.6,100.0
0.36970000000000003,369.70000000000005,100.0
0.3698,369.8,100.0
0.3699,369.90000000000003,100.0
0.37,370.0,100.0
0.37010000000000004,370.1,100.0
0.37020000000000003,370.20000000000005,100.0
0.3703,370.3,100.0
0.3704,370.40000000000003,100.0
0.3705,370.5,100.0
0.37060000000000004,370.6,100.0
0.37070000000000003,370.70000000000005,100.0
0.3708,370.8,100.0
0.3709,370.90000000000003,100.0
0.371,371.0,100.0
0.37110000000000004,371.1,100.0
0.37120000000000003,371.20000000000005,100.0
0.3713,371.3,100.0
0.3714,371.40000000000003,100.0
0.3715,371.5,100.0
0.37160000000000004,371.6,100.0
0.37170000000000003,371.70000000000005,100.0
0.3718,371.8,100.0
0.3719,371.90000000000003,100.0
0.372,372.0,100.0
0.37210000000000004,372.1,100.0
0.37220000000000003,372.20000000000005,100.0
0.3723,372.3,100.0
0.3724,372.40000000000003,100.0
0.3725,372.5,100.0
0.37260000000000004,372.6,100.0
0.37270000000000003,372.70000000000005,100.0
0.3728,372.8,100.0
0.3729,372.90000000000003,100.0
0.373,373.0,100.0
0.37310000000000004,373.1,100.0
0.37320000000000003,373.20000000000005,100.0
0.3733,373.3,100.0
0.3734,373.40000000000003,100.0
0.3735,373.5,100.0
0.37360000000000004,373.6,100.0
0.37370000000000003,373.70000000000005,100.0
0.3738,373.8,100.0
0.3739,373.90000000000003,100.0
0.374,374.0,100.0
0.37410000000000004,374.1,100.0
0.37420000000000003,374.20000000000005,100.0
0.3743,374.3,100.0
0.3744,374.40000000000003,100.0
0.3745,374.5,100.0
0.37460000000000004,374.6,100.0
0.37470000000000003,374.70000000000005,100.0
0.3748,374.8,100.0
0.3749,374.90000000000003,100.0
0.375,375.0,100.0
0.37510000000000004,375.1,100.0
0.37520000000000003,375.20000000000005,100.0
0.3753,375.3,100.0
0.3754,375.40000000000003,100.0
0.3755,375.5,100.0
0.37560000000000004,375.6,100.0
0.37570000000000003,375.70000000000005,100.0
0.3758,375.8,100.0
0.3759,375.90000000000003,100.0
0.376,376.0,100.0
0.37610000000000005,376.1,100.0
0.37620000000000003,376.20000000000005,100.0
0.3763,376.3,100.0
0.3764,376.40000000000003,100.0
0.3765,376.5,100.0
0.3766,376.59999999999997,100.0
0.37670000000000003,376.70000000000005,100.0
0.3768,376.8,100.0
0.3769,376.90000000000003,100.0
0.377,377.0,100.0
0.3771,377.09999999999997,100.0
0.37720000000000004,377.20000000000005,100.0
0.3773,377.3,100.0
0.3774,377.40000000000003,100.0
0.3775,377.5,100.0
0.3776,377.59999999999997,100.0
0.37770000000000004,377.70000000000005,100.0
0.3778,377.8,100.0
0.3779,377.90000000000003,100.0
0.378,378.0,100.0
0.3781,378.09999999999997,100.0
0.37820000000000004,378.20000000000005,100.0
0.3783,378.3,100.0
0.3784,378.40000000000003,100.0
0.3785,378.5,100.0
0.3786,378.59999999999997,100.0
0.37870000000000004,378.70000000000005,100.0
0.3788,378.8,100.0
0.3789,378.90000000000003,100.0
0.379,379.0,100.0
0.3791,379.09999999999997,100.0
0.37920000000000004,379.20000000000005,100.0
0.3793,379.3,100.0
0.3794,379.40000000000003,100.0
0.3795,379.5,100.0
0.3796,379.59999999999997,100.0
0.37970000000000004,379.70000000000005,100.0
0.3798,379.8,100.0
0.3799,379.90000000000003,100.0
0.38,380.0,100.0
0.3801,380.09999999999997,100.0
0.38020000000000004,380.20000000000005,100.0
0.3803,380.3,100.0
0.3804,380.40000000000003,100.0
0.3805,380.5,100.0
0.3806,380.59999999999997,100.0
0.38070000000000004,380.70000000000005,100.0
0.3808,380.8,100.0
0.3809,380.90000000000003,100.0
0.381,381.0,100.0
0.3811,381.1,100.0
0.38120000000000004,381.20000000000005,100.0
0.38130000000000003,381.3,100.0
0.3814,381.40000000000003,100.0
0.3815,381.5,100.0
0.3816,381.6,100.0
0.38170000000000004,381.70000000000005,100.0
0.38180000000000003,381.8,100.0
0.3819,381.90000000000003,100.0
0.382,382.0,100.0
0.3821,382.1,100.0
0.38220000000000004,382.20000000000005,100.0
0.38230000000000003,382.3,100.0
0.3824,382.40000000000003,100.0
0.3825,382.5,100.0
0.3826,382.6,100.0
0.38270000000000004,382.70000000000005,100.0
0.38280000000000003,382.8,100.0
0.3829,382.90000000000003,100.0
0.383,383.0,100.0
0.3831,383.1,100.0
0.38320000000000004,383.20000000000005,100.0
0.38330000000000003,383.3,100.0
0.3834,383.40000000000003,100.0
0.3835,383.5,100.0
0.3836,383.6,100.0
0.38370000000000004,383.70000000000005,100.0
0.38380000000000003,383.8,100.0
0.3839,383.90000000000003,100.0
0.384,384.0,100.0
0.3841,384.1,100.0
0.38420000000000004,384.20000000000005,100.0
0.38430000000000003,384.3,100.0
0.3844,384.40000000000003,100.0
0.3845,384.5,100.0
0.3846,384.6,100.0
0.38470000000000004,384.70000000000005,100.0
0.38480000000000003,384.8,100.0
0.3849,384.90000000000003,100.0
0.385,385.0,100.0
0.3851,385.1,100.0
0.38520000000000004,385.20000000000005,100.0
0.38530000000000003,385.3,100.0
0.3854,385.40000000000003,100.0
0.3855,385.5,100.0
0.3856,385.6,100.0
0.38570000000000004,385.70000000000005,100.0
0.38580000000000003,385.8,100.0
0.3859,385.90000000000003,100.0
0.386,386.0,100.0
0.3861,386.1,100.0
0.38620000000000004,386.20000000000005,100.0
0.38630000000000003,386.3,100.0
0.3864,386.40000000000003,100.0
0.3865,386.5,100.0
0.3866,386.6,100.0
0.38670000000000004,386.70000000000005,100.0
0.38680000000000003,386.8,100.0
0.3869,386.90000000000003,100.0
0.387,387.0,100.0
0.3871,387.1,100.0
0.38720000000000004,387.20000000000005,100.0
0.38730000000000003,387.3,100.0
0.3874,387.40000000000003,100.0
0.3875,387.5,100.0
0.3876,387.6,100.0
0.38770000000000004,387.70000000000005,100.0
0.38780000000000003,387.8,100.0
0.3879,387.90000000000003,100.0
0.388,388.0,100.0
0.3881,388.1,100.0
0.38820000000000005,388.20000000000005,100.0
0.38830000000000003,388.3,100.0
0.3884,388.40000000000003,100.0
0.3885,388.5,100.0
0.3886,388.6,100.0
0.38870000000000005,388.70000000000005,100.0
0.38880000000000003,388.8,100.0
0.3889,388.90000000000003,100.0
0.389,389.0,100.0
0.3891,389.1,100.0
0.38920000000000005,389.20000000000005,100.0
0.38930000000000003,389.3,100.0
0.3894,389.40000000000003,100.0
0.3895,389.5,100.0
0.3896,389.6,100.0
0.38970000000000005,389.70000000000005,100.0
0.38980000000000004,389.8,100.0
0.3899,389.90000000000003,100.0
0.39,390.0,100.0
0.3901,390.1,100.0
0.3902,390.2,100.0
0.39030000000000004,390.3,100.0
0.3904,390.40000000000003,100.0
0.3905,390.5,100.0
0.3906,390.6,100.0
0.3907,390.7,100.0
0.39080000000000004,390.8,100.0
0.3909,390.90000000000003,100.0
0.391,391.0,100.0
0.3911,391.1,100.0
0.3912,391.2,100.0
0.39130000000000004,391.3,100.0
0.3914,391.40000000000003,100.0
0.3915,391.5,100.0
0.3916,391.6,100.0
0.3917,391.7,100.0
0.39180000000000004,391.8,100.0
0.3919,391.90000000000003,100.0
0.392,392.0,100.0
0.3921,392.1,100.0
0.3922,392.2,100.0
0.39230000000000004,392.3,100.0
0.3924,392.40000000000003,100.0
0.3925,392.5,100.0
0.3926,392.6,100.0
0.3927,392.7,100.0
0.39280000000000004,392.8,100.0
0.3929,392.90000000000003,100.0
0.393,393.0,100.0
0.3931,393.1,100.0
0.3932,393.2,100.0
0.39330000000000004,393.3,100.0
0.3934,393.40000000000003,100.0
0.3935,393.5,100.0
0.3936,393.6,100.0
0.3937,393.7,100.0
0.39380000000000004,393.8,100.0
0.39390000000000003,393.90000000000003,100.0
0.394,394.0,100.0
0.3941,394.1,100.0
0.3942,394.2,100.0
0.39430000000000004,394.3,100.0
0.39440000000000003,394.40000000000003,100.0
0.3945,394.5,100.0
0.3946,394.6,100.0
0.3947,394.7,100.0
0.39480000000000004,394.80000000000007,100.0
0.39490000000000003,394.90000000000003,100.0
0.395,395.0,100.0
0.3951,395.1,100.0
0.3952,395.2,100.0
0.39530000000000004,395.30000000000007,100.0
0.39540000000000003,395.40000000000003,100.0
0.3955,395.5,100.0
0.3956,395.6,100.0
0.3957,395.7,100.0
0.39580000000000004,395.80000000000007,100.0
0.39590000000000003,395.90000000000003,100.0
0.396,396.0,100.0
0.3961,396.1,100.0
0.3962,396.2,100.0
0.39630000000000004,396.30000000000007,100.0
0.39640000000000003,396.40000000000003,100.0
0.3965,396.5,100.0
0.3966,396.6,100.0
0.3967,396.7,100.0
0.39680000000000004,396.80000000000007,100.0
0.39690000000000003,396.90000000000003,100.0
0.397,397.0,100.0
0.3971,397.1,100.0
0.3972,397.2,100.0
0.39730000000000004,397.30000000000007,100.0
0.39740000000000003,397.40000000000003,100.0
0.3975,397.5,100.0
0.3976,397.6,100.0
0.3977,397.7,100.0
0.39780000000000004,397.80000000000007,100.0
0.39790000000000003,397.90000000000003,100.0
0.398,398.0,100.0
0.3981,398.1,100.0
0.3982,398.2,100.0
0.39830000000000004,398.30000000000007,100.0
0.39840000000000003,398.40000000000003,100.0
0.3985,398.5,100.0
0.3986,398.6,100.0
0.3987,398.7,100.0
0.39880000000000004,398.80000000000007,100.0
0.39890000000000003,398.90000000000003,100.0
0.399,399.0,100.0
0.3991,399.1,100.0
0.3992,399.2,100.0
0.39930000000000004,399.30000000000007,100.0
0.39940000000000003,399.40000000000003,100.0
0.3995,399.5,100.0
0.3996,399.6,100.0
0.3997,399.7,100.0
0.39980000000000004,399.80000000000007,100.0
0.39990000000000003,399.90000000000003,100.0
0.4,400.0,100.0
0.4001,400.1,100.0
0.4002,400.2,100.0
0.40030000000000004,400.30000000000007,100.0
0.40040000000000003,400.40000000000003,100.0
0.4005,400.5,100.0
0.4006,400.6,100.0
0.4007,400.7,100.0
0.40080000000000005,400.80000000000007,100.0
0.40090000000000003,400.90000000000003,100.0
0.401,401.0,100.0
0.4011,401.1,100.0
0.4012,401.2,100.0
0.40130000000000005,401.30000000000007,100.0
0.40140000000000003,401.40000000000003,100.0
0.4015,401.5,100.0
0.4016,401.6,100.0
0.4017,401.7,100.0
0.40180000000000005,401.80000000000007,100.0
0.40190000000000003,401.90000000000003,100.0
0.402,402.0,100.0
0.4021,402.1,100.0
0.4022,402.2,100.0
0.40230000000000005,402.30000000000007,100.0
0.40240000000000004,402.40000000000003,100.0
0.4025,402.5,100.0
0.4026,402.6,100.0
0.4027,402.7,100.0
0.40280000000000005,402.80000000000007,100.0
0.40290000000000004,402.90000000000003,100.0
0.403,403.0,100.0
0.4031,403.1,100.0
0.4032,403.2,100.0
0.4033,403.3,100.0
0.40340000000000004,403.40000000000003,100.0
0.4035,403.5,100.0
0.4036,403.6,100.0
0.4037,403.7,100.0
0.4038,403.8,100.0
0.40390000000000004,403.90000000000003,100.0
0.404,404.0,100.0
0.4041,404.1,100.0
0.4042,404.2,100.0
0.4043,404.3,100.0
0.40440000000000004,404.40000000000003,100.0
0.4045,404.5,100.0
0.4046,404.6,100.0
0.4047,404.7,100.0
0.4048,404.8,100.0
0.40490000000000004,404.90000000000003,100.0
0.405,405.0,100.0
0.4051,405.1,100.0
0.4052,405.2,100.0
0.4053,405.3,100.0
0.40540000000000004,405.40000000000003,100.0
0.4055,405.5,100.0
0.4056,405.6,100.0
0.4057,405.7,100.0
0.4058,405.8,100.0
0.40590000000000004,405.90000000000003,100.0
0.406,406.0,100.0
0.4061,406.1,100.0
0.4062,406.2,100.0
0.4063,406.3,100.0
0.40640000000000004,406.40000000000003,100.0
0.40650000000000003,406.5,100.0
0.4066,406.6,100.0
0.4067,406.7,100.0
0.4068,406.8,100.0
0.40690000000000004,406.90000000000003,100.0
0.40700000000000003,407.0,100.0
0.4071,407.1,100.0
0.4072,407.2,100.0
0.4073,407.3,100.0
0.40740000000000004,407.40000000000003,100.0
0.40750000000000003,407.50000000000006,100.0
0.4076,407.6,100.0
0.4077,407.7,100.0
0.4078,407.8,100.0
0.40790000000000004,407.90000000000003,100.0
0.40800000000000003,408.00000000000006,100.0
0.4081,408.1,100.0
0.4082,408.2,100.0
0.4083,408.3,100.0
0.40840000000000004,408.40000000000003,100.0
0.40850000000000003,408.50000000000006,100.0
0.4086,408.6,100.0
0.4087,408.7,100.0
0.4088,408.8,100.0
0.40890000000000004,408.90000000000003,100.0
0.40900000000000003,409.00000000000006,100.0
0.4091,409.1,100.0
0.4092,409.2,100.0
0.4093,409.3,100.0
0.40940000000000004,409.40000000000003,100.0
0.40950000000000003,409.50000000000006,100.0
0.4096,409.6,100.0
0.4097,409.7,100.0
0.4098,409.8,100.0
0.40990000000000004,409.90000000000003,100.0
0.41000000000000003,410.00000000000006,100.0
0.4101,410.1,100.0
0.4102,410.2,100.0
0.4103,410.3,100.0
0.41040000000000004,410.40000000000003,100.0
0.41050000000000003,410.50000000000006,100.0
0.4106,410.6,100.0
0.4107,410.7,100.0
0.4108,410.8,100.0
0.41090000000000004,410.90000000000003,100.0
0.41100000000000003,411.00000000000006,100.0
0.4111,411.1,100.0
0.4112,411.2,100.0
0.4113,411.3,100.0
0.41140000000000004,411.40000000000003,100.0
0.41150000000000003,411.50000000000006,100.0
0.4116,411.6,100.0
0.4117,411.7,100.0
0.4118,411.8,100.0
0.41190000000000004,411.90000000000003,100.0
0.41200000000000003,412.00000000000006,100.0
0.4121,412.1,100.0
0.4122,412.2,100.0
0.4123,412.3,100.0
0.41240000000000004,412.40000000000003,100.0
0.41250000000000003,412.50000000000006,100.0
0.4126,412.6,100.0
0.4127,412.7,100.0
0.4128,412.8,100.0
0.41290000000000004,412.90000000000003,100.0
0.41300000000000003,413.00000000000006,100.0
0.4131,413.1,100.0
0.4132,413.2,100.0
0.4133,413.3,100.0
0.41340000000000005,413.40000000000003,100.0
0.41350000000000003,413.50000000000006,100.0
0.4136,413.6,100.0
0.4137,413.7,100.0
0.4138,413.8,100.0
0.41390000000000005,413.90000000000003,100.0
0.41400000000000003,414.00000000000006,100.0
0.4141,414.1,100.0
0.4142,414.2,100.0
0.4143,414.3,100.0
0.41440000000000005,414.40000000000003,100.0
0.41450000000000004,414.50000000000006,100.0
0.4146,414.6,100.0
0.4147,414.7,100.0
0.4148,414.8,100.0
0.41490000000000005,414.90000000000003,100.0
0.41500000000000004,415.00000000000006,100.0
0.4151,415.1,100.0
0.4152,415.2,100.0
0.4153,415.3,100.0
0.41540000000000005,415.40000000000003,100.0
0.41550000000000004,415.50000000000006,100.0
0.4156,415.6,100.0
0.4157,415.7,100.0
0.4158,415.8,100.0
0.41590000000000005,415.90000000000003,100.0
0.41600000000000004,416.00000000000006,100.0
0.4161,416.1,100.0
0.4162,416.2,100.0
0.4163,416.3,100.0
0.4164,416.4,100.0
0.41650000000000004,416.50000000000006,100.0
0.4166,416.6,100.0
0.4167,416.7,100.0
0.4168,416.8,100.0
0.4169,416.9,100.0
0.41700000000000004,417.00000000000006,100.0
0.4171,417.1,100.0
0.4172,417.2,100.0
0.4173,417.3,100.0
0.4174,417.4,100.0
0.41750000000000004,417.50000000000006,100.0
0.4176,417.6,100.0
0.4177,417.7,100.0
0.4178,417.8,100.0
0.4179,417.9,100.0
0.41800000000000004,418.00000000000006,100.0
0.4181,418.1,100.0
0.4182,418.2,100.0
0.4183,418.3,100.0
0.4184,418.4,100.0
0.41850000000000004,418.50000000000006,100.0
0.4186,418.6,100.0
0.4187,418.7,100.0
0.4188,418.8,100.0
0.4189,418.9,100.0
0.41900000000000004,419.00000000000006,100.0
0.41910000000000003,419.1,100.0
0.4192,419.20000000000005,100.0
0.4193,419.3,100.0
0.4194,419.4,100.0
0.41950000000000004,419.50000000000006,100.0
0.41960000000000003,419.6,100.0
0.4197,419.70000000000005,100.0
0.4198,419.8,100.0
0.4199,419.9,100.0
0.42000000000000004,420.00000000000006,100.0
0.42010000000000003,420.1,100.0
0.4202,420.20000000000005,100.0
0.4203,420.3,100.0
0.4204,420.4,100.0
0.42050000000000004,420.50000000000006,100.0
0.42060000000000003,420.6,100.0
0.4207,420.70000000000005,100.0
0.4208,420.8,100.0
0.4209,420.9,100.0
0.42100000000000004,421.00000000000006,100.0
0.42110000000000003,421.1,100.0
0.4212,421.20000000000005,100.0
0.4213,421.3,100.0
0.4214,421.4,100.0
0.42150000000000004,421.50000000000006,100.0
0.42160000000000003,421.6,100.0
0.4217,421.70000000000005,100.0
0.4218,421.8,100.0
0.4219,421.9,100.0
0.42200000000000004,422.00000000000006,100.0
0.42210000000000003,422.1,100.0
0.4222,422.20000000000005,100.0
0.4223,422.3,100.0
0.4224,422.4,100.0
0.42250000000000004,422.50000000000006,100.0
0.42260000000000003,422.6,100.0
0.4227,422.70000000000005,100.0
0.4228,422.8,100.0
0.4229,422.9,100.0
0.42300000000000004,423.00000000000006,100.0
0.42310000000000003,423.1,100.0
0.4232,423.20000000000005,100.0
0.4233,423.3,100.0
0.4234,423.4,100.0
0.42350000000000004,423.50000000000006,100.0
0.42360000000000003,423.6,100.0
0.4237,423.70000000000005,100.0
0.4238,423.8,100.0
0.4239,423.9,100.0
0.42400000000000004,424.00000000000006,100.0
0.42410000000000003,424.1,100.0
0.4242,424.20000000000005,100.0
0.4243,424.3,100.0
0.4244,424.4,100.0
0.42450000000000004,424.50000000000006,100.0
0.42460000000000003,424.6,100.0
0.4247,424.70000000000005,100.0
0.4248,424.8,100.0
0.4249,424.9,100.0
0.42500000000000004,425.00000000000006,100.0
0.42510000000000003,425.1,100.0
0.4252,425.20000000000005,100.0
0.4253,425.3,100.0
0.4254,425.4,100.0
0.42550000000000004,425.50000000000006,100.0
0.42560000000000003,425.6,100.0
0.4257,425.70000000000005,100.0
0.4258,425.8,100.0
0.4259,425.9,100.0
0.42600000000000005,426.00000000000006,100.0
0.42610000000000003,426.1,100.0
0.4262,426.20000000000005,100.0
0.4263,426.3,100.0
0.4264,426.4,100.0
0.42650000000000005,426.50000000000006,100.0
0.42660000000000003,426.6,100.0
0.4267,426.70000000000005,100.0
0.4268,426.8,100.0
0.4269,426.9,100.0
0.42700000000000005,427.00000000000006,100.0
0.42710000000000004,427.1,100.0
0.4272,427.20000000000005,100.0
0.4273,427.3,100.0
0.4274,427.4,100.0
0.42750000000000005,427.50000000000006,100.0
0.42760000000000004,427.6,100.0
0.4277,427.70000000000005,100.0
0.4278,427.8,100.0
0.4279,427.9,100.0
0.42800000000000005,428.00000000000006,100.0
0.42810000000000004,428.1,100.0
0.4282,428.20000000000005,100.0
0.4283,428.3,100.0
0.4284,428.4,100.0
0.42850000000000005,428.50000000000006,100.0
0.42860000000000004,428.6,100.0
0.4287,428.70000000000005,100.0
0.4288,428.8,100.0
0.4289,428.9,100.0
0.42900000000000005,429.00000000000006,100.0
0.42910000000000004,429.1,100.0
0.4292,429.20000000000005,100.0
0.4293,429.3,100.0
0.4294,429.4,100.0
0.4295,429.5,100.0
0.42960000000000004,429.6,100.0
0.4297,429.70000000000005,100.0
0.4298,429.8,100.0
0.4299,429.9,100.0
0.43,430.0,100.0
0.43010000000000004,430.1,100.0
0.4302,430.20000000000005,100.0
0.4303,430.3,100.0
0.4304,430.4,100.0
0.4305,430.5,100.0
0.43060000000000004,430.6,100.0
0.4307,430.70000000000005,100.0
0.4308,430.8,100.0
0.4309,430.9,100.0
0.431,431.0,100.0
0.43110000000000004,431.1,100.0
0.4312,431.20000000000005,100.0
0.4313,431.3,100.0
0.4314,431.4,100.0
0.4315,431.5,100.0
0.43160000000000004,431.6,100.0
0.43170000000000003,431.70000000000005,100.0
0.4318,431.8,100.0
0.4319,431.90000000000003,100.0
0.432,432.0,100.0
0.43210000000000004,432.1,100.0
0.43220000000000003,432.20000000000005,100.0
0.4323,432.3,100.0
0.4324,432.40000000000003,100.0
0.4325,432.5,100.0
0.43260000000000004,432.6,100.0
0.43270000000000003,432.70000000000005,100.0
0.4328,432.8,100.0
0.4329,432.90000000000003,100.0
0.433,433.0,100.0
0.43310000000000004,433.1,100.0
0.43320000000000003,433.20000000000005,100.0
0.4333,433.3,100.0
0.4334,433.40000000000003,100.0
0.4335,433.5,100.0
0.43360000000000004,433.6,100.0
0.43370000000000003,433.70000000000005,100.0
0.4338,433.8,100.0
0.4339,433.90000000000003,100.0
0.434,434.0,100.0
0.43410000000000004,434.1,100.0
0.43420000000000003,434.20000000000005,100.0
0.4343,434.3,100.0
0.4344,434.40000000000003,100.0
0.4345,434.5,100.0
0.43460000000000004,434.6,100.0
0.43470000000000003,434.70000000000005,100.0
0.4348,434.8,100.0
0.4349,434.90000000000003,100.0
0.435,435.0,100.0
0.43510000000000004,435.1,100.0
0.43520000000000003,435.20000000000005,100.0
0.4353,435.3,100.0
0.4354,435.40000000000003,100.0
0.4355,435.5,100.0
0.43560000000000004,435.6,100.0
0.43570000000000003,435.70000000000005,100.0
0.4358,435.8,100.0
0.4359,435.90000000000003,100.0
0.436,436.0,100.0
0.43610000000000004,436.1,100.0
0.43620000000000003,436.20000000000005,100.0
0.4363,436.3,100.0
0.4364,436.40000000000003,100.0
0.4365,436.5,100.0
0.43660000000000004,436.6,100.0
0.43670000000000003,436.70000000000005,100.0
0.4368,436.8,100.0
0.4369,436.90000000000003,100.0
0.437,437.0,100.0
0.43710000000000004,437.1,100.0
0.43720000000000003,437.20000000000005,100.0
0.4373,437.3,100.0
0.4374,437.40000000000003,100.0
0.4375,437.5,100.0
0.43760000000000004,437.6,100.0
0.43770000000000003,437.70000000000005,100.0
0.4378,437.8,100.0
0.4379,437.90000000000003,100.0
0.438,438.0,100.0
0.43810000000000004,438.1,100.0
0.43820000000000003,438.20000000000005,100.0
0.4383,438.3,100.0
0.4384,438.40000000000003,100.0
0.4385,438.5,100.0
0.43860000000000005,438.6,100.0
0.43870000000000003,438.70000000000005,100.0
0.4388,438.8,100.0
0.4389,438.90000000000003,100.0
0.439,439.0,100.0
0.43910000000000005,439.1,100.0
0.43920000000000003,439.20000000000005,100.0
0.4393,439.3,100.0
0.4394,439.40000000000003,100.0
0.4395,439.5,100.0
0.43960000000000005,439.6,100.0
0.43970000000000004,439.70000000000005,100.0
0.4398,439.8,100.0
0.4399,439.90000000000003,100.0
0.44,440.0,100.0
0.44010000000000005,440.1,100.0
0.44020000000000004,440.20000000000005,100.0
0.4403,440.3,100.0
0.4404,440.40000000000003,100.0
0.4405,440.5,100.0
0.44060000000000005,440.6,100.0
0.44070000000000004,440.70000000000005,100.0
0.4408,440.8,100.0
0.4409,440.90000000000003,100.0
0.441,441.0,100.0
0.44110000000000005,441.1,100.0
0.44120000000000004,441.20000000000005,100.0
0.4413,441.3,100.0
0.4414,441.40000000000003,100.0
0.4415,441.5,100.0
0.44160000000000005,441.6,100.0
0.44170000000000004,441.70000000000005,100.0
0.4418,441.8,100.0
0.4419,441.90000000000003,100.0
0.442,442.0,100.0
0.44210000000000005,442.1,100.0
0.44220000000000004,442.20000000000005,100.0
0.4423,442.3,100.0
0.4424,442.40000000000003,100.0
0.4425,442.5,100.0
0.44260000000000005,442.6,100.0
0.44270000000000004,442.70000000000005,100.0
0.4428,442.8,100.0
0.4429,442.90000000000003,100.0
0.443,443.0,100.0
0.4431,443.09999999999997,100.0
0.44320000000000004,443.20000000000005,100.0
0.4433,443.3,100.0
0.4434,443.40000000000003,100.0
0.4435,443.5,100.0
0.4436,443.6,100.0
0.44370000000000004,443.70000000000005,100.0
0.44380000000000003,443.8,100.0
0.4439,443.90000000000003,100.0
0.444,444.0,100.0
0.4441,444.1,100.0
0.44420000000000004,444.20000000000005,100.0
0.44430000000000003,444.3,100.0
0.4444,444.40000000000003,100.0
0.4445,444.5,100.0
0.4446,444.6,100.0
0.44470000000000004,444.70000000000005,100.0
0.44480000000000003,444.8,100.0
0.4449,444.90000000000003,100.0
0.445,445.0,100.0
0.4451,445.1,100.0
0.44520000000000004,445.20000000000005,100.0
0.44530000000000003,445.3,100.0
0.4454,445.40000000000003,100.0
0.4455,445.5,100.0
0.4456,445.6,100.0
0.44570000000000004,445.70000000000005,100.0
0.44580000000000003,445.8,100.0
0.4459,445.90000000000003,100.0
0.446,446.0,100.0
0.4461,446.1,100.0
0.44620000000000004,446.20000000000005,100.0
0.44630000000000003,446.3,100.0
0.4464,446.40000000000003,100.0
0.4465,446.5,100.0
0.4466,446.6,100.0
0.44670000000000004,446.70000000000005,100.0
0.44680000000000003,446.8,100.0
0.4469,446.90000000000003,100.0
0.447,447.0,100.0
0.4471,447.1,100.0
0.44720000000000004,447.20000000000005,100.0
0.44730000000000003,447.3,100.0
0.4474,447.40000000000003,100.0
0.4475,447.5,100.0
0.4476,447.6,100.0
0.44770000000000004,447.70000000000005,100.0
0.44780000000000003,447.8,100.0
0.4479,447.90000000000003,100.0
0.448,448.0,100.0
0.4481,448.1,100.0
0.44820000000000004,448.20000000000005,100.0
0.44830000000000003,448.3,100.0
0.4484,448.40000000000003,100.0
0.4485,448.5,100.0
0.4486,448.6,100.0
0.44870000000000004,448.70000000000005,100.0
0.44880000000000003,448.8,100.0
0.4489,448.90000000000003,100.0
0.449,449.0,100.0
0.4491,449.1,100.0
0.44920000000000004,449.20000000000005,100.0
0.44930000000000003,449.3,100.0
0.4494,449.40000000000003,100.0
0.4495,449.5,100.0
0.4496,449.6,100.0
0.44970000000000004,449.70000000000005,100.0
0.44980000000000003,449.8,100.0
0.4499,449.90000000000003,100.0
0.45,450.0,100.0
0.4501,450.1,100.0
0.45020000000000004,450.20000000000005,100.0
0.45030000000000003,450.3,100.0
0.4504,450.40000000000003,100.0
0.4505,450.5,100.0
0.4506,450.6,100.0
0.45070000000000005,450.70000000000005,100.0
0.45080000000000003,450.8,100.0
0.4509,450.90000000000003,100.0
0.451,451.0,100.0
0.4511,451.1,100.0
0.45120000000000005,451.20000000000005,100.0
0.45130000000000003,451.3,100.0
0.4514,451.40000000000003,100.0
0.4515,451.5,100.0
0.4516,451.6,100.0
0.45170000000000005,451.70000000000005,100.0
0.45180000000000003,451.8,100.0
0.4519,451.90000000000003,100.0
0.452,452.0,100.0
0.4521,452.1,100.0
0.45220000000000005,452.20000000000005,100.0
0.45230000000000004,452.3,100.0
0.4524,452.40000000000003,100.0
0.4525,452.5,100.0
0.4526,452.6,100.0
0.45270000000000005,452.70000000000005,100.0
0.45280000000000004,452.8,100.0
0.4529,452.90000000000003,100.0
0.453,453.0,100.0
0.4531,453.1,100.0
0.45320000000000005,453.20000000000005,100.0
0.45330000000000004,453.3,100.0
0.4534,453.40000000000003,100.0
0.4535,453.5,100.0
0.4536,453.6,100.0
0.45370000000000005,453.70000000000005,100.0
0.45380000000000004,453.8,100.0
0.4539,453.90000000000003,100.0
0.454,454.0,100.0
0.4541,454.1,100.0
0.45420000000000005,454.20000000000005,100.0
0.45430000000000004,454.3,100.0
0.4544,454.40000000000003,100.0
0.4545,454.5,100.0
0.4546,454.6,100.0
0.45470000000000005,454.70000000000005,100.0
0.45480000000000004,454.8,100.0
0.4549,454.90000000000003,100.0
0.455,455.0,100.0
0.4551,455.1,100.0
0.45520000000000005,455.20000000000005,100.0
0.45530000000000004,455.3,100.0
0.4554,455.40000000000003,100.0
0.4555,455.5,100.0
0.4556,455.6,100.0
0.45570000000000005,455.70000000000005,100.0
0.45580000000000004,455.8,100.0
0.4559,455.90000000000003,100.0
0.456,456.0,100.0
0.4561,456.1,100.0
0.4562,456.2,100.0
0.45630000000000004,456.3,100.0
0.45640000000000003,456.40000000000003,100.0
0.4565,456.5,100.0
0.4566,456.6,100.0
0.4567,456.7,100.0
0.45680000000000004,456.8,100.0
0.45690000000000003,456.90000000000003,100.0
0.457,457.0,100.0
0.4571,457.1,100.0
0.4572,457.2,100.0
0.45730000000000004,457.30000000000007,100.0
0.45740000000000003,457.40000000000003,100.0
0.4575,457.5,100.0
0.4576,457.6,100.0
0.4577,457.7,100.0
0.45780000000000004,457.80000000000007,100.0
0.45790000000000003,457.90000000000003,100.0
0.458,458.0,100.0
0.4581,458.1,100.0
0.4582,458.2,100.0
0.45830000000000004,458.30000000000007,100.0
0.45840000000000003,458.40000000000003,100.0
0.4585,458.5,100.0
0.4586,458.6,100.0
0.4587,458.7,100.0
0.45880000000000004,458.80000000000007,100.0
0.45890000000000003,458.90000000000003,100.0
0.459,459.0,100.0
0.4591,459.1,100.0
0.4592,459.2,100.0
0.45930000000000004,459.30000000000007,100.0
0.45940000000000003,459.40000000000003,100.0
0.4595,459.5,100.0
0.4596,459.6,100.0
0.4597,459.7,100.0
0.45980000000000004,459.80000000000007,100.0
0.45990000000000003,459.90000000000003,100.0
0.46,460.0,100.0
0.4601,460.1,100.0
0.4602,460.2,100.0
0.46030000000000004,460.30000000000007,100.0
0.46040000000000003,460.40000000000003,100.0
0.4605,460.5,100.0
0.4606,460.6,100.0
0.4607,460.7,100.0
0.46080000000000004,460.80000000000007,100.0
0.46090000000000003,460.90000000000003,100.0
0.461,461.0,100.0
0.4611,461.1,100.0
0.4612,461.2,100.0
0.46130000000000004,461.30000000000007,100.0
0.46140000000000003,461.40000000000003,100.0
0.4615,461.5,100.0
0.4616,461.6,100.0
0.4617,461.7,100.0
0.46180000000000004,461.80000000000007,100.0
0.46190000000000003,461.90000000000003,100.0
0.462,462.0,100.0
0.4621,462.1,100.0
0.4622,462.2,100.0
0.46230000000000004,462.30000000000007,100.0
0.46240000000000003,462.40000000000003,100.0
0.4625,462.5,100.0
0.4626,462.6,100.0
0.4627,462.7,100.0
0.46280000000000004,462.80000000000007,100.0
0.46290000000000003,462.90000000000003,100.0
0.463,463.0,100.0
0.4631,463.1,100.0
0.4632,463.2,100.0
0.46330000000000005,463.30000000000007,100.0
0.46340000000000003,463.40000000000003,100.0
0.4635,463.5,100.0
0.4636,463.6,100.0
0.4637,463.7,100.0
0.46380000000000005,463.80000000000007,100.0
0.46390000000000003,463.90000000000003,100.0
0.464,464.0,100.0
0.4641,464.1,100.0
0.4642,464.2,100.0
0.46430000000000005,464.30000000000007,100.0
0.46440000000000003,464.40000000000003,100.0
0.4645,464.5,100.0
0.4646,464.6,100.0
0.4647,464.7,100.0
0.46480000000000005,464.80000000000007,100.0
0.46490000000000004,464.90000000000003,100.0
0.465,465.0,100.0
0.4651,465.1,100.0
0.4652,465.2,100.0
0.46530000000000005,465.30000000000007,100.0
0.46540000000000004,465.40000000000003,100.0
0.4655,465.5,100.0
0.4656,465.6,100.0
0.4657,465.7,100.0
0.46580000000000005,465.80000000000007,100.0
0.46590000000000004,465.90000000000003,100.0
0.466,466.0,100.0
0.4661,466.1,100.0
0.4662,466.2,100.0
0.46630000000000005,466.30000000000007,100.0
0.46640000000000004,466.40000000000003,100.0
0.4665,466.5,100.0
0.4666,466.6,100.0
0.4667,466.7,100.0
0.46680000000000005,466.80000000000007,100.0
0.46690000000000004,466.90000000000003,100.0
0.467,467.0,100.0
0.4671,467.1,100.0
0.4672,467.2,100.0
0.46730000000000005,467.30000000000007,100.0
0.46740000000000004,467.40000000000003,100.0
0.4675,467.5,100.0
0.4676,467.6,100.0
0.4677,467.7,100.0
0.46780000000000005,467.80000000000007,100.0
0.46790000000000004,467.90000000000003,100.0
0.468,468.0,100.0
0.4681,468.1,100.0
0.4682,468.2,100.0
0.46830000000000005,468.30000000000007,100.0
0.46840000000000004,468.40000000000003,100.0
0.4685,468.5,100.0
0.4686,468.6,100.0
0.4687,468.7,100.0
0.46880000000000005,468.80000000000007,100.0
0.46890000000000004,468.90000000000003,100.0
0.46900000000000003,469.0,100.0
0.4691,469.1,100.0
0.4692,469.2,100.0
0.4693,469.3,100.0
0.46940000000000004,469.40000000000003,100.0
0.46950000000000003,469.5,100.0
0.4696,469.6,100.0
0.4697,469.7,100.0
0.4698,469.8,100.0
0.46990000000000004,469.90000000000003,100.0
0.47000000000000003,470.00000000000006,100.0
0.4701,470.1,100.0
0.4702,470.2,100.0
0.4703,470.3,100.0
0.47040000000000004,470.40000000000003,100.0
0.47050000000000003,470.50000000000006,100.0
0.4706,470.6,100.0
0.4707,470.7,100.0
0.4708,470.8,100.0
0.47090000000000004,470.90000000000003,100.0
0.47100000000000003,471.00000000000006,100.0
0.4711,471.1,100.0
0.4712,471.2,100.0
0.4713,471.3,100.0
0.47140000000000004,471.40000000000003,100.0
0.47150000000000003,471.50000000000006,100.0
0.4716,471.6,100.0
0.4717,471.7,100.0
0.4718,471.8,100.0
0.47190000000000004,471.90000000000003,100.0
0.47200000000000003,472.00000000000006,100.0
0.4721,472.1,100.0
0.4722,472.2,100.0
0.4723,472.3,100.0
0.47240000000000004,472.40000000000003,100.0
0.47250000000000003,472.50000000000006,100.0
0.4726,472.6,100.0
0.4727,472.7,100.0
0.4728,472.8,100.0
0.47290000000000004,472.90000000000003,100.0
0.47300000000000003,473.00000000000006,100.0
0.4731,473.1,100.0
0.4732,473.2,100.0
0.4733,473.3,100.0
0.47340000000000004,473.40000000000003,100.0
0.47350000000000003,473.50000000000006,100.0
0.4736,473.6,100.0
0.4737,473.7,100.0
0.4738,473.8,100.0
0.47390000000000004,473.90000000000003,100.0
0.47400000000000003,474.00000000000006,100.0
0.4741,474.1,100.0
0.4742,474.2,100.0
0.4743,474.3,100.0
0.47440000000000004,474.40000000000003,100.0
0.47450000000000003,474.50000000000006,100.0
0.4746,474.6,100.0
0.4747,474.7,100.0
0.4748,474.8,100.0
0.47490000000000004,474.90000000000003,100.0
0.47500000000000003,475.00000000000006,100.0
0.4751,475.1,100.0
0.4752,475.2,100.0
0.4753,475.3,100.0
0.47540000000000004,475.40000000000003,100.0
0.47550000000000003,475.50000000000006,100.0
0.4756,475.6,100.0
0.4757,475.7,100.0
0.4758,475.8,100.0
0.47590000000000005,475.90000000000003,100.0
0.47600000000000003,476.00000000000006,100.0
0.4761,476.1,100.0
0.4762,476.2,100.0
0.4763,476.3,100.0
0.47640000000000005,476.40000000000003,100.0
0.47650000000000003,476.50000000000006,100.0
0.4766,476.6,100.0
0.4767,476.7,100.0
0.4768,476.8,100.0
0.47690000000000005,476.90000000000003,100.0
0.47700000000000004,477.00000000000006,100.0
0.4771,477.1,100.0
0.4772,477.2,100.0
0.4773,477.3,100.0
0.47740000000000005,477.40000000000003,100.0
0.47750000000000004,477.50000000000006,100.0
0.4776,477.6,100.0
0.4777,477.7,100.0
0.4778,477.8,100.0
0.47790000000000005,477.90000000000003,100.0
0.47800000000000004,478.00000000000006,100.0
0.4781,478.1,100.0
0.4782,478.2,100.0
0.4783,478.3,100.0
0.47840000000000005,478.40000000000003,100.0
0.47850000000000004,478.50000000000006,100.0
0.4786,478.6,100.0
0.4787,478.7,100.0
0.4788,478.8,100.0
0.47890000000000005,478.90000000000003,100.0
0.47900000000000004,479.00000000000006,100.0
0.4791,479.1,100.0
0.4792,479.2,100.0
0.4793,479.3,100.0
0.47940000000000005,479.40000000000003,100.0
0.47950000000000004,479.50000000000006,100.0
0.4796,479.6,100.0
0.4797,479.7,100.0
0.4798,479.8,100.0
0.47990000000000005,479.90000000000003,100.0
0.48000000000000004,480.00000000000006,100.0
0.4801,480.1,100.0
0.4802,480.2,100.0
0.4803,480.3,100.0
0.48040000000000005,480.40000000000003,100.0
0.48050000000000004,480.50000000000006,100.0
0.4806,480.6,100.0
0.4807,480.7,100.0
0.4808,480.8,100.0
0.48090000000000005,480.90000000000003,100.0
0.48100000000000004,481.00000000000006,100.0
0.4811,481.1,100.0
0.4812,481.2,100.0
0.4813,481.3,100.0
0.48140000000000005,481.40000000000003,100.0
0.48150000000000004,481.50000000000006,100.0
0.48160000000000003,481.6,100.0
0.4817,481.70000000000005,100.0
0.4818,481.8,100.0
0.48190000000000005,481.90000000000003,100.0
0.48200000000000004,482.00000000000006,100.0
0.48210000000000003,482.1,100.0
0.4822,482.20000000000005,100.0
0.4823,482.3,100.0
0.4824,482.4,100.0
0.48250000000000004,482.50000000000006,100.0
0.48260000000000003,482.6,100.0
0.4827,482.70000000000005,100.0
0.4828,482.8,100.0
0.4829,482.9,100.0
0.48300000000000004,483.00000000000006,100.0
0.48310000000000003,483.1,100.0
0.4832,483.20000000000005,100.0
0.4833,483.3,100.0
0.4834,483.4,100.0
0.48350000000000004,483.50000000000006,100.0
0.48360000000000003,483.6,100.0
0.4837,483.70000000000005,100.0
0.4838,483.8,100.0
0.4839,483.9,100.0
0.48400000000000004,484.00000000000006,100.0
0.48410000000000003,484.1,100.0
0.4842,484.20000000000005,100.0
0.4843,484.3,100.0
0.4844,484.4,100.0
0.48450000000000004,484.50000000000006,100.0
0.48460000000000003,484.6,100.0
0.4847,484.70000000000005,100.0
0.4848,484.8,100.0
0.4849,484.9,100.0
0.48500000000000004,485.00000000000006,100.0
0.48510000000000003,485.1,100.0
0.4852,485.20000000000005,100.0
0.4853,485.3,100.0
0.4854,485.4,100.0
0.48550000000000004,485.50000000000006,100.0
0.48560000000000003,485.6,100.0
0.4857,485.70000000000005,100.0
0.4858,485.8,100.0
0.4859,485.9,100.0
0.48600000000000004,486.00000000000006,100.0
0.48610000000000003,486.1,100.0
0.4862,486.20000000000005,100.0
0.4863,486.3,100.0
0.4864,486.4,100.0
0.48650000000000004,486.50000000000006,100.0
0.48660000000000003,486.6,100.0
0.4867,486.70000000000005,100.0
0.4868,486.8,100.0
0.4869,486.9,100.0
0.48700000000000004,487.00000000000006,100.0
0.48710000000000003,487.1,100.0
0.4872,487.20000000000005,100.0
0.4873,487.3,100.0
0.4874,487.4,100.0
0.48750000000000004,487.50000000000006,100.0
0.48760000000000003,487.6,100.0
0.4877,487.70000000000005,100.0
0.4878,487.8,100.0
0.4879,487.9,100.0
0.48800000000000004,488.00000000000006,100.0
0.48810000000000003,488.1,100.0
0.4882,488.20000000000005,100.0
0.4883,488.3,100.0
0.4884,488.4,100.0
0.48850000000000005,488.50000000000006,100.0
0.48860000000000003,488.6,100.0
0.4887,488.70000000000005,100.0
0.4888,488.8,100.0
0.4889,488.9,100.0
0.48900000000000005,489.00000000000006,100.0
0.48910000000000003,489.1,100.0
0.4892,489.20000000000005,100.0
0.4893,489.3,100.0
0.4894,489.4,100.0
0.48950000000000005,489.50000000000006,100.0
0.48960000000000004,489.6,100.0
0.4897,489.70000000000005,100.0
0.4898,489.8,100.0
0.4899,489.9,100.0
0.49000000000000005,490.00000000000006,100.0
0.49010000000000004,490.1,100.0
0.4902,490.20000000000005,100.0
0.4903,490.3,100.0
0.4904,490.4,100.0
0.49050000000000005,490.50000000000006,100.0
0.49060000000000004,490.6,100.0
0.4907,490.70000000000005,100.0
0.4908,490.8,100.0
0.4909,490.9,100.0
0.49100000000000005,491.00000000000006,100.0
0.49110000000000004,491.1,100.0
0.4912,491.20000000000005,100.0
0.4913,491.3,100.0
0.4914,491.4,100.0
0.49150000000000005,491.50000000000006,100.0
0.49160000000000004,491.6,100.0
0.4917,491.70000000000005,100.0
0.4918,491.8,100.0
0.4919,491.9,100.0
0.49200000000000005,492.00000000000006,100.0
0.49210000000000004,492.1,100.0
0.4922,492.20000000000005,100.0
0.4923,492.3,100.0
0.4924,492.4,100.0
0.49250000000000005,492.50000000000006,100.0
0.49260000000000004,492.6,100.0
0.4927,492.70000000000005,100.0
0.4928,492.8,100.0
0.4929,492.9,100.0
0.49300000000000005,493.00000000000006,100.0
0.49310000000000004,493.1,100.0
0.4932,493.20000000000005,100.0
0.4933,493.3,100.0
0.4934,493.4,100.0
0.49350000000000005,493.50000000000006,100.0
0.49360000000000004,493.6,100.0
0.4937,493.70000000000005,100.0
0.4938,493.8,100.0
0.4939,493.9,100.0
0.49400000000000005,494.00000000000006,100.0
0.49410000000000004,494.1,100.0
0.49420000000000003,494.20000000000005,100.0
0.4943,494.3,100.0
0.4944,494.40000000000003,100.0
0.49450000000000005,494.50000000000006,100.0
0.49460000000000004,494.6,100.0
0.49470000000000003,494.70000000000005,100.0
0.4948,494.8,100.0
0.4949,494.90000000000003,100.0
0.49500000000000005,495.00000000000006,100.0
0.49510000000000004,495.1,100.0
0.49520000000000003,495.20000000000005,100.0
0.4953,495.3,100.0
0.4954,495.40000000000003,100.0
0.4955,495.5,100.0
0.49560000000000004,495.6,100.0
0.49570000000000003,495.70000000000005,100.0
0.4958,495.8,100.0
0.4959,495.90000000000003,100.0
0.496,496.0,100.0
0.49610000000000004,496.1,100.0
0.49620000000000003,496.20000000000005,100.0
0.4963,496.3,100.0
0.4964,496.40000000000003,100.0
0.4965,496.5,100.0
0.49660000000000004,496.6,100.0
0.49670000000000003,496.70000000000005,100.0
0.4968,496.8,100.0
0.4969,496.90000000000003,100.0
0.497,497.0,100.0
0.49710000000000004,497.1,100.0
0.49720000000000003,497.20000000000005,100.0
0.4973,497.3,100.0
0.4974,497.40000000000003,100.0
0.4975,497.5,100.0
0.49760000000000004,497.6,100.0
0.49770000000000003,497.70000000000005,100.0
0.4978,497.8,100.0
0.4979,497.90000000000003,100.0
0.498,498.0,100.0
0.49810000000000004,498.1,100.0
0.49820000000000003,498.20000000000005,100.0
0.4983,498.3,100.0
0.4984,498.40000000000003,100.0
0.4985,498.5,100.0
0.49860000000000004,498.6,100.0
0.49870000000000003,498.70000000000005,100.0
0.4988,498.8,100.0
0.4989,498.90000000000003,100.0
0.499,499.0,100.0
0.49910000000000004,499.1,100.0
0.49920000000000003,499.20000000000005,100.0
0.4993,499.3,100.0
0.4994,499.40000000000003,100.0
0.4995,499.5,100.0
0.49960000000000004,499.6,100.0
0.49970000000000003,499.70000000000005,100.0
0.4998,499.8,100.0
0.4999,499.90000000000003,100.0
0.5,500.0,100.0
0.5001,500.09999999999997,100.0
0.5002,500.2,100.0
0.5003000000000001,500.30000000000007,100.0
0.5004000000000001,500.4000000000001,100.0
0.5005000000000001,500.50000000000006,100.0
0.5006,500.6,100.0
0.5007,500.70000000000005,100.0
0.5008,500.8,100.0
0.5009,500.90000000000003,100.0
0.501,501.0,100.0
0.5011,501.09999999999997,100.0
0.5012,501.2,100.0
0.5013000000000001,501.30000000000007,100.0
0.5014000000000001,501.4000000000001,100.0
0.5015000000000001,501.50000000000006,100.0
0.5016,501.6,100.0
0.5017,501.70000000000005,100.0
0.5018,501.8,100.0
0.5019,501.90000000000003,100.0
0.502,502.0,100.0
0.5021,502.09999999999997,100.0
0.5022,502.2,100.0
0.5023,502.29999999999995,100.0
0.5024000000000001,502.4000000000001,100.0
0.5025000000000001,502.50000000000006,100.0
0.5026,502.6,100.0
0.5027,502.70000000000005,100.0
0.5028,502.8,100.0
0.5029,502.90000000000003,100.0
0.503,503.0,100.0
0.5031,503.09999999999997,100.0
0.5032,503.2,100.0
0.5033,503.29999999999995,100.0
0.5034000000000001,503.4000000000001,100.0
0.5035000000000001,503.50000000000006,100.0
0.5036,503.6,100.0
0.5037,503.70000000000005,100.0
0.5038,503.8,100.0
0.5039,503.90000000000003,100.0
0.504,504.0,100.0
0.5041,504.09999999999997,100.0
0.5042,504.2,100.0
0.5043,504.29999999999995,100.0
0.5044000000000001,504.4000000000001,100.0
0.5045000000000001,504.50000000000006,100.0
0.5046,504.6,100.0
0.5047,504.70000000000005,100.0
0.5048,504.8,100.0
0.5049,504.90000000000003,100.0
0.505,505.0,100.0
0.5051,505.09999999999997,100.0
0.5052,505.2,100.0
0.5053,505.29999999999995,100.0
0.5054000000000001,505.4000000000001,100.0
0.5055000000000001,505.50000000000006,100.0
0.5056,505.6,100.0
0.5057,505.70000000000005,100.0
0.5058,505.8,100.0
0.5059,505.90000000000003,100.0
0.506,506.0,100.0
0.5061,506.1,100.0
0.5062,506.2,100.0
0.5063,506.29999999999995,100.0
0.5064000000000001,506.4000000000001,100.0
0.5065000000000001,506.50000000000006,100.0
0.5066,506.6,100.0
0.5067,506.70000000000005,100.0
0.5068,506.8,100.0
0.5069,506.90000000000003,100.0
0.507,507.0,100.0
0.5071,507.1,100.0
0.5072,507.2,100.0
0.5073,507.29999999999995,100.0
0.5074000000000001,507.4000000000001,100.0
0.5075000000000001,507.50000000000006,100.0
0.5076,507.6,100.0
0.5077,507.70000000000005,100.0
0.5078,507.8,100.0
0.5079,507.90000000000003,100.0
0.508,508.0,100.0
0.5081,508.1,100.0
0.5082,508.2,100.0
0.5083,508.29999999999995,100.0
0.5084000000000001,508.4000000000001,100.0
0.5085000000000001,508.50000000000006,100.0
0.5086,508.6000000000001,100.0
0.5087,508.70000000000005,100.0
0.5088,508.8,100.0
0.5089,508.90000000000003,100.0
0.509,509.0,100.0
0.5091,509.1,100.0
0.5092,509.2,100.0
0.5093,509.29999999999995,100.0
0.5094000000000001,509.4000000000001,100.0
0.5095000000000001,509.50000000000006,100.0
0.5096,509.6000000000001,100.0
0.5097,509.70000000000005,100.0
0.5098,509.8,100.0
0.5099,509.90000000000003,100.0
0.51,510.0,100.0
0.5101,510.1,100.0
0.5102,510.2,100.0
0.5103,510.29999999999995,100.0
0.5104000000000001,510.4000000000001,100.0
0.5105000000000001,510.50000000000006,100.0
0.5106,510.6000000000001,100.0
0.5107,510.70000000000005,100.0
0.5108,510.8,100.0
0.5109,510.90000000000003,100.0
0.511,511.0,100.0
0.5111,511.1,100.0
0.5112,511.2,100.0
0.5113,511.29999999999995,100.0
0.5114000000000001,511.4000000000001,100.0
0.5115000000000001,511.50000000000006,100.0
0.5116,511.6000000000001,100.0
0.5117,511.70000000000005,100.0
0.5118,511.8,100.0
0.5119,511.90000000000003,100.0
0.512,512.0,100.0
0.5121,512.1,100.0
0.5122,512.2,100.0
0.5123,512.3,100.0
0.5124000000000001,512.4000000000001,100.0
0.5125000000000001,512.5000000000001,100.0
0.5126000000000001,512.6,100.0
0.5127,512.7,100.0
0.5128,512.8000000000001,100.0
0.5129,512.9,100.0
0.513,513.0,100.0
0.5131,513.1,100.0
0.5132,513.2,100.0
0.5133,513.3,100.0
0.5134000000000001,513.4000000000001,100.0
0.5135000000000001,513.5000000000001,100.0
0.5136000000000001,513.6,100.0
0.5137,513.7,100.0
0.5138,513.8000000000001,100.0
0.5139,513.9,100.0
0.514,514.0,100.0
0.5141,514.1,100.0
0.5142,514.2,100.0
0.5143,514.3,100.0
0.5144000000000001,514.4000000000001,100.0
0.5145000000000001,514.5000000000001,100.0
0.5146000000000001,514.6,100.0
0.5147,514.7,100.0
0.5148,514.8000000000001,100.0
0.5149,514.9,100.0
0.515,515.0,100.0
0.5151,515.1,100.0
0.5152,515.2,100.0
0.5153,515.3,100.0
0.5154,515.4,100.0
0.5155000000000001,515.5000000000001,100.0
0.5156000000000001,515.6,100.0
0.5157,515.7,100.0
0.5158,515.8000000000001,100.0
0.5159,515.9,100.0
0.516,516.0,100.0
0.5161,516.1,100.0
0.5162,516.2,100.0
0.5163,516.3,100.0
0.5164,516.4,100.0
0.5165000000000001,516.5000000000001,100.0
0.5166000000000001,516.6,100.0
0.5167,516.7,100.0
0.5168,516.8000000000001,100.0
0.5169,516.9,100.0
0.517,517.0,100.0
0.5171,517.1,100.0
0.5172,517.2,100.0
0.5173,517.3,100.0
0.5174,517.4,100.0
0.5175000000000001,517.5000000000001,100.0
0.5176000000000001,517.6,100.0
0.5177,517.7,100.0
0.5178,517.8000000000001,100.0
0.5179,517.9,100.0
0.518,518.0,100.0
0.5181,518.1,100.0
0.5182,518.2,100.0
0.5183,518.3,100.0
0.5184,518.4,100.0
0.5185000000000001,518.5000000000001,100.0
0.5186000000000001,518.6,100.0
0.5187,518.7,100.0
0.5188,518.8000000000001,100.0
0.5189,518.9,100.0
0.519,519.0,100.0
0.5191,519.1,100.0
0.5192,519.2,100.0
0.5193,519.3,100.0
0.5194,519.4,100.0
0.5195000000000001,519.5000000000001,100.0
0.5196000000000001,519.6,100.0
0.5197,519.7,100.0
0.5198,519.8000000000001,100.0
0.5199,519.9,100.0
0.52,520.0,100.0
0.5201,520.1,100.0
0.5202,520.2,100.0
0.5203,520.3,100.0
0.5204,520.4,100.0
0.5205000000000001,520.5000000000001,100.0
0.5206000000000001,520.6,100.0
0.5207,520.7,100.0
0.5208,520.8000000000001,100.0
0.5209,520.9,100.0
0.521,521.0,100.0
0.5211,521.1,100.0
0.5212,521.2,100.0
0.5213,521.3,100.0
0.5214,521.4,100.0
0.5215000000000001,521.5000000000001,100.0
0.5216000000000001,521.6,100.0
0.5217,521.7,100.0
0.5218,521.8000000000001,100.0
0.5219,521.9,100.0
0.522,522.0,100.0
0.5221,522.1,100.0
0.5222,522.2,100.0
0.5223,522.3,100.0
0.5224,522.4,100.0
0.5225000000000001,522.5000000000001,100.0
0.5226000000000001,522.6,100.0
0.5227,522.7,100.0
0.5228,522.8000000000001,100.0
0.5229,522.9,100.0
0.523,523.0,100.0
0.5231,523.1,100.0
0.5232,523.2,100.0
0.5233,523.3,100.0
0.5234,523.4,100.0
0.5235000000000001,523.5000000000001,100.0
0.5236000000000001,523.6,100.0
0.5237,523.7,100.0
0.5238,523.8000000000001,100.0
0.5239,523.9,100.0
0.524,524.0,100.0
0.5241,524.1,100.0
0.5242,524.2,100.0
0.5243,524.3,100.0
0.5244,524.4,100.0
0.5245000000000001,524.5000000000001,100.0
0.5246000000000001,524.6,100.0
0.5247,524.7,100.0
0.5248,524.8000000000001,100.0
0.5249,524.9,100.0
0.525,525.0,100.0
0.5251,525.1,100.0
0.5252,525.2,100.0
0.5253,525.3,100.0
0.5254,525.4,100.0
0.5255000000000001,525.5000000000001,100.0
0.5256000000000001,525.6,100.0
0.5257000000000001,525.7,100.0
0.5258,525.8000000000001,100.0
0.5259,525.9000000000001,100.0
0.526,526.0,100.0
0.5261,526.1,100.0
0.5262,526.2,100.0
0.5263,526.3,100.0
0.5264,526.4,100.0
0.5265000000000001,526.5000000000001,100.0
0.5266000000000001,526.6,100.0
0.5267000000000001,526.7,100.0
0.5268,526.8000000000001,100.0
0.5269,526.9000000000001,100.0
0.527,527.0,100.0
0.5271,527.1,100.0
0.5272,527.2,100.0
0.5273,527.3,100.0
0.5274,527.4,100.0
0.5275000000000001,527.5000000000001,100.0
0.5276000000000001,527.6,100.0
0.5277000000000001,527.7,100.0
0.5278,527.8000000000001,100.0
0.5279,527.9000000000001,100.0
0.528,528.0,100.0
0.5281,528.1,100.0
0.5282,528.2,100.0
0.5283,528.3,100.0
0.5284,528.4,100.0
0.5285000000000001,528.5000000000001,100.0
0.5286000000000001,528.6,100.0
0.5287000000000001,528.7,100.0
0.5288,528.8000000000001,100.0
0.5289,528.9000000000001,100.0
0.529,529.0,100.0
0.5291,529.1,100.0
0.5292,529.2,100.0
0.5293,529.3,100.0
0.5294,529.4,100.0
0.5295,529.5,100.0
0.5296000000000001,529.6,100.0
0.5297000000000001,529.7,100.0
0.5298,529.8000000000001,100.0
0.5299,529.9000000000001,100.0
0.53,530.0,100.0
0.5301,530.1,100.0
0.5302,530.2,100.0
0.5303,530.3,100.0
0.5304,530.4,100.0
0.5305,530.5,100.0
0.5306000000000001,530.6,100.0
0.5307000000000001,530.7,100.0
0.5308,530.8000000000001,100.0
0.5309,530.9000000000001,100.0
0.531,531.0,100.0
0.5311,531.1,100.0
0.5312,531.2,100.0
0.5313,531.3,100.0
0.5314,531.4,100.0
0.5315,531.5,100.0
0.5316000000000001,531.6,100.0
0.5317000000000001,531.7,100.0
0.5318,531.8000000000001,100.0
0.5319,531.9000000000001,100.0
0.532,532.0,100.0
0.5321,532.1,100.0
0.5322,532.2,100.0
0.5323,532.3,100.0
0.5324,532.4,100.0
0.5325,532.5,100.0
0.5326000000000001,532.6,100.0
0.5327000000000001,532.7,100.0
0.5328,532.8000000000001,100.0
0.5329,532.9000000000001,100.0
0.533,533.0,100.0
0.5331,533.1,100.0
0.5332,533.2,100.0
0.5333,533.3,100.0
0.5334,533.4,100.0
0.5335,533.5,100.0
0.5336000000000001,533.6,100.0
0.5337000000000001,533.7,100.0
0.5338,533.8000000000001,100.0
0.5339,533.9000000000001,100.0
0.534,534.0,100.0
0.5341,534.1,100.0
0.5342,534.2,100.0
0.5343,534.3,100.0
0.5344,534.4,100.0
0.5345,534.5,100.0
0.5346000000000001,534.6,100.0
0.5347000000000001,534.7,100.0
0.5348,534.8000000000001,100.0
0.5349,534.9000000000001,100.0
0.535,535.0,100.0
0.5351,535.1,100.0
0.5352,535.2,100.0
0.5353,535.3,100.0
0.5354,535.4,100.0
0.5355,535.5,100.0
0.5356000000000001,535.6,100.0
0.5357000000000001,535.7,100.0
0.5358,535.8000000000001,100.0
0.5359,535.9000000000001,100.0
0.536,536.0,100.0
0.5361,536.1,100.0
0.5362,536.2,100.0
0.5363,536.3,100.0
0.5364,536.4,100.0
0.5365,536.5,100.0
0.5366000000000001,536.6,100.0
0.5367000000000001,536.7,100.0
0.5368,536.8000000000001,100.0
0.5369,536.9000000000001,100.0
0.537,537.0,100.0
0.5371,537.1,100.0
0.5372,537.2,100.0
0.5373,537.3,100.0
0.5374,537.4,100.0
0.5375,537.5,100.0
0.5376000000000001,537.6,100.0
0.5377000000000001,537.7,100.0
0.5378000000000001,537.8000000000001,100.0
0.5379,537.9000000000001,100.0
0.538,538.0,100.0
0.5381,538.1,100.0
0.5382,538.2,100.0
0.5383,538.3,100.0
0.5384,538.4,100.0
0.5385,538.5,100.0
0.5386000000000001,538.6,100.0
0.5387000000000001,538.7,100.0
0.5388000000000001,538.8000000000001,100.0
0.5389,538.9000000000001,100.0
0.539,539.0,100.0
0.5391,539.1,100.0
0.5392,539.2,100.0
0.5393,539.3,100.0
0.5394,539.4,100.0
0.5395,539.5,100.0
0.5396000000000001,539.6000000000001,100.0
0.5397000000000001,539.7,100.0
0.5398000000000001,539.8000000000001,100.0
0.5399,539.9000000000001,100.0
0.54,540.0,100.0
0.5401,540.1,100.0
0.5402,540.2,100.0
0.5403,540.3,100.0
0.5404,540.4,100.0
0.5405,540.5,100.0
0.5406000000000001,540.6000000000001,100.0
0.5407000000000001,540.7,100.0
0.5408000000000001,540.8000000000001,100.0
0.5409,540.9000000000001,100.0
0.541,541.0,100.0
0.5411,541.1,100.0
0.5412,541.2,100.0
0.5413,541.3,100.0
0.5414,541.4,100.0
0.5415,541.5,100.0
0.5416000000000001,541.6000000000001,100.0
0.5417000000000001,541.7,100.0
0.5418000000000001,541.8000000000001,100.0
0.5419,541.9000000000001,100.0
0.542,542.0,100.0
0.5421,542.1,100.0
0.5422,542.2,100.0
0.5423,542.3,100.0
0.5424,542.4,100.0
0.5425,542.5,100.0
0.5426,542.6,100.0
0.5427000000000001,542.7,100.0
0.5428000000000001,542.8000000000001,100.0
0.5429,542.9000000000001,100.0
0.543,543.0,100.0
0.5431,543.1,100.0
0.5432,543.2,100.0
0.5433,543.3,100.0
0.5434,543.4,100.0
0.5435,543.5,100.0
0.5436,543.6,100.0
0.5437000000000001,543.7,100.0
0.5438000000000001,543.8000000000001,100.0
0.5439,543.9000000000001,100.0
0.544,544.0,100.0
0.5441,544.1,100.0
0.5442,544.2,100.0
0.5443,544.3,100.0
0.5444,544.4,100.0
0.5445,544.5,100.0
0.5446,544.6,100.0
0.5447000000000001,544.7,100.0
0.5448000000000001,544.8000000000001,100.0
0.5449,544.9000000000001,100.0
0.545,545.0,100.0
0.5451,545.1,100.0
0.5452,545.2,100.0
0.5453,545.3,100.0
0.5454,545.4,100.0
0.5455,545.5,100.0
0.5456,545.6,100.0
0.5457000000000001,545.7,100.0
0.5458000000000001,545.8000000000001,100.0
0.5459,545.9000000000001,100.0
0.546,546.0,100.0
0.5461,546.1,100.0
0.5462,546.2,100.0
0.5463,546.3,100.0
0.5464,546.4,100.0
0.5465,546.5,100.0
0.5466,546.6,100.0
0.5467000000000001,546.7,100.0
0.5468000000000001,546.8000000000001,100.0
0.5469,546.9000000000001,100.0
0.547,547.0,100.0
0.5471,547.1,100.0
0.5472,547.2,100.0
0.5473,547.3,100.0
0.5474,547.4,100.0
0.5475,547.5,100.0
0.5476,547.6,100.0
0.5477000000000001,547.7,100.0
0.5478000000000001,547.8000000000001,100.0
0.5479,547.9000000000001,100.0
0.548,548.0,100.0
0.5481,548.1,100.0
0.5482,548.2,100.0
0.5483,548.3,100.0
0.5484,548.4,100.0
0.5485,548.5,100.0
0.5486,548.6,100.0
0.5487000000000001,548.7,100.0
0.5488000000000001,548.8000000000001,100.0
0.5489,548.9000000000001,100.0
0.549,549.0,100.0
0.5491,549.1,100.0
0.5492,549.2,100.0
0.5493,549.3,100.0
0.5494,549.4,100.0
0.5495,549.5,100.0
0.5496,549.6,100.0
0.5497000000000001,549.7,100.0
0.5498000000000001,549.8000000000001,100.0
0.5499,549.9000000000001,100.0
0.55,550.0,100.0
0.5501,550.1,100.0
0.5502,550.2,100.0
0.5503,550.3,100.0
0.5504,550.4,100.0
0.5505,550.5,100.0
0.5506,550.6,100.0
0.5507000000000001,550.7,100.0
0.5508000000000001,550.8000000000001,100.0
0.5509000000000001,550.9000000000001,100.0
0.551,551.0,100.0
0.5511,551.1,100.0
0.5512,551.2,100.0
0.5513,551.3000000000001,100.0
0.5514,551.4,100.0
0.5515,551.5,100.0
0.5516,551.6,100.0
0.5517000000000001,551.7,100.0
0.5518000000000001,551.8000000000001,100.0
0.5519000000000001,551.9000000000001,100.0
0.552,552.0,100.0
0.5521,552.1,100.0
0.5522,552.2,100.0
0.5523,552.3000000000001,100.0
0.5524,552.4,100.0
0.5525,552.5,100.0
0.5526,552.6,100.0
0.5527000000000001,552.7,100.0
0.5528000000000001,552.8000000000001,100.0
0.5529000000000001,552.9000000000001,100.0
0.553,553.0,100.0
0.5531,553.1,100.0
0.5532,553.2,100.0
0.5533,553.3000000000001,100.0
0.5534,553.4,100.0
0.5535,553.5,100.0
0.5536,553.6,100.0
0.5537000000000001,553.7,100.0
0.5538000000000001,553.8000000000001,100.0
0.5539000000000001,553.9000000000001,100.0
0.554,554.0,100.0
0.5541,554.1,100.0
0.5542,554.2,100.0
0.5543,554.3000000000001,100.0
0.5544,554.4,100.0
0.5545,554.5,100.0
0.5546,554.6,100.0
0.5547000000000001,554.7,100.0
0.5548000000000001,554.8000000000001,100.0
0.5549000000000001,554.9000000000001,100.0
0.555,555.0,100.0
0.5551,555.1,100.0
0.5552,555.2,100.0
0.5553,555.3000000000001,100.0
0.5554,555.4,100.0
0.5555,555.5,100.0
0.5556,555.6,100.0
0.5557,555.6999999999999,100.0
0.5558000000000001,555.8000000000001,100.0
0.5559000000000001,555.9000000000001,100.0
0.556,556.0,100.0
0.5561,556.1,100.0
0.5562,556.2,100.0
0.5563,556.3000000000001,100.0
0.5564,556.4,100.0
0.5565,556.5,100.0
0.5566,556.6,100.0
0.5567,556.6999999999999,100.0
0.5568000000000001,556.8000000000001,100.0
0.5569000000000001,556.9000000000001,100.0
0.557,557.0,100.0
0.5571,557.1,100.0
0.5572,557.2,100.0
0.5573,557.3000000000001,100.0
0.5574,557.4,100.0
0.5575,557.5,100.0
0.5576,557.6,100.0
0.5577,557.6999999999999,100.0
0.5578000000000001,557.8000000000001,100.0
0.5579000000000001,557.9000000000001,100.0
0.558,558.0,100.0
0.5581,558.1,100.0
0.5582,558.2,100.0
0.5583,558.3000000000001,100.0
0.5584,558.4,100.0
0.5585,558.5,100.0
0.5586,558.6,100.0
0.5587,558.6999999999999,100.0
0.5588000000000001,558.8000000000001,100.0
0.5589000000000001,558.9000000000001,100.0
0.559,559.0,100.0
0.5591,559.1,100.0
0.5592,559.2,100.0
0.5593,559.3000000000001,100.0
0.5594,559.4,100.0
0.5595,559.5,100.0
0.5596,559.6,100.0
0.5597,559.6999999999999,100.0
0.5598000000000001,559.8000000000001,100.0
0.5599000000000001,559.9000000000001,100.0
0.56,560.0,100.0
0.5601,560.1,100.0
0.5602,560.2,100.0
0.5603,560.3000000000001,100.0
0.5604,560.4,100.0
0.5605,560.5,100.0
0.5606,560.6,100.0
0.5607,560.6999999999999,100.0
0.5608000000000001,560.8000000000001,100.0
0.5609000000000001,560.9000000000001,100.0
0.561,561.0,100.0
0.5611,561.1,100.0
0.5612,561.2,100.0
0.5613,561.3000000000001,100.0
0.5614,561.4,100.0
0.5615,561.5,100.0
0.5616,561.6,100.0
0.5617,561.6999999999999,100.0
0.5618000000000001,561.8000000000001,100.0
0.5619000000000001,561.9000000000001,100.0
0.562,562.0,100.0
0.5621,562.1,100.0
0.5622,562.2,100.0
0.5623,562.3000000000001,100.0
0.5624,562.4,100.0
0.5625,562.5,100.0
0.5626,562.6,100.0
0.5627,562.6999999999999,100.0
0.5628000000000001,562.8000000000001,100.0
0.5629000000000001,562.9000000000001,100.0
0.5630000000000001,563.0,100.0
0.5631,563.1,100.0
0.5632,563.2,100.0
0.5633,563.3000000000001,100.0
0.5634,563.4,100.0
0.5635,563.5,100.0
0.5636,563.6,100.0
0.5637,563.6999999999999,100.0
0.5638000000000001,563.8000000000001,100.0
0.5639000000000001,563.9000000000001,100.0
0.5640000000000001,564.0,100.0
0.5641,564.1,100.0
0.5642,564.2,100.0
0.5643,564.3000000000001,100.0
0.5644,564.4,100.0
0.5645,564.5,100.0
0.5646,564.6,100.0
0.5647,564.6999999999999,100.0
0.5648000000000001,564.8000000000001,100.0
0.5649000000000001,564.9000000000001,100.0
0.5650000000000001,565.0000000000001,100.0
0.5651,565.1,100.0
0.5652,565.2,100.0
0.5653,565.3000000000001,100.0
0.5654,565.4,100.0
0.5655,565.5,100.0
0.5656,565.6,100.0
0.5657,565.6999999999999,100.0
0.5658000000000001,565.8000000000001,100.0
0.5659000000000001,565.9000000000001,100.0
0.5660000000000001,566.0000000000001,100.0
0.5661,566.1,100.0
0.5662,566.2,100.0
0.5663,566.3000000000001,100.0
0.5664,566.4,100.0
0.5665,566.5,100.0
0.5666,566.6,100.0
0.5667,566.6999999999999,100.0
0.5668000000000001,566.8000000000001,100.0
0.5669000000000001,566.9000000000001,100.0
0.5670000000000001,567.0000000000001,100.0
0.5671,567.1,100.0
0.5672,567.2,100.0
0.5673,567.3000000000001,100.0
0.5674,567.4,100.0
0.5675,567.5,100.0
0.5676,567.6,100.0
0.5677,567.6999999999999,100.0
0.5678000000000001,567.8000000000001,100.0
0.5679000000000001,567.9000000000001,100.0
0.5680000000000001,568.0000000000001,100.0
0.5681,568.1,100.0
0.5682,568.2,100.0
0.5683,568.3000000000001,100.0
0.5684,568.4,100.0
0.5685,568.5,100.0
0.5686,568.6,100.0
0.5687,568.6999999999999,100.0
0.5688,568.8,100.0
0.5689000000000001,568.9000000000001,100.0
0.5690000000000001,569.0000000000001,100.0
0.5691,569.1,100.0
0.5692,569.2,100.0
0.5693,569.3000000000001,100.0
0.5694,569.4,100.0
0.5695,569.5,100.0
0.5696,569.6,100.0
0.5697,569.6999999999999,100.0
0.5698,569.8,100.0
0.5699000000000001,569.9000000000001,100.0
0.5700000000000001,570.0000000000001,100.0
0.5701,570.1,100.0
0.5702,570.2,100.0
0.5703,570.3000000000001,100.0
0.5704,570.4,100.0
0.5705,570.5,100.0
0.5706,570.6,100.0
0.5707,570.6999999999999,100.0
0.5708,570.8,100.0
0.5709000000000001,570.9000000000001,100.0
0.5710000000000001,571.0000000000001,100.0
0.5711,571.1,100.0
0.5712,571.2,100.0
0.5713,571.3000000000001,100.0
0.5714,571.4,100.0
0.5715,571.5,100.0
0.5716,571.6,100.0
0.5717,571.6999999999999,100.0
0.5718,571.8,100.0
0.5719000000000001,571.9000000000001,100.0
0.5720000000000001,572.0000000000001,100.0
0.5721,572.1,100.0
0.5722,572.2,100.0
0.5723,572.3000000000001,100.0
0.5724,572.4,100.0
0.5725,572.5,100.0
0.5726,572.6,100.0
0.5727,572.6999999999999,100.0
0.5728,572.8,100.0
0.5729000000000001,572.9000000000001,100.0
0.5730000000000001,573.0000000000001,100.0
0.5731,573.1,100.0
0.5732,573.2,100.0
0.5733,573.3000000000001,100.0
0.5734,573.4,100.0
0.5735,573.5,100.0
0.5736,573.6,100.0
0.5737,573.6999999999999,100.0
0.5738,573.8,100.0
0.5739000000000001,573.9000000000001,100.0
0.5740000000000001,574.0000000000001,100.0
0.5741,574.1,100.0
0.5742,574.2,100.0
0.5743,574.3000000000001,100.0
0.5744,574.4,100.0
0.5745,574.5,100.0
0.5746,574.6,100.0
0.5747,574.7,100.0
0.5748,574.8,100.0
0.5749000000000001,574.9000000000001,100.0
0.5750000000000001,575.0000000000001,100.0
0.5751000000000001,575.1,100.0
0.5752,575.2,100.0
0.5753,575.3000000000001,100.0
0.5754,575.4,100.0
0.5755,575.5,100.0
0.5756,575.6,100.0
0.5757,575.7,100.0
0.5758,575.8,100.0
0.5759000000000001,575.9000000000001,100.0
0.5760000000000001,576.0000000000001,100.0
0.5761000000000001,576.1,100.0
0.5762,576.2,100.0
0.5763,576.3000000000001,100.0
0.5764,576.4,100.0
0.5765,576.5,100.0
0.5766,576.6,100.0
0.5767,576.7,100.0
0.5768,576.8,100.0
0.5769000000000001,576.9000000000001,100.0
0.5770000000000001,577.0000000000001,100.0
0.5771000000000001,577.1,100.0
0.5772,577.2,100.0
0.5773,577.3000000000001,100.0
0.5774,577.4,100.0
0.5775,577.5,100.0
0.5776,577.6,100.0
0.5777,577.7,100.0
0.5778,577.8,100.0
0.5779000000000001,577.9000000000001,100.0
0.5780000000000001,578.0000000000001,100.0
0.5781000000000001,578.1,100.0
0.5782,578.2,100.0
0.5783,578.3000000000001,100.0
0.5784,578.4,100.0
0.5785,578.5,100.0
0.5786,578.6,100.0
0.5787,578.7,100.0
0.5788,578.8,100.0
0.5789000000000001,578.9000000000001,100.0
0.5790000000000001,579.0000000000001,100.0
0.5791000000000001,579.1,100.0
0.5792,579.2,100.0
0.5793,579.3000000000001,100.0
0.5794,579.4,100.0
0.5795,579.5,100.0
0.5796,579.6,100.0
0.5797,579.7,100.0
0.5798,579.8,100.0
0.5799000000000001,579.9000000000001,100.0
0.5800000000000001,580.0000000000001,100.0
0.5801000000000001,580.1,100.0
0.5802,580.2,100.0
0.5803,580.3000000000001,100.0
0.5804,580.4,100.0
0.5805,580.5,100.0
0.5806,580.6,100.0
0.5807,580.7,100.0
0.5808,580.8,100.0
0.5809000000000001,580.9000000000001,100.0
0.5810000000000001,581.0000000000001,100.0
0.5811000000000001,581.1,100.0
0.5812,581.2,100.0
0.5813,581.3000000000001,100.0
0.5814,581.4,100.0
0.5815,581.5,100.0
0.5816,581.6,100.0
0.5817,581.7,100.0
0.5818,581.8,100.0
0.5819,581.9,100.0
0.5820000000000001,582.0000000000001,100.0
0.5821000000000001,582.1,100.0
0.5822,582.2,100.0
0.5823,582.3000000000001,100.0
0.5824,582.4,100.0
0.5825,582.5,100.0
0.5826,582.6,100.0
0.5827,582.7,100.0
0.5828,582.8,100.0
0.5829,582.9,100.0
0.5830000000000001,583.0000000000001,100.0
0.5831000000000001,583.1,100.0
0.5832,583.2,100.0
0.5833,583.3000000000001,100.0
0.5834,583.4,100.0
0.5835,583.5,100.0
0.5836,583.6,100.0
0.5837,583.7,100.0
0.5838,583.8,100.0
0.5839,583.9,100.0
0.5840000000000001,584.0000000000001,100.0
0.5841000000000001,584.1,100.0
0.5842,584.2,100.0
0.5843,584.3000000000001,100.0
0.5844,584.4,100.0
0.5845,584.5,100.0
0.5846,584.6,100.0
0.5847,584.7,100.0
0.5848,584.8,100.0
0.5849,584.9,100.0
0.5850000000000001,585.0000000000001,100.0
0.5851000000000001,585.1,100.0
0.5852,585.2,100.0
0.5853,585.3000000000001,100.0
0.5854,585.4,100.0
0.5855,585.5,100.0
0.5856,585.6,100.0
0.5857,585.7,100.0
0.5858,585.8,100.0
0.5859,585.9,100.0
0.5860000000000001,586.0000000000001,100.0
0.5861000000000001,586.1,100.0
0.5862,586.2,100.0
0.5863,586.3000000000001,100.0
0.5864,586.4,100.0
0.5865,586.5,100.0
0.5866,586.6,100.0
0.5867,586.7,100.0
0.5868,586.8,100.0
0.5869,586.9,100.0
0.5870000000000001,587.0000000000001,100.0
0.5871000000000001,587.1,100.0
0.5872,587.2,100.0
0.5873,587.3000000000001,100.0
0.5874,587.4,100.0
0.5875,587.5,100.0
0.5876,587.6,100.0
0.5877,587.7,100.0
0.5878,587.8,100.0
0.5879,587.9,100.0
0.5880000000000001,588.0000000000001,100.0
0.5881000000000001,588.1,100.0
0.5882000000000001,588.2,100.0
0.5883,588.3000000000001,100.0
0.5884,588.4000000000001,100.0
0.5885,588.5,100.0
0.5886,588.6,100.0
0.5887,588.7,100.0
0.5888,588.8,100.0
0.5889,588.9,100.0
0.5890000000000001,589.0000000000001,100.0
0.5891000000000001,589.1,100.0
0.5892000000000001,589.2,100.0
0.5893,589.3000000000001,100.0
0.5894,589.4000000000001,100.0
0.5895,589.5,100.0
0.5896,589.6,100.0
0.5897,589.7,100.0
0.5898,589.8,100.0
0.5899,589.9,100.0
0.5900000000000001,590.0000000000001,100.0
0.5901000000000001,590.1,100.0
0.5902000000000001,590.2,100.0
0.5903,590.3000000000001,100.0
0.5904,590.4000000000001,100.0
0.5905,590.5,100.0
0.5906,590.6,100.0
0.5907,590.7,100.0
0.5908,590.8,100.0
0.5909,590.9,100.0
0.5910000000000001,591.0000000000001,100.0
0.5911000000000001,591.1,100.0
0.5912000000000001,591.2,100.0
0.5913,591.3000000000001,100.0
0.5914,591.4000000000001,100.0
0.5915,591.5,100.0
0.5916,591.6,100.0
0.5917,591.7,100.0
0.5918,591.8,100.0
0.5919,591.9,100.0
0.5920000000000001,592.0000000000001,100.0
0.5921000000000001,592.1,100.0
0.5922000000000001,592.2,100.0
0.5923,592.3000000000001,100.0
0.5924,592.4000000000001,100.0
0.5925,592.5,100.0
0.5926,592.6,100.0
0.5927,592.7,100.0
0.5928,592.8,100.0
0.5929,592.9,100.0
0.5930000000000001,593.0000000000001,100.0
0.5931000000000001,593.1,100.0
0.5932000000000001,593.2,100.0
0.5933,593.3000000000001,100.0
0.5934,593.4000000000001,100.0
0.5935,593.5,100.0
0.5936,593.6,100.0
0.5937,593.7,100.0
0.5938,593.8,100.0
0.5939,593.9,100.0
0.5940000000000001,594.0000000000001,100.0
0.5941000000000001,594.1,100.0
0.5942000000000001,594.2,100.0
0.5943,594.3000000000001,100.0
0.5944,594.4000000000001,100.0
0.5945,594.5,100.0
0.5946,594.6,100.0
0.5947,594.7,100.0
0.5948,594.8,100.0
0.5949,594.9,100.0
0.595,595.0,100.0
0.5951000000000001,595.1,100.0
0.5952000000000001,595.2,100.0
0.5953,595.3000000000001,100.0
0.5954,595.4000000000001,100.0
0.5955,595.5,100.0
0.5956,595.6,100.0
0.5957,595.7,100.0
0.5958,595.8,100.0
0.5959,595.9,100.0
0.596,596.0,100.0
0.5961000000000001,596.1,100.0
0.5962000000000001,596.2,100.0
0.5963,596.3000000000001,100.0
0.5964,596.4000000000001,100.0
0.5965,596.5,100.0
0.5966,596.6,100.0
0.5967,596.7,100.0
0.5968,596.8,100.0
0.5969,596.9,100.0
0.597,597.0,100.0
0.5971000000000001,597.1,100.0
0.5972000000000001,597.2,100.0
0.5973,597.3000000000001,100.0
0.5974,597.4000000000001,100.0
0.5975,597.5,100.0
0.5976,597.6,100.0
0.5977,597.7,100.0
0.5978,597.8,100.0
0.5979,597.9,100.0
0.598,598.0,100.0
0.5981000000000001,598.1,100.0
0.5982000000000001,598.2,100.0
0.5983,598.3000000000001,100.0
0.5984,598.4000000000001,100.0
0.5985,598.5,100.0
0.5986,598.6,100.0
0.5987,598.7,100.0
0.5988,598.8,100.0
0.5989,598.9,100.0
0.599,599.0,100.0
0.5991000000000001,599.1,100.0
0.5992000000000001,599.2,100.0
0.5993,599.3000000000001,100.0
0.5994,599.4000000000001,100.0
0.5995,599.5,100.0
0.5996,599.6,100.0
0.5997,599.7,100.0
0.5998,599.8,100.0
0.5999,599.9,100.0
0.6,600.0,100.0
0.6001000000000001,600.1,100.0
0.6002000000000001,600.2,100.0
0.6003000000000001,600.3000000000001,100.0
0.6004,600.4000000000001,100.0
0.6005,600.5,100.0
0.6006,600.6,100.0
0.6007,600.7,100.0
0.6008,600.8,100.0
0.6009,600.9,100.0
0.601,601.0,100.0
0.6011000000000001,601.1,100.0
0.6012000000000001,601.2,100.0
0.6013000000000001,601.3000000000001,100.0
0.6014,601.4000000000001,100.0
0.6015,601.5,100.0
0.6016,601.6,100.0
0.6017,601.7,100.0
0.6018,601.8,100.0
0.6019,601.9,100.0
0.602,602.0,100.0
0.6021000000000001,602.1000000000001,100.0
0.6022000000000001,602.2,100.0
0.6023000000000001,602.3000000000001,100.0
0.6024,602.4000000000001,100.0
0.6025,602.5,100.0
0.6026,602.6,100.0
0.6027,602.7,100.0
0.6028,602.8,100.0
0.6029,602.9,100.0
0.603,603.0,100.0
0.6031000000000001,603.1000000000001,100.0
0.6032000000000001,603.2,100.0
0.6033000000000001,603.3000000000001,100.0
0.6034,603.4000000000001,100.0
0.6035,603.5,100.0
0.6036,603.6,100.0
0.6037,603.7,100.0
0.6038,603.8,100.0
0.6039,603.9,100.0
0.604,604.0,100.0
0.6041000000000001,604.1000000000001,100.0
0.6042000000000001,604.2,100.0
0.6043000000000001,604.3000000000001,100.0
0.6044,604.4000000000001,100.0
0.6045,604.5,100.0
0.6046,604.6,100.0
0.6047,604.7,100.0
0.6048,604.8,100.0
0.6049,604.9,100.0
0.605,605.0,100.0
0.6051000000000001,605.1000000000001,100.0
0.6052000000000001,605.2,100.0
0.6053000000000001,605.3000000000001,100.0
0.6054,605.4000000000001,100.0
0.6055,605.5,100.0
0.6056,605.6,100.0
0.6057,605.7,100.0
0.6058,605.8,100.0
0.6059,605.9,100.0
0.606,606.0,100.0
0.6061000000000001,606.1000000000001,100.0
0.6062000000000001,606.2,100.0
0.6063000000000001,606.3000000000001,100.0
0.6064,606.4000000000001,100.0
0.6065,606.5,100.0
0.6066,606.6,100.0
0.6067,606.7,100.0
0.6068,606.8,100.0
0.6069,606.9,100.0
0.607,607.0,100.0
0.6071000000000001,607.1000000000001,100.0
0.6072000000000001,607.2,100.0
0.6073000000000001,607.3000000000001,100.0
0.6074,607.4000000000001,100.0
0.6075,607.5,100.0
0.6076,607.6,100.0
0.6077,607.7,100.0
0.6078,607.8,100.0
0.6079,607.9,100.0
0.608,608.0,100.0
0.6081,608.1,100.0
0.6082000000000001,608.2,100.0
0.6083000000000001,608.3000000000001,100.0
0.6084,608.4000000000001,100.0
0.6085,608.5,100.0
0.6086,608.6,100.0
0.6087,608.7,100.0
0.6088,608.8,100.0
0.6089,608.9,100.0
0.609,609.0,100.0
0.6091,609.1,100.0
0.6092000000000001,609.2,100.0
0.6093000000000001,609.3000000000001,100.0
0.6094,609.4000000000001,100.0
0.6095,609.5,100.0
0.6096,609.6,100.0
0.6097,609.7,100.0
0.6098,609.8,100.0
0.6099,609.9,100.0
0.61,610.0,100.0
0.6101,610.1,100.0
0.6102000000000001,610.2,100.0
0.6103000000000001,610.3000000000001,100.0
0.6104,610.4000000000001,100.0
0.6105,610.5,100.0
0.6106,610.6,100.0
0.6107,610.7,100.0
0.6108,610.8,100.0
0.6109,610.9,100.0
0.611,611.0,100.0
0.6111,611.1,100.0
0.6112000000000001,611.2,100.0
0.6113000000000001,611.3000000000001,100.0
0.6114,611.4000000000001,100.0
0.6115,611.5,100.0
0.6116,611.6,100.0
0.6117,611.7,100.0
0.6118,611.8,100.0
0.6119,611.9,100.0
0.612,612.0,100.0
0.6121,612.1,100.0
0.6122000000000001,612.2,100.0
0.6123000000000001,612.3000000000001,100.0
0.6124,612.4000000000001,100.0
0.6125,612.5,100.0
0.6126,612.6,100.0
0.6127,612.7,100.0
0.6128,612.8,100.0
0.6129,612.9,100.0
0.613,613.0,100.0
0.6131,613.1,100.0
0.6132000000000001,613.2,100.0
0.6133000000000001,613.3000000000001,100.0
0.6134000000000001,613.4000000000001,100.0
0.6135,613.5,100.0
0.6136,613.6,100.0
0.6137,613.7,100.0
0.6138,613.8000000000001,100.0
0.6139,613.9,100.0
0.614,614.0,100.0
0.6141,614.1,100.0
0.6142000000000001,614.2,100.0
0.6143000000000001,614.3000000000001,100.0
0.6144000000000001,614.4000000000001,100.0
0.6145,614.5,100.0
0.6146,614.6,100.0
0.6147,614.7,100.0
0.6148,614.8000000000001,100.0
0.6149,614.9,100.0
0.615,615.0,100.0
0.6151,615.1,100.0
0.6152000000000001,615.2,100.0
0.6153000000000001,615.3000000000001,100.0
0.6154000000000001,615.4000000000001,100.0
0.6155,615.5,100.0
0.6156,615.6,100.0
0.6157,615.7,100.0
0.6158,615.8000000000001,100.0
0.6159,615.9,100.0
0.616,616.0,100.0
0.6161,616.1,100.0
0.6162000000000001,616.2,100.0
0.6163000000000001,616.3000000000001,100.0
0.6164000000000001,616.4000000000001,100.0
0.6165,616.5,100.0
0.6166,616.6,100.0
0.6167,616.7,100.0
0.6168,616.8000000000001,100.0
0.6169,616.9,100.0
0.617,617.0,100.0
0.6171,617.1,100.0
0.6172000000000001,617.2,100.0
0.6173000000000001,617.3000000000001,100.0
0.6174000000000001,617.4000000000001,100.0
0.6175,617.5,100.0
0.6176,617.6,100.0
0.6177,617.7,100.0
0.6178,617.8000000000001,100.0
0.6179,617.9,100.0
0.618,618.0,100.0
0.6181,618.1,100.0
0.6182000000000001,618.2,100.0
0.6183000000000001,618.3000000000001,100.0
0.6184000000000001,618.4000000000001,100.0
0.6185,618.5,100.0
0.6186,618.6,100.0
0.6187,618.7,100.0
0.6188,618.8000000000001,100.0
0.6189,618.9,100.0
0.619,619.0,100.0
0.6191,619.1,100.0
0.6192000000000001,619.2,100.0
0.6193000000000001,619.3000000000001,100.0
0.6194000000000001,619.4000000000001,100.0
0.6195,619.5,100.0
0.6196,619.6,100.0
0.6197,619.7,100.0
0.6198,619.8000000000001,100.0
0.6199,619.9,100.0
0.62,620.0,100.0
0.6201,620.1,100.0
0.6202000000000001,620.2,100.0
0.6203000000000001,620.3000000000001,100.0
0.6204000000000001,620.4000000000001,100.0
0.6205,620.5,100.0
0.6206,620.6,100.0
0.6207,620.7,100.0
0.6208,620.8000000000001,100.0
0.6209,620.9,100.0
0.621,621.0,100.0
0.6211,621.1,100.0
0.6212,621.1999999999999,100.0
0.6213000000000001,621.3000000000001,100.0
0.6214000000000001,621.4000000000001,100.0
0.6215,621.5,100.0
0.6216,621.6,100.0
0.6217,621.7,100.0
0.6218,621.8000000000001,100.0
0.6219,621.9,100.0
0.622,622.0,100.0
0.6221,622.1,100.0
0.6222,622.1999999999999,100.0
0.6223000000000001,622.3000000000001,100.0
0.6224000000000001,622.4000000000001,100.0
0.6225,622.5,100.0
0.6226,622.6,100.0
0.6227,622.7,100.0
0.6228,622.8000000000001,100.0
0.6229,622.9,100.0
0.623,623.0,100.0
0.6231,623.1,100.0
0.6232,623.1999999999999,100.0
0.6233000000000001,623.3000000000001,100.0
0.6234000000000001,623.4000000000001,100.0
0.6235,623.5,100.0
0.6236,623.6,100.0
0.6237,623.7,100.0
0.6238,623.8000000000001,100.0
0.6239,623.9,100.0
0.624,624.0,100.0
0.6241,624.1,100.0
0.6242,624.1999999999999,100.0
0.6243000000000001,624.3000000000001,100.0
0.6244000000000001,624.4000000000001,100.0
0.6245,624.5,100.0
0.6246,624.6,100.0
0.6247,624.7,100.0
0.6248,624.8000000000001,100.0
0.6249,624.9,100.0
0.625,625.0,100.0
0.6251,625.1,100.0
0.6252,625.1999999999999,100.0
0.6253000000000001,625.3000000000001,100.0
0.6254000000000001,625.4000000000001,100.0
0.6255000000000001,625.5,100.0
0.6256,625.6,100.0
0.6257,625.7,100.0
0.6258,625.8000000000001,100.0
0.6259,625.9,100.0
0.626,626.0,100.0
0.6261,626.1,100.0
0.6262,626.1999999999999,100.0
0.6263000000000001,626.3000000000001,100.0
0.6264000000000001,626.4000000000001,100.0
0.6265000000000001,626.5,100.0
0.6266,626.6,100.0
0.6267,626.7,100.0
0.6268,626.8000000000001,100.0
0.6269,626.9,100.0
0.627,627.0,100.0
0.6271,627.1,100.0
0.6272,627.1999999999999,100.0
0.6273000000000001,627.3000000000001,100.0
0.6274000000000001,627.4000000000001,100.0
0.6275000000000001,627.5000000000001,100.0
0.6276,627.6,100.0
0.6277,627.7,100.0
0.6278,627.8000000000001,100.0
0.6279,627.9,100.0
0.628,628.0,100.0
0.6281,628.1,100.0
0.6282,628.1999999999999,100.0
0.6283000000000001,628.3000000000001,100.0
0.6284000000000001,628.4000000000001,100.0
0.6285000000000001,628.5000000000001,100.0
0.6286,628.6,100.0
0.6287,628.7,100.0
0.6288,628.8000000000001,100.0
0.6289,628.9,100.0
0.629,629.0,100.0
0.6291,629.1,100.0
0.6292,629.1999999999999,100.0
0.6293000000000001,629.3000000000001,100.0
0.6294000000000001,629.4000000000001,100.0
0.6295000000000001,629.5000000000001,100.0
0.6296,629.6,100.0
0.6297,629.7,100.0
0.6298,629.8000000000001,100.0
0.6299,629.9,100.0
0.63,630.0,100.0
0.6301,630.1,100.0
0.6302,630.1999999999999,100.0
0.6303000000000001,630.3000000000001,100.0
0.6304000000000001,630.4000000000001,100.0
0.6305000000000001,630.5000000000001,100.0
0.6306,630.6,100.0
0.6307,630.7,100.0
0.6308,630.8000000000001,100.0
0.6309,630.9,100.0
0.631,631.0,100.0
0.6311,631.1,100.0
0.6312,631.1999999999999,100.0
0.6313000000000001,631.3000000000001,100.0
0.6314000000000001,631.4000000000001,100.0
0.6315000000000001,631.5000000000001,100.0
0.6316,631.6,100.0
0.6317,631.7,100.0
0.6318,631.8000000000001,100.0
0.6319,631.9,100.0
0.632,632.0,100.0
0.6321,632.1,100.0
0.6322,632.1999999999999,100.0
0.6323000000000001,632.3000000000001,100.0
0.6324000000000001,632.4000000000001,100.0
0.6325000000000001,632.5000000000001,100.0
0.6326,632.6,100.0
0.6327,632.7,100.0
0.6328,632.8000000000001,100.0
0.6329,632.9,100.0
0.633,633.0,100.0
0.6331,633.1,100.0
0.6332,633.1999999999999,100.0
0.6333000000000001,633.3000000000001,100.0
0.6334000000000001,633.4000000000001,100.0
0.6335000000000001,633.5000000000001,100.0
0.6336,633.6,100.0
0.6337,633.7,100.0
0.6338,633.8000000000001,100.0
0.6339,633.9,100.0
0.634,634.0,100.0
0.6341,634.1,100.0
0.6342,634.1999999999999,100.0
0.6343,634.3,100.0
0.6344000000000001,634.4000000000001,100.0
0.6345000000000001,634.5000000000001,100.0
0.6346,634.6,100.0
0.6347,634.7,100.0
0.6348,634.8000000000001,100.0
0.6349,634.9,100.0
0.635,635.0,100.0
0.6351,635.1,100.0
0.6352,635.1999999999999,100.0
0.6353,635.3,100.0
0.6354000000000001,635.4000000000001,100.0
0.6355000000000001,635.5000000000001,100.0
0.6356,635.6,100.0
0.6357,635.7,100.0
0.6358,635.8000000000001,100.0
0.6359,635.9,100.0
0.636,636.0,100.0
0.6361,636.1,100.0
0.6362,636.1999999999999,100.0
0.6363,636.3,100.0
0.6364000000000001,636.4000000000001,100.0
0.6365000000000001,636.5000000000001,100.0
0.6366,636.6,100.0
0.6367,636.7,100.0
0.6368,636.8000000000001,100.0
0.6369,636.9,100.0
0.637,637.0,100.0
0.6371,637.1,100.0
0.6372,637.2,100.0
0.6373,637.3,100.0
0.6374000000000001,637.4000000000001,100.0
0.6375000000000001,637.5000000000001,100.0
0.6376000000000001,637.6,100.0
0.6377,637.7,100.0
0.6378,637.8000000000001,100.0
0.6379,637.9,100.0
0.638,638.0,100.0
0.6381,638.1,100.0
0.6382,638.2,100.0
0.6383,638.3,100.0
0.6384000000000001,638.4000000000001,100.0
0.6385000000000001,638.5000000000001,100.0
0.6386000000000001,638.6,100.0
0.6387,638.7,100.0
0.6388,638.8000000000001,100.0
0.6389,638.9,100.0
0.639,639.0,100.0
0.6391,639.1,100.0
0.6392,639.2,100.0
0.6393,639.3,100.0
0.6394000000000001,639.4000000000001,100.0
0.6395000000000001,639.5000000000001,100.0
0.6396000000000001,639.6,100.0
0.6397,639.7,100.0
0.6398,639.8000000000001,100.0
0.6399,639.9,100.0
0.64,640.0,100.0
0.6401,640.1,100.0
0.6402,640.2,100.0
0.6403,640.3,100.0
0.6404000000000001,640.4000000000001,100.0
0.6405000000000001,640.5000000000001,100.0
0.6406000000000001,640.6,100.0
0.6407,640.7,100.0
0.6408,640.8000000000001,100.0
0.6409,640.9,100.0
0.641,641.0,100.0
0.6411,641.1,100.0
0.6412,641.2,100.0
0.6413,641.3,100.0
0.6414000000000001,641.4000000000001,100.0
0.6415000000000001,641.5000000000001,100.0
0.6416000000000001,641.6,100.0
0.6417,641.7,100.0
0.6418,641.8000000000001,100.0
0.6419,641.9,100.0
0.642,642.0,100.0
0.6421,642.1,100.0
0.6422,642.2,100.0
0.6423,642.3,100.0
0.6424000000000001,642.4000000000001,100.0
0.6425000000000001,642.5000000000001,100.0
0.6426000000000001,642.6,100.0
0.6427,642.7,100.0
0.6428,642.8000000000001,100.0
0.6429,642.9,100.0
0.643,643.0,100.0
0.6431,643.1,100.0
0.6432,643.2,100.0
0.6433,643.3,100.0
0.6434000000000001,643.4000000000001,100.0
0.6435000000000001,643.5000000000001,100.0
0.6436000000000001,643.6,100.0
0.6437,643.7,100.0
0.6438,643.8000000000001,100.0
0.6439,643.9,100.0
0.644,644.0,100.0
0.6441,644.1,100.0
0.6442,644.2,100.0
0.6443,644.3,100.0
0.6444000000000001,644.4000000000001,100.0
0.6445000000000001,644.5000000000001,100.0
0.6446000000000001,644.6,100.0
0.6447,644.7,100.0
0.6448,644.8000000000001,100.0
0.6449,644.9,100.0
0.645,645.0,100.0
0.6451,645.1,100.0
0.6452,645.2,100.0
0.6453,645.3,100.0
0.6454000000000001,645.4000000000001,100.0
0.6455000000000001,645.5000000000001,100.0
0.6456000000000001,645.6,100.0
0.6457,645.7,100.0
0.6458,645.8000000000001,100.0
0.6459,645.9,100.0
0.646,646.0,100.0
0.6461,646.1,100.0
0.6462,646.2,100.0
0.6463,646.3,100.0
0.6464000000000001,646.4000000000001,100.0
0.6465000000000001,646.5000000000001,100.0
0.6466000000000001,646.6,100.0
0.6467,646.7,100.0
0.6468,646.8000000000001,100.0
0.6469,646.9,100.0
0.647,647.0,100.0
0.6471,647.1,100.0
0.6472,647.2,100.0
0.6473,647.3,100.0
0.6474000000000001,647.4000000000001,100.0
0.6475000000000001,647.5000000000001,100.0
0.6476000000000001,647.6,100.0
0.6477,647.7,100.0
0.6478,647.8000000000001,100.0
0.6479,647.9,100.0
0.648,648.0,100.0
0.6481,648.1,100.0
0.6482,648.2,100.0
0.6483,648.3,100.0
0.6484,648.4,100.0
0.6485000000000001,648.5000000000001,100.0
0.6486000000000001,648.6,100.0
0.6487,648.7,100.0
0.6488,648.8000000000001,100.0
0.6489,648.9,100.0
0.649,649.0,100.0
0.6491,649.1,100.0
0.6492,649.2,100.0
0.6493,649.3,100.0
0.6494,649.4,100.0
0.6495000000000001,649.5000000000001,100.0
0.6496000000000001,649.6,100.0
0.6497,649.7,100.0
0.6498,649.8000000000001,100.0
0.6499,649.9,100.0
0.65,650.0,100.0
0.6501,650.1,100.0
0.6502,650.2,100.0
0.6503,650.3,100.0
0.6504,650.4,100.0
0.6505000000000001,650.5000000000001,100.0
0.6506000000000001,650.6,100.0
0.6507000000000001,650.7,100.0
0.6508,650.8000000000001,100.0
0.6509,650.9000000000001,100.0
0.651,651.0,100.0
0.6511,651.1,100.0
0.6512,651.2,100.0
0.6513,651.3,100.0
0.6514,651.4,100.0
0.6515000000000001,651.5000000000001,100.0
0.6516000000000001,651.6,100.0
0.6517000000000001,651.7,100.0
0.6518,651.8000000000001,100.0
0.6519,651.9000000000001,100.0
0.652,652.0,100.0
0.6521,652.1,100.0
0.6522,652.2,100.0
0.6523,652.3,100.0
0.6524,652.4,100.0
0.6525000000000001,652.5000000000001,100.0
0.6526000000000001,652.6,100.0
0.6527000000000001,652.7,100.0
0.6528,652.8000000000001,100.0
0.6529,652.9000000000001,100.0
0.653,653.0,100.0
0.6531,653.1,100.0
0.6532,653.2,100.0
0.6533,653.3,100.0
0.6534,653.4,100.0
0.6535000000000001,653.5000000000001,100.0
0.6536000000000001,653.6,100.0
0.6537000000000001,653.7,100.0
0.6538,653.8000000000001,100.0
0.6539,653.9000000000001,100.0
0.654,654.0,100.0
0.6541,654.1,100.0
0.6542,654.2,100.0
0.6543,654.3,100.0
0.6544,654.4,100.0
0.6545000000000001,654.5000000000001,100.0
0.6546000000000001,654.6,100.0
0.6547000000000001,654.7,100.0
0.6548,654.8000000000001,100.0
0.6549,654.9000000000001,100.0
0.655,655.0,100.0
0.6551,655.1,100.0
0.6552,655.2,100.0
0.6553,655.3,100.0
0.6554,655.4,100.0
0.6555000000000001,655.5000000000001,100.0
0.6556000000000001,655.6,100.0
0.6557000000000001,655.7,100.0
0.6558,655.8000000000001,100.0
0.6559,655.9000000000001,100.0
0.656,656.0,100.0
0.6561,656.1,100.0
0.6562,656.2,100.0
0.6563,656.3,100.0
0.6564,656.4,100.0
0.6565000000000001,656.5000000000001,100.0
0.6566000000000001,656.6,100.0
0.6567000000000001,656.7,100.0
0.6568,656.8000000000001,100.0
0.6569,656.9000000000001,100.0
0.657,657.0,100.0
0.6571,657.1,100.0
0.6572,657.2,100.0
0.6573,657.3,100.0
0.6574,657.4,100.0
0.6575000000000001,657.5000000000001,100.0
0.6576000000000001,657.6,100.0
0.6577000000000001,657.7,100.0
0.6578,657.8000000000001,100.0
0.6579,657.9000000000001,100.0
0.658,658.0,100.0
0.6581,658.1,100.0
0.6582,658.2,100.0
0.6583,658.3,100.0
0.6584,658.4,100.0
0.6585000000000001,658.5000000000001,100.0
0.6586000000000001,658.6,100.0
0.6587000000000001,658.7,100.0
0.6588,658.8000000000001,100.0
0.6589,658.9000000000001,100.0
0.659,659.0,100.0
0.6591,659.1,100.0
0.6592,659.2,100.0
0.6593,659.3,100.0
0.6594,659.4,100.0
0.6595000000000001,659.5000000000001,100.0
0.6596000000000001,659.6,100.0
0.6597000000000001,659.7,100.0
0.6598,659.8000000000001,100.0
0.6599,659.9000000000001,100.0
0.66,660.0,100.0
0.6601,660.1,100.0
0.6602,660.2,100.0
0.6603,660.3,100.0
0.6604,660.4,100.0
0.6605000000000001,660.5000000000001,100.0
0.6606000000000001,660.6,100.0
0.6607000000000001,660.7,100.0
0.6608,660.8000000000001,100.0
0.6609,660.9000000000001,100.0
0.661,661.0,100.0
0.6611,661.1,100.0
0.6612,661.2,100.0
0.6613,661.3,100.0
0.6614,661.4,100.0
0.6615,661.5,100.0
0.6616000000000001,661.6,100.0
0.6617000000000001,661.7,100.0
0.6618,661.8000000000001,100.0
0.6619,661.9000000000001,100.0
0.662,662.0,100.0
0.6621,662.1,100.0
0.6622,662.2,100.0
0.6623,662.3,100.0
0.6624,662.4,100.0
0.6625,662.5,100.0
0.6626000000000001,662.6,100.0
0.6627000000000001,662.7,100.0
0.6628000000000001,662.8000000000001,100.0
0.6629,662.9000000000001,100.0
0.663,663.0,100.0
0.6631,663.1,100.0
0.6632,663.2,100.0
0.6633,663.3,100.0
0.6634,663.4,100.0
0.6635,663.5,100.0
0.6636000000000001,663.6,100.0
0.6637000000000001,663.7,100.0
0.6638000000000001,663.8000000000001,100.0
0.6639,663.9000000000001,100.0
0.664,664.0,100.0
0.6641,664.1,100.0
0.6642,664.2,100.0
0.6643,664.3,100.0
0.6644,664.4,100.0
0.6645,664.5,100.0
0.6646000000000001,664.6000000000001,100.0
0.6647000000000001,664.7,100.0
0.6648000000000001,664.8000000000001,100.0
0.6649,664.9000000000001,100.0
0.665,665.0,100.0
0.6651,665.1,100.0
0.6652,665.2,100.0
0.6653,665.3,100.0
0.6654,665.4,100.0
0.6655,665.5,100.0
0.6656000000000001,665.6000000000001,100.0
0.6657000000000001,665.7,100.0
0.6658000000000001,665.8000000000001,100.0
0.6659,665.9000000000001,100.0
0.666,666.0,100.0
0.6661,666.1,100.0
0.6662,666.2,100.0
0.6663,666.3,100.0
0.6664,666.4,100.0
0.6665,666.5,100.0
0.6666000000000001,666.6000000000001,100.0
0.6667000000000001,666.7,100.0
0.6668000000000001,666.8000000000001,100.0
0.6669,666.9000000000001,100.0
0.667,667.0,100.0
0.6671,667.1,100.0
0.6672,667.2,100.0
0.6673,667.3,100.0
0.6674,667.4,100.0
0.6675,667.5,100.0
0.6676000000000001,667.6000000000001,100.0
0.6677000000000001,667.7,100.0
0.6678000000000001,667.8000000000001,100.0
0.6679,667.9000000000001,100.0
0.668,668.0,100.0
0.6681,668.1,100.0
0.6682,668.2,100.0
0.6683,668.3,100.0
0.6684,668.4,100.0
0.6685,668.5,100.0
0.6686000000000001,668.6000000000001,100.0
0.6687000000000001,668.7,100.0
0.6688000000000001,668.8000000000001,100.0
0.6689,668.9000000000001,100.0
0.669,669.0,100.0
0.6691,669.1,100.0
0.6692,669.2,100.0
0.6693,669.3,100.0
0.6694,669.4,100.0
0.6695,669.5,100.0
0.6696000000000001,669.6000000000001,100.0
0.6697000000000001,669.7,100.0
0.6698000000000001,669.8000000000001,100.0
0.6699,669.9000000000001,100.0
0.67,670.0,100.0
0.6701,670.1,100.0
0.6702,670.2,100.0
0.6703,670.3,100.0
0.6704,670.4,100.0
0.6705,670.5,100.0
0.6706000000000001,670.6000000000001,100.0
0.6707000000000001,670.7,100.0
0.6708000000000001,670.8000000000001,100.0
0.6709,670.9000000000001,100.0
0.671,671.0,100.0
0.6711,671.1,100.0
0.6712,671.2,100.0
0.6713,671.3,100.0
0.6714,671.4,100.0
0.6715,671.5,100.0
0.6716000000000001,671.6000000000001,100.0
0.6717000000000001,671.7,100.0
0.6718000000000001,671.8000000000001,100.0
0.6719,671.9000000000001,100.0
0.672,672.0,100.0
0.6721,672.1,100.0
0.6722,672.2,100.0
0.6723,672.3,100.0
0.6724,672.4,100.0
0.6725,672.5,100.0
0.6726000000000001,672.6000000000001,100.0
0.6727000000000001,672.7,100.0
0.6728000000000001,672.8000000000001,100.0
0.6729,672.9000000000001,100.0
0.673,673.0,100.0
0.6731,673.1,100.0
0.6732,673.2,100.0
0.6733,673.3,100.0
0.6734,673.4,100.0
0.6735,673.5,100.0
0.6736000000000001,673.6000000000001,100.0
0.6737000000000001,673.7,100.0
0.6738000000000001,673.8000000000001,100.0
0.6739,673.9000000000001,100.0
0.674,674.0,100.0
0.6741,674.1,100.0
0.6742,674.2,100.0
0.6743,674.3,100.0
0.6744,674.4,100.0
0.6745,674.5,100.0
0.6746,674.6,100.0
0.6747000000000001,674.7,100.0
0.6748000000000001,674.8000000000001,100.0
0.6749,674.9000000000001,100.0
0.675,675.0,100.0
0.6751,675.1,100.0
0.6752,675.2,100.0
0.6753,675.3,100.0
0.6754,675.4,100.0
0.6755,675.5,100.0
0.6756,675.6,100.0
0.6757000000000001,675.7,100.0
0.6758000000000001,675.8000000000001,100.0
0.6759000000000001,675.9000000000001,100.0
0.676,676.0,100.0
0.6761,676.1,100.0
0.6762,676.2,100.0
0.6763,676.3000000000001,100.0
0.6764,676.4,100.0
0.6765,676.5,100.0
0.6766,676.6,100.0
0.6767000000000001,676.7,100.0
0.6768000000000001,676.8000000000001,100.0
0.6769000000000001,676.9000000000001,100.0
0.677,677.0,100.0
0.6771,677.1,100.0
0.6772,677.2,100.0
0.6773,677.3000000000001,100.0
0.6774,677.4,100.0
0.6775,677.5,100.0
0.6776,677.6,100.0
0.6777000000000001,677.7,100.0
0.6778000000000001,677.8000000000001,100.0
0.6779000000000001,677.9000000000001,100.0
0.678,678.0,100.0
0.6781,678.1,100.0
0.6782,678.2,100.0
0.6783,678.3000000000001,100.0
0.6784,678.4,100.0
0.6785,678.5,100.0
0.6786,678.6,100.0
0.6787000000000001,678.7,100.0
0.6788000000000001,678.8000000000001,100.0
0.6789000000000001,678.9000000000001,100.0
0.679,679.0,100.0
0.6791,679.1,100.0
0.6792,679.2,100.0
0.6793,679.3000000000001,100.0
0.6794,679.4,100.0
0.6795,679.5,100.0
0.6796,679.6,100.0
0.6797000000000001,679.7,100.0
0.6798000000000001,679.8000000000001,100.0
0.6799000000000001,679.9000000000001,100.0
0.68,680.0,100.0
0.6801,680.1,100.0
0.6802,680.2,100.0
0.6803,680.3000000000001,100.0
0.6804,680.4,100.0
0.6805,680.5,100.0
0.6806,680.6,100.0
0.6807000000000001,680.7,100.0
0.6808000000000001,680.8000000000001,100.0
0.6809000000000001,680.9000000000001,100.0
0.681,681.0,100.0
0.6811,681.1,100.0
0.6812,681.2,100.0
0.6813,681.3000000000001,100.0
0.6814,681.4,100.0
0.6815,681.5,100.0
0.6816,681.6,100.0
0.6817000000000001,681.7,100.0
0.6818000000000001,681.8000000000001,100.0
0.6819000000000001,681.9000000000001,100.0
0.682,682.0,100.0
0.6821,682.1,100.0
0.6822,682.2,100.0
0.6823,682.3000000000001,100.0
0.6824,682.4,100.0
0.6825,682.5,100.0
0.6826,682.6,100.0
0.6827000000000001,682.7,100.0
0.6828000000000001,682.8000000000001,100.0
0.6829000000000001,682.9000000000001,100.0
0.683,683.0,100.0
0.6831,683.1,100.0
0.6832,683.2,100.0
0.6833,683.3000000000001,100.0
0.6834,683.4,100.0
0.6835,683.5,100.0
0.6836,683.6,100.0
0.6837000000000001,683.7,100.0
0.6838000000000001,683.8000000000001,100.0
0.6839000000000001,683.9000000000001,100.0
0.684,684.0,100.0
0.6841,684.1,100.0
0.6842,684.2,100.0
0.6843,684.3000000000001,100.0
0.6844,684.4,100.0
0.6845,684.5,100.0
0.6846,684.6,100.0
0.6847000000000001,684.7,100.0
0.6848000000000001,684.8000000000001,100.0
0.6849000000000001,684.9000000000001,100.0
0.685,685.0,100.0
0.6851,685.1,100.0
0.6852,685.2,100.0
0.6853,685.3000000000001,100.0
0.6854,685.4,100.0
0.6855,685.5,100.0
0.6856,685.6,100.0
0.6857000000000001,685.7,100.0
0.6858000000000001,685.8000000000001,100.0
0.6859000000000001,685.9000000000001,100.0
0.686,686.0,100.0
0.6861,686.1,100.0
0.6862,686.2,100.0
0.6863,686.3000000000001,100.0
0.6864,686.4,100.0
0.6865,686.5,100.0
0.6866,686.6,100.0
0.6867000000000001,686.7,100.0
0.6868000000000001,686.8000000000001,100.0
0.6869000000000001,686.9000000000001,100.0
0.687,687.0,100.0
0.6871,687.1,100.0
0.6872,687.2,100.0
0.6873,687.3000000000001,100.0
0.6874,687.4,100.0
0.6875,687.5,100.0
0.6876,687.6,100.0
0.6877,687.6999999999999,100.0
0.6878000000000001,687.8000000000001,100.0
0.6879000000000001,687.9000000000001,100.0
0.6880000000000001,688.0,100.0
0.6881,688.1,100.0
0.6882,688.2,100.0
0.6883,688.3000000000001,100.0
0.6884,688.4,100.0
0.6885,688.5,100.0
0.6886,688.6,100.0
0.6887,688.6999999999999,100.0
0.6888000000000001,688.8000000000001,100.0
0.6889000000000001,688.9000000000001,100.0
0.6890000000000001,689.0,100.0
0.6891,689.1,100.0
0.6892,689.2,100.0
0.6893,689.3000000000001,100.0
0.6894,689.4,100.0
0.6895,689.5,100.0
0.6896,689.6,100.0
0.6897,689.6999999999999,100.0
0.6898000000000001,689.8000000000001,100.0
0.6899000000000001,689.9000000000001,100.0
0.6900000000000001,690.0000000000001,100.0
0.6901,690.1,100.0
0.6902,690.2,100.0
0.6903,690.3000000000001,100.0
0.6904,690.4,100.0
0.6905,690.5,100.0
0.6906,690.6,100.0
0.6907,690.6999999999999,100.0
0.6908000000000001,690.8000000000001,100.0
0.6909000000000001,690.9000000000001,100.0
0.6910000000000001,691.0000000000001,100.0
0.6911,691.1,100.0
0.6912,691.2,100.0
0.6913,691.3000000000001,100.0
0.6914,691.4,100.0
0.6915,691.5,100.0
0.6916,691.6,100.0
0.6917,691.6999999999999,100.0
0.6918000000000001,691.8000000000001,100.0
0.6919000000000001,691.9000000000001,100.0
0.6920000000000001,692.0000000000001,100.0
0.6921,692.1,100.0
0.6922,692.2,100.0
0.6923,692.3000000000001,100.0
0.6924,692.4,100.0
0.6925,692.5,100.0
0.6926,692.6,100.0
0.6927,692.6999999999999,100.0
0.6928000000000001,692.8000000000001,100.0
0.6929000000000001,692.9000000000001,100.0
0.6930000000000001,693.0000000000001,100.0
0.6931,693.1,100.0
0.6932,693.2,100.0
0.6933,693.3000000000001,100.0
0.6934,693.4,100.0
0.6935,693.5,100.0
0.6936,693.6,100.0
0.6937,693.6999999999999,100.0
0.6938000000000001,693.8000000000001,100.0
0.6939000000000001,693.9000000000001,100.0
0.6940000000000001,694.0000000000001,100.0
0.6941,694.1,100.0
0.6942,694.2,100.0
0.6943,694.3000000000001,100.0
0.6944,694.4,100.0
0.6945,694.5,100.0
0.6946,694.6,100.0
0.6947,694.6999999999999,100.0
0.6948000000000001,694.8000000000001,100.0
0.6949000000000001,694.9000000000001,100.0
0.6950000000000001,695.0000000000001,100.0
0.6951,695.1,100.0
0.6952,695.2,100.0
0.6953,695.3000000000001,100.0
0.6954,695.4,100.0
0.6955,695.5,100.0
0.6956,695.6,100.0
0.6957,695.6999999999999,100.0
0.6958000000000001,695.8000000000001,100.0
0.6959000000000001,695.9000000000001,100.0
0.6960000000000001,696.0000000000001,100.0
0.6961,696.1,100.0
0.6962,696.2,100.0
0.6963,696.3000000000001,100.0
0.6964,696.4,100.0
0.6965,696.5,100.0
0.6966,696.6,100.0
0.6967,696.6999999999999,100.0
0.6968000000000001,696.8000000000001,100.0
0.6969000000000001,696.9000000000001,100.0
0.6970000000000001,697.0000000000001,100.0
0.6971,697.1,100.0
0.6972,697.2,100.0
0.6973,697.3000000000001,100.0
0.6974,697.4,100.0
0.6975,697.5,100.0
0.6976,697.6,100.0
0.6977,697.6999999999999,100.0
0.6978000000000001,697.8000000000001,100.0
0.6979000000000001,697.9000000000001,100.0
0.6980000000000001,698.0000000000001,100.0
0.6981,698.1,100.0
0.6982,698.2,100.0
0.6983,698.3000000000001,100.0
0.6984,698.4,100.0
0.6985,698.5,100.0
0.6986,698.6,100.0
0.6987,698.6999999999999,100.0
0.6988000000000001,698.8000000000001,100.0
0.6989000000000001,698.9000000000001,100.0
0.6990000000000001,699.0000000000001,100.0
0.6991,699.1,100.0
0.6992,699.2,100.0
0.6993,699.3000000000001,100.0
0.6994,699.4,100.0
0.6995,699.5,100.0
0.6996,699.6,100.0
0.6997,699.7,100.0
0.6998000000000001,699.8000000000001,100.0
0.6999000000000001,699.9000000000001,100.0
0.7000000000000001,700.0000000000001,100.0
0.7001000000000001,700.1,100.0
0.7002,700.2,100.0
0.7003,700.3000000000001,100.0
0.7004,700.4,100.0
0.7005,700.5,100.0
0.7006,700.6,100.0
0.7007,700.7,100.0
0.7008,700.8,100.0
0.7009000000000001,700.9000000000001,100.0
0.7010000000000001,701.0000000000001,100.0
0.7011000000000001,701.1,100.0
0.7012,701.2,100.0
0.7013,701.3000000000001,100.0
0.7014,701.4,100.0
0.7015,701.5,100.0
0.7016,701.6,100.0
0.7017,701.7,100.0
0.7018,701.8,100.0
0.7019000000000001,701.9000000000001,100.0
0.7020000000000001,702.0000000000001,100.0
0.7021000000000001,702.1,100.0
0.7022,702.2,100.0
0.7023,702.3000000000001,100.0
0.7024,702.4,100.0
0.7025,702.5,100.0
0.7026,702.6,100.0
0.7027,702.7,100.0
0.7028,702.8,100.0
0.7029000000000001,702.9000000000001,100.0
0.7030000000000001,703.0000000000001,100.0
0.7031000000000001,703.1,100.0
0.7032,703.2,100.0
0.7033,703.3000000000001,100.0
0.7034,703.4,100.0
0.7035,703.5,100.0
0.7036,703.6,100.0
0.7037,703.7,100.0
0.7038,703.8,100.0
0.7039000000000001,703.9000000000001,100.0
0.7040000000000001,704.0000000000001,100.0
0.7041000000000001,704.1,100.0
0.7042,704.2,100.0
0.7043,704.3000000000001,100.0
0.7044,704.4,100.0
0.7045,704.5,100.0
0.7046,704.6,100.0
0.7047,704.7,100.0
0.7048,704.8,100.0
0.7049000000000001,704.9000000000001,100.0
0.7050000000000001,705.0000000000001,100.0
0.7051000000000001,705.1,100.0
0.7052,705.2,100.0
0.7053,705.3000000000001,100.0
0.7054,705.4,100.0
0.7055,705.5,100.0
0.7056,705.6,100.0
0.7057,705.7,100.0
0.7058,705.8,100.0
0.7059000000000001,705.9000000000001,100.0
0.7060000000000001,706.0000000000001,100.0
0.7061000000000001,706.1,100.0
0.7062,706.2,100.0
0.7063,706.3000000000001,100.0
0.7064,706.4,100.0
0.7065,706.5,100.0
0.7066,706.6,100.0
0.7067,706.7,100.0
0.7068,706.8,100.0
0.7069000000000001,706.9000000000001,100.0
0.7070000000000001,707.0000000000001,100.0
0.7071000000000001,707.1,100.0
0.7072,707.2,100.0
0.7073,707.3000000000001,100.0
0.7074,707.4,100.0
0.7075,707.5,100.0
0.7076,707.6,100.0
0.7077,707.7,100.0
0.7078,707.8,100.0
0.7079000000000001,707.9000000000001,100.0
0.7080000000000001,708.0000000000001,100.0
0.7081000000000001,708.1,100.0
0.7082,708.2,100.0
0.7083,708.3000000000001,100.0
0.7084,708.4,100.0
0.7085,708.5,100.0
0.7086,708.6,100.0
0.7087,708.7,100.0
0.7088,708.8,100.0
0.7089000000000001,708.9000000000001,100.0
0.7090000000000001,709.0000000000001,100.0
0.7091000000000001,709.1,100.0
0.7092,709.2,100.0
0.7093,709.3000000000001,100.0
0.7094,709.4,100.0
0.7095,709.5,100.0
0.7096,709.6,100.0
0.7097,709.7,100.0
0.7098,709.8,100.0
0.7099000000000001,709.9000000000001,100.0
0.7100000000000001,710.0000000000001,100.0
0.7101000000000001,710.1,100.0
0.7102,710.2,100.0
0.7103,710.3000000000001,100.0
0.7104,710.4,100.0
0.7105,710.5,100.0
0.7106,710.6,100.0
0.7107,710.7,100.0
0.7108,710.8,100.0
0.7109000000000001,710.9000000000001,100.0
0.7110000000000001,711.0000000000001,100.0
0.7111000000000001,711.1,100.0
0.7112,711.2,100.0
0.7113,711.3000000000001,100.0
0.7114,711.4,100.0
0.7115,711.5,100.0
0.7116,711.6,100.0
0.7117,711.7,100.0
0.7118,711.8,100.0
0.7119000000000001,711.9000000000001,100.0
0.7120000000000001,712.0000000000001,100.0
0.7121000000000001,712.1,100.0
0.7122,712.2,100.0
0.7123,712.3000000000001,100.0
0.7124,712.4,100.0
0.7125,712.5,100.0
0.7126,712.6,100.0
0.7127,712.7,100.0
0.7128,712.8,100.0
0.7129000000000001,712.9000000000001,100.0
0.7130000000000001,713.0000000000001,100.0
0.7131000000000001,713.1,100.0
0.7132000000000001,713.2,100.0
0.7133,713.3000000000001,100.0
0.7134,713.4000000000001,100.0
0.7135,713.5,100.0
0.7136,713.6,100.0
0.7137,713.7,100.0
0.7138,713.8,100.0
0.7139,713.9,100.0
0.7140000000000001,714.0000000000001,100.0
0.7141000000000001,714.1,100.0
0.7142000000000001,714.2,100.0
0.7143,714.3000000000001,100.0
0.7144,714.4000000000001,100.0
0.7145,714.5,100.0
0.7146,714.6,100.0
0.7147,714.7,100.0
0.7148,714.8,100.0
0.7149,714.9,100.0
0.7150000000000001,715.0000000000001,100.0
0.7151000000000001,715.1,100.0
0.7152000000000001,715.2,100.0
0.7153,715.3000000000001,100.0
0.7154,715.4000000000001,100.0
0.7155,715.5,100.0
0.7156,715.6,100.0
0.7157,715.7,100.0
0.7158,715.8,100.0
0.7159,715.9,100.0
0.7160000000000001,716.0000000000001,100.0
0.7161000000000001,716.1,100.0
0.7162000000000001,716.2,100.0
0.7163,716.3000000000001,100.0
0.7164,716.4000000000001,100.0
0.7165,716.5,100.0
0.7166,716.6,100.0
0.7167,716.7,100.0
0.7168,716.8,100.0
0.7169,716.9,100.0
0.7170000000000001,717.0000000000001,100.0
0.7171000000000001,717.1,100.0
0.7172000000000001,717.2,100.0
0.7173,717.3000000000001,100.0
0.7174,717.4000000000001,100.0
0.7175,717.5,100.0
0.7176,717.6,100.0
0.7177,717.7,100.0
0.7178,717.8,100.0
0.7179,717.9,100.0
0.7180000000000001,718.0000000000001,100.0
0.7181000000000001,718.1,100.0
0.7182000000000001,718.2,100.0
0.7183,718.3000000000001,100.0
0.7184,718.4000000000001,100.0
0.7185,718.5,100.0
0.7186,718.6,100.0
0.7187,718.7,100.0
0.7188,718.8,100.0
0.7189,718.9,100.0
0.7190000000000001,719.0000000000001,100.0
0.7191000000000001,719.1,100.0
0.7192000000000001,719.2,100.0
0.7193,719.3000000000001,100.0
0.7194,719.4000000000001,100.0
0.7195,719.5,100.0
0.7196,719.6,100.0
0.7197,719.7,100.0
0.7198,719.8,100.0
0.7199,719.9,100.0
0.7200000000000001,720.0000000000001,100.0
0.7201000000000001,720.1,100.0
0.7202000000000001,720.2,100.0
0.7203,720.3000000000001,100.0
0.7204,720.4000000000001,100.0
0.7205,720.5,100.0
0.7206,720.6,100.0
0.7207,720.7,100.0
0.7208,720.8,100.0
0.7209,720.9,100.0
0.7210000000000001,721.0000000000001,100.0
0.7211000000000001,721.1,100.0
0.7212000000000001,721.2,100.0
0.7213,721.3000000000001,100.0
0.7214,721.4000000000001,100.0
0.7215,721.5,100.0
0.7216,721.6,100.0
0.7217,721.7,100.0
0.7218,721.8,100.0
0.7219,721.9,100.0
0.7220000000000001,722.0000000000001,100.0
0.7221000000000001,722.1,100.0
0.7222000000000001,722.2,100.0
0.7223,722.3000000000001,100.0
0.7224,722.4000000000001,100.0
0.7225,722.5,100.0
0.7226,722.6,100.0
0.7227,722.7,100.0
0.7228,722.8,100.0
0.7229,722.9,100.0
0.7230000000000001,723.0000000000001,100.0
0.7231000000000001,723.1,100.0
0.7232000000000001,723.2,100.0
0.7233,723.3000000000001,100.0
0.7234,723.4000000000001,100.0
0.7235,723.5,100.0
0.7236,723.6,100.0
0.7237,723.7,100.0
0.7238,723.8,100.0
0.7239,723.9,100.0
0.7240000000000001,724.0000000000001,100.0
0.7241000000000001,724.1,100.0
0.7242000000000001,724.2,100.0
0.7243,724.3000000000001,100.0
0.7244,724.4000000000001,100.0
0.7245,724.5,100.0
0.7246,724.6,100.0
0.7247,724.7,100.0
0.7248,724.8,100.0
0.7249,724.9,100.0
0.7250000000000001,725.0000000000001,100.0
0.7251000000000001,725.1,100.0
0.7252000000000001,725.2,100.0
0.7253000000000001,725.3000000000001,100.0
0.7254,725.4000000000001,100.0
0.7255,725.5,100.0
0.7256,725.6,100.0
0.7257,725.7,100.0
0.7258,725.8,100.0
0.7259,725.9,100.0
0.7260000000000001,726.0000000000001,100.0
0.7261000000000001,726.1,100.0
0.7262000000000001,726.2,100.0
0.7263000000000001,726.3000000000001,100.0
0.7264,726.4000000000001,100.0
0.7265,726.5,100.0
0.7266,726.6,100.0
0.7267,726.7,100.0
0.7268,726.8,100.0
0.7269,726.9,100.0
0.727,727.0,100.0
0.7271000000000001,727.1000000000001,100.0
0.7272000000000001,727.2,100.0
0.7273000000000001,727.3000000000001,100.0
0.7274,727.4000000000001,100.0
0.7275,727.5,100.0
0.7276,727.6,100.0
0.7277,727.7,100.0
0.7278,727.8,100.0
0.7279,727.9,100.0
0.728,728.0,100.0
0.7281000000000001,728.1000000000001,100.0
0.7282000000000001,728.2,100.0
0.7283000000000001,728.3000000000001,100.0
0.7284,728.4000000000001,100.0
0.7285,728.5,100.0
0.7286,728.6,100.0
0.7287,728.7,100.0
0.7288,728.8,100.0
0.7289,728.9,100.0
0.729,729.0,100.0
0.7291000000000001,729.1000000000001,100.0
0.7292000000000001,729.2,100.0
0.7293000000000001,729.3000000000001,100.0
0.7294,729.4000000000001,100.0
0.7295,729.5,100.0
0.7296,729.6,100.0
0.7297,729.7,100.0
0.7298,729.8,100.0
0.7299,729.9,100.0
0.73,730.0,100.0
0.7301000000000001,730.1000000000001,100.0
0.7302000000000001,730.2,100.0
0.7303000000000001,730.3000000000001,100.0
0.7304,730.4000000000001,100.0
0.7305,730.5,100.0
0.7306,730.6,100.0
0.7307,730.7,100.0
0.7308,730.8,100.0
0.7309,730.9,100.0
0.731,731.0,100.0
0.7311000000000001,731.1000000000001,100.0
0.7312000000000001,731.2,100.0
0.7313000000000001,731.3000000000001,100.0
0.7314,731.4000000000001,100.0
0.7315,731.5,100.0
0.7316,731.6,100.0
0.7317,731.7,100.0
0.7318,731.8,100.0
0.7319,731.9,100.0
0.732,732.0,100.0
0.7321000000000001,732.1000000000001,100.0
0.7322000000000001,732.2,100.0
0.7323000000000001,732.3000000000001,100.0
0.7324,732.4000000000001,100.0
0.7325,732.5,100.0
0.7326,732.6,100.0
0.7327,732.7,100.0
0.7328,732.8,100.0
0.7329,732.9,100.0
0.733,733.0,100.0
0.7331000000000001,733.1000000000001,100.0
0.7332000000000001,733.2,100.0
0.7333000000000001,733.3000000000001,100.0
0.7334,733.4000000000001,100.0
0.7335,733.5,100.0
0.7336,733.6,100.0
0.7337,733.7,100.0
0.7338,733.8,100.0
0.7339,733.9,100.0
0.734,734.0,100.0
0.7341000000000001,734.1000000000001,100.0
0.7342000000000001,734.2,100.0
0.7343000000000001,734.3000000000001,100.0
0.7344,734.4000000000001,100.0
0.7345,734.5,100.0
0.7346,734.6,100.0
0.7347,734.7,100.0
0.7348,734.8,100.0
0.7349,734.9,100.0
0.735,735.0,100.0
0.7351000000000001,735.1000000000001,100.0
0.7352000000000001,735.2,100.0
0.7353000000000001,735.3000000000001,100.0
0.7354,735.4000000000001,100.0
0.7355,735.5,100.0
0.7356,735.6,100.0
0.7357,735.7,100.0
0.7358,735.8,100.0
0.7359,735.9,100.0
0.736,736.0,100.0
0.7361000000000001,736.1000000000001,100.0
0.7362000000000001,736.2,100.0
0.7363000000000001,736.3000000000001,100.0
0.7364,736.4000000000001,100.0
0.7365,736.5,100.0
0.7366,736.6,100.0
0.7367,736.7,100.0
0.7368,736.8,100.0
0.7369,736.9,100.0
0.737,737.0,100.0
0.7371000000000001,737.1000000000001,100.0
0.7372000000000001,737.2,100.0
0.7373000000000001,737.3000000000001,100.0
0.7374,737.4000000000001,100.0
0.7375,737.5,100.0
0.7376,737.6,100.0
0.7377,737.7,100.0
0.7378,737.8,100.0
0.7379,737.9,100.0
0.738,738.0,100.0
0.7381000000000001,738.1000000000001,100.0
0.7382000000000001,738.2,100.0
0.7383000000000001,738.3000000000001,100.0
0.7384000000000001,738.4000000000001,100.0
0.7385,738.5,100.0
0.7386,738.6,100.0
0.7387,738.7,100.0
0.7388,738.8000000000001,100.0
0.7389,738.9,100.0
0.739,739.0,100.0
0.7391000000000001,739.1000000000001,100.0
0.7392000000000001,739.2,100.0
0.7393000000000001,739.3000000000001,100.0
0.7394000000000001,739.4000000000001,100.0
0.7395,739.5,100.0
0.7396,739.6,100.0
0.7397,739.7,100.0
0.7398,739.8000000000001,100.0
0.7399,739.9,100.0
0.74,740.0,100.0
0.7401,740.1,100.0
0.7402000000000001,740.2,100.0
0.7403000000000001,740.3000000000001,100.0
0.7404000000000001,740.4000000000001,100.0
0.7405,740.5,100.0
0.7406,740.6,100.0
0.7407,740.7,100.0
0.7408,740.8000000000001,100.0
0.7409,740.9,100.0
0.741,741.0,100.0
0.7411,741.1,100.0
0.7412000000000001,741.2,100.0
0.7413000000000001,741.3000000000001,100.0
0.7414000000000001,741.4000000000001,100.0
0.7415,741.5,100.0
0.7416,741.6,100.0
0.7417,741.7,100.0
0.7418,741.8000000000001,100.0
0.7419,741.9,100.0
0.742,742.0,100.0
0.7421,742.1,100.0
0.7422000000000001,742.2,100.0
0.7423000000000001,742.3000000000001,100.0
0.7424000000000001,742.4000000000001,100.0
0.7425,742.5,100.0
0.7426,742.6,100.0
0.7427,742.7,100.0
0.7428,742.8000000000001,100.0
0.7429,742.9,100.0
0.743,743.0,100.0
0.7431,743.1,100.0
0.7432000000000001,743.2,100.0
0.7433000000000001,743.3000000000001,100.0
0.7434000000000001,743.4000000000001,100.0
0.7435,743.5,100.0
0.7436,743.6,100.0
0.7437,743.7,100.0
0.7438,743.8000000000001,100.0
0.7439,743.9,100.0
0.744,744.0,100.0
0.7441,744.1,100.0
0.7442000000000001,744.2,100.0
0.7443000000000001,744.3000000000001,100.0
0.7444000000000001,744.4000000000001,100.0
0.7445,744.5,100.0
0.7446,744.6,100.0
0.7447,744.7,100.0
0.7448,744.8000000000001,100.0
0.7449,744.9,100.0
0.745,745.0,100.0
0.7451,745.1,100.0
0.7452000000000001,745.2,100.0
0.7453000000000001,745.3000000000001,100.0
0.7454000000000001,745.4000000000001,100.0
0.7455,745.5,100.0
0.7456,745.6,100.0
0.7457,745.7,100.0
0.7458,745.8000000000001,100.0
0.7459,745.9,100.0
0.746,746.0,100.0
0.7461,746.1,100.0
0.7462000000000001,746.2,100.0
0.7463000000000001,746.3000000000001,100.0
0.7464000000000001,746.4000000000001,100.0
0.7465,746.5,100.0
0.7466,746.6,100.0
0.7467,746.7,100.0
0.7468,746.8000000000001,100.0
0.7469,746.9,100.0
0.747,747.0,100.0
0.7471,747.1,100.0
0.7472000000000001,747.2,100.0
0.7473000000000001,747.3000000000001,100.0
0.7474000000000001,747.4000000000001,100.0
0.7475,747.5,100.0
0.7476,747.6,100.0
0.7477,747.7,100.0
0.7478,747.8000000000001,100.0
0.7479,747.9,100.0
0.748,748.0,100.0
0.7481,748.1,100.0
0.7482000000000001,748.2,100.0
0.7483000000000001,748.3000000000001,100.0
0.7484000000000001,748.4000000000001,100.0
0.7485,748.5,100.0
0.7486,748.6,100.0
0.7487,748.7,100.0
0.7488,748.8000000000001,100.0
0.7489,748.9,100.0
0.749,749.0,100.0
0.7491,749.1,100.0
0.7492000000000001,749.2,100.0
0.7493000000000001,749.3000000000001,100.0
0.7494000000000001,749.4000000000001,100.0
0.7495,749.5,100.0
0.7496,749.6,100.0
0.7497,749.7,100.0
0.7498,749.8000000000001,100.0
0.7499,749.9,100.0
0.75,750.0,100.0
0.7501,750.1,100.0
0.7502000000000001,750.2,100.0
0.7503000000000001,750.3000000000001,100.0
0.7504000000000001,750.4000000000001,100.0
0.7505000000000001,750.5,100.0
0.7506,750.6,100.0
0.7507,750.7,100.0
0.7508,750.8000000000001,100.0
0.7509,750.9,100.0
0.751,751.0,100.0
0.7511,751.1,100.0
0.7512000000000001,751.2,100.0
0.7513000000000001,751.3000000000001,100.0
0.7514000000000001,751.4000000000001,100.0
0.7515000000000001,751.5,100.0
0.7516,751.6,100.0
0.7517,751.7,100.0
0.7518,751.8000000000001,100.0
0.7519,751.9,100.0
0.752,752.0,100.0
0.7521,752.1,100.0
0.7522000000000001,752.2,100.0
0.7523000000000001,752.3000000000001,100.0
0.7524000000000001,752.4000000000001,100.0
0.7525000000000001,752.5000000000001,100.0
0.7526,752.6,100.0
0.7527,752.7,100.0
0.7528,752.8000000000001,100.0
0.7529,752.9,100.0
0.753,753.0,100.0
0.7531,753.1,100.0
0.7532,753.1999999999999,100.0
0.7533000000000001,753.3000000000001,100.0
0.7534000000000001,753.4000000000001,100.0
0.7535000000000001,753.5000000000001,100.0
0.7536,753.6,100.0
0.7537,753.7,100.0
0.7538,753.8000000000001,100.0
0.7539,753.9,100.0
0.754,754.0,100.0
0.7541,754.1,100.0
0.7542,754.1999999999999,100.0
0.7543000000000001,754.3000000000001,100.0
0.7544000000000001,754.4000000000001,100.0
0.7545000000000001,754.5000000000001,100.0
0.7546,754.6,100.0
0.7547,754.7,100.0
0.7548,754.8000000000001,100.0
0.7549,754.9,100.0
0.755,755.0,100.0
0.7551,755.1,100.0
0.7552,755.1999999999999,100.0
0.7553000000000001,755.3000000000001,100.0
0.7554000000000001,755.4000000000001,100.0
0.7555000000000001,755.5000000000001,100.0
0.7556,755.6,100.0
0.7557,755.7,100.0
0.7558,755.8000000000001,100.0
0.7559,755.9,100.0
0.756,756.0,100.0
0.7561,756.1,100.0
0.7562,756.1999999999999,100.0
0.7563000000000001,756.3000000000001,100.0
0.7564000000000001,756.4000000000001,100.0
0.7565000000000001,756.5000000000001,100.0
0.7566,756.6,100.0
0.7567,756.7,100.0
0.7568,756.8000000000001,100.0
0.7569,756.9,100.0
0.757,757.0,100.0
0.7571,757.1,100.0
0.7572,757.1999999999999,100.0
0.7573000000000001,757.3000000000001,100.0
0.7574000000000001,757.4000000000001,100.0
0.7575000000000001,757.5000000000001,100.0
0.7576,757.6,100.0
0.7577,757.7,100.0
0.7578,757.8000000000001,100.0
0.7579,757.9,100.0
0.758,758.0,100.0
0.7581,758.1,100.0
0.7582,758.1999999999999,100.0
0.7583000000000001,758.3000000000001,100.0
0.7584000000000001,758.4000000000001,100.0
0.7585000000000001,758.5000000000001,100.0
0.7586,758.6,100.0
0.7587,758.7,100.0
0.7588,758.8000000000001,100.0
0.7589,758.9,100.0
0.759,759.0,100.0
0.7591,759.1,100.0
0.7592,759.1999999999999,100.0
0.7593000000000001,759.3000000000001,100.0
0.7594000000000001,759.4000000000001,100.0
0.7595000000000001,759.5000000000001,100.0
0.7596,759.6,100.0
0.7597,759.7,100.0
0.7598,759.8000000000001,100.0
0.7599,759.9,100.0
0.76,760.0,100.0
0.7601,760.1,100.0
0.7602,760.1999999999999,100.0
0.7603000000000001,760.3000000000001,100.0
0.7604000000000001,760.4000000000001,100.0
0.7605000000000001,760.5000000000001,100.0
0.7606,760.6,100.0
0.7607,760.7,100.0
0.7608,760.8000000000001,100.0
0.7609,760.9,100.0
0.761,761.0,100.0
0.7611,761.1,100.0
0.7612,761.1999999999999,100.0
0.7613000000000001,761.3000000000001,100.0
0.7614000000000001,761.4000000000001,100.0
0.7615000000000001,761.5000000000001,100.0
0.7616,761.6,100.0
0.7617,761.7,100.0
0.7618,761.8000000000001,100.0
0.7619,761.9,100.0
0.762,762.0,100.0
0.7621,762.1,100.0
0.7622,762.2,100.0
0.7623000000000001,762.3000000000001,100.0
0.7624000000000001,762.4000000000001,100.0
0.7625000000000001,762.5000000000001,100.0
0.7626000000000001,762.6,100.0
0.7627,762.7,100.0
0.7628,762.8000000000001,100.0
0.7629,762.9,100.0
0.763,763.0,100.0
0.7631,763.1,100.0
0.7632,763.2,100.0
0.7633000000000001,763.3000000000001,100.0
0.7634000000000001,763.4000000000001,100.0
0.7635000000000001,763.5000000000001,100.0
0.7636000000000001,763.6,100.0
0.7637,763.7,100.0
0.7638,763.8000000000001,100.0
0.7639,763.9,100.0
0.764,764.0,100.0
0.7641,764.1,100.0
0.7642,764.2,100.0
0.7643000000000001,764.3000000000001,100.0
0.7644000000000001,764.4000000000001,100.0
0.7645000000000001,764.5000000000001,100.0
0.7646000000000001,764.6,100.0
0.7647,764.7,100.0
0.7648,764.8000000000001,100.0
0.7649,764.9,100.0
0.765,765.0,100.0
0.7651,765.1,100.0
0.7652,765.2,100.0
0.7653000000000001,765.3000000000001,100.0
0.7654000000000001,765.4000000000001,100.0
0.7655000000000001,765.5000000000001,100.0
0.7656000000000001,765.6,100.0
0.7657,765.7,100.0
0.7658,765.8000000000001,100.0
0.7659,765.9,100.0
0.766,766.0,100.0
0.7661,766.1,100.0
0.7662,766.2,100.0
0.7663000000000001,766.3000000000001,100.0
0.7664000000000001,766.4000000000001,100.0
0.7665000000000001,766.5000000000001,100.0
0.7666000000000001,766.6,100.0
0.7667,766.7,100.0
0.7668,766.8000000000001,100.0
0.7669,766.9,100.0
0.767,767.0,100.0
0.7671,767.1,100.0
0.7672,767.2,100.0
0.7673,767.3,100.0
0.7674000000000001,767.4000000000001,100.0
0.7675000000000001,767.5000000000001,100.0
0.7676000000000001,767.6,100.0
0.7677,767.7,100.0
0.7678,767.8000000000001,100.0
0.7679,767.9,100.0
0.768,768.0,100.0
0.7681,768.1,100.0
0.7682,768.2,100.0
0.7683,768.3,100.0
0.7684000000000001,768.4000000000001,100.0
0.7685000000000001,768.5000000000001,100.0
0.7686000000000001,768.6,100.0
0.7687,768.7,100.0
0.7688,768.8000000000001,100.0
0.7689,768.9,100.0
0.769,769.0,100.0
0.7691,769.1,100.0
0.7692,769.2,100.0
0.7693,769.3,100.0
0.7694000000000001,769.4000000000001,100.0
0.7695000000000001,769.5000000000001,100.0
0.7696000000000001,769.6,100.0
0.7697,769.7,100.0
0.7698,769.8000000000001,100.0
0.7699,769.9,100.0
0.77,770.0,100.0
0.7701,770.1,100.0
0.7702,770.2,100.0
0.7703,770.3,100.0
0.7704000000000001,770.4000000000001,100.0
0.7705000000000001,770.5000000000001,100.0
0.7706000000000001,770.6,100.0
0.7707,770.7,100.0
0.7708,770.8000000000001,100.0
0.7709,770.9,100.0
0.771,771.0,100.0
0.7711,771.1,100.0
0.7712,771.2,100.0
0.7713,771.3,100.0
0.7714000000000001,771.4000000000001,100.0
0.7715000000000001,771.5000000000001,100.0
0.7716000000000001,771.6,100.0
0.7717,771.7,100.0
0.7718,771.8000000000001,100.0
0.7719,771.9,100.0
0.772,772.0,100.0
0.7721,772.1,100.0
0.7722,772.2,100.0
0.7723,772.3,100.0
0.7724000000000001,772.4000000000001,100.0
0.7725000000000001,772.5000000000001,100.0
0.7726000000000001,772.6,100.0
0.7727,772.7,100.0
0.7728,772.8000000000001,100.0
0.7729,772.9,100.0
0.773,773.0,100.0
0.7731,773.1,100.0
0.7732,773.2,100.0
0.7733,773.3,100.0
0.7734000000000001,773.4000000000001,100.0
0.7735000000000001,773.5000000000001,100.0
0.7736000000000001,773.6,100.0
0.7737,773.7,100.0
0.7738,773.8000000000001,100.0
0.7739,773.9,100.0
0.774,774.0,100.0
0.7741,774.1,100.0
0.7742,774.2,100.0
0.7743,774.3,100.0
0.7744000000000001,774.4000000000001,100.0
0.7745000000000001,774.5000000000001,100.0
0.7746000000000001,774.6,100.0
0.7747,774.7,100.0
0.7748,774.8000000000001,100.0
0.7749,774.9,100.0
0.775,775.0,100.0
0.7751,775.1,100.0
0.7752,775.2,100.0
0.7753,775.3,100.0
0.7754000000000001,775.4000000000001,100.0
0.7755000000000001,775.5000000000001,100.0
0.7756000000000001,775.6,100.0
0.7757000000000001,775.7,100.0
0.7758,775.8000000000001,100.0
0.7759,775.9000000000001,100.0
0.776,776.0,100.0
0.7761,776.1,100.0
0.7762,776.2,100.0
0.7763,776.3,100.0
0.7764000000000001,776.4000000000001,100.0
0.7765000000000001,776.5000000000001,100.0
0.7766000000000001,776.6,100.0
0.7767000000000001,776.7,100.0
0.7768,776.8000000000001,100.0
0.7769,776.9000000000001,100.0
0.777,777.0,100.0
0.7771,777.1,100.0
0.7772,777.2,100.0
0.7773,777.3,100.0
0.7774000000000001,777.4000000000001,100.0
0.7775000000000001,777.5000000000001,100.0
0.7776000000000001,777.6,100.0
0.7777000000000001,777.7,100.0
0.7778,777.8000000000001,100.0
0.7779,777.9000000000001,100.0
0.778,778.0,100.0
0.7781,778.1,100.0
0.7782,778.2,100.0
0.7783,778.3,100.0
0.7784000000000001,778.4000000000001,100.0
0.7785000000000001,778.5000000000001,100.0
0.7786000000000001,778.6,100.0
0.7787000000000001,778.7,100.0
0.7788,778.8000000000001,100.0
0.7789,778.9000000000001,100.0
0.779,779.0,100.0
0.7791,779.1,100.0
0.7792,779.2,100.0
0.7793,779.3,100.0
0.7794000000000001,779.4000000000001,100.0
0.7795000000000001,779.5000000000001,100.0
0.7796000000000001,779.6,100.0
0.7797000000000001,779.7,100.0
0.7798,779.8000000000001,100.0
0.7799,779.9000000000001,100.0
0.78,780.0,100.0
0.7801,780.1,100.0
0.7802,780.2,100.0
0.7803,780.3,100.0
0.7804,780.4,100.0
0.7805000000000001,780.5000000000001,100.0
0.7806000000000001,780.6,100.0
0.7807000000000001,780.7,100.0
0.7808,780.8000000000001,100.0
0.7809,780.9000000000001,100.0
0.781,781.0,100.0
0.7811,781.1,100.0
0.7812,781.2,100.0
0.7813,781.3,100.0
0.7814,781.4,100.0
0.7815000000000001,781.5000000000001,100.0
0.7816000000000001,781.6,100.0
0.7817000000000001,781.7,100.0
0.7818,781.8000000000001,100.0
0.7819,781.9000000000001,100.0
0.782,782.0,100.0
0.7821,782.1,100.0
0.7822,782.2,100.0
0.7823,782.3,100.0
0.7824,782.4,100.0
0.7825000000000001,782.5000000000001,100.0
0.7826000000000001,782.6,100.0
0.7827000000000001,782.7,100.0
0.7828,782.8000000000001,100.0
0.7829,782.9000000000001,100.0
0.783,783.0,100.0
0.7831,783.1,100.0
0.7832,783.2,100.0
0.7833,783.3,100.0
0.7834,783.4,100.0
0.7835000000000001,783.5000000000001,100.0
0.7836000000000001,783.6,100.0
0.7837000000000001,783.7,100.0
0.7838,783.8000000000001,100.0
0.7839,783.9000000000001,100.0
0.784,784.0,100.0
0.7841,784.1,100.0
0.7842,784.2,100.0
0.7843,784.3,100.0
0.7844,784.4,100.0
0.7845000000000001,784.5000000000001,100.0
0.7846000000000001,784.6,100.0
0.7847000000000001,784.7,100.0
0.7848,784.8000000000001,100.0
0.7849,784.9000000000001,100.0
0.785,785.0,100.0
0.7851,785.1,100.0
0.7852,785.2,100.0
0.7853,785.3,100.0
0.7854,785.4,100.0
0.7855000000000001,785.5000000000001,100.0
0.7856000000000001,785.6,100.0
0.7857000000000001,785.7,100.0
0.7858,785.8000000000001,100.0
0.7859,785.9000000000001,100.0
0.786,786.0,100.0
0.7861,786.1,100.0
0.7862,786.2,100.0
0.7863,786.3,100.0
0.7864,786.4,100.0
0.7865000000000001,786.5000000000001,100.0
0.7866000000000001,786.6,100.0
0.7867000000000001,786.7,100.0
0.7868,786.8000000000001,100.0
0.7869,786.9000000000001,100.0
0.787,787.0,100.0
0.7871,787.1,100.0
0.7872,787.2,100.0
0.7873,787.3,100.0
0.7874,787.4,100.0
0.7875000000000001,787.5000000000001,100.0
0.7876000000000001,787.6,100.0
0.7877000000000001,787.7,100.0
0.7878000000000001,787.8000000000001,100.0
0.7879,787.9000000000001,100.0
0.788,788.0,100.0
0.7881,788.1,100.0
0.7882,788.2,100.0
0.7883,788.3,100.0
0.7884,788.4,100.0
0.7885000000000001,788.5000000000001,100.0
0.7886000000000001,788.6,100.0
0.7887000000000001,788.7,100.0
0.7888000000000001,788.8000000000001,100.0
0.7889,788.9000000000001,100.0
0.789,789.0,100.0
0.7891,789.1,100.0
0.7892,789.2,100.0
0.7893,789.3,100.0
0.7894,789.4,100.0
0.7895000000000001,789.5000000000001,100.0
0.7896000000000001,789.6000000000001,100.0
0.7897000000000001,789.7,100.0
0.7898000000000001,789.8000000000001,100.0
0.7899,789.9000000000001,100.0
0.79,790.0,100.0
0.7901,790.1,100.0
0.7902,790.2,100.0
0.7903,790.3,100.0
0.7904,790.4,100.0
0.7905000000000001,790.5000000000001,100.0
0.7906000000000001,790.6000000000001,100.0
0.7907000000000001,790.7,100.0
0.7908000000000001,790.8000000000001,100.0
0.7909,790.9000000000001,100.0
0.791,791.0,100.0
0.7911,791.1,100.0
0.7912,791.2,100.0
0.7913,791.3,100.0
0.7914,791.4,100.0
0.7915000000000001,791.5000000000001,100.0
0.7916000000000001,791.6000000000001,100.0
0.7917000000000001,791.7,100.0
0.7918000000000001,791.8000000000001,100.0
0.7919,791.9000000000001,100.0
0.792,792.0,100.0
0.7921,792.1,100.0
0.7922,792.2,100.0
0.7923,792.3,100.0
0.7924,792.4,100.0
0.7925000000000001,792.5000000000001,100.0
0.7926000000000001,792.6000000000001,100.0
0.7927000000000001,792.7,100.0
0.7928000000000001,792.8000000000001,100.0
0.7929,792.9000000000001,100.0
0.793,793.0,100.0
0.7931,793.1,100.0
0.7932,793.2,100.0
0.7933,793.3,100.0
0.7934,793.4,100.0
0.7935,793.5,100.0
0.7936000000000001,793.6000000000001,100.0
0.7937000000000001,793.7,100.0
0.7938000000000001,793.8000000000001,100.0
0.7939,793.9000000000001,100.0
0.794,794.0,100.0
0.7941,794.1,100.0
0.7942,794.2,100.0
0.7943,794.3,100.0
0.7944,794.4,100.0
0.7945,794.5,100.0
0.7946000000000001,794.6000000000001,100.0
0.7947000000000001,794.7,100.0
0.7948000000000001,794.8000000000001,100.0
0.7949,794.9000000000001,100.0
0.795,795.0,100.0
0.7951,795.1,100.0
0.7952,795.2,100.0
0.7953,795.3,100.0
0.7954,795.4,100.0
0.7955,795.5,100.0
0.7956000000000001,795.6000000000001,100.0
0.7957000000000001,795.7,100.0
0.7958000000000001,795.8000000000001,100.0
0.7959,795.9000000000001,100.0
0.796,796.0,100.0
0.7961,796.1,100.0
0.7962,796.2,100.0
0.7963,796.3,100.0
0.7964,796.4,100.0
0.7965,796.5,100.0
0.7966000000000001,796.6000000000001,100.0
0.7967000000000001,796.7,100.0
0.7968000000000001,796.8000000000001,100.0
0.7969,796.9000000000001,100.0
0.797,797.0,100.0
0.7971,797.1,100.0
0.7972,797.2,100.0
0.7973,797.3,100.0
0.7974,797.4,100.0
0.7975,797.5,100.0
0.7976000000000001,797.6000000000001,100.0
0.7977000000000001,797.7,100.0
0.7978000000000001,797.8000000000001,100.0
0.7979,797.9000000000001,100.0
0.798,798.0,100.0
0.7981,798.1,100.0
0.7982,798.2,100.0
0.7983,798.3,100.0
0.7984,798.4,100.0
0.7985,798.5,100.0
0.7986000000000001,798.6000000000001,100.0
0.7987000000000001,798.7,100.0
0.7988000000000001,798.8000000000001,100.0
0.7989,798.9000000000001,100.0
0.799,799.0,100.0
0.7991,799.1,100.0
0.7992,799.2,100.0
0.7993,799.3,100.0
0.7994,799.4,100.0
0.7995,799.5,100.0
0.7996000000000001,799.6000000000001,100.0
0.7997000000000001,799.7,100.0
0.7998000000000001,799.8000000000001,100.0
0.7999,799.9000000000001,100.0
0.8,800.0,100.0
0.8001,800.1,100.0
0.8002,800.2,100.0
0.8003,800.3,100.0
0.8004,800.4,100.0
0.8005,800.5,100.0
0.8006000000000001,800.6000000000001,100.0
0.8007000000000001,800.7,100.0
0.8008000000000001,800.8000000000001,100.0
0.8009000000000001,800.9000000000001,100.0
0.801,801.0,100.0
0.8011,801.1,100.0
0.8012,801.2,100.0
0.8013,801.3000000000001,100.0
0.8014,801.4,100.0
0.8015,801.5,100.0
0.8016000000000001,801.6000000000001,100.0
0.8017000000000001,801.7,100.0
0.8018000000000001,801.8000000000001,100.0
0.8019000000000001,801.9000000000001,100.0
0.802,802.0,100.0
0.8021,802.1,100.0
0.8022,802.2,100.0
0.8023,802.3000000000001,100.0
0.8024,802.4,100.0
0.8025,802.5,100.0
0.8026000000000001,802.6000000000001,100.0
0.8027000000000001,802.7,100.0
0.8028000000000001,802.8000000000001,100.0
0.8029000000000001,802.9000000000001,100.0
0.803,803.0,100.0
0.8031,803.1,100.0
0.8032,803.2,100.0
0.8033,803.3000000000001,100.0
0.8034,803.4,100.0
0.8035,803.5,100.0
0.8036000000000001,803.6000000000001,100.0
0.8037000000000001,803.7,100.0
0.8038000000000001,803.8000000000001,100.0
0.8039000000000001,803.9000000000001,100.0
0.804,804.0,100.0
0.8041,804.1,100.0
0.8042,804.2,100.0
0.8043,804.3000000000001,100.0
0.8044,804.4,100.0
0.8045,804.5,100.0
0.8046000000000001,804.6000000000001,100.0
0.8047000000000001,804.7,100.0
0.8048000000000001,804.8000000000001,100.0
0.8049000000000001,804.9000000000001,100.0
0.805,805.0,100.0
0.8051,805.1,100.0
0.8052,805.2,100.0
0.8053,805.3000000000001,100.0
0.8054,805.4,100.0
0.8055,805.5,100.0
0.8056000000000001,805.6000000000001,100.0
0.8057000000000001,805.7,100.0
0.8058000000000001,805.8000000000001,100.0
0.8059000000000001,805.9000000000001,100.0
0.806,806.0,100.0
0.8061,806.1,100.0
0.8062,806.2,100.0
0.8063,806.3000000000001,100.0
0.8064,806.4,100.0
0.8065,806.5,100.0
0.8066,806.6,100.0
0.8067000000000001,806.7,100.0
0.8068000000000001,806.8000000000001,100.0
0.8069000000000001,806.9000000000001,100.0
0.807,807.0,100.0
0.8071,807.1,100.0
0.8072,807.2,100.0
0.8073,807.3000000000001,100.0
0.8074,807.4,100.0
0.8075,807.5,100.0
0.8076,807.6,100.0
0.8077000000000001,807.7,100.0
0.8078000000000001,807.8000000000001,100.0
0.8079000000000001,807.9000000000001,100.0
0.808,808.0,100.0
0.8081,808.1,100.0
0.8082,808.2,100.0
0.8083,808.3000000000001,100.0
0.8084,808.4,100.0
0.8085,808.5,100.0
0.8086,808.6,100.0
0.8087000000000001,808.7,100.0
0.8088000000000001,808.8000000000001,100.0
0.8089000000000001,808.9000000000001,100.0
0.809,809.0,100.0
0.8091,809.1,100.0
0.8092,809.2,100.0
0.8093,809.3000000000001,100.0
0.8094,809.4,100.0
0.8095,809.5,100.0
0.8096,809.6,100.0
0.8097000000000001,809.7,100.0
0.8098000000000001,809.8000000000001,100.0
0.8099000000000001,809.9000000000001,100.0
0.81,810.0,100.0
0.8101,810.1,100.0
0.8102,810.2,100.0
0.8103,810.3000000000001,100.0
0.8104,810.4,100.0
0.8105,810.5,100.0
0.8106,810.6,100.0
0.8107000000000001,810.7,100.0
0.8108000000000001,810.8000000000001,100.0
0.8109000000000001,810.9000000000001,100.0
0.811,811.0,100.0
0.8111,811.1,100.0
0.8112,811.2,100.0
0.8113,811.3000000000001,100.0
0.8114,811.4,100.0
0.8115,811.5,100.0
0.8116,811.6,100.0
0.8117000000000001,811.7,100.0
0.8118000000000001,811.8000000000001,100.0
0.8119000000000001,811.9000000000001,100.0
0.812,812.0,100.0
0.8121,812.1,100.0
0.8122,812.2,100.0
0.8123,812.3000000000001,100.0
0.8124,812.4,100.0
0.8125,812.5,100.0
0.8126,812.6,100.0
0.8127000000000001,812.7,100.0
0.8128000000000001,812.8000000000001,100.0
0.8129000000000001,812.9000000000001,100.0
0.8130000000000001,813.0,100.0
0.8131,813.1,100.0
0.8132,813.2,100.0
0.8133,813.3000000000001,100.0
0.8134,813.4,100.0
0.8135,813.5,100.0
0.8136,813.6,100.0
0.8137000000000001,813.7,100.0
0.8138000000000001,813.8000000000001,100.0
0.8139000000000001,813.9000000000001,100.0
0.8140000000000001,814.0,100.0
0.8141,814.1,100.0
0.8142,814.2,100.0
0.8143,814.3000000000001,100.0
0.8144,814.4,100.0
0.8145,814.5,100.0
0.8146,814.6,100.0
0.8147000000000001,814.7,100.0
0.8148000000000001,814.8000000000001,100.0
0.8149000000000001,814.9000000000001,100.0
0.8150000000000001,815.0000000000001,100.0
0.8151,815.1,100.0
0.8152,815.2,100.0
0.8153,815.3000000000001,100.0
0.8154,815.4,100.0
0.8155,815.5,100.0
0.8156,815.6,100.0
0.8157000000000001,815.7,100.0
0.8158000000000001,815.8000000000001,100.0
0.8159000000000001,815.9000000000001,100.0
0.8160000000000001,816.0000000000001,100.0
0.8161,816.1,100.0
0.8162,816.2,100.0
0.8163,816.3000000000001,100.0
0.8164,816.4,100.0
0.8165,816.5,100.0
0.8166,816.6,100.0
0.8167000000000001,816.7,100.0
0.8168000000000001,816.8000000000001,100.0
0.8169000000000001,816.9000000000001,100.0
0.8170000000000001,817.0000000000001,100.0
0.8171,817.1,100.0
0.8172,817.2,100.0
0.8173,817.3000000000001,100.0
0.8174,817.4,100.0
0.8175,817.5,100.0
0.8176,817.6,100.0
0.8177000000000001,817.7,100.0
0.8178000000000001,817.8000000000001,100.0
0.8179000000000001,817.9000000000001,100.0
0.8180000000000001,818.0000000000001,100.0
0.8181,818.1,100.0
0.8182,818.2,100.0
0.8183,818.3000000000001,100.0
0.8184,818.4,100.0
0.8185,818.5,100.0
0.8186,818.6,100.0
0.8187000000000001,818.7,100.0
0.8188000000000001,818.8000000000001,100.0
0.8189000000000001,818.9000000000001,100.0
0.8190000000000001,819.0000000000001,100.0
0.8191,819.1,100.0
0.8192,819.2,100.0
0.8193,819.3000000000001,100.0
0.8194,819.4,100.0
0.8195,819.5,100.0
0.8196,819.6,100.0
0.8197,819.6999999999999,100.0
0.8198000000000001,819.8000000000001,100.0
0.8199000000000001,819.9000000000001,100.0
0.8200000000000001,820.0000000000001,100.0
0.8201,820.1,100.0
0.8202,820.2,100.0
0.8203,820.3000000000001,100.0
0.8204,820.4,100.0
0.8205,820.5,100.0
0.8206,820.6,100.0
0.8207,820.6999999999999,100.0
0.8208000000000001,820.8000000000001,100.0
0.8209000000000001,820.9000000000001,100.0
0.8210000000000001,821.0000000000001,100.0
0.8211,821.1,100.0
0.8212,821.2,100.0
0.8213,821.3000000000001,100.0
0.8214,821.4,100.0
0.8215,821.5,100.0
0.8216,821.6,100.0
0.8217,821.6999999999999,100.0
0.8218000000000001,821.8000000000001,100.0
0.8219000000000001,821.9000000000001,100.0
0.8220000000000001,822.0000000000001,100.0
0.8221,822.1,100.0
0.8222,822.2,100.0
0.8223,822.3000000000001,100.0
0.8224,822.4,100.0
0.8225,822.5,100.0
0.8226,822.6,100.0
0.8227,822.6999999999999,100.0
0.8228000000000001,822.8000000000001,100.0
0.8229000000000001,822.9000000000001,100.0
0.8230000000000001,823.0000000000001,100.0
0.8231,823.1,100.0
0.8232,823.2,100.0
0.8233,823.3000000000001,100.0
0.8234,823.4,100.0
0.8235,823.5,100.0
0.8236,823.6,100.0
0.8237,823.6999999999999,100.0
0.8238000000000001,823.8000000000001,100.0
0.8239000000000001,823.9000000000001,100.0
0.8240000000000001,824.0000000000001,100.0
0.8241,824.1,100.0
0.8242,824.2,100.0
0.8243,824.3000000000001,100.0
0.8244,824.4,100.0
0.8245,824.5,100.0
0.8246,824.6,100.0
0.8247,824.7,100.0
0.8248000000000001,824.8000000000001,100.0
0.8249000000000001,824.9000000000001,100.0
0.8250000000000001,825.0000000000001,100.0
0.8251000000000001,825.1,100.0
0.8252,825.2,100.0
0.8253,825.3000000000001,100.0
0.8254,825.4,100.0
0.8255,825.5,100.0
0.8256,825.6,100.0
0.8257,825.7,100.0
0.8258000000000001,825.8000000000001,100.0
0.8259000000000001,825.9000000000001,100.0
0.8260000000000001,826.0000000000001,100.0
0.8261000000000001,826.1,100.0
0.8262,826.2,100.0
0.8263,826.3000000000001,100.0
0.8264,826.4,100.0
0.8265,826.5,100.0
0.8266,826.6,100.0
0.8267,826.7,100.0
0.8268000000000001,826.8000000000001,100.0
0.8269000000000001,826.9000000000001,100.0
0.8270000000000001,827.0000000000001,100.0
0.8271000000000001,827.1,100.0
0.8272,827.2,100.0
0.8273,827.3000000000001,100.0
0.8274,827.4,100.0
0.8275,827.5,100.0
0.8276,827.6,100.0
0.8277,827.7,100.0
0.8278000000000001,827.8000000000001,100.0
0.8279000000000001,827.9000000000001,100.0
0.8280000000000001,828.0000000000001,100.0
0.8281000000000001,828.1,100.0
0.8282,828.2,100.0
0.8283,828.3000000000001,100.0
0.8284,828.4,100.0
0.8285,828.5,100.0
0.8286,828.6,100.0
0.8287,828.7,100.0
0.8288000000000001,828.8000000000001,100.0
0.8289000000000001,828.9000000000001,100.0
0.8290000000000001,829.0000000000001,100.0
0.8291000000000001,829.1,100.0
0.8292,829.2,100.0
0.8293,829.3000000000001,100.0
0.8294,829.4,100.0
0.8295,829.5,100.0
0.8296,829.6,100.0
0.8297,829.7,100.0
0.8298000000000001,829.8000000000001,100.0
0.8299000000000001,829.9000000000001,100.0
0.8300000000000001,830.0000000000001,100.0
0.8301000000000001,830.1,100.0
0.8302,830.2,100.0
0.8303,830.3000000000001,100.0
0.8304,830.4,100.0
0.8305,830.5,100.0
0.8306,830.6,100.0
0.8307,830.7,100.0
0.8308000000000001,830.8000000000001,100.0
0.8309000000000001,830.9000000000001,100.0
0.8310000000000001,831.0000000000001,100.0
0.8311000000000001,831.1,100.0
0.8312,831.2,100.0
0.8313,831.3000000000001,100.0
0.8314,831.4,100.0
0.8315,831.5,100.0
0.8316,831.6,100.0
0.8317,831.7,100.0
0.8318000000000001,831.8000000000001,100.0
0.8319000000000001,831.9000000000001,100.0
0.8320000000000001,832.0000000000001,100.0
0.8321000000000001,832.1,100.0
0.8322,832.2,100.0
0.8323,832.3000000000001,100.0
0.8324,832.4,100.0
0.8325,832.5,100.0
0.8326,832.6,100.0
0.8327,832.7,100.0
0.8328,832.8,100.0
0.8329000000000001,832.9000000000001,100.0
0.8330000000000001,833.0000000000001,100.0
0.8331000000000001,833.1,100.0
0.8332,833.2,100.0
0.8333,833.3000000000001,100.0
0.8334,833.4,100.0
0.8335,833.5,100.0
0.8336,833.6,100.0
0.8337,833.7,100.0
0.8338,833.8,100.0
0.8339000000000001,833.9000000000001,100.0
0.8340000000000001,834.0000000000001,100.0
0.8341000000000001,834.1,100.0
0.8342,834.2,100.0
0.8343,834.3000000000001,100.0
0.8344,834.4,100.0
0.8345,834.5,100.0
0.8346,834.6,100.0
0.8347,834.7,100.0
0.8348,834.8,100.0
0.8349000000000001,834.9000000000001,100.0
0.8350000000000001,835.0000000000001,100.0
0.8351000000000001,835.1,100.0
0.8352,835.2,100.0
0.8353,835.3000000000001,100.0
0.8354,835.4,100.0
0.8355,835.5,100.0
0.8356,835.6,100.0
0.8357,835.7,100.0
0.8358,835.8,100.0
0.8359000000000001,835.9000000000001,100.0
0.8360000000000001,836.0000000000001,100.0
0.8361000000000001,836.1,100.0
0.8362,836.2,100.0
0.8363,836.3000000000001,100.0
0.8364,836.4,100.0
0.8365,836.5,100.0
0.8366,836.6,100.0
0.8367,836.7,100.0
0.8368,836.8,100.0
0.8369000000000001,836.9000000000001,100.0
0.8370000000000001,837.0000000000001,100.0
0.8371000000000001,837.1,100.0
0.8372,837.2,100.0
0.8373,837.3000000000001,100.0
0.8374,837.4,100.0
0.8375,837.5,100.0
0.8376,837.6,100.0
0.8377,837.7,100.0
0.8378,837.8,100.0
0.8379000000000001,837.9000000000001,100.0
0.8380000000000001,838.0000000000001,100.0
0.8381000000000001,838.1,100.0
0.8382000000000001,838.2,100.0
0.8383,838.3000000000001,100.0
0.8384,838.4000000000001,100.0
0.8385,838.5,100.0
0.8386,838.6,100.0
0.8387,838.7,100.0
0.8388,838.8,100.0
0.8389000000000001,838.9000000000001,100.0
0.8390000000000001,839.0000000000001,100.0
0.8391000000000001,839.1,100.0
0.8392000000000001,839.2,100.0
0.8393,839.3000000000001,100.0
0.8394,839.4000000000001,100.0
0.8395,839.5,100.0
0.8396,839.6,100.0
0.8397,839.7,100.0
0.8398,839.8,100.0
0.8399000000000001,839.9000000000001,100.0
0.8400000000000001,840.0000000000001,100.0
0.8401000000000001,840.1,100.0
0.8402000000000001,840.2,100.0
0.8403,840.3000000000001,100.0
0.8404,840.4000000000001,100.0
0.8405,840.5,100.0
0.8406,840.6,100.0
0.8407,840.7,100.0
0.8408,840.8,100.0
0.8409000000000001,840.9000000000001,100.0
0.8410000000000001,841.0000000000001,100.0
0.8411000000000001,841.1,100.0
0.8412000000000001,841.2,100.0
0.8413,841.3000000000001,100.0
0.8414,841.4000000000001,100.0
0.8415,841.5,100.0
0.8416,841.6,100.0
0.8417,841.7,100.0
0.8418,841.8,100.0
0.8419000000000001,841.9000000000001,100.0
0.8420000000000001,842.0000000000001,100.0
0.8421000000000001,842.1,100.0
0.8422000000000001,842.2,100.0
0.8423,842.3000000000001,100.0
0.8424,842.4000000000001,100.0
0.8425,842.5,100.0
0.8426,842.6,100.0
0.8427,842.7,100.0
0.8428,842.8,100.0
0.8429000000000001,842.9000000000001,100.0
0.8430000000000001,843.0000000000001,100.0
0.8431000000000001,843.1,100.0
0.8432000000000001,843.2,100.0
0.8433,843.3000000000001,100.0
0.8434,843.4000000000001,100.0
0.8435,843.5,100.0
0.8436,843.6,100.0
0.8437,843.7,100.0
0.8438,843.8,100.0
0.8439000000000001,843.9000000000001,100.0
0.8440000000000001,844.0000000000001,100.0
0.8441000000000001,844.1,100.0
0.8442000000000001,844.2,100.0
0.8443,844.3000000000001,100.0
0.8444,844.4000000000001,100.0
0.8445,844.5,100.0
0.8446,844.6,100.0
0.8447,844.7,100.0
0.8448,844.8,100.0
0.8449000000000001,844.9000000000001,100.0
0.8450000000000001,845.0000000000001,100.0
0.8451000000000001,845.1,100.0
0.8452000000000001,845.2,100.0
0.8453,845.3000000000001,100.0
0.8454,845.4000000000001,100.0
0.8455,845.5,100.0
0.8456,845.6,100.0
0.8457,845.7,100.0
0.8458,845.8,100.0
0.8459,845.9,100.0
0.8460000000000001,846.0000000000001,100.0
0.8461000000000001,846.1,100.0
0.8462000000000001,846.2,100.0
0.8463,846.3000000000001,100.0
0.8464,846.4000000000001,100.0
0.8465,846.5,100.0
0.8466,846.6,100.0
0.8467,846.7,100.0
0.8468,846.8,100.0
0.8469,846.9,100.0
0.8470000000000001,847.0000000000001,100.0
0.8471000000000001,847.1,100.0
0.8472000000000001,847.2,100.0
0.8473,847.3000000000001,100.0
0.8474,847.4000000000001,100.0
0.8475,847.5,100.0
0.8476,847.6,100.0
0.8477,847.7,100.0
0.8478,847.8,100.0
0.8479,847.9,100.0
0.8480000000000001,848.0000000000001,100.0
0.8481000000000001,848.1,100.0
0.8482000000000001,848.2,100.0
0.8483,848.3000000000001,100.0
0.8484,848.4000000000001,100.0
0.8485,848.5,100.0
0.8486,848.6,100.0
0.8487,848.7,100.0
0.8488,848.8,100.0
0.8489,848.9,100.0
0.8490000000000001,849.0000000000001,100.0
0.8491000000000001,849.1,100.0
0.8492000000000001,849.2,100.0
0.8493,849.3000000000001,100.0
0.8494,849.4000000000001,100.0
0.8495,849.5,100.0
0.8496,849.6,100.0
0.8497,849.7,100.0
0.8498,849.8,100.0
0.8499,849.9,100.0
0.8500000000000001,850.0000000000001,100.0
0.8501000000000001,850.1,100.0
0.8502000000000001,850.2,100.0
0.8503000000000001,850.3000000000001,100.0
0.8504,850.4000000000001,100.0
0.8505,850.5,100.0
0.8506,850.6,100.0
0.8507,850.7,100.0
0.8508,850.8,100.0
0.8509,850.9,100.0
0.8510000000000001,851.0000000000001,100.0
0.8511000000000001,851.1,100.0
0.8512000000000001,851.2,100.0
0.8513000000000001,851.3000000000001,100.0
0.8514,851.4000000000001,100.0
0.8515,851.5,100.0
0.8516,851.6,100.0
0.8517,851.7,100.0
0.8518,851.8,100.0
0.8519,851.9,100.0
0.8520000000000001,852.0000000000001,100.0
0.8521000000000001,852.1000000000001,100.0
0.8522000000000001,852.2,100.0
0.8523000000000001,852.3000000000001,100.0
0.8524,852.4000000000001,100.0
0.8525,852.5,100.0
0.8526,852.6,100.0
0.8527,852.7,100.0
0.8528,852.8,100.0
0.8529,852.9,100.0
0.8530000000000001,853.0000000000001,100.0
0.8531000000000001,853.1000000000001,100.0
0.8532000000000001,853.2,100.0
0.8533000000000001,853.3000000000001,100.0
0.8534,853.4000000000001,100.0
0.8535,853.5,100.0
0.8536,853.6,100.0
0.8537,853.7,100.0
0.8538,853.8,100.0
0.8539,853.9,100.0
0.8540000000000001,854.0000000000001,100.0
0.8541000000000001,854.1000000000001,100.0
0.8542000000000001,854.2,100.0
0.8543000000000001,854.3000000000001,100.0
0.8544,854.4000000000001,100.0
0.8545,854.5,100.0
0.8546,854.6,100.0
0.8547,854.7,100.0
0.8548,854.8,100.0
0.8549,854.9,100.0
0.8550000000000001,855.0000000000001,100.0
0.8551000000000001,855.1000000000001,100.0
0.8552000000000001,855.2,100.0
0.8553000000000001,855.3000000000001,100.0
0.8554,855.4000000000001,100.0
0.8555,855.5,100.0
0.8556,855.6,100.0
0.8557,855.7,100.0
0.8558,855.8,100.0
0.8559,855.9,100.0
0.8560000000000001,856.0000000000001,100.0
0.8561000000000001,856.1000000000001,100.0
0.8562000000000001,856.2,100.0
0.8563000000000001,856.3000000000001,100.0
0.8564,856.4000000000001,100.0
0.8565,856.5,100.0
0.8566,856.6,100.0
0.8567,856.7,100.0
0.8568,856.8,100.0
0.8569,856.9,100.0
0.8570000000000001,857.0000000000001,100.0
0.8571000000000001,857.1000000000001,100.0
0.8572000000000001,857.2,100.0
0.8573000000000001,857.3000000000001,100.0
0.8574,857.4000000000001,100.0
0.8575,857.5,100.0
0.8576,857.6,100.0
0.8577,857.7,100.0
0.8578,857.8,100.0
0.8579,857.9,100.0
0.8580000000000001,858.0000000000001,100.0
0.8581000000000001,858.1000000000001,100.0
0.8582000000000001,858.2,100.0
0.8583000000000001,858.3000000000001,100.0
0.8584,858.4000000000001,100.0
0.8585,858.5,100.0
0.8586,858.6,100.0
0.8587,858.7,100.0
0.8588,858.8,100.0
0.8589,858.9,100.0
0.859,859.0,100.0
0.8591000000000001,859.1000000000001,100.0
0.8592000000000001,859.2,100.0
0.8593000000000001,859.3000000000001,100.0
0.8594,859.4000000000001,100.0
0.8595,859.5,100.0
0.8596,859.6,100.0
0.8597,859.7,100.0
0.8598,859.8,100.0
0.8599,859.9,100.0
0.86,860.0,100.0
0.8601000000000001,860.1000000000001,100.0
0.8602000000000001,860.2,100.0
0.8603000000000001,860.3000000000001,100.0
0.8604,860.4000000000001,100.0
0.8605,860.5,100.0
0.8606,860.6,100.0
0.8607,860.7,100.0
0.8608,860.8,100.0
0.8609,860.9,100.0
0.861,861.0,100.0
0.8611000000000001,861.1000000000001,100.0
0.8612000000000001,861.2,100.0
0.8613000000000001,861.3000000000001,100.0
0.8614,861.4000000000001,100.0
0.8615,861.5,100.0
0.8616,861.6,100.0
0.8617,861.7,100.0
0.8618,861.8,100.0
0.8619,861.9,100.0
0.862,862.0,100.0
0.8621000000000001,862.1000000000001,100.0
0.8622000000000001,862.2,100.0
0.8623000000000001,862.3000000000001,100.0
0.8624,862.4000000000001,100.0
0.8625,862.5,100.0
0.8626,862.6,100.0
0.8627,862.7,100.0
0.8628,862.8,100.0
0.8629,862.9,100.0
0.863,863.0,100.0
0.8631000000000001,863.1000000000001,100.0
0.8632000000000001,863.2,100.0
0.8633000000000001,863.3000000000001,100.0
0.8634000000000001,863.4000000000001,100.0
0.8635,863.5,100.0
0.8636,863.6,100.0
0.8637,863.7,100.0
0.8638,863.8000000000001,100.0
0.8639,863.9,100.0
0.864,864.0,100.0
0.8641000000000001,864.1000000000001,100.0
0.8642000000000001,864.2,100.0
0.8643000000000001,864.3000000000001,100.0
0.8644000000000001,864.4000000000001,100.0
0.8645,864.5,100.0
0.8646,864.6,100.0
0.8647,864.7,100.0
0.8648,864.8000000000001,100.0
0.8649,864.9,100.0
0.865,865.0,100.0
0.8651000000000001,865.1000000000001,100.0
0.8652000000000001,865.2,100.0
0.8653000000000001,865.3000000000001,100.0
0.8654000000000001,865.4000000000001,100.0
0.8655,865.5,100.0
0.8656,865.6,100.0
0.8657,865.7,100.0
0.8658,865.8000000000001,100.0
0.8659,865.9,100.0
0.866,866.0,100.0
0.8661000000000001,866.1000000000001,100.0
0.8662000000000001,866.2,100.0
0.8663000000000001,866.3000000000001,100.0
0.8664000000000001,866.4000000000001,100.0
0.8665,866.5,100.0
0.8666,866.6,100.0
0.8667,866.7,100.0
0.8668,866.8000000000001,100.0
0.8669,866.9,100.0
0.867,867.0,100.0
0.8671000000000001,867.1000000000001,100.0
0.8672000000000001,867.2,100.0
0.8673000000000001,867.3000000000001,100.0
0.8674000000000001,867.4000000000001,100.0
0.8675,867.5,100.0
0.8676,867.6,100.0
0.8677,867.7,100.0
0.8678,867.8000000000001,100.0
0.8679,867.9,100.0
0.868,868.0,100.0
0.8681000000000001,868.1000000000001,100.0
0.8682000000000001,868.2,100.0
0.8683000000000001,868.3000000000001,100.0
0.8684000000000001,868.4000000000001,100.0
0.8685,868.5,100.0
0.8686,868.6,100.0
0.8687,868.7,100.0
0.8688,868.8000000000001,100.0
0.8689,868.9,100.0
0.869,869.0,100.0
0.8691000000000001,869.1000000000001,100.0
0.8692000000000001,869.2,100.0
0.8693000000000001,869.3000000000001,100.0
0.8694000000000001,869.4000000000001,100.0
0.8695,869.5,100.0
0.8696,869.6,100.0
0.8697,869.7,100.0
0.8698,869.8000000000001,100.0
0.8699,869.9,100.0
0.87,870.0,100.0
0.8701000000000001,870.1000000000001,100.0
0.8702000000000001,870.2,100.0
0.8703000000000001,870.3000000000001,100.0
0.8704000000000001,870.4000000000001,100.0
0.8705,870.5,100.0
0.8706,870.6,100.0
0.8707,870.7,100.0
0.8708,870.8000000000001,100.0
0.8709,870.9,100.0
0.871,871.0,100.0
0.8711000000000001,871.1000000000001,100.0
0.8712000000000001,871.2,100.0
0.8713000000000001,871.3000000000001,100.0
0.8714000000000001,871.4000000000001,100.0
0.8715,871.5,100.0
0.8716,871.6,100.0
0.8717,871.7,100.0
0.8718,871.8000000000001,100.0
0.8719,871.9,100.0
0.872,872.0,100.0
0.8721,872.1,100.0
0.8722000000000001,872.2,100.0
0.8723000000000001,872.3000000000001,100.0
0.8724000000000001,872.4000000000001,100.0
0.8725,872.5,100.0
0.8726,872.6,100.0
0.8727,872.7,100.0
0.8728,872.8000000000001,100.0
0.8729,872.9,100.0
0.873,873.0,100.0
0.8731,873.1,100.0
0.8732000000000001,873.2,100.0
0.8733000000000001,873.3000000000001,100.0
0.8734000000000001,873.4000000000001,100.0
0.8735,873.5,100.0
0.8736,873.6,100.0
0.8737,873.7,100.0
0.8738,873.8000000000001,100.0
0.8739,873.9,100.0
0.874,874.0,100.0
0.8741,874.1,100.0
0.8742000000000001,874.2,100.0
0.8743000000000001,874.3000000000001,100.0
0.8744000000000001,874.4000000000001,100.0
0.8745,874.5,100.0
0.8746,874.6,100.0
0.8747,874.7,100.0
0.8748,874.8000000000001,100.0
0.8749,874.9,100.0
0.875,875.0,100.0
0.8751,875.1,100.0
0.8752000000000001,875.2,100.0
0.8753000000000001,875.3000000000001,100.0
0.8754000000000001,875.4000000000001,100.0
0.8755000000000001,875.5,100.0
0.8756,875.6,100.0
0.8757,875.7,100.0
0.8758,875.8000000000001,100.0
0.8759,875.9,100.0
0.876,876.0,100.0
0.8761,876.1,100.0
0.8762000000000001,876.2,100.0
0.8763000000000001,876.3000000000001,100.0
0.8764000000000001,876.4000000000001,100.0
0.8765000000000001,876.5,100.0
0.8766,876.6,100.0
0.8767,876.7,100.0
0.8768,876.8000000000001,100.0
0.8769,876.9,100.0
0.877,877.0,100.0
0.8771,877.1,100.0
0.8772000000000001,877.2,100.0
0.8773000000000001,877.3000000000001,100.0
0.8774000000000001,877.4000000000001,100.0
0.8775000000000001,877.5000000000001,100.0
0.8776,877.6,100.0
0.8777,877.7,100.0
0.8778,877.8000000000001,100.0
0.8779,877.9,100.0
0.878,878.0,100.0
0.8781,878.1,100.0
0.8782000000000001,878.2,100.0
0.8783000000000001,878.3000000000001,100.0
0.8784000000000001,878.4000000000001,100.0
0.8785000000000001,878.5000000000001,100.0
0.8786,878.6,100.0
0.8787,878.7,100.0
0.8788,878.8000000000001,100.0
0.8789,878.9,100.0
0.879,879.0,100.0
0.8791,879.1,100.0
0.8792000000000001,879.2,100.0
0.8793000000000001,879.3000000000001,100.0
0.8794000000000001,879.4000000000001,100.0
0.8795000000000001,879.5000000000001,100.0
0.8796,879.6,100.0
0.8797,879.7,100.0
0.8798,879.8000000000001,100.0
0.8799,879.9,100.0
0.88,880.0,100.0
0.8801,880.1,100.0
0.8802000000000001,880.2,100.0
0.8803000000000001,880.3000000000001,100.0
0.8804000000000001,880.4000000000001,100.0
0.8805000000000001,880.5000000000001,100.0
0.8806,880.6,100.0
0.8807,880.7,100.0
0.8808,880.8000000000001,100.0
0.8809,880.9,100.0
0.881,881.0,100.0
0.8811,881.1,100.0
0.8812000000000001,881.2,100.0
0.8813000000000001,881.3000000000001,100.0
0.8814000000000001,881.4000000000001,100.0
0.8815000000000001,881.5000000000001,100.0
0.8816,881.6,100.0
0.8817,881.7,100.0
0.8818,881.8000000000001,100.0
0.8819,881.9,100.0
0.882,882.0,100.0
0.8821,882.1,100.0
0.8822000000000001,882.2,100.0
0.8823000000000001,882.3000000000001,100.0
0.8824000000000001,882.4000000000001,100.0
0.8825000000000001,882.5000000000001,100.0
0.8826,882.6,100.0
0.8827,882.7,100.0
0.8828,882.8000000000001,100.0
0.8829,882.9,100.0
0.883,883.0,100.0
0.8831,883.1,100.0
0.8832000000000001,883.2,100.0
0.8833000000000001,883.3000000000001,100.0
0.8834000000000001,883.4000000000001,100.0
0.8835000000000001,883.5000000000001,100.0
0.8836,883.6,100.0
0.8837,883.7,100.0
0.8838,883.8000000000001,100.0
0.8839,883.9,100.0
0.884,884.0,100.0
0.8841,884.1,100.0
0.8842000000000001,884.2,100.0
0.8843000000000001,884.3000000000001,100.0
0.8844000000000001,884.4000000000001,100.0
0.8845000000000001,884.5000000000001,100.0
0.8846,884.6,100.0
0.8847,884.7,100.0
0.8848,884.8000000000001,100.0
0.8849,884.9,100.0
0.885,885.0,100.0
0.8851,885.1,100.0
0.8852000000000001,885.2,100.0
0.8853000000000001,885.3000000000001,100.0
0.8854000000000001,885.4000000000001,100.0
0.8855000000000001,885.5000000000001,100.0
0.8856,885.6,100.0
0.8857,885.7,100.0
0.8858,885.8000000000001,100.0
0.8859,885.9,100.0
0.886,886.0,100.0
0.8861,886.1,100.0
0.8862,886.1999999999999,100.0
0.8863000000000001,886.3000000000001,100.0
0.8864000000000001,886.4000000000001,100.0
0.8865000000000001,886.5000000000001,100.0
0.8866,886.6,100.0
0.8867,886.7,100.0
0.8868,886.8000000000001,100.0
0.8869,886.9,100.0
0.887,887.0,100.0
0.8871,887.1,100.0
0.8872,887.2,100.0
0.8873000000000001,887.3000000000001,100.0
0.8874000000000001,887.4000000000001,100.0
0.8875000000000001,887.5000000000001,100.0
0.8876000000000001,887.6,100.0
0.8877,887.7,100.0
0.8878,887.8000000000001,100.0
0.8879,887.9,100.0
0.888,888.0,100.0
0.8881,888.1,100.0
0.8882,888.2,100.0
0.8883000000000001,888.3000000000001,100.0
0.8884000000000001,888.4000000000001,100.0
0.8885000000000001,888.5000000000001,100.0
0.8886000000000001,888.6,100.0
0.8887,888.7,100.0
0.8888,888.8000000000001,100.0
0.8889,888.9,100.0
0.889,889.0,100.0
0.8891,889.1,100.0
0.8892,889.2,100.0
0.8893000000000001,889.3000000000001,100.0
0.8894000000000001,889.4000000000001,100.0
0.8895000000000001,889.5000000000001,100.0
0.8896000000000001,889.6,100.0
0.8897,889.7,100.0
0.8898,889.8000000000001,100.0
0.8899,889.9,100.0
0.89,890.0,100.0
0.8901,890.1,100.0
0.8902,890.2,100.0
0.8903000000000001,890.3000000000001,100.0
0.8904000000000001,890.4000000000001,100.0
0.8905000000000001,890.5000000000001,100.0
0.8906000000000001,890.6,100.0
0.8907,890.7,100.0
0.8908,890.8000000000001,100.0
0.8909,890.9,100.0
0.891,891.0,100.0
0.8911,891.1,100.0
0.8912,891.2,100.0
0.8913000000000001,891.3000000000001,100.0
0.8914000000000001,891.4000000000001,100.0
0.8915000000000001,891.5000000000001,100.0
0.8916000000000001,891.6,100.0
0.8917,891.7,100.0
0.8918,891.8000000000001,100.0
0.8919,891.9,100.0
0.892,892.0,100.0
0.8921,892.1,100.0
0.8922,892.2,100.0
0.8923000000000001,892.3000000000001,100.0
0.8924000000000001,892.4000000000001,100.0
0.8925000000000001,892.5000000000001,100.0
0.8926000000000001,892.6,100.0
0.8927,892.7,100.0
0.8928,892.8000000000001,100.0
0.8929,892.9,100.0
0.893,893.0,100.0
0.8931,893.1,100.0
0.8932,893.2,100.0
0.8933000000000001,893.3000000000001,100.0
0.8934000000000001,893.4000000000001,100.0
0.8935000000000001,893.5000000000001,100.0
0.8936000000000001,893.6,100.0
0.8937,893.7,100.0
0.8938,893.8000000000001,100.0
0.8939,893.9,100.0
0.894,894.0,100.0
0.8941,894.1,100.0
0.8942,894.2,100.0
0.8943000000000001,894.3000000000001,100.0
0.8944000000000001,894.4000000000001,100.0
0.8945000000000001,894.5000000000001,100.0
0.8946000000000001,894.6,100.0
0.8947,894.7,100.0
0.8948,894.8000000000001,100.0
0.8949,894.9,100.0
0.895,895.0,100.0
0.8951,895.1,100.0
0.8952,895.2,100.0
0.8953000000000001,895.3000000000001,100.0
0.8954000000000001,895.4000000000001,100.0
0.8955000000000001,895.5000000000001,100.0
0.8956000000000001,895.6,100.0
0.8957,895.7,100.0
0.8958,895.8000000000001,100.0
0.8959,895.9,100.0
0.896,896.0,100.0
0.8961,896.1,100.0
0.8962,896.2,100.0
0.8963000000000001,896.3000000000001,100.0
0.8964000000000001,896.4000000000001,100.0
0.8965000000000001,896.5000000000001,100.0
0.8966000000000001,896.6,100.0
0.8967,896.7,100.0
0.8968,896.8000000000001,100.0
0.8969,896.9,100.0
0.897,897.0,100.0
0.8971,897.1,100.0
0.8972,897.2,100.0
0.8973000000000001,897.3000000000001,100.0
0.8974000000000001,897.4000000000001,100.0
0.8975000000000001,897.5000000000001,100.0
0.8976000000000001,897.6,100.0
0.8977,897.7,100.0
0.8978,897.8000000000001,100.0
0.8979,897.9,100.0
0.898,898.0,100.0
0.8981,898.1,100.0
0.8982,898.2,100.0
0.8983000000000001,898.3000000000001,100.0
0.8984000000000001,898.4000000000001,100.0
0.8985000000000001,898.5000000000001,100.0
0.8986000000000001,898.6,100.0
0.8987,898.7,100.0
0.8988,898.8000000000001,100.0
0.8989,898.9,100.0
0.899,899.0,100.0
0.8991,899.1,100.0
0.8992,899.2,100.0
0.8993,899.3,100.0
0.8994000000000001,899.4000000000001,100.0
0.8995000000000001,899.5000000000001,100.0
0.8996000000000001,899.6,100.0
0.8997,899.7,100.0
0.8998,899.8000000000001,100.0
0.8999,899.9,100.0
0.9,900.0,100.0
0.9001,900.1,100.0
0.9002,900.2,100.0
0.9003,900.3,100.0
0.9004000000000001,900.4000000000001,100.0
0.9005000000000001,900.5000000000001,100.0
0.9006000000000001,900.6,100.0
0.9007000000000001,900.7,100.0
0.9008,900.8000000000001,100.0
0.9009,900.9000000000001,100.0
0.901,901.0,100.0
0.9011,901.1,100.0
0.9012,901.2,100.0
0.9013,901.3,100.0
0.9014000000000001,901.4000000000001,100.0
0.9015000000000001,901.5000000000001,100.0
0.9016000000000001,901.6,100.0
0.9017000000000001,901.7,100.0
0.9018,901.8000000000001,100.0
0.9019,901.9000000000001,100.0
0.902,902.0,100.0
0.9021,902.1,100.0
0.9022,902.2,100.0
0.9023,902.3,100.0
0.9024000000000001,902.4000000000001,100.0
0.9025000000000001,902.5000000000001,100.0
0.9026000000000001,902.6,100.0
0.9027000000000001,902.7,100.0
0.9028,902.8000000000001,100.0
0.9029,902.9000000000001,100.0
0.903,903.0,100.0
0.9031,903.1,100.0
0.9032,903.2,100.0
0.9033,903.3,100.0
0.9034000000000001,903.4000000000001,100.0
0.9035000000000001,903.5000000000001,100.0
0.9036000000000001,903.6,100.0
0.9037000000000001,903.7,100.0
0.9038,903.8000000000001,100.0
0.9039,903.9000000000001,100.0
0.904,904.0,100.0
0.9041,904.1,100.0
0.9042,904.2,100.0
0.9043,904.3,100.0
0.9044000000000001,904.4000000000001,100.0
0.9045000000000001,904.5000000000001,100.0
0.9046000000000001,904.6,100.0
0.9047000000000001,904.7,100.0
0.9048,904.8000000000001,100.0
0.9049,904.9000000000001,100.0
0.905,905.0,100.0
0.9051,905.1,100.0
0.9052,905.2,100.0
0.9053,905.3,100.0
0.9054000000000001,905.4000000000001,100.0
0.9055000000000001,905.5000000000001,100.0
0.9056000000000001,905.6,100.0
0.9057000000000001,905.7,100.0
0.9058,905.8000000000001,100.0
0.9059,905.9000000000001,100.0
0.906,906.0,100.0
0.9061,906.1,100.0
0.9062,906.2,100.0
0.9063,906.3,100.0
0.9064000000000001,906.4000000000001,100.0
0.9065000000000001,906.5000000000001,100.0
0.9066000000000001,906.6,100.0
0.9067000000000001,906.7,100.0
0.9068,906.8000000000001,100.0
0.9069,906.9000000000001,100.0
0.907,907.0,100.0
0.9071,907.1,100.0
0.9072,907.2,100.0
0.9073,907.3,100.0
0.9074000000000001,907.4000000000001,100.0
0.9075000000000001,907.5000000000001,100.0
0.9076000000000001,907.6,100.0
0.9077000000000001,907.7,100.0
0.9078,907.8000000000001,100.0
0.9079,907.9000000000001,100.0
0.908,908.0,100.0
0.9081,908.1,100.0
0.9082,908.2,100.0
0.9083,908.3,100.0
0.9084000000000001,908.4000000000001,100.0
0.9085000000000001,908.5000000000001,100.0
0.9086000000000001,908.6,100.0
0.9087000000000001,908.7,100.0
0.9088,908.8000000000001,100.0
0.9089,908.9000000000001,100.0
0.909,909.0,100.0
0.9091,909.1,100.0
0.9092,909.2,100.0
0.9093,909.3,100.0
0.9094000000000001,909.4000000000001,100.0
0.9095000000000001,909.5000000000001,100.0
0.9096000000000001,909.6,100.0
0.9097000000000001,909.7,100.0
0.9098,909.8000000000001,100.0
0.9099,909.9000000000001,100.0
0.91,910.0,100.0
0.9101,910.1,100.0
0.9102,910.2,100.0
0.9103,910.3,100.0
0.9104000000000001,910.4000000000001,100.0
0.9105000000000001,910.5000000000001,100.0
0.9106000000000001,910.6,100.0
0.9107000000000001,910.7,100.0
0.9108,910.8000000000001,100.0
0.9109,910.9000000000001,100.0
0.911,911.0,100.0
0.9111,911.1,100.0
0.9112,911.2,100.0
0.9113,911.3,100.0
0.9114000000000001,911.4000000000001,100.0
0.9115000000000001,911.5000000000001,100.0
0.9116000000000001,911.6,100.0
0.9117000000000001,911.7,100.0
0.9118,911.8000000000001,100.0
0.9119,911.9000000000001,100.0
0.912,912.0,100.0
0.9121,912.1,100.0
0.9122,912.2,100.0
0.9123,912.3,100.0
0.9124,912.4,100.0
0.9125000000000001,912.5000000000001,100.0
0.9126000000000001,912.6,100.0
0.9127000000000001,912.7,100.0
0.9128000000000001,912.8000000000001,100.0
0.9129,912.9000000000001,100.0
0.913,913.0,100.0
0.9131,913.1,100.0
0.9132,913.2,100.0
0.9133,913.3,100.0
0.9134,913.4,100.0
0.9135000000000001,913.5000000000001,100.0
0.9136000000000001,913.6,100.0
0.9137000000000001,913.7,100.0
0.9138000000000001,913.8000000000001,100.0
0.9139,913.9000000000001,100.0
0.914,914.0,100.0
0.9141,914.1,100.0
0.9142,914.2,100.0
0.9143,914.3,100.0
0.9144,914.4,100.0
0.9145000000000001,914.5000000000001,100.0
0.9146000000000001,914.6000000000001,100.0
0.9147000000000001,914.7,100.0
0.9148000000000001,914.8000000000001,100.0
0.9149,914.9000000000001,100.0
0.915,915.0,100.0
0.9151,915.1,100.0
0.9152,915.2,100.0
0.9153,915.3,100.0
0.9154,915.4,100.0
0.9155000000000001,915.5000000000001,100.0
0.9156000000000001,915.6000000000001,100.0
0.9157000000000001,915.7,100.0
0.9158000000000001,915.8000000000001,100.0
0.9159,915.9000000000001,100.0
0.916,916.0,100.0
0.9161,916.1,100.0
0.9162,916.2,100.0
0.9163,916.3,100.0
0.9164,916.4,100.0
0.9165000000000001,916.5000000000001,100.0
0.9166000000000001,916.6000000000001,100.0
0.9167000000000001,916.7,100.0
0.9168000000000001,916.8000000000001,100.0
0.9169,916.9000000000001,100.0
0.917,917.0,100.0
0.9171,917.1,100.0
0.9172,917.2,100.0
0.9173,917.3,100.0
0.9174,917.4,100.0
0.9175000000000001,917.5000000000001,100.0
0.9176000000000001,917.6000000000001,100.0
0.9177000000000001,917.7,100.0
0.9178000000000001,917.8000000000001,100.0
0.9179,917.9000000000001,100.0
0.918,918.0,100.0
0.9181,918.1,100.0
0.9182,918.2,100.0
0.9183,918.3,100.0
0.9184,918.4,100.0
0.9185000000000001,918.5000000000001,100.0
0.9186000000000001,918.6000000000001,100.0
0.9187000000000001,918.7,100.0
0.9188000000000001,918.8000000000001,100.0
0.9189,918.9000000000001,100.0
0.919,919.0,100.0
0.9191,919.1,100.0
0.9192,919.2,100.0
0.9193,919.3,100.0
0.9194,919.4,100.0
0.9195000000000001,919.5000000000001,100.0
0.9196000000000001,919.6000000000001,100.0
0.9197000000000001,919.7,100.0
0.9198000000000001,919.8000000000001,100.0
0.9199,919.9000000000001,100.0
0.92,920.0,100.0
0.9201,920.1,100.0
0.9202,920.2,100.0
0.9203,920.3,100.0
0.9204,920.4,100.0
0.9205000000000001,920.5000000000001,100.0
0.9206000000000001,920.6000000000001,100.0
0.9207000000000001,920.7,100.0
0.9208000000000001,920.8000000000001,100.0
0.9209,920.9000000000001,100.0
0.921,921.0,100.0
0.9211,921.1,100.0
0.9212,921.2,100.0
0.9213,921.3,100.0
0.9214,921.4,100.0
0.9215000000000001,921.5000000000001,100.0
0.9216000000000001,921.6000000000001,100.0
0.9217000000000001,921.7,100.0
0.9218000000000001,921.8000000000001,100.0
0.9219,921.9000000000001,100.0
0.922,922.0,100.0
0.9221,922.1,100.0
0.9222,922.2,100.0
0.9223,922.3,100.0
0.9224,922.4,100.0
0.9225000000000001,922.5000000000001,100.0
0.9226000000000001,922.6000000000001,100.0
0.9227000000000001,922.7,100.0
0.9228000000000001,922.8000000000001,100.0
0.9229,922.9000000000001,100.0
0.923,923.0,100.0
0.9231,923.1,100.0
0.9232,923.2,100.0
0.9233,923.3,100.0
0.9234,923.4,100.0
0.9235000000000001,923.5000000000001,100.0
0.9236000000000001,923.6000000000001,100.0
0.9237000000000001,923.7,100.0
0.9238000000000001,923.8000000000001,100.0
0.9239,923.9000000000001,100.0
0.924,924.0,100.0
0.9241,924.1,100.0
0.9242,924.2,100.0
0.9243,924.3,100.0
0.9244,924.4,100.0
0.9245000000000001,924.5000000000001,100.0
0.9246000000000001,924.6000000000001,100.0
0.9247000000000001,924.7,100.0
0.9248000000000001,924.8000000000001,100.0
0.9249,924.9000000000001,100.0
0.925,925.0,100.0
0.9251,925.1,100.0
0.9252,925.2,100.0
0.9253,925.3,100.0
0.9254,925.4,100.0
0.9255,925.5,100.0
0.9256000000000001,925.6000000000001,100.0
0.9257000000000001,925.7,100.0
0.9258000000000001,925.8000000000001,100.0
0.9259000000000001,925.9000000000001,100.0
0.926,926.0,100.0
0.9261,926.1,100.0
0.9262,926.2,100.0
0.9263,926.3000000000001,100.0
0.9264,926.4,100.0
0.9265,926.5,100.0
0.9266000000000001,926.6000000000001,100.0
0.9267000000000001,926.7,100.0
0.9268000000000001,926.8000000000001,100.0
0.9269000000000001,926.9000000000001,100.0
0.927,927.0,100.0
0.9271,927.1,100.0
0.9272,927.2,100.0
0.9273,927.3000000000001,100.0
0.9274,927.4,100.0
0.9275,927.5,100.0
0.9276000000000001,927.6000000000001,100.0
0.9277000000000001,927.7,100.0
0.9278000000000001,927.8000000000001,100.0
0.9279000000000001,927.9000000000001,100.0
0.928,928.0,100.0
0.9281,928.1,100.0
0.9282,928.2,100.0
0.9283,928.3000000000001,100.0
0.9284,928.4,100.0
0.9285,928.5,100.0
0.9286000000000001,928.6000000000001,100.0
0.9287000000000001,928.7,100.0
0.9288000000000001,928.8000000000001,100.0
0.9289000000000001,928.9000000000001,100.0
0.929,929.0,100.0
0.9291,929.1,100.0
0.9292,929.2,100.0
0.9293,929.3000000000001,100.0
0.9294,929.4,100.0
0.9295,929.5,100.0
0.9296000000000001,929.6000000000001,100.0
0.9297000000000001,929.7,100.0
0.9298000000000001,929.8000000000001,100.0
0.9299000000000001,929.9000000000001,100.0
0.93,930.0,100.0
0.9301,930.1,100.0
0.9302,930.2,100.0
0.9303,930.3000000000001,100.0
0.9304,930.4,100.0
0.9305,930.5,100.0
0.9306000000000001,930.6000000000001,100.0
0.9307000000000001,930.7,100.0
0.9308000000000001,930.8000000000001,100.0
0.9309000000000001,930.9000000000001,100.0
0.931,931.0,100.0
0.9311,931.1,100.0
0.9312,931.2,100.0
0.9313,931.3000000000001,100.0
0.9314,931.4,100.0
0.9315,931.5,100.0
0.9316000000000001,931.6000000000001,100.0
0.9317000000000001,931.7,100.0
0.9318000000000001,931.8000000000001,100.0
0.9319000000000001,931.9000000000001,100.0
0.932,932.0,100.0
0.9321,932.1,100.0
0.9322,932.2,100.0
0.9323,932.3000000000001,100.0
0.9324,932.4,100.0
0.9325,932.5,100.0
0.9326000000000001,932.6000000000001,100.0
0.9327000000000001,932.7,100.0
0.9328000000000001,932.8000000000001,100.0
0.9329000000000001,932.9000000000001,100.0
0.933,933.0,100.0
0.9331,933.1,100.0
0.9332,933.2,100.0
0.9333,933.3000000000001,100.0
0.9334,933.4,100.0
0.9335,933.5,100.0
0.9336000000000001,933.6000000000001,100.0
0.9337000000000001,933.7,100.0
0.9338000000000001,933.8000000000001,100.0
0.9339000000000001,933.9000000000001,100.0
0.934,934.0,100.0
0.9341,934.1,100.0
0.9342,934.2,100.0
0.9343,934.3000000000001,100.0
0.9344,934.4,100.0
0.9345,934.5,100.0
0.9346000000000001,934.6000000000001,100.0
0.9347000000000001,934.7,100.0
0.9348000000000001,934.8000000000001,100.0
0.9349000000000001,934.9000000000001,100.0
0.935,935.0,100.0
0.9351,935.1,100.0
0.9352,935.2,100.0
0.9353,935.3000000000001,100.0
0.9354,935.4,100.0
0.9355,935.5,100.0
0.9356000000000001,935.6000000000001,100.0
0.9357000000000001,935.7,100.0
0.9358000000000001,935.8000000000001,100.0
0.9359000000000001,935.9000000000001,100.0
0.936,936.0,100.0
0.9361,936.1,100.0
0.9362,936.2,100.0
0.9363,936.3000000000001,100.0
0.9364,936.4,100.0
0.9365,936.5,100.0
0.9366000000000001,936.6000000000001,100.0
0.9367000000000001,936.7,100.0
0.9368000000000001,936.8000000000001,100.0
0.9369000000000001,936.9000000000001,100.0
0.937,937.0,100.0
0.9371,937.1,100.0
0.9372,937.2,100.0
0.9373,937.3000000000001,100.0
0.9374,937.4,100.0
0.9375,937.5,100.0
0.9376000000000001,937.6000000000001,100.0
0.9377000000000001,937.7,100.0
0.9378000000000001,937.8000000000001,100.0
0.9379000000000001,937.9000000000001,100.0
0.9380000000000001,938.0,100.0
0.9381,938.1,100.0
0.9382,938.2,100.0
0.9383,938.3000000000001,100.0
0.9384,938.4,100.0
0.9385,938.5,100.0
0.9386,938.6,100.0
0.9387000000000001,938.7,100.0
0.9388000000000001,938.8000000000001,100.0
0.9389000000000001,938.9000000000001,100.0
0.9390000000000001,939.0,100.0
0.9391,939.1,100.0
0.9392,939.2,100.0
0.9393,939.3000000000001,100.0
0.9394,939.4,100.0
0.9395,939.5,100.0
0.9396,939.6,100.0
0.9397000000000001,939.7,100.0
0.9398000000000001,939.8000000000001,100.0
0.9399000000000001,939.9000000000001,100.0
0.9400000000000001,940.0000000000001,100.0
0.9401,940.1,100.0
0.9402,940.2,100.0
0.9403,940.3000000000001,100.0
0.9404,940.4,100.0
0.9405,940.5,100.0
0.9406,940.6,100.0
0.9407000000000001,940.7,100.0
0.9408000000000001,940.8000000000001,100.0
0.9409000000000001,940.9000000000001,100.0
0.9410000000000001,941.0000000000001,100.0
0.9411,941.1,100.0
0.9412,941.2,100.0
0.9413,941.3000000000001,100.0
0.9414,941.4,100.0
0.9415,941.5,100.0
0.9416,941.6,100.0
0.9417000000000001,941.7,100.0
0.9418000000000001,941.8000000000001,100.0
0.9419000000000001,941.9000000000001,100.0
0.9420000000000001,942.0000000000001,100.0
0.9421,942.1,100.0
0.9422,942.2,100.0
0.9423,942.3000000000001,100.0
0.9424,942.4,100.0
0.9425,942.5,100.0
0.9426,942.6,100.0
0.9427000000000001,942.7,100.0
0.9428000000000001,942.8000000000001,100.0
0.9429000000000001,942.9000000000001,100.0
0.9430000000000001,943.0000000000001,100.0
0.9431,943.1,100.0
0.9432,943.2,100.0
0.9433,943.3000000000001,100.0
0.9434,943.4,100.0
0.9435,943.5,100.0
0.9436,943.6,100.0
0.9437000000000001,943.7,100.0
0.9438000000000001,943.8000000000001,100.0
0.9439000000000001,943.9000000000001,100.0
0.9440000000000001,944.0000000000001,100.0
0.9441,944.1,100.0
0.9442,944.2,100.0
0.9443,944.3000000000001,100.0
0.9444,944.4,100.0
0.9445,944.5,100.0
0.9446,944.6,100.0
0.9447000000000001,944.7,100.0
0.9448000000000001,944.8000000000001,100.0
0.9449000000000001,944.9000000000001,100.0
0.9450000000000001,945.0000000000001,100.0
0.9451,945.1,100.0
0.9452,945.2,100.0
0.9453,945.3000000000001,100.0
0.9454,945.4,100.0
0.9455,945.5,100.0
0.9456,945.6,100.0
0.9457000000000001,945.7,100.0
0.9458000000000001,945.8000000000001,100.0
0.9459000000000001,945.9000000000001,100.0
0.9460000000000001,946.0000000000001,100.0
0.9461,946.1,100.0
0.9462,946.2,100.0
0.9463,946.3000000000001,100.0
0.9464,946.4,100.0
0.9465,946.5,100.0
0.9466,946.6,100.0
0.9467000000000001,946.7,100.0
0.9468000000000001,946.8000000000001,100.0
0.9469000000000001,946.9000000000001,100.0
0.9470000000000001,947.0000000000001,100.0
0.9471,947.1,100.0
0.9472,947.2,100.0
0.9473,947.3000000000001,100.0
0.9474,947.4,100.0
0.9475,947.5,100.0
0.9476,947.6,100.0
0.9477000000000001,947.7,100.0
0.9478000000000001,947.8000000000001,100.0
0.9479000000000001,947.9000000000001,100.0
0.9480000000000001,948.0000000000001,100.0
0.9481,948.1,100.0
0.9482,948.2,100.0
0.9483,948.3000000000001,100.0
0.9484,948.4,100.0
0.9485,948.5,100.0
0.9486,948.6,100.0
0.9487000000000001,948.7,100.0
0.9488000000000001,948.8000000000001,100.0
0.9489000000000001,948.9000000000001,100.0
0.9490000000000001,949.0000000000001,100.0
0.9491,949.1,100.0
0.9492,949.2,100.0
0.9493,949.3000000000001,100.0
0.9494,949.4,100.0
0.9495,949.5,100.0
0.9496,949.6,100.0
0.9497000000000001,949.7,100.0
0.9498000000000001,949.8000000000001,100.0
0.9499000000000001,949.9000000000001,100.0
0.9500000000000001,950.0000000000001,100.0
0.9501000000000001,950.1,100.0
0.9502,950.2,100.0
0.9503,950.3000000000001,100.0
0.9504,950.4,100.0
0.9505,950.5,100.0
0.9506,950.6,100.0
0.9507000000000001,950.7,100.0
0.9508000000000001,950.8000000000001,100.0
0.9509000000000001,950.9000000000001,100.0
0.9510000000000001,951.0000000000001,100.0
0.9511000000000001,951.1,100.0
0.9512,951.2,100.0
0.9513,951.3000000000001,100.0
0.9514,951.4,100.0
0.9515,951.5,100.0
0.9516,951.6,100.0
0.9517,951.7,100.0
0.9518000000000001,951.8000000000001,100.0
0.9519000000000001,951.9000000000001,100.0
0.9520000000000001,952.0000000000001,100.0
0.9521000000000001,952.1,100.0
0.9522,952.2,100.0
0.9523,952.3000000000001,100.0
0.9524,952.4,100.0
0.9525,952.5,100.0
0.9526,952.6,100.0
0.9527,952.7,100.0
0.9528000000000001,952.8000000000001,100.0
0.9529000000000001,952.9000000000001,100.0
0.9530000000000001,953.0000000000001,100.0
0.9531000000000001,953.1,100.0
0.9532,953.2,100.0
0.9533,953.3000000000001,100.0
0.9534,953.4,100.0
0.9535,953.5,100.0
0.9536,953.6,100.0
0.9537,953.7,100.0
0.9538000000000001,953.8000000000001,100.0
0.9539000000000001,953.9000000000001,100.0
0.9540000000000001,954.0000000000001,100.0
0.9541000000000001,954.1,100.0
0.9542,954.2,100.0
0.9543,954.3000000000001,100.0
0.9544,954.4,100.0
0.9545,954.5,100.0
0.9546,954.6,100.0
0.9547,954.7,100.0
0.9548000000000001,954.8000000000001,100.0
0.9549000000000001,954.9000000000001,100.0
0.9550000000000001,955.0000000000001,100.0
0.9551000000000001,955.1,100.0
0.9552,955.2,100.0
0.9553,955.3000000000001,100.0
0.9554,955.4,100.0
0.9555,955.5,100.0
0.9556,955.6,100.0
0.9557,955.7,100.0
0.9558000000000001,955.8000000000001,100.0
0.9559000000000001,955.9000000000001,100.0
0.9560000000000001,956.0000000000001,100.0
0.9561000000000001,956.1,100.0
0.9562,956.2,100.0
0.9563,956.3000000000001,100.0
0.9564,956.4,100.0
0.9565,956.5,100.0
0.9566,956.6,100.0
0.9567,956.7,100.0
0.9568000000000001,956.8000000000001,100.0
0.9569000000000001,956.9000000000001,100.0
0.9570000000000001,957.0000000000001,100.0
0.9571000000000001,957.1,100.0
0.9572,957.2,100.0
0.9573,957.3000000000001,100.0
0.9574,957.4,100.0
0.9575,957.5,100.0
0.9576,957.6,100.0
0.9577,957.7,100.0
0.9578000000000001,957.8000000000001,100.0
0.9579000000000001,957.9000000000001,100.0
0.9580000000000001,958.0000000000001,100.0
0.9581000000000001,958.1,100.0
0.9582,958.2,100.0
0.9583,958.3000000000001,100.0
0.9584,958.4,100.0
0.9585,958.5,100.0
0.9586,958.6,100.0
0.9587,958.7,100.0
0.9588000000000001,958.8000000000001,100.0
0.9589000000000001,958.9000000000001,100.0
0.9590000000000001,959.0000000000001,100.0
0.9591000000000001,959.1,100.0
0.9592,959.2,100.0
0.9593,959.3000000000001,100.0
0.9594,959.4,100.0
0.9595,959.5,100.0
0.9596,959.6,100.0
0.9597,959.7,100.0
0.9598000000000001,959.8000000000001,100.0
0.9599000000000001,959.9000000000001,100.0
0.9600000000000001,960.0000000000001,100.0
0.9601000000000001,960.1,100.0
0.9602,960.2,100.0
0.9603,960.3000000000001,100.0
0.9604,960.4,100.0
0.9605,960.5,100.0
0.9606,960.6,100.0
0.9607,960.7,100.0
0.9608000000000001,960.8000000000001,100.0
0.9609000000000001,960.9000000000001,100.0
0.9610000000000001,961.0000000000001,100.0
0.9611000000000001,961.1,100.0
0.9612,961.2,100.0
0.9613,961.3000000000001,100.0
0.9614,961.4,100.0
0.9615,961.5,100.0
0.9616,961.6,100.0
0.9617,961.7,100.0
0.9618000000000001,961.8000000000001,100.0
0.9619000000000001,961.9000000000001,100.0
0.9620000000000001,962.0000000000001,100.0
0.9621000000000001,962.1,100.0
0.9622,962.2,100.0
0.9623,962.3000000000001,100.0
0.9624,962.4,100.0
0.9625,962.5,100.0
0.9626,962.6,100.0
0.9627,962.7,100.0
0.9628000000000001,962.8000000000001,100.0
0.9629000000000001,962.9000000000001,100.0
0.9630000000000001,963.0000000000001,100.0
0.9631000000000001,963.1,100.0
0.9632000000000001,963.2,100.0
0.9633,963.3000000000001,100.0
0.9634,963.4000000000001,100.0
0.9635,963.5,100.0
0.9636,963.6,100.0
0.9637,963.7,100.0
0.9638000000000001,963.8000000000001,100.0
0.9639000000000001,963.9000000000001,100.0
0.9640000000000001,964.0000000000001,100.0
0.9641000000000001,964.1,100.0
0.9642000000000001,964.2,100.0
0.9643,964.3000000000001,100.0
0.9644,964.4000000000001,100.0
0.9645,964.5,100.0
0.9646,964.6,100.0
0.9647,964.7,100.0
0.9648,964.8,100.0
0.9649000000000001,964.9000000000001,100.0
0.9650000000000001,965.0000000000001,100.0
0.9651000000000001,965.1,100.0
0.9652000000000001,965.2,100.0
0.9653,965.3000000000001,100.0
0.9654,965.4000000000001,100.0
0.9655,965.5,100.0
0.9656,965.6,100.0
0.9657,965.7,100.0
0.9658,965.8,100.0
0.9659000000000001,965.9000000000001,100.0
0.9660000000000001,966.0000000000001,100.0
0.9661000000000001,966.1,100.0
0.9662000000000001,966.2,100.0
0.9663,966.3000000000001,100.0
0.9664,966.4000000000001,100.0
0.9665,966.5,100.0
0.9666,966.6,100.0
0.9667,966.7,100.0
0.9668,966.8,100.0
0.9669000000000001,966.9000000000001,100.0
0.9670000000000001,967.0000000000001,100.0
0.9671000000000001,967.1,100.0
0.9672000000000001,967.2,100.0
0.9673,967.3000000000001,100.0
0.9674,967.4000000000001,100.0
0.9675,967.5,100.0
0.9676,967.6,100.0
0.9677,967.7,100.0
0.9678,967.8,100.0
0.9679000000000001,967.9000000000001,100.0
0.9680000000000001,968.0000000000001,100.0
0.9681000000000001,968.1,100.0
0.9682000000000001,968.2,100.0
0.9683,968.3000000000001,100.0
0.9684,968.4000000000001,100.0
0.9685,968.5,100.0
0.9686,968.6,100.0
0.9687,968.7,100.0
0.9688,968.8,100.0
0.9689000000000001,968.9000000000001,100.0
0.9690000000000001,969.0000000000001,100.0
0.9691000000000001,969.1,100.0
0.9692000000000001,969.2,100.0
0.9693,969.3000000000001,100.0
0.9694,969.4000000000001,100.0
0.9695,969.5,100.0
0.9696,969.6,100.0
0.9697,969.7,100.0
0.9698,969.8,100.0
0.9699000000000001,969.9000000000001,100.0
0.9700000000000001,970.0000000000001,100.0
0.9701000000000001,970.1,100.0
0.9702000000000001,970.2,100.0
0.9703,970.3000000000001,100.0
0.9704,970.4000000000001,100.0
0.9705,970.5,100.0
0.9706,970.6,100.0
0.9707,970.7,100.0
0.9708,970.8,100.0
0.9709000000000001,970.9000000000001,100.0
0.9710000000000001,971.0000000000001,100.0
0.9711000000000001,971.1,100.0
0.9712000000000001,971.2,100.0
0.9713,971.3000000000001,100.0
0.9714,971.4000000000001,100.0
0.9715,971.5,100.0
0.9716,971.6,100.0
0.9717,971.7,100.0
0.9718,971.8,100.0
0.9719000000000001,971.9000000000001,100.0
0.9720000000000001,972.0000000000001,100.0
0.9721000000000001,972.1,100.0
0.9722000000000001,972.2,100.0
0.9723,972.3000000000001,100.0
0.9724,972.4000000000001,100.0
0.9725,972.5,100.0
0.9726,972.6,100.0
0.9727,972.7,100.0
0.9728,972.8,100.0
0.9729000000000001,972.9000000000001,100.0
0.9730000000000001,973.0000000000001,100.0
0.9731000000000001,973.1,100.0
0.9732000000000001,973.2,100.0
0.9733,973.3000000000001,100.0
0.9734,973.4000000000001,100.0
0.9735,973.5,100.0
0.9736,973.6,100.0
0.9737,973.7,100.0
0.9738,973.8,100.0
0.9739000000000001,973.9000000000001,100.0
0.9740000000000001,974.0000000000001,100.0
0.9741000000000001,974.1,100.0
0.9742000000000001,974.2,100.0
0.9743,974.3000000000001,100.0
0.9744,974.4000000000001,100.0
0.9745,974.5,100.0
0.9746,974.6,100.0
0.9747,974.7,100.0
0.9748,974.8,100.0
0.9749000000000001,974.9000000000001,100.0
0.9750000000000001,975.0000000000001,100.0
0.9751000000000001,975.1,100.0
0.9752000000000001,975.2,100.0
0.9753000000000001,975.3000000000001,100.0
0.9754,975.4000000000001,100.0
0.9755,975.5,100.0
0.9756,975.6,100.0
0.9757,975.7,100.0
0.9758,975.8,100.0
0.9759000000000001,975.9000000000001,100.0
0.9760000000000001,976.0000000000001,100.0
0.9761000000000001,976.1,100.0
0.9762000000000001,976.2,100.0
0.9763000000000001,976.3000000000001,100.0
0.9764,976.4000000000001,100.0
0.9765,976.5,100.0
0.9766,976.6,100.0
0.9767,976.7,100.0
0.9768,976.8,100.0
0.9769000000000001,976.9000000000001,100.0
0.9770000000000001,977.0000000000001,100.0
0.9771000000000001,977.1000000000001,100.0
0.9772000000000001,977.2,100.0
0.9773000000000001,977.3000000000001,100.0
0.9774,977.4000000000001,100.0
0.9775,977.5,100.0
0.9776,977.6,100.0
0.9777,977.7,100.0
0.9778,977.8,100.0
0.9779,977.9,100.0
0.9780000000000001,978.0000000000001,100.0
0.9781000000000001,978.1000000000001,100.0
0.9782000000000001,978.2,100.0
0.9783000000000001,978.3000000000001,100.0
0.9784,978.4000000000001,100.0
0.9785,978.5,100.0
0.9786,978.6,100.0
0.9787,978.7,100.0
0.9788,978.8,100.0
0.9789,978.9,100.0
0.9790000000000001,979.0000000000001,100.0
0.9791000000000001,979.1000000000001,100.0
0.9792000000000001,979.2,100.0
0.9793000000000001,979.3000000000001,100.0
0.9794,979.4000000000001,100.0
0.9795,979.5,100.0
0.9796,979.6,100.0
0.9797,979.7,100.0
0.9798,979.8,100.0
0.9799,979.9,100.0
0.9800000000000001,980.0000000000001,100.0
0.9801000000000001,980.1000000000001,100.0
0.9802000000000001,980.2,100.0
0.9803000000000001,980.3000000000001,100.0
0.9804,980.4000000000001,100.0
0.9805,980.5,100.0
0.9806,980.6,100.0
0.9807,980.7,100.0
0.9808,980.8,100.0
0.9809,980.9,100.0
0.9810000000000001,981.0000000000001,100.0
0.9811000000000001,981.1000000000001,100.0
0.9812000000000001,981.2,100.0
0.9813000000000001,981.3000000000001,100.0
0.9814,981.4000000000001,100.0
0.9815,981.5,100.0
0.9816,981.6,100.0
0.9817,981.7,100.0
0.9818,981.8,100.0
0.9819,981.9,100.0
0.9820000000000001,982.0000000000001,100.0
0.9821000000000001,982.1000000000001,100.0
0.9822000000000001,982.2,100.0
0.9823000000000001,982.3000000000001,100.0
0.9824,982.4000000000001,100.0
0.9825,982.5,100.0
0.9826,982.6,100.0
0.9827,982.7,100.0
0.9828,982.8,100.0
0.9829,982.9,100.0
0.9830000000000001,983.0000000000001,100.0
0.9831000000000001,983.1000000000001,100.0
0.9832000000000001,983.2,100.0
0.9833000000000001,983.3000000000001,100.0
0.9834,983.4000000000001,100.0
0.9835,983.5,100.0
0.9836,983.6,100.0
0.9837,983.7,100.0
0.9838,983.8,100.0
0.9839,983.9,100.0
0.9840000000000001,984.0000000000001,100.0
0.9841000000000001,984.1000000000001,100.0
0.9842000000000001,984.2,100.0
0.9843000000000001,984.3000000000001,100.0
0.9844,984.4000000000001,100.0
0.9845,984.5,100.0
0.9846,984.6,100.0
0.9847,984.7,100.0
0.9848,984.8,100.0
0.9849,984.9,100.0
0.9850000000000001,985.0000000000001,100.0
0.9851000000000001,985.1000000000001,100.0
0.9852000000000001,985.2,100.0
0.9853000000000001,985.3000000000001,100.0
0.9854,985.4000000000001,100.0
0.9855,985.5,100.0
0.9856,985.6,100.0
0.9857,985.7,100.0
0.9858,985.8,100.0
0.9859,985.9,100.0
0.9860000000000001,986.0000000000001,100.0
0.9861000000000001,986.1000000000001,100.0
0.9862000000000001,986.2,100.0
0.9863000000000001,986.3000000000001,100.0
0.9864,986.4000000000001,100.0
0.9865,986.5,100.0
0.9866,986.6,100.0
0.9867,986.7,100.0
0.9868,986.8,100.0
0.9869,986.9,100.0
0.9870000000000001,987.0000000000001,100.0
0.9871000000000001,987.1000000000001,100.0
0.9872000000000001,987.2,100.0
0.9873000000000001,987.3000000000001,100.0
0.9874,987.4000000000001,100.0
0.9875,987.5,100.0
0.9876,987.6,100.0
0.9877,987.7,100.0
0.9878,987.8,100.0
0.9879,987.9,100.0
0.9880000000000001,988.0000000000001,100.0
0.9881000000000001,988.1000000000001,100.0
0.9882000000000001,988.2,100.0
0.9883000000000001,988.3000000000001,100.0
0.9884000000000001,988.4000000000001,100.0
0.9885,988.5,100.0
0.9886,988.6,100.0
0.9887,988.7,100.0
0.9888,988.8000000000001,100.0
0.9889,988.9,100.0
0.9890000000000001,989.0000000000001,100.0
0.9891000000000001,989.1000000000001,100.0
0.9892000000000001,989.2,100.0
0.9893000000000001,989.3000000000001,100.0
0.9894000000000001,989.4000000000001,100.0
0.9895,989.5,100.0
0.9896,989.6,100.0
0.9897,989.7,100.0
0.9898,989.8000000000001,100.0
0.9899,989.9,100.0
0.9900000000000001,990.0000000000001,100.0
0.9901000000000001,990.1000000000001,100.0
0.9902000000000001,990.2,100.0
0.9903000000000001,990.3000000000001,100.0
0.9904000000000001,990.4000000000001,100.0
0.9905,990.5,100.0
0.9906,990.6,100.0
0.9907,990.7,100.0
0.9908,990.8000000000001,100.0
0.9909,990.9,100.0
0.991,991.0,100.0
0.9911000000000001,991.1000000000001,100.0
0.9912000000000001,991.2,100.0
0.9913000000000001,991.3000000000001,100.0
0.9914000000000001,991.4000000000001,100.0
0.9915,991.5,100.0
0.9916,991.6,100.0
0.9917,991.7,100.0
0.9918,991.8000000000001,100.0
0.9919,991.9,100.0
0.992,992.0,100.0
0.9921000000000001,992.1000000000001,100.0
0.9922000000000001,992.2,100.0
0.9923000000000001,992.3000000000001,100.0
0.9924000000000001,992.4000000000001,100.0
0.9925,992.5,100.0
0.9926,992.6,100.0
0.9927,992.7,100.0
0.9928,992.8000000000001,100.0
0.9929,992.9,100.0
0.993,993.0,100.0
0.9931000000000001,993.1000000000001,100.0
0.9932000000000001,993.2,100.0
0.9933000000000001,993.3000000000001,100.0
0.9934000000000001,993.4000000000001,100.0
0.9935,993.5,100.0
0.9936,993.6,100.0
0.9937,993.7,100.0
0.9938,993.8000000000001,100.0
0.9939,993.9,100.0
0.994,994.0,100.0
0.9941000000000001,994.1000000000001,100.0
0.9942000000000001,994.2,100.0
0.9943000000000001,994.3000000000001,100.0
0.9944000000000001,994.4000000000001,100.0
0.9945,994.5,100.0
0.9946,994.6,100.0
0.9947,994.7,100.0
0.9948,994.8000000000001,100.0
0.9949,994.9,100.0
0.995,995.0,100.0
0.9951000000000001,995.1000000000001,100.0
0.9952000000000001,995.2,100.0
0.9953000000000001,995.3000000000001,100.0
0.9954000000000001,995.4000000000001,100.0
0.9955,995.5,100.0
0.9956,995.6,100.0
0.9957,995.7,100.0
0.9958,995.8000000000001,100.0
0.9959,995.9,100.0
0.996,996.0,100.0
0.9961000000000001,996.1000000000001,100.0
0.9962000000000001,996.2,100.0
0.9963000000000001,996.3000000000001,100.0
0.9964000000000001,996.4000000000001,100.0
0.9965,996.5,100.0
0.9966,996.6,100.0
0.9967,996.7,100.0
0.9968,996.8000000000001,100.0
0.9969,996.9,100.0
0.997,997.0,100.0
0.9971000000000001,997.1000000000001,100.0
0.9972000000000001,997.2,100.0
0.9973000000000001,997.3000000000001,100.0
0.9974000000000001,997.4000000000001,100.0
0.9975,997.5,100.0
0.9976,997.6,100.0
0.9977,997.7,100.0
0.9978,997.8000000000001,100.0
0.9979,997.9,100.0
0.998,998.0,100.0
0.9981000000000001,998.1000000000001,100.0
0.9982000000000001,998.2,100.0
0.9983000000000001,998.3000000000001,100.0
0.9984000000000001,998.4000000000001,100.0
0.9985,998.5,100.0
0.9986,998.6,100.0
0.9987,998.7,100.0
0.9988,998.8000000000001,100.0
0.9989,998.9,100.0
0.999,999.0,100.0
0.9991000000000001,999.1000000000001,100.0
0.9992000000000001,999.2,100.0
0.9993000000000001,999.3000000000001,100.0
0.9994000000000001,999.4000000000001,100.0
0.9995,999.5,100.0
0.9996,999.6,100.0
0.9997,999.7,100.0
0.9998,999.8000000000001,100.0
0.9999,999.9,100.0
